id,true_label,pred,response,prompt
15236.jpg,0,1,Answer: 1 (Yes),Is this meme misogynistic? Answer 1 (Yes) or 0 (No).
15236.jpg,0,0,0,Does this image and text combination express hate against women? Answer 1 or 0.
15236.jpg,0,0,0,"Classify this meme: 1 = misogynous, 0 = not misogynous. Output only the digit."
15236.jpg,0,0,0,Is this content offensive toward women? Answer 1 or 0.
15236.jpg,0,1,1,Look at the meme. Is it sexist? Answer only 1 (Yes) or 0 (No).
15805.jpg,1,1,Answer: 1 (Yes),Is this meme misogynistic? Answer 1 (Yes) or 0 (No).
15805.jpg,1,0,0,Does this image and text combination express hate against women? Answer 1 or 0.
15805.jpg,1,1,1,"Classify this meme: 1 = misogynous, 0 = not misogynous. Output only the digit."
15805.jpg,1,0,0,Is this content offensive toward women? Answer 1 or 0.
15805.jpg,1,1,1,Look at the meme. Is it sexist? Answer only 1 (Yes) or 0 (No).
16254.jpg,0,1,1,Is this meme misogynistic? Answer 1 (Yes) or 0 (No).
16254.jpg,0,0,0,Does this image and text combination express hate against women? Answer 1 or 0.
16254.jpg,0,1,1,"Classify this meme: 1 = misogynous, 0 = not misogynous. Output only the digit."
16254.jpg,0,0,0,Is this content offensive toward women? Answer 1 or 0.
16254.jpg,0,1,1,Look at the meme. Is it sexist? Answer only 1 (Yes) or 0 (No).
16191.jpg,1,1,Answer: 1 (Yes),Is this meme misogynistic? Answer 1 (Yes) or 0 (No).
16191.jpg,1,0,0,Does this image and text combination express hate against women? Answer 1 or 0.
16191.jpg,1,0,0,"Classify this meme: 1 = misogynous, 0 = not misogynous. Output only the digit."
16191.jpg,1,0,0,Is this content offensive toward women? Answer 1 or 0.
16191.jpg,1,1,1,Look at the meme. Is it sexist? Answer only 1 (Yes) or 0 (No).
15952.jpg,0,1,Answer: 1 (Yes),Is this meme misogynistic? Answer 1 (Yes) or 0 (No).
15952.jpg,0,0,0,Does this image and text combination express hate against women? Answer 1 or 0.
15952.jpg,0,1,1,"Classify this meme: 1 = misogynous, 0 = not misogynous. Output only the digit."
15952.jpg,0,0,0,Is this content offensive toward women? Answer 1 or 0.
15952.jpg,0,1,1,Look at the meme. Is it sexist? Answer only 1 (Yes) or 0 (No).
15662.jpg,0,1,Answer: 1 (Yes),Is this meme misogynistic? Answer 1 (Yes) or 0 (No).
15662.jpg,0,0,0,Does this image and text combination express hate against women? Answer 1 or 0.
15662.jpg,0,0,0,"Classify this meme: 1 = misogynous, 0 = not misogynous. Output only the digit."
15662.jpg,0,0,0,Is this content offensive toward women? Answer 1 or 0.
15662.jpg,0,1,1,Look at the meme. Is it sexist? Answer only 1 (Yes) or 0 (No).
15828.jpg,1,1,Answer: 1 (Yes),Is this meme misogynistic? Answer 1 (Yes) or 0 (No).
15828.jpg,1,0,0,Does this image and text combination express hate against women? Answer 1 or 0.
15828.jpg,1,1,1,"Classify this meme: 1 = misogynous, 0 = not misogynous. Output only the digit."
15828.jpg,1,1,1,Is this content offensive toward women? Answer 1 or 0.
15828.jpg,1,1,1,Look at the meme. Is it sexist? Answer only 1 (Yes) or 0 (No).
15905.jpg,0,1,1 (Yes),Is this meme misogynistic? Answer 1 (Yes) or 0 (No).
15905.jpg,0,0,0,Does this image and text combination express hate against women? Answer 1 or 0.
15905.jpg,0,0,0,"Classify this meme: 1 = misogynous, 0 = not misogynous. Output only the digit."
15905.jpg,0,0,0,Is this content offensive toward women? Answer 1 or 0.
15905.jpg,0,0,0,Look at the meme. Is it sexist? Answer only 1 (Yes) or 0 (No).
15971.jpg,1,1,1,Is this meme misogynistic? Answer 1 (Yes) or 0 (No).
15971.jpg,1,0,0,Does this image and text combination express hate against women? Answer 1 or 0.
15971.jpg,1,1,1,"Classify this meme: 1 = misogynous, 0 = not misogynous. Output only the digit."
15971.jpg,1,0,0,Is this content offensive toward women? Answer 1 or 0.
15971.jpg,1,1,1,Look at the meme. Is it sexist? Answer only 1 (Yes) or 0 (No).
16197.jpg,1,1,Answer: 1 (Yes),Is this meme misogynistic? Answer 1 (Yes) or 0 (No).
16197.jpg,1,0,0,Does this image and text combination express hate against women? Answer 1 or 0.
16197.jpg,1,1,1,"Classify this meme: 1 = misogynous, 0 = not misogynous. Output only the digit."
16197.jpg,1,1,1,Is this content offensive toward women? Answer 1 or 0.
16197.jpg,1,1,1,Look at the meme. Is it sexist? Answer only 1 (Yes) or 0 (No).
15916.jpg,0,1,1,Is this meme misogynistic? Answer 1 (Yes) or 0 (No).
15916.jpg,0,0,0,Does this image and text combination express hate against women? Answer 1 or 0.
15916.jpg,0,1,1,"Classify this meme: 1 = misogynous, 0 = not misogynous. Output only the digit."
15916.jpg,0,0,0,Is this content offensive toward women? Answer 1 or 0.
15916.jpg,0,1,1,Look at the meme. Is it sexist? Answer only 1 (Yes) or 0 (No).
16130.jpg,1,1,Answer: 1 (Yes),Is this meme misogynistic? Answer 1 (Yes) or 0 (No).
16130.jpg,1,0,0,Does this image and text combination express hate against women? Answer 1 or 0.
16130.jpg,1,1,1,"Classify this meme: 1 = misogynous, 0 = not misogynous. Output only the digit."
16130.jpg,1,1,1,Is this content offensive toward women? Answer 1 or 0.
16130.jpg,1,1,1,Look at the meme. Is it sexist? Answer only 1 (Yes) or 0 (No).
15742.jpg,1,1,Answer: 1 (Yes),Is this meme misogynistic? Answer 1 (Yes) or 0 (No).
15742.jpg,1,0,0,Does this image and text combination express hate against women? Answer 1 or 0.
15742.jpg,1,1,1,"Classify this meme: 1 = misogynous, 0 = not misogynous. Output only the digit."
15742.jpg,1,1,1,Is this content offensive toward women? Answer 1 or 0.
15742.jpg,1,1,1,Look at the meme. Is it sexist? Answer only 1 (Yes) or 0 (No).
15502.jpg,0,1,1,Is this meme misogynistic? Answer 1 (Yes) or 0 (No).
15502.jpg,0,0,0,Does this image and text combination express hate against women? Answer 1 or 0.
15502.jpg,0,0,0,"Classify this meme: 1 = misogynous, 0 = not misogynous. Output only the digit."
15502.jpg,0,0,0,Is this content offensive toward women? Answer 1 or 0.
15502.jpg,0,0,0,Look at the meme. Is it sexist? Answer only 1 (Yes) or 0 (No).
15037.jpg,1,1,Answer: 1 (Yes),Is this meme misogynistic? Answer 1 (Yes) or 0 (No).
15037.jpg,1,0,0,Does this image and text combination express hate against women? Answer 1 or 0.
15037.jpg,1,1,1,"Classify this meme: 1 = misogynous, 0 = not misogynous. Output only the digit."
15037.jpg,1,0,0,Is this content offensive toward women? Answer 1 or 0.
15037.jpg,1,1,1,Look at the meme. Is it sexist? Answer only 1 (Yes) or 0 (No).
15592.jpg,0,1,1,Is this meme misogynistic? Answer 1 (Yes) or 0 (No).
15592.jpg,0,0,0,Does this image and text combination express hate against women? Answer 1 or 0.
15592.jpg,0,0,0,"Classify this meme: 1 = misogynous, 0 = not misogynous. Output only the digit."
15592.jpg,0,0,0,Is this content offensive toward women? Answer 1 or 0.
15592.jpg,0,0,0,Look at the meme. Is it sexist? Answer only 1 (Yes) or 0 (No).
15540.jpg,1,1,Answer: 1 (Yes),Is this meme misogynistic? Answer 1 (Yes) or 0 (No).
15540.jpg,1,0,0,Does this image and text combination express hate against women? Answer 1 or 0.
15540.jpg,1,1,1,"Classify this meme: 1 = misogynous, 0 = not misogynous. Output only the digit."
15540.jpg,1,0,0,Is this content offensive toward women? Answer 1 or 0.
15540.jpg,1,1,1,Look at the meme. Is it sexist? Answer only 1 (Yes) or 0 (No).
16323.jpg,0,1,1,Is this meme misogynistic? Answer 1 (Yes) or 0 (No).
16323.jpg,0,0,0,Does this image and text combination express hate against women? Answer 1 or 0.
16323.jpg,0,0,0,"Classify this meme: 1 = misogynous, 0 = not misogynous. Output only the digit."
16323.jpg,0,0,0,Is this content offensive toward women? Answer 1 or 0.
16323.jpg,0,0,0,Look at the meme. Is it sexist? Answer only 1 (Yes) or 0 (No).
15136.jpg,0,1,Answer: 1 (Yes),Is this meme misogynistic? Answer 1 (Yes) or 0 (No).
15136.jpg,0,0,0,Does this image and text combination express hate against women? Answer 1 or 0.
15136.jpg,0,1,1,"Classify this meme: 1 = misogynous, 0 = not misogynous. Output only the digit."
15136.jpg,0,0,0,Is this content offensive toward women? Answer 1 or 0.
15136.jpg,0,1,1,Look at the meme. Is it sexist? Answer only 1 (Yes) or 0 (No).
16298.jpg,0,1,1,Is this meme misogynistic? Answer 1 (Yes) or 0 (No).
16298.jpg,0,0,0,Does this image and text combination express hate against women? Answer 1 or 0.
16298.jpg,0,0,0,"Classify this meme: 1 = misogynous, 0 = not misogynous. Output only the digit."
16298.jpg,0,0,0,Is this content offensive toward women? Answer 1 or 0.
16298.jpg,0,1,1,Look at the meme. Is it sexist? Answer only 1 (Yes) or 0 (No).
15846.jpg,1,1,1,Is this meme misogynistic? Answer 1 (Yes) or 0 (No).
15846.jpg,1,0,0,Does this image and text combination express hate against women? Answer 1 or 0.
15846.jpg,1,0,0,"Classify this meme: 1 = misogynous, 0 = not misogynous. Output only the digit."
15846.jpg,1,0,0,Is this content offensive toward women? Answer 1 or 0.
15846.jpg,1,0,0,Look at the meme. Is it sexist? Answer only 1 (Yes) or 0 (No).
16203.jpg,0,1,"The meme contains text that is misogynistic. The phrase ""Bro i know 5 fat people and you are 4 of them"" is a derogatory and offensive statement that implies that the person being addressed is fat and undes",Is this meme misogynistic? Answer 1 (Yes) or 0 (No).
16203.jpg,0,0,0,Does this image and text combination express hate against women? Answer 1 or 0.
16203.jpg,0,0,0,"Classify this meme: 1 = misogynous, 0 = not misogynous. Output only the digit."
16203.jpg,0,0,0,Is this content offensive toward women? Answer 1 or 0.
16203.jpg,0,1,1,Look at the meme. Is it sexist? Answer only 1 (Yes) or 0 (No).
15560.jpg,0,-1,"The meme you've provided is a two-panel image that shows a character from the movie ""Frozen"" singing with a confident expression in the top panel, and in the bottom panel, the same character is shown with a pained",Is this meme misogynistic? Answer 1 (Yes) or 0 (No).
15560.jpg,0,0,0,Does this image and text combination express hate against women? Answer 1 or 0.
15560.jpg,0,0,0,"Classify this meme: 1 = misogynous, 0 = not misogynous. Output only the digit."
15560.jpg,0,0,0,Is this content offensive toward women? Answer 1 or 0.
15560.jpg,0,0,0,Look at the meme. Is it sexist? Answer only 1 (Yes) or 0 (No).
16056.jpg,0,1,1 (Yes),Is this meme misogynistic? Answer 1 (Yes) or 0 (No).
16056.jpg,0,0,0,Does this image and text combination express hate against women? Answer 1 or 0.
16056.jpg,0,0,0,"Classify this meme: 1 = misogynous, 0 = not misogynous. Output only the digit."
16056.jpg,0,0,0,Is this content offensive toward women? Answer 1 or 0.
16056.jpg,0,1,1,Look at the meme. Is it sexist? Answer only 1 (Yes) or 0 (No).
15038.jpg,0,0,"The meme features a character from a Disney movie, and the text is a play on words that suggests the character is trying to eat healthily but is distracted by the thought of a donut. The meme is not inherently misog",Is this meme misogynistic? Answer 1 (Yes) or 0 (No).
15038.jpg,0,0,0,Does this image and text combination express hate against women? Answer 1 or 0.
15038.jpg,0,0,0,"Classify this meme: 1 = misogynous, 0 = not misogynous. Output only the digit."
15038.jpg,0,0,0,Is this content offensive toward women? Answer 1 or 0.
15038.jpg,0,0,0,Look at the meme. Is it sexist? Answer only 1 (Yes) or 0 (No).
15676.jpg,0,0,0,Is this meme misogynistic? Answer 1 (Yes) or 0 (No).
15676.jpg,0,0,0,Does this image and text combination express hate against women? Answer 1 or 0.
15676.jpg,0,0,0,"Classify this meme: 1 = misogynous, 0 = not misogynous. Output only the digit."
15676.jpg,0,0,0,Is this content offensive toward women? Answer 1 or 0.
15676.jpg,0,0,0,Look at the meme. Is it sexist? Answer only 1 (Yes) or 0 (No).
15457.jpg,1,-1,The meme contains text that is misogynistic. It implies that women are only interested in watching movies about wealthy men who abuse women sexually and psychologically. This is a harmful stereotype that reinforces negative gender roles and perpetu,Is this meme misogynistic? Answer 1 (Yes) or 0 (No).
15457.jpg,1,0,0,Does this image and text combination express hate against women? Answer 1 or 0.
15457.jpg,1,1,1,"Classify this meme: 1 = misogynous, 0 = not misogynous. Output only the digit."
15457.jpg,1,0,0,Is this content offensive toward women? Answer 1 or 0.
15457.jpg,1,1,1,Look at the meme. Is it sexist? Answer only 1 (Yes) or 0 (No).
15692.jpg,1,1,Answer: 1 (Yes),Is this meme misogynistic? Answer 1 (Yes) or 0 (No).
15692.jpg,1,0,0,Does this image and text combination express hate against women? Answer 1 or 0.
15692.jpg,1,0,0,"Classify this meme: 1 = misogynous, 0 = not misogynous. Output only the digit."
15692.jpg,1,0,0,Is this content offensive toward women? Answer 1 or 0.
15692.jpg,1,0,0,Look at the meme. Is it sexist? Answer only 1 (Yes) or 0 (No).
16334.jpg,0,1,1,Is this meme misogynistic? Answer 1 (Yes) or 0 (No).
16334.jpg,0,0,0,Does this image and text combination express hate against women? Answer 1 or 0.
16334.jpg,0,0,0,"Classify this meme: 1 = misogynous, 0 = not misogynous. Output only the digit."
16334.jpg,0,0,0,Is this content offensive toward women? Answer 1 or 0.
16334.jpg,0,1,1,Look at the meme. Is it sexist? Answer only 1 (Yes) or 0 (No).
17077.jpg,0,1,1,Is this meme misogynistic? Answer 1 (Yes) or 0 (No).
17077.jpg,0,0,0,Does this image and text combination express hate against women? Answer 1 or 0.
17077.jpg,0,0,0,"Classify this meme: 1 = misogynous, 0 = not misogynous. Output only the digit."
17077.jpg,0,0,0,Is this content offensive toward women? Answer 1 or 0.
17077.jpg,0,1,1,Look at the meme. Is it sexist? Answer only 1 (Yes) or 0 (No).
15491.jpg,1,1,Answer: 1 (Yes),Is this meme misogynistic? Answer 1 (Yes) or 0 (No).
15491.jpg,1,0,0,Does this image and text combination express hate against women? Answer 1 or 0.
15491.jpg,1,1,1,"Classify this meme: 1 = misogynous, 0 = not misogynous. Output only the digit."
15491.jpg,1,0,0,Is this content offensive toward women? Answer 1 or 0.
15491.jpg,1,1,1,Look at the meme. Is it sexist? Answer only 1 (Yes) or 0 (No).
15795.jpg,1,1,Answer: 1 (Yes),Is this meme misogynistic? Answer 1 (Yes) or 0 (No).
15795.jpg,1,0,0,Does this image and text combination express hate against women? Answer 1 or 0.
15795.jpg,1,1,1,"Classify this meme: 1 = misogynous, 0 = not misogynous. Output only the digit."
15795.jpg,1,0,0,Is this content offensive toward women? Answer 1 or 0.
15795.jpg,1,1,1,Look at the meme. Is it sexist? Answer only 1 (Yes) or 0 (No).
16232.jpg,1,1,1,Is this meme misogynistic? Answer 1 (Yes) or 0 (No).
16232.jpg,1,0,0,Does this image and text combination express hate against women? Answer 1 or 0.
16232.jpg,1,0,0,"Classify this meme: 1 = misogynous, 0 = not misogynous. Output only the digit."
16232.jpg,1,0,0,Is this content offensive toward women? Answer 1 or 0.
16232.jpg,1,1,1,Look at the meme. Is it sexist? Answer only 1 (Yes) or 0 (No).
16242.jpg,1,0,"The meme you've provided appears to be misogynistic. It shows a person with their hands on another person's head, who is depicted as crying or in distress. The text ""Breaking the law Like a boss"" is",Is this meme misogynistic? Answer 1 (Yes) or 0 (No).
16242.jpg,1,0,0,Does this image and text combination express hate against women? Answer 1 or 0.
16242.jpg,1,0,0,"Classify this meme: 1 = misogynous, 0 = not misogynous. Output only the digit."
16242.jpg,1,0,0,Is this content offensive toward women? Answer 1 or 0.
16242.jpg,1,0,0,Look at the meme. Is it sexist? Answer only 1 (Yes) or 0 (No).
16245.jpg,1,0,"The meme text ""Innocent my ass! mens descositro"" is misogynistic because it implies that all men are inherently guilty or dishonest, which is a stereotype and a form of sexism. It",Is this meme misogynistic? Answer 1 (Yes) or 0 (No).
16245.jpg,1,0,0,Does this image and text combination express hate against women? Answer 1 or 0.
16245.jpg,1,1,1,"Classify this meme: 1 = misogynous, 0 = not misogynous. Output only the digit."
16245.jpg,1,0,0,Is this content offensive toward women? Answer 1 or 0.
16245.jpg,1,1,1,Look at the meme. Is it sexist? Answer only 1 (Yes) or 0 (No).
15301.jpg,0,1,Answer: 1 (Yes),Is this meme misogynistic? Answer 1 (Yes) or 0 (No).
15301.jpg,0,0,0,Does this image and text combination express hate against women? Answer 1 or 0.
15301.jpg,0,1,1,"Classify this meme: 1 = misogynous, 0 = not misogynous. Output only the digit."
15301.jpg,0,0,0,Is this content offensive toward women? Answer 1 or 0.
15301.jpg,0,1,1,Look at the meme. Is it sexist? Answer only 1 (Yes) or 0 (No).
15917.jpg,1,-1,"The meme text ""WOW WHAT A BIG BUTT"" is objectifying and can be considered misogynistic. It focuses on the physical appearance of the woman in the image, specifically her buttocks, and uses a derog",Is this meme misogynistic? Answer 1 (Yes) or 0 (No).
15917.jpg,1,0,0,Does this image and text combination express hate against women? Answer 1 or 0.
15917.jpg,1,0,0,"Classify this meme: 1 = misogynous, 0 = not misogynous. Output only the digit."
15917.jpg,1,0,0,Is this content offensive toward women? Answer 1 or 0.
15917.jpg,1,1,1,Look at the meme. Is it sexist? Answer only 1 (Yes) or 0 (No).
16327.jpg,0,1,1,Is this meme misogynistic? Answer 1 (Yes) or 0 (No).
16327.jpg,0,0,0,Does this image and text combination express hate against women? Answer 1 or 0.
16327.jpg,0,0,0,"Classify this meme: 1 = misogynous, 0 = not misogynous. Output only the digit."
16327.jpg,0,0,0,Is this content offensive toward women? Answer 1 or 0.
16327.jpg,0,0,0,Look at the meme. Is it sexist? Answer only 1 (Yes) or 0 (No).
15115.jpg,1,1,Answer: 1 (Yes),Is this meme misogynistic? Answer 1 (Yes) or 0 (No).
15115.jpg,1,0,0,Does this image and text combination express hate against women? Answer 1 or 0.
15115.jpg,1,1,1,"Classify this meme: 1 = misogynous, 0 = not misogynous. Output only the digit."
15115.jpg,1,0,0,Is this content offensive toward women? Answer 1 or 0.
15115.jpg,1,1,1,Look at the meme. Is it sexist? Answer only 1 (Yes) or 0 (No).
15277.jpg,1,1,Answer: 1 (Yes),Is this meme misogynistic? Answer 1 (Yes) or 0 (No).
15277.jpg,1,0,0,Does this image and text combination express hate against women? Answer 1 or 0.
15277.jpg,1,1,1,"Classify this meme: 1 = misogynous, 0 = not misogynous. Output only the digit."
15277.jpg,1,0,0,Is this content offensive toward women? Answer 1 or 0.
15277.jpg,1,1,1,Look at the meme. Is it sexist? Answer only 1 (Yes) or 0 (No).
16304.jpg,0,1,Answer 1 (Yes). The meme is misogynistic because it uses a stereotype to make a joke. It implies that women are not capable of fixing problems and instead suggests that they should sedate men to solve issues. This kind,Is this meme misogynistic? Answer 1 (Yes) or 0 (No).
16304.jpg,0,0,0,Does this image and text combination express hate against women? Answer 1 or 0.
16304.jpg,0,1,1,"Classify this meme: 1 = misogynous, 0 = not misogynous. Output only the digit."
16304.jpg,0,0,0,Is this content offensive toward women? Answer 1 or 0.
16304.jpg,0,1,1,Look at the meme. Is it sexist? Answer only 1 (Yes) or 0 (No).
15034.jpg,0,1,1,Is this meme misogynistic? Answer 1 (Yes) or 0 (No).
15034.jpg,0,0,0,Does this image and text combination express hate against women? Answer 1 or 0.
15034.jpg,0,0,0,"Classify this meme: 1 = misogynous, 0 = not misogynous. Output only the digit."
15034.jpg,0,0,0,Is this content offensive toward women? Answer 1 or 0.
15034.jpg,0,0,0,Look at the meme. Is it sexist? Answer only 1 (Yes) or 0 (No).
15148.jpg,1,-1,"The meme you've provided appears to be a humorous take on the concept of ""cheating"" in a video game context, where a player might use exploits or other unfair means to gain an advantage. The text ""BEEN C",Is this meme misogynistic? Answer 1 (Yes) or 0 (No).
15148.jpg,1,0,0,Does this image and text combination express hate against women? Answer 1 or 0.
15148.jpg,1,1,1,"Classify this meme: 1 = misogynous, 0 = not misogynous. Output only the digit."
15148.jpg,1,0,0,Is this content offensive toward women? Answer 1 or 0.
15148.jpg,1,1,1,Look at the meme. Is it sexist? Answer only 1 (Yes) or 0 (No).
16165.jpg,1,1,Answer: 1 (Yes),Is this meme misogynistic? Answer 1 (Yes) or 0 (No).
16165.jpg,1,0,0,Does this image and text combination express hate against women? Answer 1 or 0.
16165.jpg,1,1,1,"Classify this meme: 1 = misogynous, 0 = not misogynous. Output only the digit."
16165.jpg,1,1,1,Is this content offensive toward women? Answer 1 or 0.
16165.jpg,1,1,1,Look at the meme. Is it sexist? Answer only 1 (Yes) or 0 (No).
15005.jpg,0,0,"The meme text ""A MAN WITH DREAMS... NEEDS A WOMAN WITH VISION"" can be interpreted as implying that men are not capable of having vision or being visionary on their own. This can be",Is this meme misogynistic? Answer 1 (Yes) or 0 (No).
15005.jpg,0,0,0,Does this image and text combination express hate against women? Answer 1 or 0.
15005.jpg,0,0,0,"Classify this meme: 1 = misogynous, 0 = not misogynous. Output only the digit."
15005.jpg,0,0,0,Is this content offensive toward women? Answer 1 or 0.
15005.jpg,0,1,1,Look at the meme. Is it sexist? Answer only 1 (Yes) or 0 (No).
15758.jpg,1,1,Answer: 1 (Yes),Is this meme misogynistic? Answer 1 (Yes) or 0 (No).
15758.jpg,1,0,0,Does this image and text combination express hate against women? Answer 1 or 0.
15758.jpg,1,0,0,"Classify this meme: 1 = misogynous, 0 = not misogynous. Output only the digit."
15758.jpg,1,0,0,Is this content offensive toward women? Answer 1 or 0.
15758.jpg,1,1,1,Look at the meme. Is it sexist? Answer only 1 (Yes) or 0 (No).
15095.jpg,1,-1,"The meme you've shown features a woman making a peace sign with one hand while the other hand is on her hip. The text overlay says ""YOURS FOR ONLY... TWO MILLION DOLLARS",Is this meme misogynistic? Answer 1 (Yes) or 0 (No).
15095.jpg,1,0,0,Does this image and text combination express hate against women? Answer 1 or 0.
15095.jpg,1,0,0,"Classify this meme: 1 = misogynous, 0 = not misogynous. Output only the digit."
15095.jpg,1,0,0,Is this content offensive toward women? Answer 1 or 0.
15095.jpg,1,1,1,Look at the meme. Is it sexist? Answer only 1 (Yes) or 0 (No).
15521.jpg,0,1,Answer: 1 (Yes),Is this meme misogynistic? Answer 1 (Yes) or 0 (No).
15521.jpg,0,0,0,Does this image and text combination express hate against women? Answer 1 or 0.
15521.jpg,0,1,1,"Classify this meme: 1 = misogynous, 0 = not misogynous. Output only the digit."
15521.jpg,0,0,0,Is this content offensive toward women? Answer 1 or 0.
15521.jpg,0,1,1,Look at the meme. Is it sexist? Answer only 1 (Yes) or 0 (No).
15888.jpg,0,1,1 (Yes),Is this meme misogynistic? Answer 1 (Yes) or 0 (No).
15888.jpg,0,0,0,Does this image and text combination express hate against women? Answer 1 or 0.
15888.jpg,0,0,0,"Classify this meme: 1 = misogynous, 0 = not misogynous. Output only the digit."
15888.jpg,0,0,0,Is this content offensive toward women? Answer 1 or 0.
15888.jpg,0,1,1,Look at the meme. Is it sexist? Answer only 1 (Yes) or 0 (No).
15731.jpg,0,1,1,Is this meme misogynistic? Answer 1 (Yes) or 0 (No).
15731.jpg,0,0,0,Does this image and text combination express hate against women? Answer 1 or 0.
15731.jpg,0,0,0,"Classify this meme: 1 = misogynous, 0 = not misogynous. Output only the digit."
15731.jpg,0,0,0,Is this content offensive toward women? Answer 1 or 0.
15731.jpg,0,1,1,Look at the meme. Is it sexist? Answer only 1 (Yes) or 0 (No).
15727.jpg,1,1,1,Is this meme misogynistic? Answer 1 (Yes) or 0 (No).
15727.jpg,1,0,0,Does this image and text combination express hate against women? Answer 1 or 0.
15727.jpg,1,1,1,"Classify this meme: 1 = misogynous, 0 = not misogynous. Output only the digit."
15727.jpg,1,0,0,Is this content offensive toward women? Answer 1 or 0.
15727.jpg,1,1,1,Look at the meme. Is it sexist? Answer only 1 (Yes) or 0 (No).
15337.jpg,0,1,Answer: 1 (Yes),Is this meme misogynistic? Answer 1 (Yes) or 0 (No).
15337.jpg,0,0,0,Does this image and text combination express hate against women? Answer 1 or 0.
15337.jpg,0,1,1,"Classify this meme: 1 = misogynous, 0 = not misogynous. Output only the digit."
15337.jpg,0,0,0,Is this content offensive toward women? Answer 1 or 0.
15337.jpg,0,1,1,Look at the meme. Is it sexist? Answer only 1 (Yes) or 0 (No).
15839.jpg,0,1,Answer: 1 (Yes),Is this meme misogynistic? Answer 1 (Yes) or 0 (No).
15839.jpg,0,0,0,Does this image and text combination express hate against women? Answer 1 or 0.
15839.jpg,0,1,1,"Classify this meme: 1 = misogynous, 0 = not misogynous. Output only the digit."
15839.jpg,0,0,0,Is this content offensive toward women? Answer 1 or 0.
15839.jpg,0,1,1,Look at the meme. Is it sexist? Answer only 1 (Yes) or 0 (No).
15027.jpg,0,0,"The meme text ""I want a Daughter One day 30"" is not inherently misogynistic. It is a statement about a person's desire to have a daughter in the future. However, the meme includes images",Is this meme misogynistic? Answer 1 (Yes) or 0 (No).
15027.jpg,0,0,0,Does this image and text combination express hate against women? Answer 1 or 0.
15027.jpg,0,0,0,"Classify this meme: 1 = misogynous, 0 = not misogynous. Output only the digit."
15027.jpg,0,0,0,Is this content offensive toward women? Answer 1 or 0.
15027.jpg,0,0,0,Look at the meme. Is it sexist? Answer only 1 (Yes) or 0 (No).
15542.jpg,0,1,1,Is this meme misogynistic? Answer 1 (Yes) or 0 (No).
15542.jpg,0,0,0,Does this image and text combination express hate against women? Answer 1 or 0.
15542.jpg,0,1,1,"Classify this meme: 1 = misogynous, 0 = not misogynous. Output only the digit."
15542.jpg,0,0,0,Is this content offensive toward women? Answer 1 or 0.
15542.jpg,0,1,1,Look at the meme. Is it sexist? Answer only 1 (Yes) or 0 (No).
15400.jpg,0,-1,"The meme you've provided appears to be a humorous take on a cat's facial expression being mistaken for a tuna. The text ""THIS ISN'T TUNA"" is a play on the phrase ""This isn",Is this meme misogynistic? Answer 1 (Yes) or 0 (No).
15400.jpg,0,0,0,Does this image and text combination express hate against women? Answer 1 or 0.
15400.jpg,0,0,0,"Classify this meme: 1 = misogynous, 0 = not misogynous. Output only the digit."
15400.jpg,0,0,0,Is this content offensive toward women? Answer 1 or 0.
15400.jpg,0,0,0,Look at the meme. Is it sexist? Answer only 1 (Yes) or 0 (No).
15996.jpg,0,-1,"The meme you've shown features a woman with a caption that is commonly used in internet culture to express a sense of accomplishment or pride in one's actions, often in a humorous or self-deprecating manner. The",Is this meme misogynistic? Answer 1 (Yes) or 0 (No).
15996.jpg,0,0,0,Does this image and text combination express hate against women? Answer 1 or 0.
15996.jpg,0,0,0,"Classify this meme: 1 = misogynous, 0 = not misogynous. Output only the digit."
15996.jpg,0,0,0,Is this content offensive toward women? Answer 1 or 0.
15996.jpg,0,0,0,Look at the meme. Is it sexist? Answer only 1 (Yes) or 0 (No).
16143.jpg,0,0,"The meme text is misogynistic because it implies that the ""girlfriend I want"" is a real person, while the ""girlfriend I have"" is a meme, suggesting that the meme is not as desirable as the",Is this meme misogynistic? Answer 1 (Yes) or 0 (No).
16143.jpg,0,0,0,Does this image and text combination express hate against women? Answer 1 or 0.
16143.jpg,0,0,0,"Classify this meme: 1 = misogynous, 0 = not misogynous. Output only the digit."
16143.jpg,0,0,0,Is this content offensive toward women? Answer 1 or 0.
16143.jpg,0,1,1,Look at the meme. Is it sexist? Answer only 1 (Yes) or 0 (No).
15679.jpg,0,-1,"The meme you've provided features a cat with a group of baby chickens on its back. The text ""CHICK MAGNET"" is a playful and humorous reference to the cat's ability to attract the chickens.",Is this meme misogynistic? Answer 1 (Yes) or 0 (No).
15679.jpg,0,0,0,Does this image and text combination express hate against women? Answer 1 or 0.
15679.jpg,0,0,0,"Classify this meme: 1 = misogynous, 0 = not misogynous. Output only the digit."
15679.jpg,0,0,0,Is this content offensive toward women? Answer 1 or 0.
15679.jpg,0,0,0,Look at the meme. Is it sexist? Answer only 1 (Yes) or 0 (No).
15947.jpg,1,1,Answer: 1 (Yes),Is this meme misogynistic? Answer 1 (Yes) or 0 (No).
15947.jpg,1,0,0,Does this image and text combination express hate against women? Answer 1 or 0.
15947.jpg,1,1,1,"Classify this meme: 1 = misogynous, 0 = not misogynous. Output only the digit."
15947.jpg,1,0,0,Is this content offensive toward women? Answer 1 or 0.
15947.jpg,1,1,1,Look at the meme. Is it sexist? Answer only 1 (Yes) or 0 (No).
16055.jpg,1,1,1,Is this meme misogynistic? Answer 1 (Yes) or 0 (No).
16055.jpg,1,0,0,Does this image and text combination express hate against women? Answer 1 or 0.
16055.jpg,1,0,0,"Classify this meme: 1 = misogynous, 0 = not misogynous. Output only the digit."
16055.jpg,1,0,0,Is this content offensive toward women? Answer 1 or 0.
16055.jpg,1,0,0,Look at the meme. Is it sexist? Answer only 1 (Yes) or 0 (No).
16110.jpg,1,1,1,Is this meme misogynistic? Answer 1 (Yes) or 0 (No).
16110.jpg,1,0,0,Does this image and text combination express hate against women? Answer 1 or 0.
16110.jpg,1,0,0,"Classify this meme: 1 = misogynous, 0 = not misogynous. Output only the digit."
16110.jpg,1,0,0,Is this content offensive toward women? Answer 1 or 0.
16110.jpg,1,1,1,Look at the meme. Is it sexist? Answer only 1 (Yes) or 0 (No).
15506.jpg,1,-1,"The meme text is misogynistic because it reinforces the stereotype that women are primarily valued for their physical appearance, specifically their breasts, and that their worth is tied to their attractiveness to men. This kind of objectification and",Is this meme misogynistic? Answer 1 (Yes) or 0 (No).
15506.jpg,1,0,0,Does this image and text combination express hate against women? Answer 1 or 0.
15506.jpg,1,0,0,"Classify this meme: 1 = misogynous, 0 = not misogynous. Output only the digit."
15506.jpg,1,0,0,Is this content offensive toward women? Answer 1 or 0.
15506.jpg,1,1,1,Look at the meme. Is it sexist? Answer only 1 (Yes) or 0 (No).
15332.jpg,0,0,"The meme text you provided is misogynistic. It implies that the person in the image is attractive and that the reason hot girls do not approach or engage with him is because they perceive him as being ""out of their league."" This",Is this meme misogynistic? Answer 1 (Yes) or 0 (No).
15332.jpg,0,0,0,Does this image and text combination express hate against women? Answer 1 or 0.
15332.jpg,0,1,1,"Classify this meme: 1 = misogynous, 0 = not misogynous. Output only the digit."
15332.jpg,0,0,0,Is this content offensive toward women? Answer 1 or 0.
15332.jpg,0,0,0,Look at the meme. Is it sexist? Answer only 1 (Yes) or 0 (No).
15144.jpg,0,1,1,Is this meme misogynistic? Answer 1 (Yes) or 0 (No).
15144.jpg,0,0,0,Does this image and text combination express hate against women? Answer 1 or 0.
15144.jpg,0,0,0,"Classify this meme: 1 = misogynous, 0 = not misogynous. Output only the digit."
15144.jpg,0,0,0,Is this content offensive toward women? Answer 1 or 0.
15144.jpg,0,1,1,Look at the meme. Is it sexist? Answer only 1 (Yes) or 0 (No).
16187.jpg,1,-1,"The meme appears to be misogynistic. It features a woman with her mouth open, and the text ""SANDWICH!!!!! don't make metall you twice wor December | 2013 | The Carcer",Is this meme misogynistic? Answer 1 (Yes) or 0 (No).
16187.jpg,1,0,0,Does this image and text combination express hate against women? Answer 1 or 0.
16187.jpg,1,1,1,"Classify this meme: 1 = misogynous, 0 = not misogynous. Output only the digit."
16187.jpg,1,0,0,Is this content offensive toward women? Answer 1 or 0.
16187.jpg,1,1,1,Look at the meme. Is it sexist? Answer only 1 (Yes) or 0 (No).
15684.jpg,1,1,Answer: 1 (Yes),Is this meme misogynistic? Answer 1 (Yes) or 0 (No).
15684.jpg,1,0,0,Does this image and text combination express hate against women? Answer 1 or 0.
15684.jpg,1,1,1,"Classify this meme: 1 = misogynous, 0 = not misogynous. Output only the digit."
15684.jpg,1,0,0,Is this content offensive toward women? Answer 1 or 0.
15684.jpg,1,1,1,Look at the meme. Is it sexist? Answer only 1 (Yes) or 0 (No).
17018.jpg,1,0,"The meme you've provided appears to be a humorous take on the stereotype that college girls often have a large number of sports balls, which is not based on fact. The meme is likely intended to be lighthearted and play",Is this meme misogynistic? Answer 1 (Yes) or 0 (No).
17018.jpg,1,0,0,Does this image and text combination express hate against women? Answer 1 or 0.
17018.jpg,1,0,0,"Classify this meme: 1 = misogynous, 0 = not misogynous. Output only the digit."
17018.jpg,1,0,0,Is this content offensive toward women? Answer 1 or 0.
17018.jpg,1,1,1,Look at the meme. Is it sexist? Answer only 1 (Yes) or 0 (No).
15663.jpg,1,1,1,Is this meme misogynistic? Answer 1 (Yes) or 0 (No).
15663.jpg,1,0,0,Does this image and text combination express hate against women? Answer 1 or 0.
15663.jpg,1,0,0,"Classify this meme: 1 = misogynous, 0 = not misogynous. Output only the digit."
15663.jpg,1,0,0,Is this content offensive toward women? Answer 1 or 0.
15663.jpg,1,1,1,Look at the meme. Is it sexist? Answer only 1 (Yes) or 0 (No).
15496.jpg,0,1,"The meme you've provided is indeed misogynistic. It uses a stereotype about menstruation to make a joke, which can be offensive and disrespectful to women. The meme is playing on the idea that menstru",Is this meme misogynistic? Answer 1 (Yes) or 0 (No).
15496.jpg,0,0,0,Does this image and text combination express hate against women? Answer 1 or 0.
15496.jpg,0,0,0,"Classify this meme: 1 = misogynous, 0 = not misogynous. Output only the digit."
15496.jpg,0,0,0,Is this content offensive toward women? Answer 1 or 0.
15496.jpg,0,1,1,Look at the meme. Is it sexist? Answer only 1 (Yes) or 0 (No).
17047.jpg,0,-1,"The meme you've provided appears to be a humorous take on the concept of a dishwasher being anthropomorphized with a face and a name, which is a common trope in internet culture. The text ""OWO",Is this meme misogynistic? Answer 1 (Yes) or 0 (No).
17047.jpg,0,0,0,Does this image and text combination express hate against women? Answer 1 or 0.
17047.jpg,0,0,0,"Classify this meme: 1 = misogynous, 0 = not misogynous. Output only the digit."
17047.jpg,0,0,0,Is this content offensive toward women? Answer 1 or 0.
17047.jpg,0,0,0,Look at the meme. Is it sexist? Answer only 1 (Yes) or 0 (No).
15512.jpg,0,1,Answer: 1 (Yes),Is this meme misogynistic? Answer 1 (Yes) or 0 (No).
15512.jpg,0,0,0,Does this image and text combination express hate against women? Answer 1 or 0.
15512.jpg,0,1,1,"Classify this meme: 1 = misogynous, 0 = not misogynous. Output only the digit."
15512.jpg,0,1,1,Is this content offensive toward women? Answer 1 or 0.
15512.jpg,0,1,1,Look at the meme. Is it sexist? Answer only 1 (Yes) or 0 (No).
15438.jpg,0,1,Answer: 1 (Yes),Is this meme misogynistic? Answer 1 (Yes) or 0 (No).
15438.jpg,0,0,0,Does this image and text combination express hate against women? Answer 1 or 0.
15438.jpg,0,0,0,"Classify this meme: 1 = misogynous, 0 = not misogynous. Output only the digit."
15438.jpg,0,0,0,Is this content offensive toward women? Answer 1 or 0.
15438.jpg,0,1,1,Look at the meme. Is it sexist? Answer only 1 (Yes) or 0 (No).
15460.jpg,0,0,0,Is this meme misogynistic? Answer 1 (Yes) or 0 (No).
15460.jpg,0,0,0,Does this image and text combination express hate against women? Answer 1 or 0.
15460.jpg,0,0,0,"Classify this meme: 1 = misogynous, 0 = not misogynous. Output only the digit."
15460.jpg,0,0,0,Is this content offensive toward women? Answer 1 or 0.
15460.jpg,0,0,0,Look at the meme. Is it sexist? Answer only 1 (Yes) or 0 (No).
16239.jpg,1,1,Answer: 1 (Yes),Is this meme misogynistic? Answer 1 (Yes) or 0 (No).
16239.jpg,1,0,0,Does this image and text combination express hate against women? Answer 1 or 0.
16239.jpg,1,1,1,"Classify this meme: 1 = misogynous, 0 = not misogynous. Output only the digit."
16239.jpg,1,1,1,Is this content offensive toward women? Answer 1 or 0.
16239.jpg,1,1,1,Look at the meme. Is it sexist? Answer only 1 (Yes) or 0 (No).
15232.jpg,1,1,1,Is this meme misogynistic? Answer 1 (Yes) or 0 (No).
15232.jpg,1,0,0,Does this image and text combination express hate against women? Answer 1 or 0.
15232.jpg,1,0,0,"Classify this meme: 1 = misogynous, 0 = not misogynous. Output only the digit."
15232.jpg,1,0,0,Is this content offensive toward women? Answer 1 or 0.
15232.jpg,1,0,0,Look at the meme. Is it sexist? Answer only 1 (Yes) or 0 (No).
15863.jpg,0,1,1,Is this meme misogynistic? Answer 1 (Yes) or 0 (No).
15863.jpg,0,0,0,Does this image and text combination express hate against women? Answer 1 or 0.
15863.jpg,0,0,0,"Classify this meme: 1 = misogynous, 0 = not misogynous. Output only the digit."
15863.jpg,0,0,0,Is this content offensive toward women? Answer 1 or 0.
15863.jpg,0,0,0,Look at the meme. Is it sexist? Answer only 1 (Yes) or 0 (No).
15781.jpg,0,0,Answer: 0 (No),Is this meme misogynistic? Answer 1 (Yes) or 0 (No).
15781.jpg,0,0,0,Does this image and text combination express hate against women? Answer 1 or 0.
15781.jpg,0,0,0,"Classify this meme: 1 = misogynous, 0 = not misogynous. Output only the digit."
15781.jpg,0,0,0,Is this content offensive toward women? Answer 1 or 0.
15781.jpg,0,0,0,Look at the meme. Is it sexist? Answer only 1 (Yes) or 0 (No).
15743.jpg,0,1,1,Is this meme misogynistic? Answer 1 (Yes) or 0 (No).
15743.jpg,0,0,0,Does this image and text combination express hate against women? Answer 1 or 0.
15743.jpg,0,0,0,"Classify this meme: 1 = misogynous, 0 = not misogynous. Output only the digit."
15743.jpg,0,0,0,Is this content offensive toward women? Answer 1 or 0.
15743.jpg,0,0,0,Look at the meme. Is it sexist? Answer only 1 (Yes) or 0 (No).
15765.jpg,0,1,Answer: 1 (Yes),Is this meme misogynistic? Answer 1 (Yes) or 0 (No).
15765.jpg,0,0,0,Does this image and text combination express hate against women? Answer 1 or 0.
15765.jpg,0,1,1,"Classify this meme: 1 = misogynous, 0 = not misogynous. Output only the digit."
15765.jpg,0,1,1,Is this content offensive toward women? Answer 1 or 0.
15765.jpg,0,1,1,Look at the meme. Is it sexist? Answer only 1 (Yes) or 0 (No).
15294.jpg,1,1,Answer: 1 (Yes),Is this meme misogynistic? Answer 1 (Yes) or 0 (No).
15294.jpg,1,0,0,Does this image and text combination express hate against women? Answer 1 or 0.
15294.jpg,1,1,1,"Classify this meme: 1 = misogynous, 0 = not misogynous. Output only the digit."
15294.jpg,1,0,0,Is this content offensive toward women? Answer 1 or 0.
15294.jpg,1,1,1,Look at the meme. Is it sexist? Answer only 1 (Yes) or 0 (No).
15504.jpg,1,1,Answer: 1 (Yes),Is this meme misogynistic? Answer 1 (Yes) or 0 (No).
15504.jpg,1,0,0,Does this image and text combination express hate against women? Answer 1 or 0.
15504.jpg,1,1,1,"Classify this meme: 1 = misogynous, 0 = not misogynous. Output only the digit."
15504.jpg,1,0,0,Is this content offensive toward women? Answer 1 or 0.
15504.jpg,1,1,1,Look at the meme. Is it sexist? Answer only 1 (Yes) or 0 (No).
15565.jpg,0,1,1 (Yes),Is this meme misogynistic? Answer 1 (Yes) or 0 (No).
15565.jpg,0,0,0,Does this image and text combination express hate against women? Answer 1 or 0.
15565.jpg,0,0,0,"Classify this meme: 1 = misogynous, 0 = not misogynous. Output only the digit."
15565.jpg,0,0,0,Is this content offensive toward women? Answer 1 or 0.
15565.jpg,0,1,1,Look at the meme. Is it sexist? Answer only 1 (Yes) or 0 (No).
15094.jpg,0,0,"The meme appears to be misogynistic because it uses the term ""cutest girl"" in a derogatory manner, implying that the person being addressed is not as attractive as the person who created the meme. This kind of",Is this meme misogynistic? Answer 1 (Yes) or 0 (No).
15094.jpg,0,0,0,Does this image and text combination express hate against women? Answer 1 or 0.
15094.jpg,0,0,0,"Classify this meme: 1 = misogynous, 0 = not misogynous. Output only the digit."
15094.jpg,0,0,0,Is this content offensive toward women? Answer 1 or 0.
15094.jpg,0,0,0,Look at the meme. Is it sexist? Answer only 1 (Yes) or 0 (No).
15955.jpg,1,-1,"The meme features a woman in a leopard print top, and the text ""COUGARS BE LIKE:"" is intended to be humorous by suggesting that older women are attracted to younger men, often referred to as ""cub",Is this meme misogynistic? Answer 1 (Yes) or 0 (No).
15955.jpg,1,0,0,Does this image and text combination express hate against women? Answer 1 or 0.
15955.jpg,1,0,0,"Classify this meme: 1 = misogynous, 0 = not misogynous. Output only the digit."
15955.jpg,1,0,0,Is this content offensive toward women? Answer 1 or 0.
15955.jpg,1,1,1,Look at the meme. Is it sexist? Answer only 1 (Yes) or 0 (No).
15929.jpg,1,1,1,Is this meme misogynistic? Answer 1 (Yes) or 0 (No).
15929.jpg,1,0,0,Does this image and text combination express hate against women? Answer 1 or 0.
15929.jpg,1,0,0,"Classify this meme: 1 = misogynous, 0 = not misogynous. Output only the digit."
15929.jpg,1,0,0,Is this content offensive toward women? Answer 1 or 0.
15929.jpg,1,1,1,Look at the meme. Is it sexist? Answer only 1 (Yes) or 0 (No).
15487.jpg,1,1,1,Is this meme misogynistic? Answer 1 (Yes) or 0 (No).
15487.jpg,1,0,0,Does this image and text combination express hate against women? Answer 1 or 0.
15487.jpg,1,1,1,"Classify this meme: 1 = misogynous, 0 = not misogynous. Output only the digit."
15487.jpg,1,0,0,Is this content offensive toward women? Answer 1 or 0.
15487.jpg,1,1,1,Look at the meme. Is it sexist? Answer only 1 (Yes) or 0 (No).
15659.jpg,1,0,"The meme you've provided features a lion with a caption that is intended to be humorous. The phrase ""NOW GO MAKE ME A SAMMICH"" is a play on words, where ""sam"" is short",Is this meme misogynistic? Answer 1 (Yes) or 0 (No).
15659.jpg,1,0,0,Does this image and text combination express hate against women? Answer 1 or 0.
15659.jpg,1,0,0,"Classify this meme: 1 = misogynous, 0 = not misogynous. Output only the digit."
15659.jpg,1,0,0,Is this content offensive toward women? Answer 1 or 0.
15659.jpg,1,0,0,Look at the meme. Is it sexist? Answer only 1 (Yes) or 0 (No).
16178.jpg,1,1,1,Is this meme misogynistic? Answer 1 (Yes) or 0 (No).
16178.jpg,1,0,0,Does this image and text combination express hate against women? Answer 1 or 0.
16178.jpg,1,0,0,"Classify this meme: 1 = misogynous, 0 = not misogynous. Output only the digit."
16178.jpg,1,0,0,Is this content offensive toward women? Answer 1 or 0.
16178.jpg,1,0,0,Look at the meme. Is it sexist? Answer only 1 (Yes) or 0 (No).
15358.jpg,0,1,Answer: 1 (Yes),Is this meme misogynistic? Answer 1 (Yes) or 0 (No).
15358.jpg,0,0,0,Does this image and text combination express hate against women? Answer 1 or 0.
15358.jpg,0,1,1,"Classify this meme: 1 = misogynous, 0 = not misogynous. Output only the digit."
15358.jpg,0,1,1,Is this content offensive toward women? Answer 1 or 0.
15358.jpg,0,1,1,Look at the meme. Is it sexist? Answer only 1 (Yes) or 0 (No).
17074.jpg,0,1,1,Is this meme misogynistic? Answer 1 (Yes) or 0 (No).
17074.jpg,0,0,0,Does this image and text combination express hate against women? Answer 1 or 0.
17074.jpg,0,0,0,"Classify this meme: 1 = misogynous, 0 = not misogynous. Output only the digit."
17074.jpg,0,0,0,Is this content offensive toward women? Answer 1 or 0.
17074.jpg,0,0,0,Look at the meme. Is it sexist? Answer only 1 (Yes) or 0 (No).
15732.jpg,1,0,"The meme text is misogynistic because it implies that the woman is responsible for cooking and changing the oil in the car, and that the man is only cooking because the woman is not available to do so. This reinforces stereot",Is this meme misogynistic? Answer 1 (Yes) or 0 (No).
15732.jpg,1,0,0,Does this image and text combination express hate against women? Answer 1 or 0.
15732.jpg,1,1,1,"Classify this meme: 1 = misogynous, 0 = not misogynous. Output only the digit."
15732.jpg,1,0,0,Is this content offensive toward women? Answer 1 or 0.
15732.jpg,1,1,1,Look at the meme. Is it sexist? Answer only 1 (Yes) or 0 (No).
15458.jpg,0,1,1,Is this meme misogynistic? Answer 1 (Yes) or 0 (No).
15458.jpg,0,0,0,Does this image and text combination express hate against women? Answer 1 or 0.
15458.jpg,0,0,0,"Classify this meme: 1 = misogynous, 0 = not misogynous. Output only the digit."
15458.jpg,0,0,0,Is this content offensive toward women? Answer 1 or 0.
15458.jpg,0,0,0,Look at the meme. Is it sexist? Answer only 1 (Yes) or 0 (No).
16115.jpg,0,1,"The meme features a person with exaggerated facial features, including large eyes and lips, which are often associated with caricatures or stereotypes. The text ""WHO NEEDS FACIAL EXPRESSIONS ANYWAY"" is",Is this meme misogynistic? Answer 1 (Yes) or 0 (No).
16115.jpg,0,0,0,Does this image and text combination express hate against women? Answer 1 or 0.
16115.jpg,0,1,1,"Classify this meme: 1 = misogynous, 0 = not misogynous. Output only the digit."
16115.jpg,0,0,0,Is this content offensive toward women? Answer 1 or 0.
16115.jpg,0,1,1,Look at the meme. Is it sexist? Answer only 1 (Yes) or 0 (No).
15031.jpg,0,-1,"The meme you've provided features a man holding a giant donut with the caption ""TRYNA GET MY SUMMER BODY RIGHT LIKE.. memegenerator.net."" The meme is intended to be",Is this meme misogynistic? Answer 1 (Yes) or 0 (No).
15031.jpg,0,0,0,Does this image and text combination express hate against women? Answer 1 or 0.
15031.jpg,0,0,0,"Classify this meme: 1 = misogynous, 0 = not misogynous. Output only the digit."
15031.jpg,0,0,0,Is this content offensive toward women? Answer 1 or 0.
15031.jpg,0,0,0,Look at the meme. Is it sexist? Answer only 1 (Yes) or 0 (No).
16155.jpg,0,1,1,Is this meme misogynistic? Answer 1 (Yes) or 0 (No).
16155.jpg,0,0,0,Does this image and text combination express hate against women? Answer 1 or 0.
16155.jpg,0,0,0,"Classify this meme: 1 = misogynous, 0 = not misogynous. Output only the digit."
16155.jpg,0,0,0,Is this content offensive toward women? Answer 1 or 0.
16155.jpg,0,1,1,Look at the meme. Is it sexist? Answer only 1 (Yes) or 0 (No).
16075.jpg,0,1,Answer: 1 (Yes),Is this meme misogynistic? Answer 1 (Yes) or 0 (No).
16075.jpg,0,0,0,Does this image and text combination express hate against women? Answer 1 or 0.
16075.jpg,0,1,1,"Classify this meme: 1 = misogynous, 0 = not misogynous. Output only the digit."
16075.jpg,0,0,0,Is this content offensive toward women? Answer 1 or 0.
16075.jpg,0,1,1,Look at the meme. Is it sexist? Answer only 1 (Yes) or 0 (No).
17076.jpg,0,1,Answer: 1 (Yes),Is this meme misogynistic? Answer 1 (Yes) or 0 (No).
17076.jpg,0,0,0,Does this image and text combination express hate against women? Answer 1 or 0.
17076.jpg,0,0,0,"Classify this meme: 1 = misogynous, 0 = not misogynous. Output only the digit."
17076.jpg,0,0,0,Is this content offensive toward women? Answer 1 or 0.
17076.jpg,0,1,1,Look at the meme. Is it sexist? Answer only 1 (Yes) or 0 (No).
16004.jpg,1,1,Answer: 1 (Yes),Is this meme misogynistic? Answer 1 (Yes) or 0 (No).
16004.jpg,1,0,0,Does this image and text combination express hate against women? Answer 1 or 0.
16004.jpg,1,1,1,"Classify this meme: 1 = misogynous, 0 = not misogynous. Output only the digit."
16004.jpg,1,0,0,Is this content offensive toward women? Answer 1 or 0.
16004.jpg,1,1,1,Look at the meme. Is it sexist? Answer only 1 (Yes) or 0 (No).
15899.jpg,0,1,Answer: 1 (Yes),Is this meme misogynistic? Answer 1 (Yes) or 0 (No).
15899.jpg,0,0,0,Does this image and text combination express hate against women? Answer 1 or 0.
15899.jpg,0,0,0,"Classify this meme: 1 = misogynous, 0 = not misogynous. Output only the digit."
15899.jpg,0,0,0,Is this content offensive toward women? Answer 1 or 0.
15899.jpg,0,1,1,Look at the meme. Is it sexist? Answer only 1 (Yes) or 0 (No).
15235.jpg,1,0,"The meme text is misogynistic. It stereotypes girls as being silent during sexual encounters, which is not true for all individuals and can be harmful to the discussion around consent and sexual assault.",Is this meme misogynistic? Answer 1 (Yes) or 0 (No).
15235.jpg,1,0,0,Does this image and text combination express hate against women? Answer 1 or 0.
15235.jpg,1,1,1,"Classify this meme: 1 = misogynous, 0 = not misogynous. Output only the digit."
15235.jpg,1,0,0,Is this content offensive toward women? Answer 1 or 0.
15235.jpg,1,1,1,Look at the meme. Is it sexist? Answer only 1 (Yes) or 0 (No).
17054.jpg,0,1,1,Is this meme misogynistic? Answer 1 (Yes) or 0 (No).
17054.jpg,0,0,0,Does this image and text combination express hate against women? Answer 1 or 0.
17054.jpg,0,0,0,"Classify this meme: 1 = misogynous, 0 = not misogynous. Output only the digit."
17054.jpg,0,0,0,Is this content offensive toward women? Answer 1 or 0.
17054.jpg,0,1,1,Look at the meme. Is it sexist? Answer only 1 (Yes) or 0 (No).
15451.jpg,1,1,Answer: 1 (Yes),Is this meme misogynistic? Answer 1 (Yes) or 0 (No).
15451.jpg,1,0,0,Does this image and text combination express hate against women? Answer 1 or 0.
15451.jpg,1,0,0,"Classify this meme: 1 = misogynous, 0 = not misogynous. Output only the digit."
15451.jpg,1,0,0,Is this content offensive toward women? Answer 1 or 0.
15451.jpg,1,1,1,Look at the meme. Is it sexist? Answer only 1 (Yes) or 0 (No).
15214.jpg,1,0,"The meme appears to be a humorous take on the idea that women are not objects to be used or desired. The first image shows a woman expressing her opinion on the matter, while the second image shows the same woman in a more provoc",Is this meme misogynistic? Answer 1 (Yes) or 0 (No).
15214.jpg,1,0,0,Does this image and text combination express hate against women? Answer 1 or 0.
15214.jpg,1,1,1,"Classify this meme: 1 = misogynous, 0 = not misogynous. Output only the digit."
15214.jpg,1,0,0,Is this content offensive toward women? Answer 1 or 0.
15214.jpg,1,1,1,Look at the meme. Is it sexist? Answer only 1 (Yes) or 0 (No).
15815.jpg,0,0,Answer: 0 (No),Is this meme misogynistic? Answer 1 (Yes) or 0 (No).
15815.jpg,0,0,0,Does this image and text combination express hate against women? Answer 1 or 0.
15815.jpg,0,0,0,"Classify this meme: 1 = misogynous, 0 = not misogynous. Output only the digit."
15815.jpg,0,0,0,Is this content offensive toward women? Answer 1 or 0.
15815.jpg,0,0,0,Look at the meme. Is it sexist? Answer only 1 (Yes) or 0 (No).
15647.jpg,0,1,1,Is this meme misogynistic? Answer 1 (Yes) or 0 (No).
15647.jpg,0,0,0,Does this image and text combination express hate against women? Answer 1 or 0.
15647.jpg,0,0,0,"Classify this meme: 1 = misogynous, 0 = not misogynous. Output only the digit."
15647.jpg,0,0,0,Is this content offensive toward women? Answer 1 or 0.
15647.jpg,0,0,0,Look at the meme. Is it sexist? Answer only 1 (Yes) or 0 (No).
16124.jpg,1,1,1,Is this meme misogynistic? Answer 1 (Yes) or 0 (No).
16124.jpg,1,0,0,Does this image and text combination express hate against women? Answer 1 or 0.
16124.jpg,1,1,1,"Classify this meme: 1 = misogynous, 0 = not misogynous. Output only the digit."
16124.jpg,1,0,0,Is this content offensive toward women? Answer 1 or 0.
16124.jpg,1,1,1,Look at the meme. Is it sexist? Answer only 1 (Yes) or 0 (No).
15051.jpg,1,1,Answer: 1 (Yes),Is this meme misogynistic? Answer 1 (Yes) or 0 (No).
15051.jpg,1,0,0,Does this image and text combination express hate against women? Answer 1 or 0.
15051.jpg,1,1,1,"Classify this meme: 1 = misogynous, 0 = not misogynous. Output only the digit."
15051.jpg,1,0,0,Is this content offensive toward women? Answer 1 or 0.
15051.jpg,1,1,1,Look at the meme. Is it sexist? Answer only 1 (Yes) or 0 (No).
16121.jpg,1,1,1,Is this meme misogynistic? Answer 1 (Yes) or 0 (No).
16121.jpg,1,0,0,Does this image and text combination express hate against women? Answer 1 or 0.
16121.jpg,1,0,0,"Classify this meme: 1 = misogynous, 0 = not misogynous. Output only the digit."
16121.jpg,1,0,0,Is this content offensive toward women? Answer 1 or 0.
16121.jpg,1,1,1,Look at the meme. Is it sexist? Answer only 1 (Yes) or 0 (No).
16127.jpg,1,1,1,Is this meme misogynistic? Answer 1 (Yes) or 0 (No).
16127.jpg,1,0,0,Does this image and text combination express hate against women? Answer 1 or 0.
16127.jpg,1,1,1,"Classify this meme: 1 = misogynous, 0 = not misogynous. Output only the digit."
16127.jpg,1,0,0,Is this content offensive toward women? Answer 1 or 0.
16127.jpg,1,1,1,Look at the meme. Is it sexist? Answer only 1 (Yes) or 0 (No).
15182.jpg,0,1,Answer: 1 (Yes),Is this meme misogynistic? Answer 1 (Yes) or 0 (No).
15182.jpg,0,0,0,Does this image and text combination express hate against women? Answer 1 or 0.
15182.jpg,0,1,1,"Classify this meme: 1 = misogynous, 0 = not misogynous. Output only the digit."
15182.jpg,0,0,0,Is this content offensive toward women? Answer 1 or 0.
15182.jpg,0,1,1,Look at the meme. Is it sexist? Answer only 1 (Yes) or 0 (No).
15281.jpg,1,1,Answer: 1 (Yes),Is this meme misogynistic? Answer 1 (Yes) or 0 (No).
15281.jpg,1,0,0,Does this image and text combination express hate against women? Answer 1 or 0.
15281.jpg,1,1,1,"Classify this meme: 1 = misogynous, 0 = not misogynous. Output only the digit."
15281.jpg,1,1,1,Is this content offensive toward women? Answer 1 or 0.
15281.jpg,1,1,1,Look at the meme. Is it sexist? Answer only 1 (Yes) or 0 (No).
16176.jpg,1,1,1,Is this meme misogynistic? Answer 1 (Yes) or 0 (No).
16176.jpg,1,0,0,Does this image and text combination express hate against women? Answer 1 or 0.
16176.jpg,1,1,1,"Classify this meme: 1 = misogynous, 0 = not misogynous. Output only the digit."
16176.jpg,1,0,0,Is this content offensive toward women? Answer 1 or 0.
16176.jpg,1,1,1,Look at the meme. Is it sexist? Answer only 1 (Yes) or 0 (No).
15851.jpg,1,1,Answer: 1 (Yes),Is this meme misogynistic? Answer 1 (Yes) or 0 (No).
15851.jpg,1,0,0,Does this image and text combination express hate against women? Answer 1 or 0.
15851.jpg,1,1,1,"Classify this meme: 1 = misogynous, 0 = not misogynous. Output only the digit."
15851.jpg,1,1,1,Is this content offensive toward women? Answer 1 or 0.
15851.jpg,1,1,1,Look at the meme. Is it sexist? Answer only 1 (Yes) or 0 (No).
16270.jpg,1,1,Answer: 1 (Yes),Is this meme misogynistic? Answer 1 (Yes) or 0 (No).
16270.jpg,1,0,0,Does this image and text combination express hate against women? Answer 1 or 0.
16270.jpg,1,1,1,"Classify this meme: 1 = misogynous, 0 = not misogynous. Output only the digit."
16270.jpg,1,1,1,Is this content offensive toward women? Answer 1 or 0.
16270.jpg,1,1,1,Look at the meme. Is it sexist? Answer only 1 (Yes) or 0 (No).
15100.jpg,0,1,"Answer 1 (Yes). The meme is misogynistic because it perpetuates the stereotype that women are only interested in marriage for the sake of their children, implying that they are not capable of making decisions for themselves. It",Is this meme misogynistic? Answer 1 (Yes) or 0 (No).
15100.jpg,0,0,0,Does this image and text combination express hate against women? Answer 1 or 0.
15100.jpg,0,0,0,"Classify this meme: 1 = misogynous, 0 = not misogynous. Output only the digit."
15100.jpg,0,0,0,Is this content offensive toward women? Answer 1 or 0.
15100.jpg,0,1,1,Look at the meme. Is it sexist? Answer only 1 (Yes) or 0 (No).
16210.jpg,0,1,1,Is this meme misogynistic? Answer 1 (Yes) or 0 (No).
16210.jpg,0,0,0,Does this image and text combination express hate against women? Answer 1 or 0.
16210.jpg,0,0,0,"Classify this meme: 1 = misogynous, 0 = not misogynous. Output only the digit."
16210.jpg,0,0,0,Is this content offensive toward women? Answer 1 or 0.
16210.jpg,0,1,1,Look at the meme. Is it sexist? Answer only 1 (Yes) or 0 (No).
15999.jpg,0,1,1,Is this meme misogynistic? Answer 1 (Yes) or 0 (No).
15999.jpg,0,0,0,Does this image and text combination express hate against women? Answer 1 or 0.
15999.jpg,0,0,0,"Classify this meme: 1 = misogynous, 0 = not misogynous. Output only the digit."
15999.jpg,0,0,0,Is this content offensive toward women? Answer 1 or 0.
15999.jpg,0,1,1,Look at the meme. Is it sexist? Answer only 1 (Yes) or 0 (No).
16010.jpg,1,1,Answer: 1 (Yes),Is this meme misogynistic? Answer 1 (Yes) or 0 (No).
16010.jpg,1,0,0,Does this image and text combination express hate against women? Answer 1 or 0.
16010.jpg,1,1,1,"Classify this meme: 1 = misogynous, 0 = not misogynous. Output only the digit."
16010.jpg,1,0,0,Is this content offensive toward women? Answer 1 or 0.
16010.jpg,1,1,1,Look at the meme. Is it sexist? Answer only 1 (Yes) or 0 (No).
15977.jpg,0,-1,"The meme you've provided appears to be a humorous comparison of two different images, one labeled ""BEFORE 2020"" and the other ""AFTER 2020."" The images show a person with a clean",Is this meme misogynistic? Answer 1 (Yes) or 0 (No).
15977.jpg,0,0,0,Does this image and text combination express hate against women? Answer 1 or 0.
15977.jpg,0,0,0,"Classify this meme: 1 = misogynous, 0 = not misogynous. Output only the digit."
15977.jpg,0,0,0,Is this content offensive toward women? Answer 1 or 0.
15977.jpg,0,0,0,Look at the meme. Is it sexist? Answer only 1 (Yes) or 0 (No).
16235.jpg,1,1,Answer: 1 (Yes),Is this meme misogynistic? Answer 1 (Yes) or 0 (No).
16235.jpg,1,0,0,Does this image and text combination express hate against women? Answer 1 or 0.
16235.jpg,1,1,1,"Classify this meme: 1 = misogynous, 0 = not misogynous. Output only the digit."
16235.jpg,1,0,0,Is this content offensive toward women? Answer 1 or 0.
16235.jpg,1,1,1,Look at the meme. Is it sexist? Answer only 1 (Yes) or 0 (No).
15354.jpg,0,1,1,Is this meme misogynistic? Answer 1 (Yes) or 0 (No).
15354.jpg,0,0,0,Does this image and text combination express hate against women? Answer 1 or 0.
15354.jpg,0,1,1,"Classify this meme: 1 = misogynous, 0 = not misogynous. Output only the digit."
15354.jpg,0,0,0,Is this content offensive toward women? Answer 1 or 0.
15354.jpg,0,1,1,Look at the meme. Is it sexist? Answer only 1 (Yes) or 0 (No).
15615.jpg,0,1,1,Is this meme misogynistic? Answer 1 (Yes) or 0 (No).
15615.jpg,0,0,0,Does this image and text combination express hate against women? Answer 1 or 0.
15615.jpg,0,1,1,"Classify this meme: 1 = misogynous, 0 = not misogynous. Output only the digit."
15615.jpg,0,1,1,Is this content offensive toward women? Answer 1 or 0.
15615.jpg,0,1,1,Look at the meme. Is it sexist? Answer only 1 (Yes) or 0 (No).
15509.jpg,0,1,Answer: 1 (Yes),Is this meme misogynistic? Answer 1 (Yes) or 0 (No).
15509.jpg,0,0,0,Does this image and text combination express hate against women? Answer 1 or 0.
15509.jpg,0,0,0,"Classify this meme: 1 = misogynous, 0 = not misogynous. Output only the digit."
15509.jpg,0,0,0,Is this content offensive toward women? Answer 1 or 0.
15509.jpg,0,1,1,Look at the meme. Is it sexist? Answer only 1 (Yes) or 0 (No).
16036.jpg,0,1,1,Is this meme misogynistic? Answer 1 (Yes) or 0 (No).
16036.jpg,0,0,0,Does this image and text combination express hate against women? Answer 1 or 0.
16036.jpg,0,0,0,"Classify this meme: 1 = misogynous, 0 = not misogynous. Output only the digit."
16036.jpg,0,0,0,Is this content offensive toward women? Answer 1 or 0.
16036.jpg,0,0,0,Look at the meme. Is it sexist? Answer only 1 (Yes) or 0 (No).
16218.jpg,1,-1,"The meme appears to be misogynistic, as it uses a derogatory term to refer to women. The text ""WOMEN? YOU MEAN DICK HOLSTER?"" is a play on words that relies on the",Is this meme misogynistic? Answer 1 (Yes) or 0 (No).
16218.jpg,1,0,0,Does this image and text combination express hate against women? Answer 1 or 0.
16218.jpg,1,1,1,"Classify this meme: 1 = misogynous, 0 = not misogynous. Output only the digit."
16218.jpg,1,1,1,Is this content offensive toward women? Answer 1 or 0.
16218.jpg,1,1,1,Look at the meme. Is it sexist? Answer only 1 (Yes) or 0 (No).
15169.jpg,0,1,Answer: 1 (Yes),Is this meme misogynistic? Answer 1 (Yes) or 0 (No).
15169.jpg,0,0,0,Does this image and text combination express hate against women? Answer 1 or 0.
15169.jpg,0,0,0,"Classify this meme: 1 = misogynous, 0 = not misogynous. Output only the digit."
15169.jpg,0,0,0,Is this content offensive toward women? Answer 1 or 0.
15169.jpg,0,1,1,Look at the meme. Is it sexist? Answer only 1 (Yes) or 0 (No).
16067.jpg,1,1,"The meme text you provided is indeed misogynistic. It promotes the idea that women need to be physically harmed, which is a harmful and offensive statement. It is important to promote respect and equality for all individuals, regardless of gender",Is this meme misogynistic? Answer 1 (Yes) or 0 (No).
16067.jpg,1,0,0,Does this image and text combination express hate against women? Answer 1 or 0.
16067.jpg,1,1,1,"Classify this meme: 1 = misogynous, 0 = not misogynous. Output only the digit."
16067.jpg,1,0,0,Is this content offensive toward women? Answer 1 or 0.
16067.jpg,1,1,1,Look at the meme. Is it sexist? Answer only 1 (Yes) or 0 (No).
15523.jpg,0,1,"Answer 1 (Yes). The meme is misogynistic because it uses the term ""feminist circlejerk"" in a derogatory manner, implying that criticism of feminism is somehow illegitimate or biased",Is this meme misogynistic? Answer 1 (Yes) or 0 (No).
15523.jpg,0,0,0,Does this image and text combination express hate against women? Answer 1 or 0.
15523.jpg,0,0,0,"Classify this meme: 1 = misogynous, 0 = not misogynous. Output only the digit."
15523.jpg,0,0,0,Is this content offensive toward women? Answer 1 or 0.
15523.jpg,0,0,0,Look at the meme. Is it sexist? Answer only 1 (Yes) or 0 (No).
15193.jpg,0,-1,"The meme in the image appears to be a humorous take on the concept of ""summer memes"" being available on a website. The text ""CHECK IT OUT SUMMER MEMES ON RD.COM RUE""",Is this meme misogynistic? Answer 1 (Yes) or 0 (No).
15193.jpg,0,0,0,Does this image and text combination express hate against women? Answer 1 or 0.
15193.jpg,0,0,0,"Classify this meme: 1 = misogynous, 0 = not misogynous. Output only the digit."
15193.jpg,0,0,0,Is this content offensive toward women? Answer 1 or 0.
15193.jpg,0,0,0,Look at the meme. Is it sexist? Answer only 1 (Yes) or 0 (No).
15938.jpg,1,1,1,Is this meme misogynistic? Answer 1 (Yes) or 0 (No).
15938.jpg,1,0,0,Does this image and text combination express hate against women? Answer 1 or 0.
15938.jpg,1,1,1,"Classify this meme: 1 = misogynous, 0 = not misogynous. Output only the digit."
15938.jpg,1,0,0,Is this content offensive toward women? Answer 1 or 0.
15938.jpg,1,1,1,Look at the meme. Is it sexist? Answer only 1 (Yes) or 0 (No).
15022.jpg,0,-1,"The meme appears to be a humorous comparison between traditional banking and cryptocurrency investment. It shows two different groups of people, one looking bored and the other looking excited, with the text ""YOUR MONEY ON THE BANK",Is this meme misogynistic? Answer 1 (Yes) or 0 (No).
15022.jpg,0,0,0,Does this image and text combination express hate against women? Answer 1 or 0.
15022.jpg,0,0,0,"Classify this meme: 1 = misogynous, 0 = not misogynous. Output only the digit."
15022.jpg,0,0,0,Is this content offensive toward women? Answer 1 or 0.
15022.jpg,0,0,0,Look at the meme. Is it sexist? Answer only 1 (Yes) or 0 (No).
15667.jpg,1,1,1,Is this meme misogynistic? Answer 1 (Yes) or 0 (No).
15667.jpg,1,0,0,Does this image and text combination express hate against women? Answer 1 or 0.
15667.jpg,1,1,1,"Classify this meme: 1 = misogynous, 0 = not misogynous. Output only the digit."
15667.jpg,1,0,0,Is this content offensive toward women? Answer 1 or 0.
15667.jpg,1,1,1,Look at the meme. Is it sexist? Answer only 1 (Yes) or 0 (No).
16310.jpg,0,-1,"The meme appears to be misogynistic. The text ""SUPREMACY"" is often associated with white supremacist ideology, and the image of a woman in a suit is juxtaposed with a silhouette",Is this meme misogynistic? Answer 1 (Yes) or 0 (No).
16310.jpg,0,0,0,Does this image and text combination express hate against women? Answer 1 or 0.
16310.jpg,0,0,0,"Classify this meme: 1 = misogynous, 0 = not misogynous. Output only the digit."
16310.jpg,0,0,0,Is this content offensive toward women? Answer 1 or 0.
16310.jpg,0,0,0,Look at the meme. Is it sexist? Answer only 1 (Yes) or 0 (No).
15568.jpg,1,1,Answer: 1 (Yes),Is this meme misogynistic? Answer 1 (Yes) or 0 (No).
15568.jpg,1,0,0,Does this image and text combination express hate against women? Answer 1 or 0.
15568.jpg,1,0,0,"Classify this meme: 1 = misogynous, 0 = not misogynous. Output only the digit."
15568.jpg,1,0,0,Is this content offensive toward women? Answer 1 or 0.
15568.jpg,1,1,1,Look at the meme. Is it sexist? Answer only 1 (Yes) or 0 (No).
15609.jpg,0,0,"The meme text ""DADDY'S LITTLE GIRL, FOREVER AND ALWAYS!"" is not inherently misogynistic. It is a statement of affection and commitment from a father to his daughter.",Is this meme misogynistic? Answer 1 (Yes) or 0 (No).
15609.jpg,0,0,0,Does this image and text combination express hate against women? Answer 1 or 0.
15609.jpg,0,0,0,"Classify this meme: 1 = misogynous, 0 = not misogynous. Output only the digit."
15609.jpg,0,0,0,Is this content offensive toward women? Answer 1 or 0.
15609.jpg,0,0,0,Look at the meme. Is it sexist? Answer only 1 (Yes) or 0 (No).
15811.jpg,1,1,1,Is this meme misogynistic? Answer 1 (Yes) or 0 (No).
15811.jpg,1,0,0,Does this image and text combination express hate against women? Answer 1 or 0.
15811.jpg,1,1,1,"Classify this meme: 1 = misogynous, 0 = not misogynous. Output only the digit."
15811.jpg,1,0,0,Is this content offensive toward women? Answer 1 or 0.
15811.jpg,1,1,1,Look at the meme. Is it sexist? Answer only 1 (Yes) or 0 (No).
16285.jpg,0,1,Answer: 1 (Yes),Is this meme misogynistic? Answer 1 (Yes) or 0 (No).
16285.jpg,0,0,0,Does this image and text combination express hate against women? Answer 1 or 0.
16285.jpg,0,1,1,"Classify this meme: 1 = misogynous, 0 = not misogynous. Output only the digit."
16285.jpg,0,0,0,Is this content offensive toward women? Answer 1 or 0.
16285.jpg,0,1,1,Look at the meme. Is it sexist? Answer only 1 (Yes) or 0 (No).
15435.jpg,1,1,1,Is this meme misogynistic? Answer 1 (Yes) or 0 (No).
15435.jpg,1,0,0,Does this image and text combination express hate against women? Answer 1 or 0.
15435.jpg,1,1,1,"Classify this meme: 1 = misogynous, 0 = not misogynous. Output only the digit."
15435.jpg,1,0,0,Is this content offensive toward women? Answer 1 or 0.
15435.jpg,1,0,0,Look at the meme. Is it sexist? Answer only 1 (Yes) or 0 (No).
16014.jpg,0,1,1,Is this meme misogynistic? Answer 1 (Yes) or 0 (No).
16014.jpg,0,0,0,Does this image and text combination express hate against women? Answer 1 or 0.
16014.jpg,0,0,0,"Classify this meme: 1 = misogynous, 0 = not misogynous. Output only the digit."
16014.jpg,0,0,0,Is this content offensive toward women? Answer 1 or 0.
16014.jpg,0,0,0,Look at the meme. Is it sexist? Answer only 1 (Yes) or 0 (No).
15276.jpg,0,-1,"The meme text ""YOUR REAL NAME ISN'T MOM"" is indeed misogynistic. It is making a derogatory statement about a woman's identity, implying that a woman's name is",Is this meme misogynistic? Answer 1 (Yes) or 0 (No).
15276.jpg,0,0,0,Does this image and text combination express hate against women? Answer 1 or 0.
15276.jpg,0,0,0,"Classify this meme: 1 = misogynous, 0 = not misogynous. Output only the digit."
15276.jpg,0,0,0,Is this content offensive toward women? Answer 1 or 0.
15276.jpg,0,0,0,Look at the meme. Is it sexist? Answer only 1 (Yes) or 0 (No).
16269.jpg,1,-1,"The meme text you provided is indeed misogynistic. It uses derogatory language to stereotype women, specifically older women, as being willing to engage in sexual activity with younger men. This kind of language is often used to objectify",Is this meme misogynistic? Answer 1 (Yes) or 0 (No).
16269.jpg,1,0,0,Does this image and text combination express hate against women? Answer 1 or 0.
16269.jpg,1,1,1,"Classify this meme: 1 = misogynous, 0 = not misogynous. Output only the digit."
16269.jpg,1,0,0,Is this content offensive toward women? Answer 1 or 0.
16269.jpg,1,1,1,Look at the meme. Is it sexist? Answer only 1 (Yes) or 0 (No).
15456.jpg,0,1,Answer: 1 (Yes),Is this meme misogynistic? Answer 1 (Yes) or 0 (No).
15456.jpg,0,0,0,Does this image and text combination express hate against women? Answer 1 or 0.
15456.jpg,0,0,0,"Classify this meme: 1 = misogynous, 0 = not misogynous. Output only the digit."
15456.jpg,0,0,0,Is this content offensive toward women? Answer 1 or 0.
15456.jpg,0,1,1,Look at the meme. Is it sexist? Answer only 1 (Yes) or 0 (No).
15668.jpg,0,1,1,Is this meme misogynistic? Answer 1 (Yes) or 0 (No).
15668.jpg,0,0,0,Does this image and text combination express hate against women? Answer 1 or 0.
15668.jpg,0,1,1,"Classify this meme: 1 = misogynous, 0 = not misogynous. Output only the digit."
15668.jpg,0,0,0,Is this content offensive toward women? Answer 1 or 0.
15668.jpg,0,1,1,Look at the meme. Is it sexist? Answer only 1 (Yes) or 0 (No).
16273.jpg,0,-1,"The meme appears to be misogynistic. It features a man with a caption that translates to ""Operation Bikini,"" which implies that the man is undergoing a transformation to become more attractive for women, specifically for the purpose",Is this meme misogynistic? Answer 1 (Yes) or 0 (No).
16273.jpg,0,0,0,Does this image and text combination express hate against women? Answer 1 or 0.
16273.jpg,0,0,0,"Classify this meme: 1 = misogynous, 0 = not misogynous. Output only the digit."
16273.jpg,0,0,0,Is this content offensive toward women? Answer 1 or 0.
16273.jpg,0,0,0,Look at the meme. Is it sexist? Answer only 1 (Yes) or 0 (No).
15964.jpg,1,1,Answer: 1 (Yes),Is this meme misogynistic? Answer 1 (Yes) or 0 (No).
15964.jpg,1,0,0,Does this image and text combination express hate against women? Answer 1 or 0.
15964.jpg,1,1,1,"Classify this meme: 1 = misogynous, 0 = not misogynous. Output only the digit."
15964.jpg,1,1,1,Is this content offensive toward women? Answer 1 or 0.
15964.jpg,1,1,1,Look at the meme. Is it sexist? Answer only 1 (Yes) or 0 (No).
15607.jpg,0,0,"The meme text you provided is misogynistic. It is making a joke about cooking a cat, which is a form of animal cruelty and is not appropriate or funny. The meme is using a derogatory stereotype about women",Is this meme misogynistic? Answer 1 (Yes) or 0 (No).
15607.jpg,0,0,0,Does this image and text combination express hate against women? Answer 1 or 0.
15607.jpg,0,0,0,"Classify this meme: 1 = misogynous, 0 = not misogynous. Output only the digit."
15607.jpg,0,0,0,Is this content offensive toward women? Answer 1 or 0.
15607.jpg,0,1,1,Look at the meme. Is it sexist? Answer only 1 (Yes) or 0 (No).
16306.jpg,0,1,1,Is this meme misogynistic? Answer 1 (Yes) or 0 (No).
16306.jpg,0,0,0,Does this image and text combination express hate against women? Answer 1 or 0.
16306.jpg,0,0,0,"Classify this meme: 1 = misogynous, 0 = not misogynous. Output only the digit."
16306.jpg,0,0,0,Is this content offensive toward women? Answer 1 or 0.
16306.jpg,0,1,1,Look at the meme. Is it sexist? Answer only 1 (Yes) or 0 (No).
15725.jpg,0,1,1,Is this meme misogynistic? Answer 1 (Yes) or 0 (No).
15725.jpg,0,0,0,Does this image and text combination express hate against women? Answer 1 or 0.
15725.jpg,0,1,1,"Classify this meme: 1 = misogynous, 0 = not misogynous. Output only the digit."
15725.jpg,0,0,0,Is this content offensive toward women? Answer 1 or 0.
15725.jpg,0,1,1,Look at the meme. Is it sexist? Answer only 1 (Yes) or 0 (No).
15122.jpg,1,-1,"The meme text ""I HAVE UX ORD A PENIS"" is a play on words, where ""UX"" stands for ""User Experience"" and ""ord"" is short for ""order."" The humor comes from the juxtapos",Is this meme misogynistic? Answer 1 (Yes) or 0 (No).
15122.jpg,1,0,0,Does this image and text combination express hate against women? Answer 1 or 0.
15122.jpg,1,0,0,"Classify this meme: 1 = misogynous, 0 = not misogynous. Output only the digit."
15122.jpg,1,0,0,Is this content offensive toward women? Answer 1 or 0.
15122.jpg,1,0,0,Look at the meme. Is it sexist? Answer only 1 (Yes) or 0 (No).
16142.jpg,0,0,"The meme text is misogynistic. It implies that feminism is only about women and not about equality for all genders. This is a common misconception about feminism, which is actually about achieving equality between all genders.",Is this meme misogynistic? Answer 1 (Yes) or 0 (No).
16142.jpg,0,0,0,Does this image and text combination express hate against women? Answer 1 or 0.
16142.jpg,0,0,0,"Classify this meme: 1 = misogynous, 0 = not misogynous. Output only the digit."
16142.jpg,0,0,0,Is this content offensive toward women? Answer 1 or 0.
16142.jpg,0,1,1,Look at the meme. Is it sexist? Answer only 1 (Yes) or 0 (No).
15475.jpg,1,0,"The meme you've provided appears to be a humorous take on a situation where someone is trying to initiate a conversation with someone else, but the other person is not interested or is not responding. The text ""HEY HOW'",Is this meme misogynistic? Answer 1 (Yes) or 0 (No).
15475.jpg,1,0,0,Does this image and text combination express hate against women? Answer 1 or 0.
15475.jpg,1,1,1,"Classify this meme: 1 = misogynous, 0 = not misogynous. Output only the digit."
15475.jpg,1,0,0,Is this content offensive toward women? Answer 1 or 0.
15475.jpg,1,1,1,Look at the meme. Is it sexist? Answer only 1 (Yes) or 0 (No).
15437.jpg,1,1,1,Is this meme misogynistic? Answer 1 (Yes) or 0 (No).
15437.jpg,1,0,0,Does this image and text combination express hate against women? Answer 1 or 0.
15437.jpg,1,1,1,"Classify this meme: 1 = misogynous, 0 = not misogynous. Output only the digit."
15437.jpg,1,0,0,Is this content offensive toward women? Answer 1 or 0.
15437.jpg,1,1,1,Look at the meme. Is it sexist? Answer only 1 (Yes) or 0 (No).
15976.jpg,1,1,Answer: 1 (Yes),Is this meme misogynistic? Answer 1 (Yes) or 0 (No).
15976.jpg,1,0,0,Does this image and text combination express hate against women? Answer 1 or 0.
15976.jpg,1,1,1,"Classify this meme: 1 = misogynous, 0 = not misogynous. Output only the digit."
15976.jpg,1,1,1,Is this content offensive toward women? Answer 1 or 0.
15976.jpg,1,1,1,Look at the meme. Is it sexist? Answer only 1 (Yes) or 0 (No).
15073.jpg,1,0,"The meme text you provided appears to be misogynistic. It implies that the woman's conversation was not important and that the man's thoughts were more significant, which is a form of sexism. The phrase ""my naught",Is this meme misogynistic? Answer 1 (Yes) or 0 (No).
15073.jpg,1,0,0,Does this image and text combination express hate against women? Answer 1 or 0.
15073.jpg,1,1,1,"Classify this meme: 1 = misogynous, 0 = not misogynous. Output only the digit."
15073.jpg,1,0,0,Is this content offensive toward women? Answer 1 or 0.
15073.jpg,1,1,1,Look at the meme. Is it sexist? Answer only 1 (Yes) or 0 (No).
15865.jpg,1,1,1,Is this meme misogynistic? Answer 1 (Yes) or 0 (No).
15865.jpg,1,0,0,Does this image and text combination express hate against women? Answer 1 or 0.
15865.jpg,1,1,1,"Classify this meme: 1 = misogynous, 0 = not misogynous. Output only the digit."
15865.jpg,1,0,0,Is this content offensive toward women? Answer 1 or 0.
15865.jpg,1,1,1,Look at the meme. Is it sexist? Answer only 1 (Yes) or 0 (No).
15011.jpg,0,1,1,Is this meme misogynistic? Answer 1 (Yes) or 0 (No).
15011.jpg,0,0,0,Does this image and text combination express hate against women? Answer 1 or 0.
15011.jpg,0,0,0,"Classify this meme: 1 = misogynous, 0 = not misogynous. Output only the digit."
15011.jpg,0,0,0,Is this content offensive toward women? Answer 1 or 0.
15011.jpg,0,0,0,Look at the meme. Is it sexist? Answer only 1 (Yes) or 0 (No).
15590.jpg,0,1,Answer: 1 (Yes),Is this meme misogynistic? Answer 1 (Yes) or 0 (No).
15590.jpg,0,0,0,Does this image and text combination express hate against women? Answer 1 or 0.
15590.jpg,0,0,0,"Classify this meme: 1 = misogynous, 0 = not misogynous. Output only the digit."
15590.jpg,0,0,0,Is this content offensive toward women? Answer 1 or 0.
15590.jpg,0,1,1,Look at the meme. Is it sexist? Answer only 1 (Yes) or 0 (No).
15231.jpg,1,-1,"The meme text you provided is misogynistic. It uses derogatory language to describe a woman and implies that the woman is being ""backed off"" by the man, which is a form of bullying or harassment. The",Is this meme misogynistic? Answer 1 (Yes) or 0 (No).
15231.jpg,1,0,0,Does this image and text combination express hate against women? Answer 1 or 0.
15231.jpg,1,1,1,"Classify this meme: 1 = misogynous, 0 = not misogynous. Output only the digit."
15231.jpg,1,0,0,Is this content offensive toward women? Answer 1 or 0.
15231.jpg,1,1,1,Look at the meme. Is it sexist? Answer only 1 (Yes) or 0 (No).
16177.jpg,1,1,1,Is this meme misogynistic? Answer 1 (Yes) or 0 (No).
16177.jpg,1,0,0,Does this image and text combination express hate against women? Answer 1 or 0.
16177.jpg,1,0,0,"Classify this meme: 1 = misogynous, 0 = not misogynous. Output only the digit."
16177.jpg,1,0,0,Is this content offensive toward women? Answer 1 or 0.
16177.jpg,1,1,1,Look at the meme. Is it sexist? Answer only 1 (Yes) or 0 (No).
15960.jpg,1,1,Answer: 1 (Yes),Is this meme misogynistic? Answer 1 (Yes) or 0 (No).
15960.jpg,1,0,0,Does this image and text combination express hate against women? Answer 1 or 0.
15960.jpg,1,0,0,"Classify this meme: 1 = misogynous, 0 = not misogynous. Output only the digit."
15960.jpg,1,0,0,Is this content offensive toward women? Answer 1 or 0.
15960.jpg,1,1,1,Look at the meme. Is it sexist? Answer only 1 (Yes) or 0 (No).
15466.jpg,0,0,"The meme text ""I HAVE A GIRLFRIEND BITCH"" is misogynistic because it uses the word ""bitch"" as a derogatory term to belittle or insult women. This kind of language is not",Is this meme misogynistic? Answer 1 (Yes) or 0 (No).
15466.jpg,0,0,0,Does this image and text combination express hate against women? Answer 1 or 0.
15466.jpg,0,1,1,"Classify this meme: 1 = misogynous, 0 = not misogynous. Output only the digit."
15466.jpg,0,0,0,Is this content offensive toward women? Answer 1 or 0.
15466.jpg,0,1,1,Look at the meme. Is it sexist? Answer only 1 (Yes) or 0 (No).
15026.jpg,0,-1,"The meme text you provided is a variation of the popular ""behind every great man"" quote, which is often used to highlight the contributions of women in the lives of successful men. However, the meme text you've shown is a",Is this meme misogynistic? Answer 1 (Yes) or 0 (No).
15026.jpg,0,0,0,Does this image and text combination express hate against women? Answer 1 or 0.
15026.jpg,0,0,0,"Classify this meme: 1 = misogynous, 0 = not misogynous. Output only the digit."
15026.jpg,0,0,0,Is this content offensive toward women? Answer 1 or 0.
15026.jpg,0,0,0,Look at the meme. Is it sexist? Answer only 1 (Yes) or 0 (No).
15556.jpg,0,1,1,Is this meme misogynistic? Answer 1 (Yes) or 0 (No).
15556.jpg,0,0,0,Does this image and text combination express hate against women? Answer 1 or 0.
15556.jpg,0,0,0,"Classify this meme: 1 = misogynous, 0 = not misogynous. Output only the digit."
15556.jpg,0,0,0,Is this content offensive toward women? Answer 1 or 0.
15556.jpg,0,0,0,Look at the meme. Is it sexist? Answer only 1 (Yes) or 0 (No).
16099.jpg,0,1,1,Is this meme misogynistic? Answer 1 (Yes) or 0 (No).
16099.jpg,0,0,0,Does this image and text combination express hate against women? Answer 1 or 0.
16099.jpg,0,0,0,"Classify this meme: 1 = misogynous, 0 = not misogynous. Output only the digit."
16099.jpg,0,0,0,Is this content offensive toward women? Answer 1 or 0.
16099.jpg,0,0,0,Look at the meme. Is it sexist? Answer only 1 (Yes) or 0 (No).
15223.jpg,0,1,"The meme text is misogynistic because it refers to a ""boss"" in a derogatory and sexist manner, implying that the person in question is a man. This kind of language reinforces gender stereotypes",Is this meme misogynistic? Answer 1 (Yes) or 0 (No).
15223.jpg,0,0,0,Does this image and text combination express hate against women? Answer 1 or 0.
15223.jpg,0,0,0,"Classify this meme: 1 = misogynous, 0 = not misogynous. Output only the digit."
15223.jpg,0,0,0,Is this content offensive toward women? Answer 1 or 0.
15223.jpg,0,0,0,Look at the meme. Is it sexist? Answer only 1 (Yes) or 0 (No).
15112.jpg,1,1,Answer: 1 (Yes),Is this meme misogynistic? Answer 1 (Yes) or 0 (No).
15112.jpg,1,0,0,Does this image and text combination express hate against women? Answer 1 or 0.
15112.jpg,1,1,1,"Classify this meme: 1 = misogynous, 0 = not misogynous. Output only the digit."
15112.jpg,1,1,1,Is this content offensive toward women? Answer 1 or 0.
15112.jpg,1,1,1,Look at the meme. Is it sexist? Answer only 1 (Yes) or 0 (No).
15909.jpg,1,1,1 (Yes),Is this meme misogynistic? Answer 1 (Yes) or 0 (No).
15909.jpg,1,0,0,Does this image and text combination express hate against women? Answer 1 or 0.
15909.jpg,1,0,0,"Classify this meme: 1 = misogynous, 0 = not misogynous. Output only the digit."
15909.jpg,1,0,0,Is this content offensive toward women? Answer 1 or 0.
15909.jpg,1,0,0,Look at the meme. Is it sexist? Answer only 1 (Yes) or 0 (No).
15190.jpg,1,1,1,Is this meme misogynistic? Answer 1 (Yes) or 0 (No).
15190.jpg,1,0,0,Does this image and text combination express hate against women? Answer 1 or 0.
15190.jpg,1,1,1,"Classify this meme: 1 = misogynous, 0 = not misogynous. Output only the digit."
15190.jpg,1,0,0,Is this content offensive toward women? Answer 1 or 0.
15190.jpg,1,1,1,Look at the meme. Is it sexist? Answer only 1 (Yes) or 0 (No).
16146.jpg,0,1,1,Is this meme misogynistic? Answer 1 (Yes) or 0 (No).
16146.jpg,0,0,0,Does this image and text combination express hate against women? Answer 1 or 0.
16146.jpg,0,0,0,"Classify this meme: 1 = misogynous, 0 = not misogynous. Output only the digit."
16146.jpg,0,0,0,Is this content offensive toward women? Answer 1 or 0.
16146.jpg,0,0,0,Look at the meme. Is it sexist? Answer only 1 (Yes) or 0 (No).
15984.jpg,1,1,1,Is this meme misogynistic? Answer 1 (Yes) or 0 (No).
15984.jpg,1,0,0,Does this image and text combination express hate against women? Answer 1 or 0.
15984.jpg,1,0,0,"Classify this meme: 1 = misogynous, 0 = not misogynous. Output only the digit."
15984.jpg,1,0,0,Is this content offensive toward women? Answer 1 or 0.
15984.jpg,1,0,0,Look at the meme. Is it sexist? Answer only 1 (Yes) or 0 (No).
16079.jpg,1,1,1,Is this meme misogynistic? Answer 1 (Yes) or 0 (No).
16079.jpg,1,0,0,Does this image and text combination express hate against women? Answer 1 or 0.
16079.jpg,1,0,0,"Classify this meme: 1 = misogynous, 0 = not misogynous. Output only the digit."
16079.jpg,1,0,0,Is this content offensive toward women? Answer 1 or 0.
16079.jpg,1,1,1,Look at the meme. Is it sexist? Answer only 1 (Yes) or 0 (No).
15994.jpg,1,1,1,Is this meme misogynistic? Answer 1 (Yes) or 0 (No).
15994.jpg,1,0,0,Does this image and text combination express hate against women? Answer 1 or 0.
15994.jpg,1,0,0,"Classify this meme: 1 = misogynous, 0 = not misogynous. Output only the digit."
15994.jpg,1,0,0,Is this content offensive toward women? Answer 1 or 0.
15994.jpg,1,1,1,Look at the meme. Is it sexist? Answer only 1 (Yes) or 0 (No).
16144.jpg,1,1,1,Is this meme misogynistic? Answer 1 (Yes) or 0 (No).
16144.jpg,1,0,0,Does this image and text combination express hate against women? Answer 1 or 0.
16144.jpg,1,0,0,"Classify this meme: 1 = misogynous, 0 = not misogynous. Output only the digit."
16144.jpg,1,0,0,Is this content offensive toward women? Answer 1 or 0.
16144.jpg,1,1,1,Look at the meme. Is it sexist? Answer only 1 (Yes) or 0 (No).
17046.jpg,1,-1,"The meme text ""JUST RAN OVER A FEMINIST made with mematic"" is indeed misogynistic. It uses the phrase ""ran over"" in a literal sense, which is a violent act, to metaphor",Is this meme misogynistic? Answer 1 (Yes) or 0 (No).
17046.jpg,1,0,0,Does this image and text combination express hate against women? Answer 1 or 0.
17046.jpg,1,1,1,"Classify this meme: 1 = misogynous, 0 = not misogynous. Output only the digit."
17046.jpg,1,0,0,Is this content offensive toward women? Answer 1 or 0.
17046.jpg,1,1,1,Look at the meme. Is it sexist? Answer only 1 (Yes) or 0 (No).
15877.jpg,1,-1,"The meme text ""SMALL BOOBS NEED LOVE TOO"" can be interpreted as a statement of inclusivity and support for individuals with smaller breasts. However, it can also be seen as a form of objectification, as",Is this meme misogynistic? Answer 1 (Yes) or 0 (No).
15877.jpg,1,0,0,Does this image and text combination express hate against women? Answer 1 or 0.
15877.jpg,1,0,0,"Classify this meme: 1 = misogynous, 0 = not misogynous. Output only the digit."
15877.jpg,1,0,0,Is this content offensive toward women? Answer 1 or 0.
15877.jpg,1,0,0,Look at the meme. Is it sexist? Answer only 1 (Yes) or 0 (No).
15821.jpg,0,1,Answer: 1 (Yes),Is this meme misogynistic? Answer 1 (Yes) or 0 (No).
15821.jpg,0,0,0,Does this image and text combination express hate against women? Answer 1 or 0.
15821.jpg,0,0,0,"Classify this meme: 1 = misogynous, 0 = not misogynous. Output only the digit."
15821.jpg,0,0,0,Is this content offensive toward women? Answer 1 or 0.
15821.jpg,0,1,1,Look at the meme. Is it sexist? Answer only 1 (Yes) or 0 (No).
15353.jpg,1,1,Answer: 1 (Yes),Is this meme misogynistic? Answer 1 (Yes) or 0 (No).
15353.jpg,1,0,0,Does this image and text combination express hate against women? Answer 1 or 0.
15353.jpg,1,1,1,"Classify this meme: 1 = misogynous, 0 = not misogynous. Output only the digit."
15353.jpg,1,1,1,Is this content offensive toward women? Answer 1 or 0.
15353.jpg,1,1,1,Look at the meme. Is it sexist? Answer only 1 (Yes) or 0 (No).
15718.jpg,0,-1,"The meme you've shown appears to be a humorous take on a wanted poster, with the text ""WANTED IN 50 STATES"" placed over a person's face. The image is likely meant to be a joke",Is this meme misogynistic? Answer 1 (Yes) or 0 (No).
15718.jpg,0,0,0,Does this image and text combination express hate against women? Answer 1 or 0.
15718.jpg,0,1,1,"Classify this meme: 1 = misogynous, 0 = not misogynous. Output only the digit."
15718.jpg,0,0,0,Is this content offensive toward women? Answer 1 or 0.
15718.jpg,0,0,0,Look at the meme. Is it sexist? Answer only 1 (Yes) or 0 (No).
15771.jpg,1,1,Answer: 1 (Yes),Is this meme misogynistic? Answer 1 (Yes) or 0 (No).
15771.jpg,1,0,0,Does this image and text combination express hate against women? Answer 1 or 0.
15771.jpg,1,1,1,"Classify this meme: 1 = misogynous, 0 = not misogynous. Output only the digit."
15771.jpg,1,0,0,Is this content offensive toward women? Answer 1 or 0.
15771.jpg,1,1,1,Look at the meme. Is it sexist? Answer only 1 (Yes) or 0 (No).
17037.jpg,1,-1,"The meme text is misogynistic because it implies that a woman's appearance, specifically wearing a tank top, is the reason for a man's violent behavior. This reinforces harmful stereotypes and perpetuates the idea",Is this meme misogynistic? Answer 1 (Yes) or 0 (No).
17037.jpg,1,0,0,Does this image and text combination express hate against women? Answer 1 or 0.
17037.jpg,1,1,1,"Classify this meme: 1 = misogynous, 0 = not misogynous. Output only the digit."
17037.jpg,1,1,1,Is this content offensive toward women? Answer 1 or 0.
17037.jpg,1,1,1,Look at the meme. Is it sexist? Answer only 1 (Yes) or 0 (No).
15686.jpg,0,1,Answer: 1 (Yes),Is this meme misogynistic? Answer 1 (Yes) or 0 (No).
15686.jpg,0,0,0,Does this image and text combination express hate against women? Answer 1 or 0.
15686.jpg,0,1,1,"Classify this meme: 1 = misogynous, 0 = not misogynous. Output only the digit."
15686.jpg,0,0,0,Is this content offensive toward women? Answer 1 or 0.
15686.jpg,0,1,1,Look at the meme. Is it sexist? Answer only 1 (Yes) or 0 (No).
15160.jpg,0,0,Answer: 0 (No),Is this meme misogynistic? Answer 1 (Yes) or 0 (No).
15160.jpg,0,0,0,Does this image and text combination express hate against women? Answer 1 or 0.
15160.jpg,0,0,0,"Classify this meme: 1 = misogynous, 0 = not misogynous. Output only the digit."
15160.jpg,0,0,0,Is this content offensive toward women? Answer 1 or 0.
15160.jpg,0,0,0,Look at the meme. Is it sexist? Answer only 1 (Yes) or 0 (No).
15530.jpg,1,1,Answer: 1 (Yes),Is this meme misogynistic? Answer 1 (Yes) or 0 (No).
15530.jpg,1,0,0,Does this image and text combination express hate against women? Answer 1 or 0.
15530.jpg,1,1,1,"Classify this meme: 1 = misogynous, 0 = not misogynous. Output only the digit."
15530.jpg,1,0,0,Is this content offensive toward women? Answer 1 or 0.
15530.jpg,1,1,1,Look at the meme. Is it sexist? Answer only 1 (Yes) or 0 (No).
17041.jpg,1,1,1,Is this meme misogynistic? Answer 1 (Yes) or 0 (No).
17041.jpg,1,0,0,Does this image and text combination express hate against women? Answer 1 or 0.
17041.jpg,1,0,0,"Classify this meme: 1 = misogynous, 0 = not misogynous. Output only the digit."
17041.jpg,1,0,0,Is this content offensive toward women? Answer 1 or 0.
17041.jpg,1,1,1,Look at the meme. Is it sexist? Answer only 1 (Yes) or 0 (No).
15705.jpg,1,1,Answer: 1 (Yes),Is this meme misogynistic? Answer 1 (Yes) or 0 (No).
15705.jpg,1,0,0,Does this image and text combination express hate against women? Answer 1 or 0.
15705.jpg,1,0,0,"Classify this meme: 1 = misogynous, 0 = not misogynous. Output only the digit."
15705.jpg,1,0,0,Is this content offensive toward women? Answer 1 or 0.
15705.jpg,1,1,1,Look at the meme. Is it sexist? Answer only 1 (Yes) or 0 (No).
17060.jpg,1,1,1,Is this meme misogynistic? Answer 1 (Yes) or 0 (No).
17060.jpg,1,0,0,Does this image and text combination express hate against women? Answer 1 or 0.
17060.jpg,1,0,0,"Classify this meme: 1 = misogynous, 0 = not misogynous. Output only the digit."
17060.jpg,1,0,0,Is this content offensive toward women? Answer 1 or 0.
17060.jpg,1,0,0,Look at the meme. Is it sexist? Answer only 1 (Yes) or 0 (No).
15503.jpg,0,1,1,Is this meme misogynistic? Answer 1 (Yes) or 0 (No).
15503.jpg,0,0,0,Does this image and text combination express hate against women? Answer 1 or 0.
15503.jpg,0,0,0,"Classify this meme: 1 = misogynous, 0 = not misogynous. Output only the digit."
15503.jpg,0,0,0,Is this content offensive toward women? Answer 1 or 0.
15503.jpg,0,0,0,Look at the meme. Is it sexist? Answer only 1 (Yes) or 0 (No).
15911.jpg,1,1,Answer: 1 (Yes),Is this meme misogynistic? Answer 1 (Yes) or 0 (No).
15911.jpg,1,0,0,Does this image and text combination express hate against women? Answer 1 or 0.
15911.jpg,1,1,1,"Classify this meme: 1 = misogynous, 0 = not misogynous. Output only the digit."
15911.jpg,1,0,0,Is this content offensive toward women? Answer 1 or 0.
15911.jpg,1,1,1,Look at the meme. Is it sexist? Answer only 1 (Yes) or 0 (No).
15618.jpg,0,1,Answer: 1 (Yes),Is this meme misogynistic? Answer 1 (Yes) or 0 (No).
15618.jpg,0,0,0,Does this image and text combination express hate against women? Answer 1 or 0.
15618.jpg,0,0,0,"Classify this meme: 1 = misogynous, 0 = not misogynous. Output only the digit."
15618.jpg,0,0,0,Is this content offensive toward women? Answer 1 or 0.
15618.jpg,0,0,0,Look at the meme. Is it sexist? Answer only 1 (Yes) or 0 (No).
15793.jpg,0,1,Answer: 1 (Yes),Is this meme misogynistic? Answer 1 (Yes) or 0 (No).
15793.jpg,0,0,0,Does this image and text combination express hate against women? Answer 1 or 0.
15793.jpg,0,1,1,"Classify this meme: 1 = misogynous, 0 = not misogynous. Output only the digit."
15793.jpg,0,0,0,Is this content offensive toward women? Answer 1 or 0.
15793.jpg,0,1,1,Look at the meme. Is it sexist? Answer only 1 (Yes) or 0 (No).
16085.jpg,0,1,1,Is this meme misogynistic? Answer 1 (Yes) or 0 (No).
16085.jpg,0,0,0,Does this image and text combination express hate against women? Answer 1 or 0.
16085.jpg,0,0,0,"Classify this meme: 1 = misogynous, 0 = not misogynous. Output only the digit."
16085.jpg,0,0,0,Is this content offensive toward women? Answer 1 or 0.
16085.jpg,0,1,1,Look at the meme. Is it sexist? Answer only 1 (Yes) or 0 (No).
15801.jpg,0,1,1,Is this meme misogynistic? Answer 1 (Yes) or 0 (No).
15801.jpg,0,0,0,Does this image and text combination express hate against women? Answer 1 or 0.
15801.jpg,0,0,0,"Classify this meme: 1 = misogynous, 0 = not misogynous. Output only the digit."
15801.jpg,0,0,0,Is this content offensive toward women? Answer 1 or 0.
15801.jpg,0,1,1,Look at the meme. Is it sexist? Answer only 1 (Yes) or 0 (No).
15388.jpg,0,1,1,Is this meme misogynistic? Answer 1 (Yes) or 0 (No).
15388.jpg,0,0,0,Does this image and text combination express hate against women? Answer 1 or 0.
15388.jpg,0,0,0,"Classify this meme: 1 = misogynous, 0 = not misogynous. Output only the digit."
15388.jpg,0,0,0,Is this content offensive toward women? Answer 1 or 0.
15388.jpg,0,0,0,Look at the meme. Is it sexist? Answer only 1 (Yes) or 0 (No).
15779.jpg,1,0,"The meme text ""BITCHES BE LIKE TEAM VIRGIN"" is indeed misogynistic. It uses the term ""bitches"" in a derogatory manner to stereotype and belittle women, which is not",Is this meme misogynistic? Answer 1 (Yes) or 0 (No).
15779.jpg,1,0,0,Does this image and text combination express hate against women? Answer 1 or 0.
15779.jpg,1,0,0,"Classify this meme: 1 = misogynous, 0 = not misogynous. Output only the digit."
15779.jpg,1,0,0,Is this content offensive toward women? Answer 1 or 0.
15779.jpg,1,1,1,Look at the meme. Is it sexist? Answer only 1 (Yes) or 0 (No).
15341.jpg,1,1,"Answer 1 (Yes). The meme is misogynistic because it implies that the only thing a single woman might notice about being single is the absence of a dishwasher, which is a stereotypical and sexist assumption",Is this meme misogynistic? Answer 1 (Yes) or 0 (No).
15341.jpg,1,0,0,Does this image and text combination express hate against women? Answer 1 or 0.
15341.jpg,1,0,0,"Classify this meme: 1 = misogynous, 0 = not misogynous. Output only the digit."
15341.jpg,1,0,0,Is this content offensive toward women? Answer 1 or 0.
15341.jpg,1,1,1,Look at the meme. Is it sexist? Answer only 1 (Yes) or 0 (No).
17073.jpg,0,1,1,Is this meme misogynistic? Answer 1 (Yes) or 0 (No).
17073.jpg,0,0,0,Does this image and text combination express hate against women? Answer 1 or 0.
17073.jpg,0,1,1,"Classify this meme: 1 = misogynous, 0 = not misogynous. Output only the digit."
17073.jpg,0,0,0,Is this content offensive toward women? Answer 1 or 0.
17073.jpg,0,1,1,Look at the meme. Is it sexist? Answer only 1 (Yes) or 0 (No).
15574.jpg,1,1,Answer: 1 (Yes),Is this meme misogynistic? Answer 1 (Yes) or 0 (No).
15574.jpg,1,0,0,Does this image and text combination express hate against women? Answer 1 or 0.
15574.jpg,1,1,1,"Classify this meme: 1 = misogynous, 0 = not misogynous. Output only the digit."
15574.jpg,1,1,1,Is this content offensive toward women? Answer 1 or 0.
15574.jpg,1,1,1,Look at the meme. Is it sexist? Answer only 1 (Yes) or 0 (No).
15151.jpg,0,-1,The meme text is misogynistic because it implies that a woman's attractiveness is determined by her parents' race. This kind of statement reinforces harmful stereotypes and perpetuates racism. It is important to recognize and,Is this meme misogynistic? Answer 1 (Yes) or 0 (No).
15151.jpg,0,0,0,Does this image and text combination express hate against women? Answer 1 or 0.
15151.jpg,0,0,0,"Classify this meme: 1 = misogynous, 0 = not misogynous. Output only the digit."
15151.jpg,0,0,0,Is this content offensive toward women? Answer 1 or 0.
15151.jpg,0,0,0,Look at the meme. Is it sexist? Answer only 1 (Yes) or 0 (No).
15785.jpg,0,-1,"The meme you've shown contains text that is misogynistic. The phrase ""you cute and stuff"" is a form of objectification and implies that the person being addressed is being treated as a sexual object rather than as a whole person",Is this meme misogynistic? Answer 1 (Yes) or 0 (No).
15785.jpg,0,0,0,Does this image and text combination express hate against women? Answer 1 or 0.
15785.jpg,0,1,1,"Classify this meme: 1 = misogynous, 0 = not misogynous. Output only the digit."
15785.jpg,0,0,0,Is this content offensive toward women? Answer 1 or 0.
15785.jpg,0,1,1,Look at the meme. Is it sexist? Answer only 1 (Yes) or 0 (No).
16114.jpg,1,1,Answer: 1 (Yes),Is this meme misogynistic? Answer 1 (Yes) or 0 (No).
16114.jpg,1,0,0,Does this image and text combination express hate against women? Answer 1 or 0.
16114.jpg,1,1,1,"Classify this meme: 1 = misogynous, 0 = not misogynous. Output only the digit."
16114.jpg,1,0,0,Is this content offensive toward women? Answer 1 or 0.
16114.jpg,1,1,1,Look at the meme. Is it sexist? Answer only 1 (Yes) or 0 (No).
16167.jpg,0,1,1,Is this meme misogynistic? Answer 1 (Yes) or 0 (No).
16167.jpg,0,0,0,Does this image and text combination express hate against women? Answer 1 or 0.
16167.jpg,0,0,0,"Classify this meme: 1 = misogynous, 0 = not misogynous. Output only the digit."
16167.jpg,0,0,0,Is this content offensive toward women? Answer 1 or 0.
16167.jpg,0,1,1,Look at the meme. Is it sexist? Answer only 1 (Yes) or 0 (No).
16193.jpg,0,1,1,Is this meme misogynistic? Answer 1 (Yes) or 0 (No).
16193.jpg,0,0,0,Does this image and text combination express hate against women? Answer 1 or 0.
16193.jpg,0,0,0,"Classify this meme: 1 = misogynous, 0 = not misogynous. Output only the digit."
16193.jpg,0,0,0,Is this content offensive toward women? Answer 1 or 0.
16193.jpg,0,0,0,Look at the meme. Is it sexist? Answer only 1 (Yes) or 0 (No).
16164.jpg,1,1,1 (Yes),Is this meme misogynistic? Answer 1 (Yes) or 0 (No).
16164.jpg,1,0,0,Does this image and text combination express hate against women? Answer 1 or 0.
16164.jpg,1,0,0,"Classify this meme: 1 = misogynous, 0 = not misogynous. Output only the digit."
16164.jpg,1,0,0,Is this content offensive toward women? Answer 1 or 0.
16164.jpg,1,1,1,Look at the meme. Is it sexist? Answer only 1 (Yes) or 0 (No).
15035.jpg,1,1,"The meme you've shown features a character from the Batman comic series, and the text is a reference to a line from the movie ""The Dark Knight."" The phrase ""get back in the kitchen"" is often used as a sexist",Is this meme misogynistic? Answer 1 (Yes) or 0 (No).
15035.jpg,1,0,0,Does this image and text combination express hate against women? Answer 1 or 0.
15035.jpg,1,1,1,"Classify this meme: 1 = misogynous, 0 = not misogynous. Output only the digit."
15035.jpg,1,0,0,Is this content offensive toward women? Answer 1 or 0.
15035.jpg,1,1,1,Look at the meme. Is it sexist? Answer only 1 (Yes) or 0 (No).
16092.jpg,1,1,1,Is this meme misogynistic? Answer 1 (Yes) or 0 (No).
16092.jpg,1,0,0,Does this image and text combination express hate against women? Answer 1 or 0.
16092.jpg,1,0,0,"Classify this meme: 1 = misogynous, 0 = not misogynous. Output only the digit."
16092.jpg,1,0,0,Is this content offensive toward women? Answer 1 or 0.
16092.jpg,1,1,1,Look at the meme. Is it sexist? Answer only 1 (Yes) or 0 (No).
15436.jpg,0,1,1,Is this meme misogynistic? Answer 1 (Yes) or 0 (No).
15436.jpg,0,0,0,Does this image and text combination express hate against women? Answer 1 or 0.
15436.jpg,0,0,0,"Classify this meme: 1 = misogynous, 0 = not misogynous. Output only the digit."
15436.jpg,0,0,0,Is this content offensive toward women? Answer 1 or 0.
15436.jpg,0,1,1,Look at the meme. Is it sexist? Answer only 1 (Yes) or 0 (No).
15754.jpg,1,1,Answer: 1 (Yes),Is this meme misogynistic? Answer 1 (Yes) or 0 (No).
15754.jpg,1,0,0,Does this image and text combination express hate against women? Answer 1 or 0.
15754.jpg,1,0,0,"Classify this meme: 1 = misogynous, 0 = not misogynous. Output only the digit."
15754.jpg,1,0,0,Is this content offensive toward women? Answer 1 or 0.
15754.jpg,1,1,1,Look at the meme. Is it sexist? Answer only 1 (Yes) or 0 (No).
15701.jpg,0,-1,"The meme you've shown contains text that is misogynistic. It is using the phrase ""you're cute, girl"" as a way to objectify and dehumanize the person in the image, reducing them to a stere",Is this meme misogynistic? Answer 1 (Yes) or 0 (No).
15701.jpg,0,0,0,Does this image and text combination express hate against women? Answer 1 or 0.
15701.jpg,0,0,0,"Classify this meme: 1 = misogynous, 0 = not misogynous. Output only the digit."
15701.jpg,0,0,0,Is this content offensive toward women? Answer 1 or 0.
15701.jpg,0,1,1,Look at the meme. Is it sexist? Answer only 1 (Yes) or 0 (No).
17033.jpg,1,1,Answer: 1 (Yes),Is this meme misogynistic? Answer 1 (Yes) or 0 (No).
17033.jpg,1,0,0,Does this image and text combination express hate against women? Answer 1 or 0.
17033.jpg,1,1,1,"Classify this meme: 1 = misogynous, 0 = not misogynous. Output only the digit."
17033.jpg,1,0,0,Is this content offensive toward women? Answer 1 or 0.
17033.jpg,1,1,1,Look at the meme. Is it sexist? Answer only 1 (Yes) or 0 (No).
16137.jpg,0,1,Answer: 1 (Yes),Is this meme misogynistic? Answer 1 (Yes) or 0 (No).
16137.jpg,0,0,0,Does this image and text combination express hate against women? Answer 1 or 0.
16137.jpg,0,0,0,"Classify this meme: 1 = misogynous, 0 = not misogynous. Output only the digit."
16137.jpg,0,0,0,Is this content offensive toward women? Answer 1 or 0.
16137.jpg,0,1,1,Look at the meme. Is it sexist? Answer only 1 (Yes) or 0 (No).
15991.jpg,0,1,"Answer 1 (Yes). The meme is misogynistic because it implies that women are inherently funny and adorable, and that their humor and appearance are the sole reasons for their attractiveness. This reinforces stereotypes and",Is this meme misogynistic? Answer 1 (Yes) or 0 (No).
15991.jpg,0,0,0,Does this image and text combination express hate against women? Answer 1 or 0.
15991.jpg,0,0,0,"Classify this meme: 1 = misogynous, 0 = not misogynous. Output only the digit."
15991.jpg,0,0,0,Is this content offensive toward women? Answer 1 or 0.
15991.jpg,0,1,1,Look at the meme. Is it sexist? Answer only 1 (Yes) or 0 (No).
15211.jpg,1,-1,"The meme you've provided appears to be misogynistic. It depicts a man in a limousine, presumably after he has kicked a woman out, with a caption that implies the woman's dislike for a particular",Is this meme misogynistic? Answer 1 (Yes) or 0 (No).
15211.jpg,1,0,0,Does this image and text combination express hate against women? Answer 1 or 0.
15211.jpg,1,1,1,"Classify this meme: 1 = misogynous, 0 = not misogynous. Output only the digit."
15211.jpg,1,0,0,Is this content offensive toward women? Answer 1 or 0.
15211.jpg,1,1,1,Look at the meme. Is it sexist? Answer only 1 (Yes) or 0 (No).
16013.jpg,1,-1,The meme you've provided appears to be a humorous take on the idea that people might be making fun of or mocking others for their appearance. It uses a juxtaposition of text and images to create a comedic effect.,Is this meme misogynistic? Answer 1 (Yes) or 0 (No).
16013.jpg,1,0,0,Does this image and text combination express hate against women? Answer 1 or 0.
16013.jpg,1,0,0,"Classify this meme: 1 = misogynous, 0 = not misogynous. Output only the digit."
16013.jpg,1,0,0,Is this content offensive toward women? Answer 1 or 0.
16013.jpg,1,1,1,Look at the meme. Is it sexist? Answer only 1 (Yes) or 0 (No).
15469.jpg,1,1,Answer: 1 (Yes),Is this meme misogynistic? Answer 1 (Yes) or 0 (No).
15469.jpg,1,0,0,Does this image and text combination express hate against women? Answer 1 or 0.
15469.jpg,1,1,1,"Classify this meme: 1 = misogynous, 0 = not misogynous. Output only the digit."
15469.jpg,1,0,0,Is this content offensive toward women? Answer 1 or 0.
15469.jpg,1,1,1,Look at the meme. Is it sexist? Answer only 1 (Yes) or 0 (No).
15225.jpg,1,-1,"The meme you've provided appears to be a collage of images of women, with the text ""A COMPLAINT OF KARENS"" overlaid on it. The term ""Karen"" is often used in a derog",Is this meme misogynistic? Answer 1 (Yes) or 0 (No).
15225.jpg,1,0,0,Does this image and text combination express hate against women? Answer 1 or 0.
15225.jpg,1,1,1,"Classify this meme: 1 = misogynous, 0 = not misogynous. Output only the digit."
15225.jpg,1,0,0,Is this content offensive toward women? Answer 1 or 0.
15225.jpg,1,1,1,Look at the meme. Is it sexist? Answer only 1 (Yes) or 0 (No).
15113.jpg,1,1,"Answer 1 (Yes). The meme is misogynistic because it uses the stereotype of feminists as aggressive and violent, and it implies that they are destroying scales, which is an absurd and unrelated action. The meme also",Is this meme misogynistic? Answer 1 (Yes) or 0 (No).
15113.jpg,1,0,0,Does this image and text combination express hate against women? Answer 1 or 0.
15113.jpg,1,1,1,"Classify this meme: 1 = misogynous, 0 = not misogynous. Output only the digit."
15113.jpg,1,0,0,Is this content offensive toward women? Answer 1 or 0.
15113.jpg,1,1,1,Look at the meme. Is it sexist? Answer only 1 (Yes) or 0 (No).
17004.jpg,0,0,"The meme text ""Too much noise Lesson learned QUICE LICE POLICE POLICE POLICE"" is not inherently misogynistic. It is a play on words that uses the phrase ""police police police",Is this meme misogynistic? Answer 1 (Yes) or 0 (No).
17004.jpg,0,0,0,Does this image and text combination express hate against women? Answer 1 or 0.
17004.jpg,0,0,0,"Classify this meme: 1 = misogynous, 0 = not misogynous. Output only the digit."
17004.jpg,0,0,0,Is this content offensive toward women? Answer 1 or 0.
17004.jpg,0,0,0,Look at the meme. Is it sexist? Answer only 1 (Yes) or 0 (No).
15217.jpg,1,1,1,Is this meme misogynistic? Answer 1 (Yes) or 0 (No).
15217.jpg,1,0,0,Does this image and text combination express hate against women? Answer 1 or 0.
15217.jpg,1,0,0,"Classify this meme: 1 = misogynous, 0 = not misogynous. Output only the digit."
15217.jpg,1,0,0,Is this content offensive toward women? Answer 1 or 0.
15217.jpg,1,0,0,Look at the meme. Is it sexist? Answer only 1 (Yes) or 0 (No).
15735.jpg,0,-1,The meme text is misogynistic because it reinforces the stereotype that a woman's appearance is the primary reason for a man's attention or memory. It implies that the man only remembers to wear cologne when,Is this meme misogynistic? Answer 1 (Yes) or 0 (No).
15735.jpg,0,0,0,Does this image and text combination express hate against women? Answer 1 or 0.
15735.jpg,0,0,0,"Classify this meme: 1 = misogynous, 0 = not misogynous. Output only the digit."
15735.jpg,0,0,0,Is this content offensive toward women? Answer 1 or 0.
15735.jpg,0,1,1,Look at the meme. Is it sexist? Answer only 1 (Yes) or 0 (No).
16001.jpg,0,1,"Answer 1 (Yes). The meme is misogynistic because it associates the term ""milf"" with the film ""American Pie"" and implies that the film is responsible for popularizing the term, which is a derog",Is this meme misogynistic? Answer 1 (Yes) or 0 (No).
16001.jpg,0,0,0,Does this image and text combination express hate against women? Answer 1 or 0.
16001.jpg,0,1,1,"Classify this meme: 1 = misogynous, 0 = not misogynous. Output only the digit."
16001.jpg,0,0,0,Is this content offensive toward women? Answer 1 or 0.
16001.jpg,0,1,1,Look at the meme. Is it sexist? Answer only 1 (Yes) or 0 (No).
15593.jpg,0,1,1,Is this meme misogynistic? Answer 1 (Yes) or 0 (No).
15593.jpg,0,0,0,Does this image and text combination express hate against women? Answer 1 or 0.
15593.jpg,0,0,0,"Classify this meme: 1 = misogynous, 0 = not misogynous. Output only the digit."
15593.jpg,0,0,0,Is this content offensive toward women? Answer 1 or 0.
15593.jpg,0,1,1,Look at the meme. Is it sexist? Answer only 1 (Yes) or 0 (No).
15923.jpg,0,1,1,Is this meme misogynistic? Answer 1 (Yes) or 0 (No).
15923.jpg,0,0,0,Does this image and text combination express hate against women? Answer 1 or 0.
15923.jpg,0,0,0,"Classify this meme: 1 = misogynous, 0 = not misogynous. Output only the digit."
15923.jpg,0,0,0,Is this content offensive toward women? Answer 1 or 0.
15923.jpg,0,0,0,Look at the meme. Is it sexist? Answer only 1 (Yes) or 0 (No).
15857.jpg,0,1,Answer: 1 (Yes),Is this meme misogynistic? Answer 1 (Yes) or 0 (No).
15857.jpg,0,0,0,Does this image and text combination express hate against women? Answer 1 or 0.
15857.jpg,0,1,1,"Classify this meme: 1 = misogynous, 0 = not misogynous. Output only the digit."
15857.jpg,0,0,0,Is this content offensive toward women? Answer 1 or 0.
15857.jpg,0,1,1,Look at the meme. Is it sexist? Answer only 1 (Yes) or 0 (No).
15954.jpg,1,1,1 (Yes),Is this meme misogynistic? Answer 1 (Yes) or 0 (No).
15954.jpg,1,0,0,Does this image and text combination express hate against women? Answer 1 or 0.
15954.jpg,1,0,0,"Classify this meme: 1 = misogynous, 0 = not misogynous. Output only the digit."
15954.jpg,1,0,0,Is this content offensive toward women? Answer 1 or 0.
15954.jpg,1,0,0,Look at the meme. Is it sexist? Answer only 1 (Yes) or 0 (No).
15098.jpg,0,0,0,Is this meme misogynistic? Answer 1 (Yes) or 0 (No).
15098.jpg,0,0,0,Does this image and text combination express hate against women? Answer 1 or 0.
15098.jpg,0,0,0,"Classify this meme: 1 = misogynous, 0 = not misogynous. Output only the digit."
15098.jpg,0,0,0,Is this content offensive toward women? Answer 1 or 0.
15098.jpg,0,0,0,Look at the meme. Is it sexist? Answer only 1 (Yes) or 0 (No).
15759.jpg,0,1,Answer: 1 (Yes),Is this meme misogynistic? Answer 1 (Yes) or 0 (No).
15759.jpg,0,0,0,Does this image and text combination express hate against women? Answer 1 or 0.
15759.jpg,0,1,1,"Classify this meme: 1 = misogynous, 0 = not misogynous. Output only the digit."
15759.jpg,0,0,0,Is this content offensive toward women? Answer 1 or 0.
15759.jpg,0,1,1,Look at the meme. Is it sexist? Answer only 1 (Yes) or 0 (No).
16060.jpg,1,1,Answer: 1 (Yes),Is this meme misogynistic? Answer 1 (Yes) or 0 (No).
16060.jpg,1,0,0,Does this image and text combination express hate against women? Answer 1 or 0.
16060.jpg,1,1,1,"Classify this meme: 1 = misogynous, 0 = not misogynous. Output only the digit."
16060.jpg,1,0,0,Is this content offensive toward women? Answer 1 or 0.
16060.jpg,1,1,1,Look at the meme. Is it sexist? Answer only 1 (Yes) or 0 (No).
15816.jpg,0,0,0,Is this meme misogynistic? Answer 1 (Yes) or 0 (No).
15816.jpg,0,0,0,Does this image and text combination express hate against women? Answer 1 or 0.
15816.jpg,0,0,0,"Classify this meme: 1 = misogynous, 0 = not misogynous. Output only the digit."
15816.jpg,0,0,0,Is this content offensive toward women? Answer 1 or 0.
15816.jpg,0,0,0,Look at the meme. Is it sexist? Answer only 1 (Yes) or 0 (No).
15422.jpg,0,1,1 (Yes),Is this meme misogynistic? Answer 1 (Yes) or 0 (No).
15422.jpg,0,0,0,Does this image and text combination express hate against women? Answer 1 or 0.
15422.jpg,0,0,0,"Classify this meme: 1 = misogynous, 0 = not misogynous. Output only the digit."
15422.jpg,0,0,0,Is this content offensive toward women? Answer 1 or 0.
15422.jpg,0,1,1,Look at the meme. Is it sexist? Answer only 1 (Yes) or 0 (No).
16256.jpg,1,0,"The meme text is misogynistic because it reinforces the objectification of women, implying that it is normal for women to be treated as sexual objects in media. This perpetuates harmful stereotypes and contributes to the",Is this meme misogynistic? Answer 1 (Yes) or 0 (No).
16256.jpg,1,0,0,Does this image and text combination express hate against women? Answer 1 or 0.
16256.jpg,1,1,1,"Classify this meme: 1 = misogynous, 0 = not misogynous. Output only the digit."
16256.jpg,1,1,1,Is this content offensive toward women? Answer 1 or 0.
16256.jpg,1,1,1,Look at the meme. Is it sexist? Answer only 1 (Yes) or 0 (No).
15918.jpg,0,1,Answer: 1 (Yes),Is this meme misogynistic? Answer 1 (Yes) or 0 (No).
15918.jpg,0,0,0,Does this image and text combination express hate against women? Answer 1 or 0.
15918.jpg,0,0,0,"Classify this meme: 1 = misogynous, 0 = not misogynous. Output only the digit."
15918.jpg,0,0,0,Is this content offensive toward women? Answer 1 or 0.
15918.jpg,0,0,0,Look at the meme. Is it sexist? Answer only 1 (Yes) or 0 (No).
15111.jpg,0,1,1,Is this meme misogynistic? Answer 1 (Yes) or 0 (No).
15111.jpg,0,0,0,Does this image and text combination express hate against women? Answer 1 or 0.
15111.jpg,0,0,0,"Classify this meme: 1 = misogynous, 0 = not misogynous. Output only the digit."
15111.jpg,0,0,0,Is this content offensive toward women? Answer 1 or 0.
15111.jpg,0,0,0,Look at the meme. Is it sexist? Answer only 1 (Yes) or 0 (No).
15158.jpg,0,1,1,Is this meme misogynistic? Answer 1 (Yes) or 0 (No).
15158.jpg,0,0,0,Does this image and text combination express hate against women? Answer 1 or 0.
15158.jpg,0,0,0,"Classify this meme: 1 = misogynous, 0 = not misogynous. Output only the digit."
15158.jpg,0,0,0,Is this content offensive toward women? Answer 1 or 0.
15158.jpg,0,0,0,Look at the meme. Is it sexist? Answer only 1 (Yes) or 0 (No).
16037.jpg,0,1,1,Is this meme misogynistic? Answer 1 (Yes) or 0 (No).
16037.jpg,0,0,0,Does this image and text combination express hate against women? Answer 1 or 0.
16037.jpg,0,0,0,"Classify this meme: 1 = misogynous, 0 = not misogynous. Output only the digit."
16037.jpg,0,0,0,Is this content offensive toward women? Answer 1 or 0.
16037.jpg,0,1,1,Look at the meme. Is it sexist? Answer only 1 (Yes) or 0 (No).
15510.jpg,0,1,1,Is this meme misogynistic? Answer 1 (Yes) or 0 (No).
15510.jpg,0,0,0,Does this image and text combination express hate against women? Answer 1 or 0.
15510.jpg,0,0,0,"Classify this meme: 1 = misogynous, 0 = not misogynous. Output only the digit."
15510.jpg,0,0,0,Is this content offensive toward women? Answer 1 or 0.
15510.jpg,0,1,1,Look at the meme. Is it sexist? Answer only 1 (Yes) or 0 (No).
15208.jpg,0,1,1,Is this meme misogynistic? Answer 1 (Yes) or 0 (No).
15208.jpg,0,0,0,Does this image and text combination express hate against women? Answer 1 or 0.
15208.jpg,0,1,1,"Classify this meme: 1 = misogynous, 0 = not misogynous. Output only the digit."
15208.jpg,0,0,0,Is this content offensive toward women? Answer 1 or 0.
15208.jpg,0,0,0,Look at the meme. Is it sexist? Answer only 1 (Yes) or 0 (No).
15420.jpg,0,1,1,Is this meme misogynistic? Answer 1 (Yes) or 0 (No).
15420.jpg,0,0,0,Does this image and text combination express hate against women? Answer 1 or 0.
15420.jpg,0,0,0,"Classify this meme: 1 = misogynous, 0 = not misogynous. Output only the digit."
15420.jpg,0,0,0,Is this content offensive toward women? Answer 1 or 0.
15420.jpg,0,0,0,Look at the meme. Is it sexist? Answer only 1 (Yes) or 0 (No).
15526.jpg,1,1,Answer: 1 (Yes),Is this meme misogynistic? Answer 1 (Yes) or 0 (No).
15526.jpg,1,0,0,Does this image and text combination express hate against women? Answer 1 or 0.
15526.jpg,1,1,1,"Classify this meme: 1 = misogynous, 0 = not misogynous. Output only the digit."
15526.jpg,1,0,0,Is this content offensive toward women? Answer 1 or 0.
15526.jpg,1,1,1,Look at the meme. Is it sexist? Answer only 1 (Yes) or 0 (No).
15175.jpg,0,1,Answer: 1 (Yes),Is this meme misogynistic? Answer 1 (Yes) or 0 (No).
15175.jpg,0,0,0,Does this image and text combination express hate against women? Answer 1 or 0.
15175.jpg,0,0,0,"Classify this meme: 1 = misogynous, 0 = not misogynous. Output only the digit."
15175.jpg,0,0,0,Is this content offensive toward women? Answer 1 or 0.
15175.jpg,0,1,1,Look at the meme. Is it sexist? Answer only 1 (Yes) or 0 (No).
15092.jpg,0,1,Answer: 1 (Yes),Is this meme misogynistic? Answer 1 (Yes) or 0 (No).
15092.jpg,0,0,0,Does this image and text combination express hate against women? Answer 1 or 0.
15092.jpg,0,1,1,"Classify this meme: 1 = misogynous, 0 = not misogynous. Output only the digit."
15092.jpg,0,1,1,Is this content offensive toward women? Answer 1 or 0.
15092.jpg,0,1,1,Look at the meme. Is it sexist? Answer only 1 (Yes) or 0 (No).
17082.jpg,1,1,Answer: 1 (Yes),Is this meme misogynistic? Answer 1 (Yes) or 0 (No).
17082.jpg,1,0,0,Does this image and text combination express hate against women? Answer 1 or 0.
17082.jpg,1,1,1,"Classify this meme: 1 = misogynous, 0 = not misogynous. Output only the digit."
17082.jpg,1,1,1,Is this content offensive toward women? Answer 1 or 0.
17082.jpg,1,1,1,Look at the meme. Is it sexist? Answer only 1 (Yes) or 0 (No).
15242.jpg,0,1,Answer: 1 (Yes),Is this meme misogynistic? Answer 1 (Yes) or 0 (No).
15242.jpg,0,0,0,Does this image and text combination express hate against women? Answer 1 or 0.
15242.jpg,0,0,0,"Classify this meme: 1 = misogynous, 0 = not misogynous. Output only the digit."
15242.jpg,0,0,0,Is this content offensive toward women? Answer 1 or 0.
15242.jpg,0,0,0,Look at the meme. Is it sexist? Answer only 1 (Yes) or 0 (No).
16005.jpg,0,1,Answer: 1 (Yes),Is this meme misogynistic? Answer 1 (Yes) or 0 (No).
16005.jpg,0,0,0,Does this image and text combination express hate against women? Answer 1 or 0.
16005.jpg,0,0,0,"Classify this meme: 1 = misogynous, 0 = not misogynous. Output only the digit."
16005.jpg,0,0,0,Is this content offensive toward women? Answer 1 or 0.
16005.jpg,0,1,1,Look at the meme. Is it sexist? Answer only 1 (Yes) or 0 (No).
16136.jpg,1,1,1,Is this meme misogynistic? Answer 1 (Yes) or 0 (No).
16136.jpg,1,0,0,Does this image and text combination express hate against women? Answer 1 or 0.
16136.jpg,1,0,0,"Classify this meme: 1 = misogynous, 0 = not misogynous. Output only the digit."
16136.jpg,1,0,0,Is this content offensive toward women? Answer 1 or 0.
16136.jpg,1,0,0,Look at the meme. Is it sexist? Answer only 1 (Yes) or 0 (No).
16336.jpg,0,1,1,Is this meme misogynistic? Answer 1 (Yes) or 0 (No).
16336.jpg,0,0,0,Does this image and text combination express hate against women? Answer 1 or 0.
16336.jpg,0,1,1,"Classify this meme: 1 = misogynous, 0 = not misogynous. Output only the digit."
16336.jpg,0,0,0,Is this content offensive toward women? Answer 1 or 0.
16336.jpg,0,1,1,Look at the meme. Is it sexist? Answer only 1 (Yes) or 0 (No).
15309.jpg,0,-1,"The meme contains text that is misogynistic. The phrase ""it's a girl"" is often used in a derogatory manner to imply that a girl is less valuable or desirable than a boy. This kind of language rein",Is this meme misogynistic? Answer 1 (Yes) or 0 (No).
15309.jpg,0,0,0,Does this image and text combination express hate against women? Answer 1 or 0.
15309.jpg,0,1,1,"Classify this meme: 1 = misogynous, 0 = not misogynous. Output only the digit."
15309.jpg,0,0,0,Is this content offensive toward women? Answer 1 or 0.
15309.jpg,0,1,1,Look at the meme. Is it sexist? Answer only 1 (Yes) or 0 (No).
15907.jpg,0,0,"The meme text is misogynistic because it implies that the woman in the image is not a ""Disney princess"" and instead is a ""lady failbaus,"" which is a derogatory term. This kind of language rein",Is this meme misogynistic? Answer 1 (Yes) or 0 (No).
15907.jpg,0,0,0,Does this image and text combination express hate against women? Answer 1 or 0.
15907.jpg,0,1,1,"Classify this meme: 1 = misogynous, 0 = not misogynous. Output only the digit."
15907.jpg,0,0,0,Is this content offensive toward women? Answer 1 or 0.
15907.jpg,0,1,1,Look at the meme. Is it sexist? Answer only 1 (Yes) or 0 (No).
16066.jpg,0,0,1.0,Is this meme misogynistic? Answer 1 (Yes) or 0 (No).
16066.jpg,0,0,0,Does this image and text combination express hate against women? Answer 1 or 0.
16066.jpg,0,0,0,"Classify this meme: 1 = misogynous, 0 = not misogynous. Output only the digit."
16066.jpg,0,0,0,Is this content offensive toward women? Answer 1 or 0.
16066.jpg,0,0,0,Look at the meme. Is it sexist? Answer only 1 (Yes) or 0 (No).
15982.jpg,1,1,1,Is this meme misogynistic? Answer 1 (Yes) or 0 (No).
15982.jpg,1,0,0,Does this image and text combination express hate against women? Answer 1 or 0.
15982.jpg,1,1,1,"Classify this meme: 1 = misogynous, 0 = not misogynous. Output only the digit."
15982.jpg,1,0,0,Is this content offensive toward women? Answer 1 or 0.
15982.jpg,1,1,1,Look at the meme. Is it sexist? Answer only 1 (Yes) or 0 (No).
15820.jpg,0,1,Answer: 1 (Yes),Is this meme misogynistic? Answer 1 (Yes) or 0 (No).
15820.jpg,0,0,0,Does this image and text combination express hate against women? Answer 1 or 0.
15820.jpg,0,0,0,"Classify this meme: 1 = misogynous, 0 = not misogynous. Output only the digit."
15820.jpg,0,0,0,Is this content offensive toward women? Answer 1 or 0.
15820.jpg,0,1,1,Look at the meme. Is it sexist? Answer only 1 (Yes) or 0 (No).
15932.jpg,0,1,"The meme features a dog with its eyes closed and a contented expression, which is often used to represent a feeling of happiness or satisfaction. The text ""WHEN YOU WALK INTO AC LIKE..."" is added to suggest that the",Is this meme misogynistic? Answer 1 (Yes) or 0 (No).
15932.jpg,0,0,0,Does this image and text combination express hate against women? Answer 1 or 0.
15932.jpg,0,0,0,"Classify this meme: 1 = misogynous, 0 = not misogynous. Output only the digit."
15932.jpg,0,0,0,Is this content offensive toward women? Answer 1 or 0.
15932.jpg,0,0,0,Look at the meme. Is it sexist? Answer only 1 (Yes) or 0 (No).
15494.jpg,0,0,0,Is this meme misogynistic? Answer 1 (Yes) or 0 (No).
15494.jpg,0,0,0,Does this image and text combination express hate against women? Answer 1 or 0.
15494.jpg,0,0,0,"Classify this meme: 1 = misogynous, 0 = not misogynous. Output only the digit."
15494.jpg,0,0,0,Is this content offensive toward women? Answer 1 or 0.
15494.jpg,0,0,0,Look at the meme. Is it sexist? Answer only 1 (Yes) or 0 (No).
16150.jpg,1,1,Answer: 1 (Yes),Is this meme misogynistic? Answer 1 (Yes) or 0 (No).
16150.jpg,1,0,0,Does this image and text combination express hate against women? Answer 1 or 0.
16150.jpg,1,1,1,"Classify this meme: 1 = misogynous, 0 = not misogynous. Output only the digit."
16150.jpg,1,1,1,Is this content offensive toward women? Answer 1 or 0.
16150.jpg,1,1,1,Look at the meme. Is it sexist? Answer only 1 (Yes) or 0 (No).
16259.jpg,1,1,Answer: 1 (Yes),Is this meme misogynistic? Answer 1 (Yes) or 0 (No).
16259.jpg,1,0,0,Does this image and text combination express hate against women? Answer 1 or 0.
16259.jpg,1,0,0,"Classify this meme: 1 = misogynous, 0 = not misogynous. Output only the digit."
16259.jpg,1,0,0,Is this content offensive toward women? Answer 1 or 0.
16259.jpg,1,1,1,Look at the meme. Is it sexist? Answer only 1 (Yes) or 0 (No).
15638.jpg,1,1,1,Is this meme misogynistic? Answer 1 (Yes) or 0 (No).
15638.jpg,1,0,0,Does this image and text combination express hate against women? Answer 1 or 0.
15638.jpg,1,1,1,"Classify this meme: 1 = misogynous, 0 = not misogynous. Output only the digit."
15638.jpg,1,0,0,Is this content offensive toward women? Answer 1 or 0.
15638.jpg,1,1,1,Look at the meme. Is it sexist? Answer only 1 (Yes) or 0 (No).
15637.jpg,1,1,Answer: 1 (Yes),Is this meme misogynistic? Answer 1 (Yes) or 0 (No).
15637.jpg,1,0,0,Does this image and text combination express hate against women? Answer 1 or 0.
15637.jpg,1,0,0,"Classify this meme: 1 = misogynous, 0 = not misogynous. Output only the digit."
15637.jpg,1,0,0,Is this content offensive toward women? Answer 1 or 0.
15637.jpg,1,1,1,Look at the meme. Is it sexist? Answer only 1 (Yes) or 0 (No).
15350.jpg,1,1,Answer: 1 (Yes),Is this meme misogynistic? Answer 1 (Yes) or 0 (No).
15350.jpg,1,0,0,Does this image and text combination express hate against women? Answer 1 or 0.
15350.jpg,1,1,1,"Classify this meme: 1 = misogynous, 0 = not misogynous. Output only the digit."
15350.jpg,1,0,0,Is this content offensive toward women? Answer 1 or 0.
15350.jpg,1,1,1,Look at the meme. Is it sexist? Answer only 1 (Yes) or 0 (No).
16169.jpg,0,1,1,Is this meme misogynistic? Answer 1 (Yes) or 0 (No).
16169.jpg,0,0,0,Does this image and text combination express hate against women? Answer 1 or 0.
16169.jpg,0,0,0,"Classify this meme: 1 = misogynous, 0 = not misogynous. Output only the digit."
16169.jpg,0,0,0,Is this content offensive toward women? Answer 1 or 0.
16169.jpg,0,0,0,Look at the meme. Is it sexist? Answer only 1 (Yes) or 0 (No).
15101.jpg,0,1,Answer: 1 (Yes),Is this meme misogynistic? Answer 1 (Yes) or 0 (No).
15101.jpg,0,0,0,Does this image and text combination express hate against women? Answer 1 or 0.
15101.jpg,0,0,0,"Classify this meme: 1 = misogynous, 0 = not misogynous. Output only the digit."
15101.jpg,0,0,0,Is this content offensive toward women? Answer 1 or 0.
15101.jpg,0,1,1,Look at the meme. Is it sexist? Answer only 1 (Yes) or 0 (No).
17011.jpg,0,1,1,Is this meme misogynistic? Answer 1 (Yes) or 0 (No).
17011.jpg,0,0,0,Does this image and text combination express hate against women? Answer 1 or 0.
17011.jpg,0,0,0,"Classify this meme: 1 = misogynous, 0 = not misogynous. Output only the digit."
17011.jpg,0,0,0,Is this content offensive toward women? Answer 1 or 0.
17011.jpg,0,0,0,Look at the meme. Is it sexist? Answer only 1 (Yes) or 0 (No).
16093.jpg,1,1,Answer: 1 (Yes),Is this meme misogynistic? Answer 1 (Yes) or 0 (No).
16093.jpg,1,0,0,Does this image and text combination express hate against women? Answer 1 or 0.
16093.jpg,1,1,1,"Classify this meme: 1 = misogynous, 0 = not misogynous. Output only the digit."
16093.jpg,1,0,0,Is this content offensive toward women? Answer 1 or 0.
16093.jpg,1,1,1,Look at the meme. Is it sexist? Answer only 1 (Yes) or 0 (No).
15695.jpg,1,1,1 (Yes),Is this meme misogynistic? Answer 1 (Yes) or 0 (No).
15695.jpg,1,0,0,Does this image and text combination express hate against women? Answer 1 or 0.
15695.jpg,1,0,0,"Classify this meme: 1 = misogynous, 0 = not misogynous. Output only the digit."
15695.jpg,1,0,0,Is this content offensive toward women? Answer 1 or 0.
15695.jpg,1,1,1,Look at the meme. Is it sexist? Answer only 1 (Yes) or 0 (No).
15269.jpg,1,1,Answer: 1 (Yes),Is this meme misogynistic? Answer 1 (Yes) or 0 (No).
15269.jpg,1,0,0,Does this image and text combination express hate against women? Answer 1 or 0.
15269.jpg,1,1,1,"Classify this meme: 1 = misogynous, 0 = not misogynous. Output only the digit."
15269.jpg,1,0,0,Is this content offensive toward women? Answer 1 or 0.
15269.jpg,1,1,1,Look at the meme. Is it sexist? Answer only 1 (Yes) or 0 (No).
15245.jpg,0,1,1,Is this meme misogynistic? Answer 1 (Yes) or 0 (No).
15245.jpg,0,0,0,Does this image and text combination express hate against women? Answer 1 or 0.
15245.jpg,0,0,0,"Classify this meme: 1 = misogynous, 0 = not misogynous. Output only the digit."
15245.jpg,0,0,0,Is this content offensive toward women? Answer 1 or 0.
15245.jpg,0,0,0,Look at the meme. Is it sexist? Answer only 1 (Yes) or 0 (No).
15468.jpg,1,0,"The meme text is misogynistic. It is making a joke about sexual assault, which is not appropriate or funny.",Is this meme misogynistic? Answer 1 (Yes) or 0 (No).
15468.jpg,1,0,0,Does this image and text combination express hate against women? Answer 1 or 0.
15468.jpg,1,1,1,"Classify this meme: 1 = misogynous, 0 = not misogynous. Output only the digit."
15468.jpg,1,1,1,Is this content offensive toward women? Answer 1 or 0.
15468.jpg,1,1,1,Look at the meme. Is it sexist? Answer only 1 (Yes) or 0 (No).
16180.jpg,0,1,1 (Yes),Is this meme misogynistic? Answer 1 (Yes) or 0 (No).
16180.jpg,0,0,0,Does this image and text combination express hate against women? Answer 1 or 0.
16180.jpg,0,0,0,"Classify this meme: 1 = misogynous, 0 = not misogynous. Output only the digit."
16180.jpg,0,0,0,Is this content offensive toward women? Answer 1 or 0.
16180.jpg,0,1,1,Look at the meme. Is it sexist? Answer only 1 (Yes) or 0 (No).
15200.jpg,0,1,1,Is this meme misogynistic? Answer 1 (Yes) or 0 (No).
15200.jpg,0,0,0,Does this image and text combination express hate against women? Answer 1 or 0.
15200.jpg,0,0,0,"Classify this meme: 1 = misogynous, 0 = not misogynous. Output only the digit."
15200.jpg,0,0,0,Is this content offensive toward women? Answer 1 or 0.
15200.jpg,0,0,0,Look at the meme. Is it sexist? Answer only 1 (Yes) or 0 (No).
15697.jpg,0,1,1,Is this meme misogynistic? Answer 1 (Yes) or 0 (No).
15697.jpg,0,0,0,Does this image and text combination express hate against women? Answer 1 or 0.
15697.jpg,0,0,0,"Classify this meme: 1 = misogynous, 0 = not misogynous. Output only the digit."
15697.jpg,0,0,0,Is this content offensive toward women? Answer 1 or 0.
15697.jpg,0,0,0,Look at the meme. Is it sexist? Answer only 1 (Yes) or 0 (No).
15953.jpg,1,1,Answer: 1 (Yes),Is this meme misogynistic? Answer 1 (Yes) or 0 (No).
15953.jpg,1,0,0,Does this image and text combination express hate against women? Answer 1 or 0.
15953.jpg,1,1,1,"Classify this meme: 1 = misogynous, 0 = not misogynous. Output only the digit."
15953.jpg,1,0,0,Is this content offensive toward women? Answer 1 or 0.
15953.jpg,1,1,1,Look at the meme. Is it sexist? Answer only 1 (Yes) or 0 (No).
15514.jpg,1,1,Answer: 1 (Yes),Is this meme misogynistic? Answer 1 (Yes) or 0 (No).
15514.jpg,1,0,0,Does this image and text combination express hate against women? Answer 1 or 0.
15514.jpg,1,0,0,"Classify this meme: 1 = misogynous, 0 = not misogynous. Output only the digit."
15514.jpg,1,0,0,Is this content offensive toward women? Answer 1 or 0.
15514.jpg,1,1,1,Look at the meme. Is it sexist? Answer only 1 (Yes) or 0 (No).
15786.jpg,1,1,Answer: 1 (Yes),Is this meme misogynistic? Answer 1 (Yes) or 0 (No).
15786.jpg,1,0,0,Does this image and text combination express hate against women? Answer 1 or 0.
15786.jpg,1,1,1,"Classify this meme: 1 = misogynous, 0 = not misogynous. Output only the digit."
15786.jpg,1,0,0,Is this content offensive toward women? Answer 1 or 0.
15786.jpg,1,1,1,Look at the meme. Is it sexist? Answer only 1 (Yes) or 0 (No).
15187.jpg,1,1,1 (Yes),Is this meme misogynistic? Answer 1 (Yes) or 0 (No).
15187.jpg,1,0,0,Does this image and text combination express hate against women? Answer 1 or 0.
15187.jpg,1,0,0,"Classify this meme: 1 = misogynous, 0 = not misogynous. Output only the digit."
15187.jpg,1,0,0,Is this content offensive toward women? Answer 1 or 0.
15187.jpg,1,0,0,Look at the meme. Is it sexist? Answer only 1 (Yes) or 0 (No).
15489.jpg,0,1,1,Is this meme misogynistic? Answer 1 (Yes) or 0 (No).
15489.jpg,0,0,0,Does this image and text combination express hate against women? Answer 1 or 0.
15489.jpg,0,0,0,"Classify this meme: 1 = misogynous, 0 = not misogynous. Output only the digit."
15489.jpg,0,0,0,Is this content offensive toward women? Answer 1 or 0.
15489.jpg,0,0,0,Look at the meme. Is it sexist? Answer only 1 (Yes) or 0 (No).
15689.jpg,1,1,Answer: 1 (Yes),Is this meme misogynistic? Answer 1 (Yes) or 0 (No).
15689.jpg,1,0,0,Does this image and text combination express hate against women? Answer 1 or 0.
15689.jpg,1,0,0,"Classify this meme: 1 = misogynous, 0 = not misogynous. Output only the digit."
15689.jpg,1,0,0,Is this content offensive toward women? Answer 1 or 0.
15689.jpg,1,1,1,Look at the meme. Is it sexist? Answer only 1 (Yes) or 0 (No).
16052.jpg,1,0,"The meme text ""Very hot girl with a bikini on"" is not inherently misogynistic. It is a simple description of an image that features a woman wearing a bikini. However, the context in which the mem",Is this meme misogynistic? Answer 1 (Yes) or 0 (No).
16052.jpg,1,0,0,Does this image and text combination express hate against women? Answer 1 or 0.
16052.jpg,1,0,0,"Classify this meme: 1 = misogynous, 0 = not misogynous. Output only the digit."
16052.jpg,1,0,0,Is this content offensive toward women? Answer 1 or 0.
16052.jpg,1,1,1,Look at the meme. Is it sexist? Answer only 1 (Yes) or 0 (No).
15700.jpg,0,1,1 (Yes),Is this meme misogynistic? Answer 1 (Yes) or 0 (No).
15700.jpg,0,0,0,Does this image and text combination express hate against women? Answer 1 or 0.
15700.jpg,0,0,0,"Classify this meme: 1 = misogynous, 0 = not misogynous. Output only the digit."
15700.jpg,0,0,0,Is this content offensive toward women? Answer 1 or 0.
15700.jpg,0,0,0,Look at the meme. Is it sexist? Answer only 1 (Yes) or 0 (No).
15135.jpg,0,0,0,Is this meme misogynistic? Answer 1 (Yes) or 0 (No).
15135.jpg,0,0,0,Does this image and text combination express hate against women? Answer 1 or 0.
15135.jpg,0,0,0,"Classify this meme: 1 = misogynous, 0 = not misogynous. Output only the digit."
15135.jpg,0,0,0,Is this content offensive toward women? Answer 1 or 0.
15135.jpg,0,0,0,Look at the meme. Is it sexist? Answer only 1 (Yes) or 0 (No).
15898.jpg,1,1,Answer: 1 (Yes),Is this meme misogynistic? Answer 1 (Yes) or 0 (No).
15898.jpg,1,0,0,Does this image and text combination express hate against women? Answer 1 or 0.
15898.jpg,1,0,0,"Classify this meme: 1 = misogynous, 0 = not misogynous. Output only the digit."
15898.jpg,1,0,0,Is this content offensive toward women? Answer 1 or 0.
15898.jpg,1,1,1,Look at the meme. Is it sexist? Answer only 1 (Yes) or 0 (No).
15836.jpg,0,-1,"The meme you've provided appears to be a humorous take on a situation where a new female colleague is being celebrated with a ""happy dance"" by a male colleague. The text ""NEW GIRL AT WORK H",Is this meme misogynistic? Answer 1 (Yes) or 0 (No).
15836.jpg,0,0,0,Does this image and text combination express hate against women? Answer 1 or 0.
15836.jpg,0,0,0,"Classify this meme: 1 = misogynous, 0 = not misogynous. Output only the digit."
15836.jpg,0,0,0,Is this content offensive toward women? Answer 1 or 0.
15836.jpg,0,1,1,Look at the meme. Is it sexist? Answer only 1 (Yes) or 0 (No).
15091.jpg,0,-1,"The meme appears to be a humorous take on the stereotype that women are responsible for cooking and cleaning. It features a character that is often associated with femininity, wearing glasses and a pink dress, which is a common visual representation of a",Is this meme misogynistic? Answer 1 (Yes) or 0 (No).
15091.jpg,0,0,0,Does this image and text combination express hate against women? Answer 1 or 0.
15091.jpg,0,0,0,"Classify this meme: 1 = misogynous, 0 = not misogynous. Output only the digit."
15091.jpg,0,0,0,Is this content offensive toward women? Answer 1 or 0.
15091.jpg,0,1,1,Look at the meme. Is it sexist? Answer only 1 (Yes) or 0 (No).
15497.jpg,1,1,1,Is this meme misogynistic? Answer 1 (Yes) or 0 (No).
15497.jpg,1,0,0,Does this image and text combination express hate against women? Answer 1 or 0.
15497.jpg,1,1,1,"Classify this meme: 1 = misogynous, 0 = not misogynous. Output only the digit."
15497.jpg,1,0,0,Is this content offensive toward women? Answer 1 or 0.
15497.jpg,1,1,1,Look at the meme. Is it sexist? Answer only 1 (Yes) or 0 (No).
16247.jpg,1,1,1,Is this meme misogynistic? Answer 1 (Yes) or 0 (No).
16247.jpg,1,0,0,Does this image and text combination express hate against women? Answer 1 or 0.
16247.jpg,1,0,0,"Classify this meme: 1 = misogynous, 0 = not misogynous. Output only the digit."
16247.jpg,1,0,0,Is this content offensive toward women? Answer 1 or 0.
16247.jpg,1,0,0,Look at the meme. Is it sexist? Answer only 1 (Yes) or 0 (No).
15831.jpg,1,0,"The meme text ""Looking for my boyfriend 你 His name start with m meme-arsenalre"" is misogynistic because it reinforces the stereotype that all men have the same name, which is not true",Is this meme misogynistic? Answer 1 (Yes) or 0 (No).
15831.jpg,1,0,0,Does this image and text combination express hate against women? Answer 1 or 0.
15831.jpg,1,0,0,"Classify this meme: 1 = misogynous, 0 = not misogynous. Output only the digit."
15831.jpg,1,0,0,Is this content offensive toward women? Answer 1 or 0.
15831.jpg,1,1,1,Look at the meme. Is it sexist? Answer only 1 (Yes) or 0 (No).
17069.jpg,1,1,1,Is this meme misogynistic? Answer 1 (Yes) or 0 (No).
17069.jpg,1,0,0,Does this image and text combination express hate against women? Answer 1 or 0.
17069.jpg,1,1,1,"Classify this meme: 1 = misogynous, 0 = not misogynous. Output only the digit."
17069.jpg,1,0,0,Is this content offensive toward women? Answer 1 or 0.
17069.jpg,1,1,1,Look at the meme. Is it sexist? Answer only 1 (Yes) or 0 (No).
15477.jpg,0,-1,"The meme contains text that is misogynistic. It implies that a woman's reaction to a man's actions is a result of her being a ""pretty girl,"" which is a form of objectification and reinforces harmful",Is this meme misogynistic? Answer 1 (Yes) or 0 (No).
15477.jpg,0,0,0,Does this image and text combination express hate against women? Answer 1 or 0.
15477.jpg,0,1,1,"Classify this meme: 1 = misogynous, 0 = not misogynous. Output only the digit."
15477.jpg,0,0,0,Is this content offensive toward women? Answer 1 or 0.
15477.jpg,0,1,1,Look at the meme. Is it sexist? Answer only 1 (Yes) or 0 (No).
15547.jpg,0,0,"The meme text ""When you touch wet food in the sink"" is not inherently misogynistic. It is a humorous statement that is not making a statement about gender. The image of the woman is being used to convey a rel",Is this meme misogynistic? Answer 1 (Yes) or 0 (No).
15547.jpg,0,0,0,Does this image and text combination express hate against women? Answer 1 or 0.
15547.jpg,0,0,0,"Classify this meme: 1 = misogynous, 0 = not misogynous. Output only the digit."
15547.jpg,0,0,0,Is this content offensive toward women? Answer 1 or 0.
15547.jpg,0,0,0,Look at the meme. Is it sexist? Answer only 1 (Yes) or 0 (No).
16214.jpg,0,1,1,Is this meme misogynistic? Answer 1 (Yes) or 0 (No).
16214.jpg,0,0,0,Does this image and text combination express hate against women? Answer 1 or 0.
16214.jpg,0,0,0,"Classify this meme: 1 = misogynous, 0 = not misogynous. Output only the digit."
16214.jpg,0,0,0,Is this content offensive toward women? Answer 1 or 0.
16214.jpg,0,0,0,Look at the meme. Is it sexist? Answer only 1 (Yes) or 0 (No).
15340.jpg,1,1,Answer: 1 (Yes),Is this meme misogynistic? Answer 1 (Yes) or 0 (No).
15340.jpg,1,0,0,Does this image and text combination express hate against women? Answer 1 or 0.
15340.jpg,1,0,0,"Classify this meme: 1 = misogynous, 0 = not misogynous. Output only the digit."
15340.jpg,1,0,0,Is this content offensive toward women? Answer 1 or 0.
15340.jpg,1,1,1,Look at the meme. Is it sexist? Answer only 1 (Yes) or 0 (No).
15118.jpg,0,1,Answer: 1 (Yes),Is this meme misogynistic? Answer 1 (Yes) or 0 (No).
15118.jpg,0,0,0,Does this image and text combination express hate against women? Answer 1 or 0.
15118.jpg,0,0,0,"Classify this meme: 1 = misogynous, 0 = not misogynous. Output only the digit."
15118.jpg,0,0,0,Is this content offensive toward women? Answer 1 or 0.
15118.jpg,0,1,1,Look at the meme. Is it sexist? Answer only 1 (Yes) or 0 (No).
15323.jpg,1,1,Answer: 1 (Yes),Is this meme misogynistic? Answer 1 (Yes) or 0 (No).
15323.jpg,1,0,0,Does this image and text combination express hate against women? Answer 1 or 0.
15323.jpg,1,1,1,"Classify this meme: 1 = misogynous, 0 = not misogynous. Output only the digit."
15323.jpg,1,1,1,Is this content offensive toward women? Answer 1 or 0.
15323.jpg,1,1,1,Look at the meme. Is it sexist? Answer only 1 (Yes) or 0 (No).
15861.jpg,0,0,"The meme text is misogynistic because it implies that a woman's best friend is not her own, but rather the man's best friend. This reinforces the stereotype that women are not capable of having their own close",Is this meme misogynistic? Answer 1 (Yes) or 0 (No).
15861.jpg,0,0,0,Does this image and text combination express hate against women? Answer 1 or 0.
15861.jpg,0,0,0,"Classify this meme: 1 = misogynous, 0 = not misogynous. Output only the digit."
15861.jpg,0,0,0,Is this content offensive toward women? Answer 1 or 0.
15861.jpg,0,1,1,Look at the meme. Is it sexist? Answer only 1 (Yes) or 0 (No).
15830.jpg,0,-1,"The meme you've provided appears to be a humorous take on a celebrity's birthday greeting, with the text ""YOU BITCH!"" added in a way that seems to be mocking or disrespectful. This",Is this meme misogynistic? Answer 1 (Yes) or 0 (No).
15830.jpg,0,0,0,Does this image and text combination express hate against women? Answer 1 or 0.
15830.jpg,0,1,1,"Classify this meme: 1 = misogynous, 0 = not misogynous. Output only the digit."
15830.jpg,0,0,0,Is this content offensive toward women? Answer 1 or 0.
15830.jpg,0,1,1,Look at the meme. Is it sexist? Answer only 1 (Yes) or 0 (No).
15532.jpg,0,1,Answer: 1 (Yes),Is this meme misogynistic? Answer 1 (Yes) or 0 (No).
15532.jpg,0,0,0,Does this image and text combination express hate against women? Answer 1 or 0.
15532.jpg,0,1,1,"Classify this meme: 1 = misogynous, 0 = not misogynous. Output only the digit."
15532.jpg,0,1,1,Is this content offensive toward women? Answer 1 or 0.
15532.jpg,0,1,1,Look at the meme. Is it sexist? Answer only 1 (Yes) or 0 (No).
15379.jpg,0,0,"The meme you've provided appears to be a humorous image of a chicken with a caption that suggests a refusal to share fried chicken. The text ""NO FRIED CHICKEN FOR YOU!"" is a playful way",Is this meme misogynistic? Answer 1 (Yes) or 0 (No).
15379.jpg,0,0,0,Does this image and text combination express hate against women? Answer 1 or 0.
15379.jpg,0,0,0,"Classify this meme: 1 = misogynous, 0 = not misogynous. Output only the digit."
15379.jpg,0,0,0,Is this content offensive toward women? Answer 1 or 0.
15379.jpg,0,0,0,Look at the meme. Is it sexist? Answer only 1 (Yes) or 0 (No).
15253.jpg,1,1,1 (Yes),Is this meme misogynistic? Answer 1 (Yes) or 0 (No).
15253.jpg,1,0,0,Does this image and text combination express hate against women? Answer 1 or 0.
15253.jpg,1,1,1,"Classify this meme: 1 = misogynous, 0 = not misogynous. Output only the digit."
15253.jpg,1,0,0,Is this content offensive toward women? Answer 1 or 0.
15253.jpg,1,1,1,Look at the meme. Is it sexist? Answer only 1 (Yes) or 0 (No).
16216.jpg,0,1,1 (Yes),Is this meme misogynistic? Answer 1 (Yes) or 0 (No).
16216.jpg,0,0,0,Does this image and text combination express hate against women? Answer 1 or 0.
16216.jpg,0,1,1,"Classify this meme: 1 = misogynous, 0 = not misogynous. Output only the digit."
16216.jpg,0,0,0,Is this content offensive toward women? Answer 1 or 0.
16216.jpg,0,1,1,Look at the meme. Is it sexist? Answer only 1 (Yes) or 0 (No).
15178.jpg,0,1,1,Is this meme misogynistic? Answer 1 (Yes) or 0 (No).
15178.jpg,0,0,0,Does this image and text combination express hate against women? Answer 1 or 0.
15178.jpg,0,0,0,"Classify this meme: 1 = misogynous, 0 = not misogynous. Output only the digit."
15178.jpg,0,0,0,Is this content offensive toward women? Answer 1 or 0.
15178.jpg,0,1,1,Look at the meme. Is it sexist? Answer only 1 (Yes) or 0 (No).
16064.jpg,0,1,1,Is this meme misogynistic? Answer 1 (Yes) or 0 (No).
16064.jpg,0,0,0,Does this image and text combination express hate against women? Answer 1 or 0.
16064.jpg,0,0,0,"Classify this meme: 1 = misogynous, 0 = not misogynous. Output only the digit."
16064.jpg,0,0,0,Is this content offensive toward women? Answer 1 or 0.
16064.jpg,0,0,0,Look at the meme. Is it sexist? Answer only 1 (Yes) or 0 (No).
16021.jpg,1,1,1,Is this meme misogynistic? Answer 1 (Yes) or 0 (No).
16021.jpg,1,0,0,Does this image and text combination express hate against women? Answer 1 or 0.
16021.jpg,1,0,0,"Classify this meme: 1 = misogynous, 0 = not misogynous. Output only the digit."
16021.jpg,1,0,0,Is this content offensive toward women? Answer 1 or 0.
16021.jpg,1,0,0,Look at the meme. Is it sexist? Answer only 1 (Yes) or 0 (No).
15711.jpg,0,1,1,Is this meme misogynistic? Answer 1 (Yes) or 0 (No).
15711.jpg,0,0,0,Does this image and text combination express hate against women? Answer 1 or 0.
15711.jpg,0,0,0,"Classify this meme: 1 = misogynous, 0 = not misogynous. Output only the digit."
15711.jpg,0,0,0,Is this content offensive toward women? Answer 1 or 0.
15711.jpg,0,1,1,Look at the meme. Is it sexist? Answer only 1 (Yes) or 0 (No).
15070.jpg,1,1,Answer: 1 (Yes),Is this meme misogynistic? Answer 1 (Yes) or 0 (No).
15070.jpg,1,0,0,Does this image and text combination express hate against women? Answer 1 or 0.
15070.jpg,1,1,1,"Classify this meme: 1 = misogynous, 0 = not misogynous. Output only the digit."
15070.jpg,1,0,0,Is this content offensive toward women? Answer 1 or 0.
15070.jpg,1,1,1,Look at the meme. Is it sexist? Answer only 1 (Yes) or 0 (No).
15973.jpg,0,0,"The meme you've provided appears to be a humorous take on the difference in perception between a parent and a child. It shows a car with a dented side, and the text suggests that the child sees the dent as a minor issue",Is this meme misogynistic? Answer 1 (Yes) or 0 (No).
15973.jpg,0,0,0,Does this image and text combination express hate against women? Answer 1 or 0.
15973.jpg,0,0,0,"Classify this meme: 1 = misogynous, 0 = not misogynous. Output only the digit."
15973.jpg,0,0,0,Is this content offensive toward women? Answer 1 or 0.
15973.jpg,0,0,0,Look at the meme. Is it sexist? Answer only 1 (Yes) or 0 (No).
16199.jpg,0,-1,"The meme appears to be misogynistic because it uses a stereotype to make a joke. The text ""PROPER WAY TO DRIVE IN SUMMER leakysquid.com"" is accompanied by an image of a",Is this meme misogynistic? Answer 1 (Yes) or 0 (No).
16199.jpg,0,0,0,Does this image and text combination express hate against women? Answer 1 or 0.
16199.jpg,0,0,0,"Classify this meme: 1 = misogynous, 0 = not misogynous. Output only the digit."
16199.jpg,0,0,0,Is this content offensive toward women? Answer 1 or 0.
16199.jpg,0,0,0,Look at the meme. Is it sexist? Answer only 1 (Yes) or 0 (No).
16268.jpg,1,1,1,Is this meme misogynistic? Answer 1 (Yes) or 0 (No).
16268.jpg,1,0,0,Does this image and text combination express hate against women? Answer 1 or 0.
16268.jpg,1,1,1,"Classify this meme: 1 = misogynous, 0 = not misogynous. Output only the digit."
16268.jpg,1,0,0,Is this content offensive toward women? Answer 1 or 0.
16268.jpg,1,1,1,Look at the meme. Is it sexist? Answer only 1 (Yes) or 0 (No).
15927.jpg,1,-1,"The meme you've provided appears to be a humorous take on the concept of respect, using a cat as a metaphor for a person. The text ""WOMEN ME RESPECT"" is a play on words, suggesting that the",Is this meme misogynistic? Answer 1 (Yes) or 0 (No).
15927.jpg,1,0,0,Does this image and text combination express hate against women? Answer 1 or 0.
15927.jpg,1,0,0,"Classify this meme: 1 = misogynous, 0 = not misogynous. Output only the digit."
15927.jpg,1,0,0,Is this content offensive toward women? Answer 1 or 0.
15927.jpg,1,0,0,Look at the meme. Is it sexist? Answer only 1 (Yes) or 0 (No).
15696.jpg,0,1,"The meme you've provided appears to be a humorous comparison between how girls and boys might surprise someone from behind. The meme text suggests that girls might surprise someone by covering their eyes, while boys might surprise someone by jumping up. The",Is this meme misogynistic? Answer 1 (Yes) or 0 (No).
15696.jpg,0,0,0,Does this image and text combination express hate against women? Answer 1 or 0.
15696.jpg,0,0,0,"Classify this meme: 1 = misogynous, 0 = not misogynous. Output only the digit."
15696.jpg,0,0,0,Is this content offensive toward women? Answer 1 or 0.
15696.jpg,0,1,1,Look at the meme. Is it sexist? Answer only 1 (Yes) or 0 (No).
15721.jpg,1,1,Answer: 1 (Yes),Is this meme misogynistic? Answer 1 (Yes) or 0 (No).
15721.jpg,1,0,0,Does this image and text combination express hate against women? Answer 1 or 0.
15721.jpg,1,1,1,"Classify this meme: 1 = misogynous, 0 = not misogynous. Output only the digit."
15721.jpg,1,0,0,Is this content offensive toward women? Answer 1 or 0.
15721.jpg,1,1,1,Look at the meme. Is it sexist? Answer only 1 (Yes) or 0 (No).
15021.jpg,0,-1,"The meme you've provided features an image of animated princesses from the Disney movie ""Sleeping Beauty,"" with the text ""HOW MAKEUP MAKES ME FEEL."" The meme is intended to be humorous by",Is this meme misogynistic? Answer 1 (Yes) or 0 (No).
15021.jpg,0,0,0,Does this image and text combination express hate against women? Answer 1 or 0.
15021.jpg,0,0,0,"Classify this meme: 1 = misogynous, 0 = not misogynous. Output only the digit."
15021.jpg,0,0,0,Is this content offensive toward women? Answer 1 or 0.
15021.jpg,0,0,0,Look at the meme. Is it sexist? Answer only 1 (Yes) or 0 (No).
16083.jpg,0,1,1,Is this meme misogynistic? Answer 1 (Yes) or 0 (No).
16083.jpg,0,0,0,Does this image and text combination express hate against women? Answer 1 or 0.
16083.jpg,0,0,0,"Classify this meme: 1 = misogynous, 0 = not misogynous. Output only the digit."
16083.jpg,0,0,0,Is this content offensive toward women? Answer 1 or 0.
16083.jpg,0,1,1,Look at the meme. Is it sexist? Answer only 1 (Yes) or 0 (No).
15726.jpg,0,1,1 (Yes),Is this meme misogynistic? Answer 1 (Yes) or 0 (No).
15726.jpg,0,0,0,Does this image and text combination express hate against women? Answer 1 or 0.
15726.jpg,0,1,1,"Classify this meme: 1 = misogynous, 0 = not misogynous. Output only the digit."
15726.jpg,0,0,0,Is this content offensive toward women? Answer 1 or 0.
15726.jpg,0,1,1,Look at the meme. Is it sexist? Answer only 1 (Yes) or 0 (No).
15319.jpg,0,0,Answer: 0 (No),Is this meme misogynistic? Answer 1 (Yes) or 0 (No).
15319.jpg,0,0,0,Does this image and text combination express hate against women? Answer 1 or 0.
15319.jpg,0,0,0,"Classify this meme: 1 = misogynous, 0 = not misogynous. Output only the digit."
15319.jpg,0,0,0,Is this content offensive toward women? Answer 1 or 0.
15319.jpg,0,0,0,Look at the meme. Is it sexist? Answer only 1 (Yes) or 0 (No).
15220.jpg,0,0,"The meme text is misogynistic because it reinforces the stereotype that women are expected to dress in a certain way for the approval of men, specifically fathers. It implies that the woman's choice of clothing is not appropriate",Is this meme misogynistic? Answer 1 (Yes) or 0 (No).
15220.jpg,0,0,0,Does this image and text combination express hate against women? Answer 1 or 0.
15220.jpg,0,0,0,"Classify this meme: 1 = misogynous, 0 = not misogynous. Output only the digit."
15220.jpg,0,0,0,Is this content offensive toward women? Answer 1 or 0.
15220.jpg,0,1,1,Look at the meme. Is it sexist? Answer only 1 (Yes) or 0 (No).
15472.jpg,1,1,"The meme contains text that is misogynistic. It implies that feminists are attacking girls in the context of video technology, which is not a factual statement and is likely intended to be offensive or derogatory towards women. The mem",Is this meme misogynistic? Answer 1 (Yes) or 0 (No).
15472.jpg,1,0,0,Does this image and text combination express hate against women? Answer 1 or 0.
15472.jpg,1,1,1,"Classify this meme: 1 = misogynous, 0 = not misogynous. Output only the digit."
15472.jpg,1,0,0,Is this content offensive toward women? Answer 1 or 0.
15472.jpg,1,1,1,Look at the meme. Is it sexist? Answer only 1 (Yes) or 0 (No).
15204.jpg,0,-1,"The meme in the image is indeed misogynistic. It uses the ""Disgusted Girl"" meme, which originally depicted a young girl with a disgusted expression, to make a joke about the appearance of a woman in the second",Is this meme misogynistic? Answer 1 (Yes) or 0 (No).
15204.jpg,0,0,0,Does this image and text combination express hate against women? Answer 1 or 0.
15204.jpg,0,0,0,"Classify this meme: 1 = misogynous, 0 = not misogynous. Output only the digit."
15204.jpg,0,0,0,Is this content offensive toward women? Answer 1 or 0.
15204.jpg,0,1,1,Look at the meme. Is it sexist? Answer only 1 (Yes) or 0 (No).
15570.jpg,1,1,1,Is this meme misogynistic? Answer 1 (Yes) or 0 (No).
15570.jpg,1,0,0,Does this image and text combination express hate against women? Answer 1 or 0.
15570.jpg,1,1,1,"Classify this meme: 1 = misogynous, 0 = not misogynous. Output only the digit."
15570.jpg,1,0,0,Is this content offensive toward women? Answer 1 or 0.
15570.jpg,1,1,1,Look at the meme. Is it sexist? Answer only 1 (Yes) or 0 (No).
15513.jpg,0,1,"Answer 1 (Yes). The meme is misogynistic because it uses the phrase ""it just say girl"" in a derogatory way, implying that the gender reveal is not as exciting as if it were a boy. This",Is this meme misogynistic? Answer 1 (Yes) or 0 (No).
15513.jpg,0,0,0,Does this image and text combination express hate against women? Answer 1 or 0.
15513.jpg,0,1,1,"Classify this meme: 1 = misogynous, 0 = not misogynous. Output only the digit."
15513.jpg,0,0,0,Is this content offensive toward women? Answer 1 or 0.
15513.jpg,0,1,1,Look at the meme. Is it sexist? Answer only 1 (Yes) or 0 (No).
15703.jpg,0,1,1,Is this meme misogynistic? Answer 1 (Yes) or 0 (No).
15703.jpg,0,0,0,Does this image and text combination express hate against women? Answer 1 or 0.
15703.jpg,0,0,0,"Classify this meme: 1 = misogynous, 0 = not misogynous. Output only the digit."
15703.jpg,0,0,0,Is this content offensive toward women? Answer 1 or 0.
15703.jpg,0,0,0,Look at the meme. Is it sexist? Answer only 1 (Yes) or 0 (No).
15292.jpg,0,1,Answer: 1 (Yes),Is this meme misogynistic? Answer 1 (Yes) or 0 (No).
15292.jpg,0,0,0,Does this image and text combination express hate against women? Answer 1 or 0.
15292.jpg,0,1,1,"Classify this meme: 1 = misogynous, 0 = not misogynous. Output only the digit."
15292.jpg,0,0,0,Is this content offensive toward women? Answer 1 or 0.
15292.jpg,0,1,1,Look at the meme. Is it sexist? Answer only 1 (Yes) or 0 (No).
15102.jpg,1,1,Answer: 1 (Yes),Is this meme misogynistic? Answer 1 (Yes) or 0 (No).
15102.jpg,1,0,0,Does this image and text combination express hate against women? Answer 1 or 0.
15102.jpg,1,0,0,"Classify this meme: 1 = misogynous, 0 = not misogynous. Output only the digit."
15102.jpg,1,0,0,Is this content offensive toward women? Answer 1 or 0.
15102.jpg,1,0,0,Look at the meme. Is it sexist? Answer only 1 (Yes) or 0 (No).
15508.jpg,0,1,Answer: 1 (Yes),Is this meme misogynistic? Answer 1 (Yes) or 0 (No).
15508.jpg,0,0,0,Does this image and text combination express hate against women? Answer 1 or 0.
15508.jpg,0,0,0,"Classify this meme: 1 = misogynous, 0 = not misogynous. Output only the digit."
15508.jpg,0,0,0,Is this content offensive toward women? Answer 1 or 0.
15508.jpg,0,1,1,Look at the meme. Is it sexist? Answer only 1 (Yes) or 0 (No).
16288.jpg,1,1,1,Is this meme misogynistic? Answer 1 (Yes) or 0 (No).
16288.jpg,1,0,0,Does this image and text combination express hate against women? Answer 1 or 0.
16288.jpg,1,1,1,"Classify this meme: 1 = misogynous, 0 = not misogynous. Output only the digit."
16288.jpg,1,0,0,Is this content offensive toward women? Answer 1 or 0.
16288.jpg,1,1,1,Look at the meme. Is it sexist? Answer only 1 (Yes) or 0 (No).
15127.jpg,0,1,Answer: 1 (Yes),Is this meme misogynistic? Answer 1 (Yes) or 0 (No).
15127.jpg,0,0,0,Does this image and text combination express hate against women? Answer 1 or 0.
15127.jpg,0,1,1,"Classify this meme: 1 = misogynous, 0 = not misogynous. Output only the digit."
15127.jpg,0,0,0,Is this content offensive toward women? Answer 1 or 0.
15127.jpg,0,1,1,Look at the meme. Is it sexist? Answer only 1 (Yes) or 0 (No).
15524.jpg,0,1,Answer: 1 (Yes),Is this meme misogynistic? Answer 1 (Yes) or 0 (No).
15524.jpg,0,0,0,Does this image and text combination express hate against women? Answer 1 or 0.
15524.jpg,0,1,1,"Classify this meme: 1 = misogynous, 0 = not misogynous. Output only the digit."
15524.jpg,0,0,0,Is this content offensive toward women? Answer 1 or 0.
15524.jpg,0,1,1,Look at the meme. Is it sexist? Answer only 1 (Yes) or 0 (No).
15630.jpg,0,-1,"The meme features a woman with a caption that suggests a new standard for attractiveness or beauty. The text ""THE NEW SEXY"" implies that the woman's appearance is being used to define a new standard of beauty for the summer",Is this meme misogynistic? Answer 1 (Yes) or 0 (No).
15630.jpg,0,0,0,Does this image and text combination express hate against women? Answer 1 or 0.
15630.jpg,0,0,0,"Classify this meme: 1 = misogynous, 0 = not misogynous. Output only the digit."
15630.jpg,0,0,0,Is this content offensive toward women? Answer 1 or 0.
15630.jpg,0,1,1,Look at the meme. Is it sexist? Answer only 1 (Yes) or 0 (No).
15980.jpg,1,1,Answer: 1 (Yes),Is this meme misogynistic? Answer 1 (Yes) or 0 (No).
15980.jpg,1,0,0,Does this image and text combination express hate against women? Answer 1 or 0.
15980.jpg,1,0,0,"Classify this meme: 1 = misogynous, 0 = not misogynous. Output only the digit."
15980.jpg,1,0,0,Is this content offensive toward women? Answer 1 or 0.
15980.jpg,1,1,1,Look at the meme. Is it sexist? Answer only 1 (Yes) or 0 (No).
15787.jpg,1,-1,"The meme text ""Friendzoned you Sets you up with one of her hot friends"" can be interpreted as misogynistic because it implies that a woman's actions are motivated by her desire to be with someone else, rather than simply",Is this meme misogynistic? Answer 1 (Yes) or 0 (No).
15787.jpg,1,0,0,Does this image and text combination express hate against women? Answer 1 or 0.
15787.jpg,1,1,1,"Classify this meme: 1 = misogynous, 0 = not misogynous. Output only the digit."
15787.jpg,1,0,0,Is this content offensive toward women? Answer 1 or 0.
15787.jpg,1,1,1,Look at the meme. Is it sexist? Answer only 1 (Yes) or 0 (No).
16258.jpg,1,1,1,Is this meme misogynistic? Answer 1 (Yes) or 0 (No).
16258.jpg,1,0,0,Does this image and text combination express hate against women? Answer 1 or 0.
16258.jpg,1,1,1,"Classify this meme: 1 = misogynous, 0 = not misogynous. Output only the digit."
16258.jpg,1,1,1,Is this content offensive toward women? Answer 1 or 0.
16258.jpg,1,1,1,Look at the meme. Is it sexist? Answer only 1 (Yes) or 0 (No).
15074.jpg,0,0,"The meme text is misogynistic because it makes a stereotypical and generalized statement about all Asian women, which is not accurate or fair. It is important to avoid making assumptions about individuals based on their ethnicity or gender.",Is this meme misogynistic? Answer 1 (Yes) or 0 (No).
15074.jpg,0,0,0,Does this image and text combination express hate against women? Answer 1 or 0.
15074.jpg,0,1,1,"Classify this meme: 1 = misogynous, 0 = not misogynous. Output only the digit."
15074.jpg,0,0,0,Is this content offensive toward women? Answer 1 or 0.
15074.jpg,0,1,1,Look at the meme. Is it sexist? Answer only 1 (Yes) or 0 (No).
16278.jpg,1,1,1,Is this meme misogynistic? Answer 1 (Yes) or 0 (No).
16278.jpg,1,0,0,Does this image and text combination express hate against women? Answer 1 or 0.
16278.jpg,1,0,0,"Classify this meme: 1 = misogynous, 0 = not misogynous. Output only the digit."
16278.jpg,1,0,0,Is this content offensive toward women? Answer 1 or 0.
16278.jpg,1,0,0,Look at the meme. Is it sexist? Answer only 1 (Yes) or 0 (No).
15418.jpg,1,1,Answer: 1 (Yes),Is this meme misogynistic? Answer 1 (Yes) or 0 (No).
15418.jpg,1,0,0,Does this image and text combination express hate against women? Answer 1 or 0.
15418.jpg,1,1,1,"Classify this meme: 1 = misogynous, 0 = not misogynous. Output only the digit."
15418.jpg,1,0,0,Is this content offensive toward women? Answer 1 or 0.
15418.jpg,1,1,1,Look at the meme. Is it sexist? Answer only 1 (Yes) or 0 (No).
15884.jpg,0,1,Answer: 1 (Yes),Is this meme misogynistic? Answer 1 (Yes) or 0 (No).
15884.jpg,0,0,0,Does this image and text combination express hate against women? Answer 1 or 0.
15884.jpg,0,1,1,"Classify this meme: 1 = misogynous, 0 = not misogynous. Output only the digit."
15884.jpg,0,0,0,Is this content offensive toward women? Answer 1 or 0.
15884.jpg,0,1,1,Look at the meme. Is it sexist? Answer only 1 (Yes) or 0 (No).
16003.jpg,0,1,1,Is this meme misogynistic? Answer 1 (Yes) or 0 (No).
16003.jpg,0,0,0,Does this image and text combination express hate against women? Answer 1 or 0.
16003.jpg,0,0,0,"Classify this meme: 1 = misogynous, 0 = not misogynous. Output only the digit."
16003.jpg,0,0,0,Is this content offensive toward women? Answer 1 or 0.
16003.jpg,0,1,1,Look at the meme. Is it sexist? Answer only 1 (Yes) or 0 (No).
15251.jpg,0,1,Answer: 1 (Yes),Is this meme misogynistic? Answer 1 (Yes) or 0 (No).
15251.jpg,0,0,0,Does this image and text combination express hate against women? Answer 1 or 0.
15251.jpg,0,0,0,"Classify this meme: 1 = misogynous, 0 = not misogynous. Output only the digit."
15251.jpg,0,0,0,Is this content offensive toward women? Answer 1 or 0.
15251.jpg,0,1,1,Look at the meme. Is it sexist? Answer only 1 (Yes) or 0 (No).
16018.jpg,0,1,Answer: 1 (Yes),Is this meme misogynistic? Answer 1 (Yes) or 0 (No).
16018.jpg,0,0,0,Does this image and text combination express hate against women? Answer 1 or 0.
16018.jpg,0,0,0,"Classify this meme: 1 = misogynous, 0 = not misogynous. Output only the digit."
16018.jpg,0,0,0,Is this content offensive toward women? Answer 1 or 0.
16018.jpg,0,1,1,Look at the meme. Is it sexist? Answer only 1 (Yes) or 0 (No).
15147.jpg,1,1,Answer: 1 (Yes),Is this meme misogynistic? Answer 1 (Yes) or 0 (No).
15147.jpg,1,0,0,Does this image and text combination express hate against women? Answer 1 or 0.
15147.jpg,1,1,1,"Classify this meme: 1 = misogynous, 0 = not misogynous. Output only the digit."
15147.jpg,1,0,0,Is this content offensive toward women? Answer 1 or 0.
15147.jpg,1,1,1,Look at the meme. Is it sexist? Answer only 1 (Yes) or 0 (No).
15033.jpg,0,1,1,Is this meme misogynistic? Answer 1 (Yes) or 0 (No).
15033.jpg,0,0,0,Does this image and text combination express hate against women? Answer 1 or 0.
15033.jpg,0,0,0,"Classify this meme: 1 = misogynous, 0 = not misogynous. Output only the digit."
15033.jpg,0,0,0,Is this content offensive toward women? Answer 1 or 0.
15033.jpg,0,0,0,Look at the meme. Is it sexist? Answer only 1 (Yes) or 0 (No).
15855.jpg,0,1,1 (Yes),Is this meme misogynistic? Answer 1 (Yes) or 0 (No).
15855.jpg,0,0,0,Does this image and text combination express hate against women? Answer 1 or 0.
15855.jpg,0,1,1,"Classify this meme: 1 = misogynous, 0 = not misogynous. Output only the digit."
15855.jpg,0,0,0,Is this content offensive toward women? Answer 1 or 0.
15855.jpg,0,1,1,Look at the meme. Is it sexist? Answer only 1 (Yes) or 0 (No).
15931.jpg,0,1,1,Is this meme misogynistic? Answer 1 (Yes) or 0 (No).
15931.jpg,0,0,0,Does this image and text combination express hate against women? Answer 1 or 0.
15931.jpg,0,0,0,"Classify this meme: 1 = misogynous, 0 = not misogynous. Output only the digit."
15931.jpg,0,0,0,Is this content offensive toward women? Answer 1 or 0.
15931.jpg,0,0,0,Look at the meme. Is it sexist? Answer only 1 (Yes) or 0 (No).
16207.jpg,0,1,1,Is this meme misogynistic? Answer 1 (Yes) or 0 (No).
16207.jpg,0,0,0,Does this image and text combination express hate against women? Answer 1 or 0.
16207.jpg,0,0,0,"Classify this meme: 1 = misogynous, 0 = not misogynous. Output only the digit."
16207.jpg,0,0,0,Is this content offensive toward women? Answer 1 or 0.
16207.jpg,0,1,1,Look at the meme. Is it sexist? Answer only 1 (Yes) or 0 (No).
15537.jpg,0,-1,The meme text is misogynistic because it implies that the only reason a person would want to talk about a project is because they are attracted to the person's appearance. This reinforces the stereotype that women are only valuable for,Is this meme misogynistic? Answer 1 (Yes) or 0 (No).
15537.jpg,0,0,0,Does this image and text combination express hate against women? Answer 1 or 0.
15537.jpg,0,1,1,"Classify this meme: 1 = misogynous, 0 = not misogynous. Output only the digit."
15537.jpg,0,0,0,Is this content offensive toward women? Answer 1 or 0.
15537.jpg,0,1,1,Look at the meme. Is it sexist? Answer only 1 (Yes) or 0 (No).
15057.jpg,1,1,Answer 1 (Yes). The meme contains language and imagery that are misogynistic and disrespectful towards women. It uses derogatory terms and implies that a woman's reaction to a gift is ungrateful and und,Is this meme misogynistic? Answer 1 (Yes) or 0 (No).
15057.jpg,1,0,0,Does this image and text combination express hate against women? Answer 1 or 0.
15057.jpg,1,1,1,"Classify this meme: 1 = misogynous, 0 = not misogynous. Output only the digit."
15057.jpg,1,1,1,Is this content offensive toward women? Answer 1 or 0.
15057.jpg,1,1,1,Look at the meme. Is it sexist? Answer only 1 (Yes) or 0 (No).
15132.jpg,0,-1,"The meme you've provided features a baby with a caption that reads, ""I'M SO EXCITED I JUST CAN'T HIDE IT."" The text is a play on words, with the phrase ""can'",Is this meme misogynistic? Answer 1 (Yes) or 0 (No).
15132.jpg,0,0,0,Does this image and text combination express hate against women? Answer 1 or 0.
15132.jpg,0,0,0,"Classify this meme: 1 = misogynous, 0 = not misogynous. Output only the digit."
15132.jpg,0,0,0,Is this content offensive toward women? Answer 1 or 0.
15132.jpg,0,0,0,Look at the meme. Is it sexist? Answer only 1 (Yes) or 0 (No).
15632.jpg,1,1,1,Is this meme misogynistic? Answer 1 (Yes) or 0 (No).
15632.jpg,1,0,0,Does this image and text combination express hate against women? Answer 1 or 0.
15632.jpg,1,1,1,"Classify this meme: 1 = misogynous, 0 = not misogynous. Output only the digit."
15632.jpg,1,1,1,Is this content offensive toward women? Answer 1 or 0.
15632.jpg,1,1,1,Look at the meme. Is it sexist? Answer only 1 (Yes) or 0 (No).
15520.jpg,1,-1,"The meme text is misogynistic. It is making a derogatory comment about a woman's body, implying that her body is unattractive and that her appearance is the result of her own actions. This kind of",Is this meme misogynistic? Answer 1 (Yes) or 0 (No).
15520.jpg,1,0,0,Does this image and text combination express hate against women? Answer 1 or 0.
15520.jpg,1,1,1,"Classify this meme: 1 = misogynous, 0 = not misogynous. Output only the digit."
15520.jpg,1,1,1,Is this content offensive toward women? Answer 1 or 0.
15520.jpg,1,1,1,Look at the meme. Is it sexist? Answer only 1 (Yes) or 0 (No).
15688.jpg,1,1,Answer: 1 (Yes),Is this meme misogynistic? Answer 1 (Yes) or 0 (No).
15688.jpg,1,0,0,Does this image and text combination express hate against women? Answer 1 or 0.
15688.jpg,1,0,0,"Classify this meme: 1 = misogynous, 0 = not misogynous. Output only the digit."
15688.jpg,1,0,0,Is this content offensive toward women? Answer 1 or 0.
15688.jpg,1,1,1,Look at the meme. Is it sexist? Answer only 1 (Yes) or 0 (No).
15988.jpg,0,0,"The meme text ""How many people are in the car? Merws"" is a play on words, with ""Merws"" being a misspelling of ""mermaids."" The humor comes from the unexpected and nonsensical answer to",Is this meme misogynistic? Answer 1 (Yes) or 0 (No).
15988.jpg,0,0,0,Does this image and text combination express hate against women? Answer 1 or 0.
15988.jpg,0,0,0,"Classify this meme: 1 = misogynous, 0 = not misogynous. Output only the digit."
15988.jpg,0,0,0,Is this content offensive toward women? Answer 1 or 0.
15988.jpg,0,0,0,Look at the meme. Is it sexist? Answer only 1 (Yes) or 0 (No).
15567.jpg,0,0,"The meme you've provided appears to be a humorous comparison between the actions of girls and boys, with the girls walking up the stairs and the boys walking down the stairs. The meme does not contain any text that could be considered mis",Is this meme misogynistic? Answer 1 (Yes) or 0 (No).
15567.jpg,0,0,0,Does this image and text combination express hate against women? Answer 1 or 0.
15567.jpg,0,0,0,"Classify this meme: 1 = misogynous, 0 = not misogynous. Output only the digit."
15567.jpg,0,0,0,Is this content offensive toward women? Answer 1 or 0.
15567.jpg,0,0,0,Look at the meme. Is it sexist? Answer only 1 (Yes) or 0 (No).
15998.jpg,0,1,Answer: 1 (Yes),Is this meme misogynistic? Answer 1 (Yes) or 0 (No).
15998.jpg,0,0,0,Does this image and text combination express hate against women? Answer 1 or 0.
15998.jpg,0,1,1,"Classify this meme: 1 = misogynous, 0 = not misogynous. Output only the digit."
15998.jpg,0,0,0,Is this content offensive toward women? Answer 1 or 0.
15998.jpg,0,1,1,Look at the meme. Is it sexist? Answer only 1 (Yes) or 0 (No).
15682.jpg,1,1,1,Is this meme misogynistic? Answer 1 (Yes) or 0 (No).
15682.jpg,1,0,0,Does this image and text combination express hate against women? Answer 1 or 0.
15682.jpg,1,1,1,"Classify this meme: 1 = misogynous, 0 = not misogynous. Output only the digit."
15682.jpg,1,0,0,Is this content offensive toward women? Answer 1 or 0.
15682.jpg,1,1,1,Look at the meme. Is it sexist? Answer only 1 (Yes) or 0 (No).
15357.jpg,0,1,Answer: 1 (Yes),Is this meme misogynistic? Answer 1 (Yes) or 0 (No).
15357.jpg,0,0,0,Does this image and text combination express hate against women? Answer 1 or 0.
15357.jpg,0,0,0,"Classify this meme: 1 = misogynous, 0 = not misogynous. Output only the digit."
15357.jpg,0,0,0,Is this content offensive toward women? Answer 1 or 0.
15357.jpg,0,1,1,Look at the meme. Is it sexist? Answer only 1 (Yes) or 0 (No).
16138.jpg,0,0,"The meme you've provided appears to be a humorous take on the dynamics between men and women, using exaggerated and stereotypical representations of each gender. It's important to note that humor is subjective, and what one",Is this meme misogynistic? Answer 1 (Yes) or 0 (No).
16138.jpg,0,0,0,Does this image and text combination express hate against women? Answer 1 or 0.
16138.jpg,0,1,1,"Classify this meme: 1 = misogynous, 0 = not misogynous. Output only the digit."
16138.jpg,0,0,0,Is this content offensive toward women? Answer 1 or 0.
16138.jpg,0,1,1,Look at the meme. Is it sexist? Answer only 1 (Yes) or 0 (No).
16106.jpg,1,-1,"The meme text you provided is indeed misogynistic. It is a form of sexual harassment and objectification, implying that a woman's actions are motivated solely by the prospect of receiving something in return. This kind of language is",Is this meme misogynistic? Answer 1 (Yes) or 0 (No).
16106.jpg,1,0,0,Does this image and text combination express hate against women? Answer 1 or 0.
16106.jpg,1,1,1,"Classify this meme: 1 = misogynous, 0 = not misogynous. Output only the digit."
16106.jpg,1,1,1,Is this content offensive toward women? Answer 1 or 0.
16106.jpg,1,1,1,Look at the meme. Is it sexist? Answer only 1 (Yes) or 0 (No).
15455.jpg,1,1,1,Is this meme misogynistic? Answer 1 (Yes) or 0 (No).
15455.jpg,1,0,0,Does this image and text combination express hate against women? Answer 1 or 0.
15455.jpg,1,0,0,"Classify this meme: 1 = misogynous, 0 = not misogynous. Output only the digit."
15455.jpg,1,0,0,Is this content offensive toward women? Answer 1 or 0.
15455.jpg,1,1,1,Look at the meme. Is it sexist? Answer only 1 (Yes) or 0 (No).
16338.jpg,1,-1,"The meme text is misogynistic. It suggests that a man's reaction to seeing a cute girl on Facebook is limited to either ""liking"" her or engaging in sexual activity. This reinforces harmful stereotypes about men",Is this meme misogynistic? Answer 1 (Yes) or 0 (No).
16338.jpg,1,0,0,Does this image and text combination express hate against women? Answer 1 or 0.
16338.jpg,1,1,1,"Classify this meme: 1 = misogynous, 0 = not misogynous. Output only the digit."
16338.jpg,1,0,0,Is this content offensive toward women? Answer 1 or 0.
16338.jpg,1,1,1,Look at the meme. Is it sexist? Answer only 1 (Yes) or 0 (No).
15581.jpg,1,-1,"The meme text ""LACY THONG THE SEXIEST OF ALL WEDGIES"" is misogynistic because it objectifies women's bodies and implies that a woman's attractiveness is determined by her choice of",Is this meme misogynistic? Answer 1 (Yes) or 0 (No).
15581.jpg,1,0,0,Does this image and text combination express hate against women? Answer 1 or 0.
15581.jpg,1,0,0,"Classify this meme: 1 = misogynous, 0 = not misogynous. Output only the digit."
15581.jpg,1,0,0,Is this content offensive toward women? Answer 1 or 0.
15581.jpg,1,1,1,Look at the meme. Is it sexist? Answer only 1 (Yes) or 0 (No).
16104.jpg,1,1,1,Is this meme misogynistic? Answer 1 (Yes) or 0 (No).
16104.jpg,1,0,0,Does this image and text combination express hate against women? Answer 1 or 0.
16104.jpg,1,1,1,"Classify this meme: 1 = misogynous, 0 = not misogynous. Output only the digit."
16104.jpg,1,0,0,Is this content offensive toward women? Answer 1 or 0.
16104.jpg,1,1,1,Look at the meme. Is it sexist? Answer only 1 (Yes) or 0 (No).
15425.jpg,1,1,Answer: 1 (Yes),Is this meme misogynistic? Answer 1 (Yes) or 0 (No).
15425.jpg,1,0,0,Does this image and text combination express hate against women? Answer 1 or 0.
15425.jpg,1,1,1,"Classify this meme: 1 = misogynous, 0 = not misogynous. Output only the digit."
15425.jpg,1,1,1,Is this content offensive toward women? Answer 1 or 0.
15425.jpg,1,1,1,Look at the meme. Is it sexist? Answer only 1 (Yes) or 0 (No).
15810.jpg,0,1,1,Is this meme misogynistic? Answer 1 (Yes) or 0 (No).
15810.jpg,0,0,0,Does this image and text combination express hate against women? Answer 1 or 0.
15810.jpg,0,1,1,"Classify this meme: 1 = misogynous, 0 = not misogynous. Output only the digit."
15810.jpg,0,0,0,Is this content offensive toward women? Answer 1 or 0.
15810.jpg,0,1,1,Look at the meme. Is it sexist? Answer only 1 (Yes) or 0 (No).
15391.jpg,0,1,"Answer 1 (Yes). The meme is misogynistic because it promotes the idea that women should physically confront and potentially harm their partners if they suspect cheating, rather than addressing the issue through open communication and trust. This kind of",Is this meme misogynistic? Answer 1 (Yes) or 0 (No).
15391.jpg,0,0,0,Does this image and text combination express hate against women? Answer 1 or 0.
15391.jpg,0,1,1,"Classify this meme: 1 = misogynous, 0 = not misogynous. Output only the digit."
15391.jpg,0,0,0,Is this content offensive toward women? Answer 1 or 0.
15391.jpg,0,1,1,Look at the meme. Is it sexist? Answer only 1 (Yes) or 0 (No).
15482.jpg,0,0,"The meme you've provided appears to be a humorous take on the concept of feminism, using a format that is commonly used to make jokes or satire. The text ""feminism is: not: 88 8",Is this meme misogynistic? Answer 1 (Yes) or 0 (No).
15482.jpg,0,0,0,Does this image and text combination express hate against women? Answer 1 or 0.
15482.jpg,0,1,1,"Classify this meme: 1 = misogynous, 0 = not misogynous. Output only the digit."
15482.jpg,0,0,0,Is this content offensive toward women? Answer 1 or 0.
15482.jpg,0,1,1,Look at the meme. Is it sexist? Answer only 1 (Yes) or 0 (No).
16119.jpg,1,0,"The meme text is a play on words, using the phrase ""spousal abuse"" in a humorous context. It is not intended to be misogynistic. The humor comes from the juxtaposition of the serious topic of",Is this meme misogynistic? Answer 1 (Yes) or 0 (No).
16119.jpg,1,0,0,Does this image and text combination express hate against women? Answer 1 or 0.
16119.jpg,1,0,0,"Classify this meme: 1 = misogynous, 0 = not misogynous. Output only the digit."
16119.jpg,1,0,0,Is this content offensive toward women? Answer 1 or 0.
16119.jpg,1,0,0,Look at the meme. Is it sexist? Answer only 1 (Yes) or 0 (No).
16251.jpg,1,1,1,Is this meme misogynistic? Answer 1 (Yes) or 0 (No).
16251.jpg,1,0,0,Does this image and text combination express hate against women? Answer 1 or 0.
16251.jpg,1,1,1,"Classify this meme: 1 = misogynous, 0 = not misogynous. Output only the digit."
16251.jpg,1,0,0,Is this content offensive toward women? Answer 1 or 0.
16251.jpg,1,1,1,Look at the meme. Is it sexist? Answer only 1 (Yes) or 0 (No).
15587.jpg,0,0,0,Is this meme misogynistic? Answer 1 (Yes) or 0 (No).
15587.jpg,0,0,0,Does this image and text combination express hate against women? Answer 1 or 0.
15587.jpg,0,0,0,"Classify this meme: 1 = misogynous, 0 = not misogynous. Output only the digit."
15587.jpg,0,0,0,Is this content offensive toward women? Answer 1 or 0.
15587.jpg,0,0,0,Look at the meme. Is it sexist? Answer only 1 (Yes) or 0 (No).
15244.jpg,0,1,1,Is this meme misogynistic? Answer 1 (Yes) or 0 (No).
15244.jpg,0,0,0,Does this image and text combination express hate against women? Answer 1 or 0.
15244.jpg,0,0,0,"Classify this meme: 1 = misogynous, 0 = not misogynous. Output only the digit."
15244.jpg,0,0,0,Is this content offensive toward women? Answer 1 or 0.
15244.jpg,0,0,0,Look at the meme. Is it sexist? Answer only 1 (Yes) or 0 (No).
15720.jpg,0,1,1,Is this meme misogynistic? Answer 1 (Yes) or 0 (No).
15720.jpg,0,0,0,Does this image and text combination express hate against women? Answer 1 or 0.
15720.jpg,0,0,0,"Classify this meme: 1 = misogynous, 0 = not misogynous. Output only the digit."
15720.jpg,0,0,0,Is this content offensive toward women? Answer 1 or 0.
15720.jpg,0,0,0,Look at the meme. Is it sexist? Answer only 1 (Yes) or 0 (No).
17028.jpg,1,1,1,Is this meme misogynistic? Answer 1 (Yes) or 0 (No).
17028.jpg,1,0,0,Does this image and text combination express hate against women? Answer 1 or 0.
17028.jpg,1,0,0,"Classify this meme: 1 = misogynous, 0 = not misogynous. Output only the digit."
17028.jpg,1,0,0,Is this content offensive toward women? Answer 1 or 0.
17028.jpg,1,1,1,Look at the meme. Is it sexist? Answer only 1 (Yes) or 0 (No).
15850.jpg,1,1,Answer: 1 (Yes),Is this meme misogynistic? Answer 1 (Yes) or 0 (No).
15850.jpg,1,0,0,Does this image and text combination express hate against women? Answer 1 or 0.
15850.jpg,1,1,1,"Classify this meme: 1 = misogynous, 0 = not misogynous. Output only the digit."
15850.jpg,1,0,0,Is this content offensive toward women? Answer 1 or 0.
15850.jpg,1,1,1,Look at the meme. Is it sexist? Answer only 1 (Yes) or 0 (No).
17029.jpg,1,-1,The meme text you provided is misogynistic. It uses derogatory language to describe women and implies that violence is an appropriate response to perceived disrespect or rejection. This kind of language and sentiment can contribute to a culture of violence,Is this meme misogynistic? Answer 1 (Yes) or 0 (No).
17029.jpg,1,0,0,Does this image and text combination express hate against women? Answer 1 or 0.
17029.jpg,1,1,1,"Classify this meme: 1 = misogynous, 0 = not misogynous. Output only the digit."
17029.jpg,1,0,0,Is this content offensive toward women? Answer 1 or 0.
17029.jpg,1,1,1,Look at the meme. Is it sexist? Answer only 1 (Yes) or 0 (No).
15766.jpg,1,1,Answer: 1 (Yes),Is this meme misogynistic? Answer 1 (Yes) or 0 (No).
15766.jpg,1,0,0,Does this image and text combination express hate against women? Answer 1 or 0.
15766.jpg,1,1,1,"Classify this meme: 1 = misogynous, 0 = not misogynous. Output only the digit."
15766.jpg,1,0,0,Is this content offensive toward women? Answer 1 or 0.
15766.jpg,1,1,1,Look at the meme. Is it sexist? Answer only 1 (Yes) or 0 (No).
15442.jpg,1,1,Answer: 1 (Yes),Is this meme misogynistic? Answer 1 (Yes) or 0 (No).
15442.jpg,1,0,0,Does this image and text combination express hate against women? Answer 1 or 0.
15442.jpg,1,1,1,"Classify this meme: 1 = misogynous, 0 = not misogynous. Output only the digit."
15442.jpg,1,0,0,Is this content offensive toward women? Answer 1 or 0.
15442.jpg,1,1,1,Look at the meme. Is it sexist? Answer only 1 (Yes) or 0 (No).
15125.jpg,1,1,Answer: 1 (Yes),Is this meme misogynistic? Answer 1 (Yes) or 0 (No).
15125.jpg,1,0,0,Does this image and text combination express hate against women? Answer 1 or 0.
15125.jpg,1,0,0,"Classify this meme: 1 = misogynous, 0 = not misogynous. Output only the digit."
15125.jpg,1,0,0,Is this content offensive toward women? Answer 1 or 0.
15125.jpg,1,1,1,Look at the meme. Is it sexist? Answer only 1 (Yes) or 0 (No).
15312.jpg,1,1,1,Is this meme misogynistic? Answer 1 (Yes) or 0 (No).
15312.jpg,1,0,0,Does this image and text combination express hate against women? Answer 1 or 0.
15312.jpg,1,0,0,"Classify this meme: 1 = misogynous, 0 = not misogynous. Output only the digit."
15312.jpg,1,0,0,Is this content offensive toward women? Answer 1 or 0.
15312.jpg,1,1,1,Look at the meme. Is it sexist? Answer only 1 (Yes) or 0 (No).
15527.jpg,0,1,Answer: 1 (Yes),Is this meme misogynistic? Answer 1 (Yes) or 0 (No).
15527.jpg,0,0,0,Does this image and text combination express hate against women? Answer 1 or 0.
15527.jpg,0,0,0,"Classify this meme: 1 = misogynous, 0 = not misogynous. Output only the digit."
15527.jpg,0,0,0,Is this content offensive toward women? Answer 1 or 0.
15527.jpg,0,1,1,Look at the meme. Is it sexist? Answer only 1 (Yes) or 0 (No).
15500.jpg,1,1,Answer: 1 (Yes),Is this meme misogynistic? Answer 1 (Yes) or 0 (No).
15500.jpg,1,0,0,Does this image and text combination express hate against women? Answer 1 or 0.
15500.jpg,1,1,1,"Classify this meme: 1 = misogynous, 0 = not misogynous. Output only the digit."
15500.jpg,1,0,0,Is this content offensive toward women? Answer 1 or 0.
15500.jpg,1,1,1,Look at the meme. Is it sexist? Answer only 1 (Yes) or 0 (No).
15760.jpg,0,1,1,Is this meme misogynistic? Answer 1 (Yes) or 0 (No).
15760.jpg,0,0,0,Does this image and text combination express hate against women? Answer 1 or 0.
15760.jpg,0,0,0,"Classify this meme: 1 = misogynous, 0 = not misogynous. Output only the digit."
15760.jpg,0,0,0,Is this content offensive toward women? Answer 1 or 0.
15760.jpg,0,1,1,Look at the meme. Is it sexist? Answer only 1 (Yes) or 0 (No).
15479.jpg,1,1,1,Is this meme misogynistic? Answer 1 (Yes) or 0 (No).
15479.jpg,1,0,0,Does this image and text combination express hate against women? Answer 1 or 0.
15479.jpg,1,0,0,"Classify this meme: 1 = misogynous, 0 = not misogynous. Output only the digit."
15479.jpg,1,0,0,Is this content offensive toward women? Answer 1 or 0.
15479.jpg,1,0,0,Look at the meme. Is it sexist? Answer only 1 (Yes) or 0 (No).
15019.jpg,1,0,The meme text is misogynistic. It implies that a woman's desire for personal space is a trivial matter that can be easily resolved with physical violence. This kind of language promotes a harmful stereotype and is not appropriate or respect,Is this meme misogynistic? Answer 1 (Yes) or 0 (No).
15019.jpg,1,0,0,Does this image and text combination express hate against women? Answer 1 or 0.
15019.jpg,1,1,1,"Classify this meme: 1 = misogynous, 0 = not misogynous. Output only the digit."
15019.jpg,1,0,0,Is this content offensive toward women? Answer 1 or 0.
15019.jpg,1,1,1,Look at the meme. Is it sexist? Answer only 1 (Yes) or 0 (No).
15970.jpg,0,1,1 (Yes),Is this meme misogynistic? Answer 1 (Yes) or 0 (No).
15970.jpg,0,0,0,Does this image and text combination express hate against women? Answer 1 or 0.
15970.jpg,0,0,0,"Classify this meme: 1 = misogynous, 0 = not misogynous. Output only the digit."
15970.jpg,0,0,0,Is this content offensive toward women? Answer 1 or 0.
15970.jpg,0,0,0,Look at the meme. Is it sexist? Answer only 1 (Yes) or 0 (No).
15910.jpg,0,1,The meme you've provided contains text that is misogynistic and offensive. It is not appropriate to use language that degrades or objectifies individuals based on their gender or body parts. The meme is not respectful and should not,Is this meme misogynistic? Answer 1 (Yes) or 0 (No).
15910.jpg,0,0,0,Does this image and text combination express hate against women? Answer 1 or 0.
15910.jpg,0,1,1,"Classify this meme: 1 = misogynous, 0 = not misogynous. Output only the digit."
15910.jpg,0,0,0,Is this content offensive toward women? Answer 1 or 0.
15910.jpg,0,1,1,Look at the meme. Is it sexist? Answer only 1 (Yes) or 0 (No).
15360.jpg,1,0,"The meme you've provided appears to be misogynistic. It shows a woman taking a selfie from a perspective that is not flattering, with the caption suggesting that this is how women should take selfies. The implication",Is this meme misogynistic? Answer 1 (Yes) or 0 (No).
15360.jpg,1,0,0,Does this image and text combination express hate against women? Answer 1 or 0.
15360.jpg,1,1,1,"Classify this meme: 1 = misogynous, 0 = not misogynous. Output only the digit."
15360.jpg,1,0,0,Is this content offensive toward women? Answer 1 or 0.
15360.jpg,1,1,1,Look at the meme. Is it sexist? Answer only 1 (Yes) or 0 (No).
16166.jpg,1,1,1,Is this meme misogynistic? Answer 1 (Yes) or 0 (No).
16166.jpg,1,0,0,Does this image and text combination express hate against women? Answer 1 or 0.
16166.jpg,1,1,1,"Classify this meme: 1 = misogynous, 0 = not misogynous. Output only the digit."
16166.jpg,1,1,1,Is this content offensive toward women? Answer 1 or 0.
16166.jpg,1,1,1,Look at the meme. Is it sexist? Answer only 1 (Yes) or 0 (No).
15883.jpg,0,1,1,Is this meme misogynistic? Answer 1 (Yes) or 0 (No).
15883.jpg,0,0,0,Does this image and text combination express hate against women? Answer 1 or 0.
15883.jpg,0,0,0,"Classify this meme: 1 = misogynous, 0 = not misogynous. Output only the digit."
15883.jpg,0,0,0,Is this content offensive toward women? Answer 1 or 0.
15883.jpg,0,0,0,Look at the meme. Is it sexist? Answer only 1 (Yes) or 0 (No).
15492.jpg,0,0,"The meme features an image of Queen Elizabeth, who is a public figure and not a private individual. The text ""COME AT ME BRO"" is a phrase that is often used in a playful or confrontational manner, typically by a",Is this meme misogynistic? Answer 1 (Yes) or 0 (No).
15492.jpg,0,0,0,Does this image and text combination express hate against women? Answer 1 or 0.
15492.jpg,0,0,0,"Classify this meme: 1 = misogynous, 0 = not misogynous. Output only the digit."
15492.jpg,0,0,0,Is this content offensive toward women? Answer 1 or 0.
15492.jpg,0,0,0,Look at the meme. Is it sexist? Answer only 1 (Yes) or 0 (No).
16231.jpg,0,1,Answer: 1 (Yes),Is this meme misogynistic? Answer 1 (Yes) or 0 (No).
16231.jpg,0,0,0,Does this image and text combination express hate against women? Answer 1 or 0.
16231.jpg,0,0,0,"Classify this meme: 1 = misogynous, 0 = not misogynous. Output only the digit."
16231.jpg,0,0,0,Is this content offensive toward women? Answer 1 or 0.
16231.jpg,0,1,1,Look at the meme. Is it sexist? Answer only 1 (Yes) or 0 (No).
15728.jpg,0,0,"The meme you've provided features a person sitting on a pool float, surrounded by colorful pool noodles, with a caption that reads ""BRACE YOURSELVES SUMMER IS COMING."" The image is meant",Is this meme misogynistic? Answer 1 (Yes) or 0 (No).
15728.jpg,0,0,0,Does this image and text combination express hate against women? Answer 1 or 0.
15728.jpg,0,0,0,"Classify this meme: 1 = misogynous, 0 = not misogynous. Output only the digit."
15728.jpg,0,0,0,Is this content offensive toward women? Answer 1 or 0.
15728.jpg,0,0,0,Look at the meme. Is it sexist? Answer only 1 (Yes) or 0 (No).
15012.jpg,0,1,Answer: 1 (Yes),Is this meme misogynistic? Answer 1 (Yes) or 0 (No).
15012.jpg,0,0,0,Does this image and text combination express hate against women? Answer 1 or 0.
15012.jpg,0,0,0,"Classify this meme: 1 = misogynous, 0 = not misogynous. Output only the digit."
15012.jpg,0,0,0,Is this content offensive toward women? Answer 1 or 0.
15012.jpg,0,1,1,Look at the meme. Is it sexist? Answer only 1 (Yes) or 0 (No).
15949.jpg,0,1,Answer: 1 (Yes),Is this meme misogynistic? Answer 1 (Yes) or 0 (No).
15949.jpg,0,0,0,Does this image and text combination express hate against women? Answer 1 or 0.
15949.jpg,0,0,0,"Classify this meme: 1 = misogynous, 0 = not misogynous. Output only the digit."
15949.jpg,0,0,0,Is this content offensive toward women? Answer 1 or 0.
15949.jpg,0,1,1,Look at the meme. Is it sexist? Answer only 1 (Yes) or 0 (No).
16265.jpg,1,1,1,Is this meme misogynistic? Answer 1 (Yes) or 0 (No).
16265.jpg,1,0,0,Does this image and text combination express hate against women? Answer 1 or 0.
16265.jpg,1,0,0,"Classify this meme: 1 = misogynous, 0 = not misogynous. Output only the digit."
16265.jpg,1,0,0,Is this content offensive toward women? Answer 1 or 0.
16265.jpg,1,1,1,Look at the meme. Is it sexist? Answer only 1 (Yes) or 0 (No).
15205.jpg,1,-1,"The meme text ""YOU HAVE A NEW GIRLFRIEND? BECOMES HER BEST FRIEND"" can be interpreted as misogynistic because it implies that a man's primary role in a",Is this meme misogynistic? Answer 1 (Yes) or 0 (No).
15205.jpg,1,0,0,Does this image and text combination express hate against women? Answer 1 or 0.
15205.jpg,1,0,0,"Classify this meme: 1 = misogynous, 0 = not misogynous. Output only the digit."
15205.jpg,1,0,0,Is this content offensive toward women? Answer 1 or 0.
15205.jpg,1,1,1,Look at the meme. Is it sexist? Answer only 1 (Yes) or 0 (No).
15382.jpg,0,1,Answer: 1 (Yes),Is this meme misogynistic? Answer 1 (Yes) or 0 (No).
15382.jpg,0,0,0,Does this image and text combination express hate against women? Answer 1 or 0.
15382.jpg,0,0,0,"Classify this meme: 1 = misogynous, 0 = not misogynous. Output only the digit."
15382.jpg,0,0,0,Is this content offensive toward women? Answer 1 or 0.
15382.jpg,0,1,1,Look at the meme. Is it sexist? Answer only 1 (Yes) or 0 (No).
17072.jpg,0,1,1,Is this meme misogynistic? Answer 1 (Yes) or 0 (No).
17072.jpg,0,0,0,Does this image and text combination express hate against women? Answer 1 or 0.
17072.jpg,0,0,0,"Classify this meme: 1 = misogynous, 0 = not misogynous. Output only the digit."
17072.jpg,0,0,0,Is this content offensive toward women? Answer 1 or 0.
17072.jpg,0,0,0,Look at the meme. Is it sexist? Answer only 1 (Yes) or 0 (No).
15413.jpg,0,-1,"The meme contains text that is misogynistic. It implies that a woman's behavior is inherently suspicious and that she might be cheating, simply because she is going out with her friends. This kind of statement reinforces harmful",Is this meme misogynistic? Answer 1 (Yes) or 0 (No).
15413.jpg,0,0,0,Does this image and text combination express hate against women? Answer 1 or 0.
15413.jpg,0,1,1,"Classify this meme: 1 = misogynous, 0 = not misogynous. Output only the digit."
15413.jpg,0,1,1,Is this content offensive toward women? Answer 1 or 0.
15413.jpg,0,1,1,Look at the meme. Is it sexist? Answer only 1 (Yes) or 0 (No).
15613.jpg,0,1,1,Is this meme misogynistic? Answer 1 (Yes) or 0 (No).
15613.jpg,0,0,0,Does this image and text combination express hate against women? Answer 1 or 0.
15613.jpg,0,0,0,"Classify this meme: 1 = misogynous, 0 = not misogynous. Output only the digit."
15613.jpg,0,0,0,Is this content offensive toward women? Answer 1 or 0.
15613.jpg,0,1,1,Look at the meme. Is it sexist? Answer only 1 (Yes) or 0 (No).
15948.jpg,1,1,Answer: 1 (Yes),Is this meme misogynistic? Answer 1 (Yes) or 0 (No).
15948.jpg,1,0,0,Does this image and text combination express hate against women? Answer 1 or 0.
15948.jpg,1,1,1,"Classify this meme: 1 = misogynous, 0 = not misogynous. Output only the digit."
15948.jpg,1,1,1,Is this content offensive toward women? Answer 1 or 0.
15948.jpg,1,1,1,Look at the meme. Is it sexist? Answer only 1 (Yes) or 0 (No).
17062.jpg,1,1,The meme contains text that is misogynistic and offensive. It is not appropriate to use such language or to promote violence against anyone.,Is this meme misogynistic? Answer 1 (Yes) or 0 (No).
17062.jpg,1,0,0,Does this image and text combination express hate against women? Answer 1 or 0.
17062.jpg,1,1,1,"Classify this meme: 1 = misogynous, 0 = not misogynous. Output only the digit."
17062.jpg,1,0,0,Is this content offensive toward women? Answer 1 or 0.
17062.jpg,1,1,1,Look at the meme. Is it sexist? Answer only 1 (Yes) or 0 (No).
17051.jpg,0,0,Answer: 0 (No),Is this meme misogynistic? Answer 1 (Yes) or 0 (No).
17051.jpg,0,0,0,Does this image and text combination express hate against women? Answer 1 or 0.
17051.jpg,0,0,0,"Classify this meme: 1 = misogynous, 0 = not misogynous. Output only the digit."
17051.jpg,0,0,0,Is this content offensive toward women? Answer 1 or 0.
17051.jpg,0,0,0,Look at the meme. Is it sexist? Answer only 1 (Yes) or 0 (No).
15641.jpg,0,-1,"The meme text ""GOOD MORNING SEXY CHEERS TO YOU"" is misogynistic because it objectifies women by using the term ""sexy"" as a greeting. It implies that a woman's worth",Is this meme misogynistic? Answer 1 (Yes) or 0 (No).
15641.jpg,0,0,0,Does this image and text combination express hate against women? Answer 1 or 0.
15641.jpg,0,0,0,"Classify this meme: 1 = misogynous, 0 = not misogynous. Output only the digit."
15641.jpg,0,0,0,Is this content offensive toward women? Answer 1 or 0.
15641.jpg,0,1,1,Look at the meme. Is it sexist? Answer only 1 (Yes) or 0 (No).
16286.jpg,0,1,1,Is this meme misogynistic? Answer 1 (Yes) or 0 (No).
16286.jpg,0,0,0,Does this image and text combination express hate against women? Answer 1 or 0.
16286.jpg,0,0,0,"Classify this meme: 1 = misogynous, 0 = not misogynous. Output only the digit."
16286.jpg,0,0,0,Is this content offensive toward women? Answer 1 or 0.
16286.jpg,0,1,1,Look at the meme. Is it sexist? Answer only 1 (Yes) or 0 (No).
17059.jpg,1,1,1,Is this meme misogynistic? Answer 1 (Yes) or 0 (No).
17059.jpg,1,0,0,Does this image and text combination express hate against women? Answer 1 or 0.
17059.jpg,1,0,0,"Classify this meme: 1 = misogynous, 0 = not misogynous. Output only the digit."
17059.jpg,1,0,0,Is this content offensive toward women? Answer 1 or 0.
17059.jpg,1,1,1,Look at the meme. Is it sexist? Answer only 1 (Yes) or 0 (No).
15481.jpg,1,1,Answer: 1 (Yes),Is this meme misogynistic? Answer 1 (Yes) or 0 (No).
15481.jpg,1,0,0,Does this image and text combination express hate against women? Answer 1 or 0.
15481.jpg,1,1,1,"Classify this meme: 1 = misogynous, 0 = not misogynous. Output only the digit."
15481.jpg,1,1,1,Is this content offensive toward women? Answer 1 or 0.
15481.jpg,1,1,1,Look at the meme. Is it sexist? Answer only 1 (Yes) or 0 (No).
15339.jpg,1,1,Answer: 1 (Yes),Is this meme misogynistic? Answer 1 (Yes) or 0 (No).
15339.jpg,1,0,0,Does this image and text combination express hate against women? Answer 1 or 0.
15339.jpg,1,1,1,"Classify this meme: 1 = misogynous, 0 = not misogynous. Output only the digit."
15339.jpg,1,0,0,Is this content offensive toward women? Answer 1 or 0.
15339.jpg,1,1,1,Look at the meme. Is it sexist? Answer only 1 (Yes) or 0 (No).
17000.jpg,1,-1,"The meme text you provided contains a joke that is intended to be humorous but can be perceived as misogynistic. The joke is making light of a situation where a woman is swinging on a swing, and the speaker is unsure",Is this meme misogynistic? Answer 1 (Yes) or 0 (No).
17000.jpg,1,0,0,Does this image and text combination express hate against women? Answer 1 or 0.
17000.jpg,1,0,0,"Classify this meme: 1 = misogynous, 0 = not misogynous. Output only the digit."
17000.jpg,1,0,0,Is this content offensive toward women? Answer 1 or 0.
17000.jpg,1,1,1,Look at the meme. Is it sexist? Answer only 1 (Yes) or 0 (No).
15347.jpg,0,-1,"The meme text you provided is misogynistic. It reinforces harmful stereotypes about men and women, suggesting that being shy or awkward is a trait that is only acceptable for men, and that it is a reason why they will",Is this meme misogynistic? Answer 1 (Yes) or 0 (No).
15347.jpg,0,0,0,Does this image and text combination express hate against women? Answer 1 or 0.
15347.jpg,0,0,0,"Classify this meme: 1 = misogynous, 0 = not misogynous. Output only the digit."
15347.jpg,0,0,0,Is this content offensive toward women? Answer 1 or 0.
15347.jpg,0,1,1,Look at the meme. Is it sexist? Answer only 1 (Yes) or 0 (No).
15085.jpg,1,1,Answer: 1 (Yes),Is this meme misogynistic? Answer 1 (Yes) or 0 (No).
15085.jpg,1,0,0,Does this image and text combination express hate against women? Answer 1 or 0.
15085.jpg,1,1,1,"Classify this meme: 1 = misogynous, 0 = not misogynous. Output only the digit."
15085.jpg,1,1,1,Is this content offensive toward women? Answer 1 or 0.
15085.jpg,1,1,1,Look at the meme. Is it sexist? Answer only 1 (Yes) or 0 (No).
15629.jpg,1,1,1,Is this meme misogynistic? Answer 1 (Yes) or 0 (No).
15629.jpg,1,0,0,Does this image and text combination express hate against women? Answer 1 or 0.
15629.jpg,1,1,1,"Classify this meme: 1 = misogynous, 0 = not misogynous. Output only the digit."
15629.jpg,1,0,0,Is this content offensive toward women? Answer 1 or 0.
15629.jpg,1,1,1,Look at the meme. Is it sexist? Answer only 1 (Yes) or 0 (No).
17080.jpg,0,1,1,Is this meme misogynistic? Answer 1 (Yes) or 0 (No).
17080.jpg,0,0,0,Does this image and text combination express hate against women? Answer 1 or 0.
17080.jpg,0,0,0,"Classify this meme: 1 = misogynous, 0 = not misogynous. Output only the digit."
17080.jpg,0,0,0,Is this content offensive toward women? Answer 1 or 0.
17080.jpg,0,1,1,Look at the meme. Is it sexist? Answer only 1 (Yes) or 0 (No).
15446.jpg,0,1,1,Is this meme misogynistic? Answer 1 (Yes) or 0 (No).
15446.jpg,0,0,0,Does this image and text combination express hate against women? Answer 1 or 0.
15446.jpg,0,0,0,"Classify this meme: 1 = misogynous, 0 = not misogynous. Output only the digit."
15446.jpg,0,0,0,Is this content offensive toward women? Answer 1 or 0.
15446.jpg,0,0,0,Look at the meme. Is it sexist? Answer only 1 (Yes) or 0 (No).
16080.jpg,0,1,1,Is this meme misogynistic? Answer 1 (Yes) or 0 (No).
16080.jpg,0,0,0,Does this image and text combination express hate against women? Answer 1 or 0.
16080.jpg,0,0,0,"Classify this meme: 1 = misogynous, 0 = not misogynous. Output only the digit."
16080.jpg,0,0,0,Is this content offensive toward women? Answer 1 or 0.
16080.jpg,0,1,1,Look at the meme. Is it sexist? Answer only 1 (Yes) or 0 (No).
15334.jpg,0,1,1,Is this meme misogynistic? Answer 1 (Yes) or 0 (No).
15334.jpg,0,0,0,Does this image and text combination express hate against women? Answer 1 or 0.
15334.jpg,0,0,0,"Classify this meme: 1 = misogynous, 0 = not misogynous. Output only the digit."
15334.jpg,0,0,0,Is this content offensive toward women? Answer 1 or 0.
15334.jpg,0,1,1,Look at the meme. Is it sexist? Answer only 1 (Yes) or 0 (No).
16152.jpg,0,1,Answer: 1 (Yes),Is this meme misogynistic? Answer 1 (Yes) or 0 (No).
16152.jpg,0,0,0,Does this image and text combination express hate against women? Answer 1 or 0.
16152.jpg,0,1,1,"Classify this meme: 1 = misogynous, 0 = not misogynous. Output only the digit."
16152.jpg,0,0,0,Is this content offensive toward women? Answer 1 or 0.
16152.jpg,0,1,1,Look at the meme. Is it sexist? Answer only 1 (Yes) or 0 (No).
17075.jpg,1,0,"The meme you've shown contains text that is misogynistic and promotes violence against women. It is not appropriate or respectful, and it does not promote a healthy or positive image of men or women.",Is this meme misogynistic? Answer 1 (Yes) or 0 (No).
17075.jpg,1,0,0,Does this image and text combination express hate against women? Answer 1 or 0.
17075.jpg,1,1,1,"Classify this meme: 1 = misogynous, 0 = not misogynous. Output only the digit."
17075.jpg,1,0,0,Is this content offensive toward women? Answer 1 or 0.
17075.jpg,1,1,1,Look at the meme. Is it sexist? Answer only 1 (Yes) or 0 (No).
15824.jpg,1,1,Answer: 1 (Yes),Is this meme misogynistic? Answer 1 (Yes) or 0 (No).
15824.jpg,1,0,0,Does this image and text combination express hate against women? Answer 1 or 0.
15824.jpg,1,1,1,"Classify this meme: 1 = misogynous, 0 = not misogynous. Output only the digit."
15824.jpg,1,0,0,Is this content offensive toward women? Answer 1 or 0.
15824.jpg,1,1,1,Look at the meme. Is it sexist? Answer only 1 (Yes) or 0 (No).
15402.jpg,0,1,"The meme text is misogynistic because it uses the phrase ""baby gender reveal"" in a derogatory and sexist manner. It implies that the event is not a legitimate celebration of a child's gender identity but rather a",Is this meme misogynistic? Answer 1 (Yes) or 0 (No).
15402.jpg,0,0,0,Does this image and text combination express hate against women? Answer 1 or 0.
15402.jpg,0,0,0,"Classify this meme: 1 = misogynous, 0 = not misogynous. Output only the digit."
15402.jpg,0,0,0,Is this content offensive toward women? Answer 1 or 0.
15402.jpg,0,1,1,Look at the meme. Is it sexist? Answer only 1 (Yes) or 0 (No).
15989.jpg,0,1,1,Is this meme misogynistic? Answer 1 (Yes) or 0 (No).
15989.jpg,0,0,0,Does this image and text combination express hate against women? Answer 1 or 0.
15989.jpg,0,0,0,"Classify this meme: 1 = misogynous, 0 = not misogynous. Output only the digit."
15989.jpg,0,0,0,Is this content offensive toward women? Answer 1 or 0.
15989.jpg,0,0,0,Look at the meme. Is it sexist? Answer only 1 (Yes) or 0 (No).
15791.jpg,0,1,1,Is this meme misogynistic? Answer 1 (Yes) or 0 (No).
15791.jpg,0,0,0,Does this image and text combination express hate against women? Answer 1 or 0.
15791.jpg,0,0,0,"Classify this meme: 1 = misogynous, 0 = not misogynous. Output only the digit."
15791.jpg,0,0,0,Is this content offensive toward women? Answer 1 or 0.
15791.jpg,0,1,1,Look at the meme. Is it sexist? Answer only 1 (Yes) or 0 (No).
15465.jpg,0,0,"The image you've provided does not contain any text or elements that are inherently misogynistic. It features a squirrel interacting with a corn cob, which is a harmless and non-discriminatory depiction of",Is this meme misogynistic? Answer 1 (Yes) or 0 (No).
15465.jpg,0,0,0,Does this image and text combination express hate against women? Answer 1 or 0.
15465.jpg,0,0,0,"Classify this meme: 1 = misogynous, 0 = not misogynous. Output only the digit."
15465.jpg,0,0,0,Is this content offensive toward women? Answer 1 or 0.
15465.jpg,0,0,0,Look at the meme. Is it sexist? Answer only 1 (Yes) or 0 (No).
16297.jpg,1,1,1,Is this meme misogynistic? Answer 1 (Yes) or 0 (No).
16297.jpg,1,0,0,Does this image and text combination express hate against women? Answer 1 or 0.
16297.jpg,1,1,1,"Classify this meme: 1 = misogynous, 0 = not misogynous. Output only the digit."
16297.jpg,1,1,1,Is this content offensive toward women? Answer 1 or 0.
16297.jpg,1,1,1,Look at the meme. Is it sexist? Answer only 1 (Yes) or 0 (No).
15734.jpg,0,1,Answer: 1 (Yes),Is this meme misogynistic? Answer 1 (Yes) or 0 (No).
15734.jpg,0,0,0,Does this image and text combination express hate against women? Answer 1 or 0.
15734.jpg,0,0,0,"Classify this meme: 1 = misogynous, 0 = not misogynous. Output only the digit."
15734.jpg,0,0,0,Is this content offensive toward women? Answer 1 or 0.
15734.jpg,0,0,0,Look at the meme. Is it sexist? Answer only 1 (Yes) or 0 (No).
15459.jpg,0,1,1,Is this meme misogynistic? Answer 1 (Yes) or 0 (No).
15459.jpg,0,0,0,Does this image and text combination express hate against women? Answer 1 or 0.
15459.jpg,0,1,1,"Classify this meme: 1 = misogynous, 0 = not misogynous. Output only the digit."
15459.jpg,0,1,1,Is this content offensive toward women? Answer 1 or 0.
15459.jpg,0,1,1,Look at the meme. Is it sexist? Answer only 1 (Yes) or 0 (No).
15749.jpg,0,1,1,Is this meme misogynistic? Answer 1 (Yes) or 0 (No).
15749.jpg,0,0,0,Does this image and text combination express hate against women? Answer 1 or 0.
15749.jpg,0,0,0,"Classify this meme: 1 = misogynous, 0 = not misogynous. Output only the digit."
15749.jpg,0,0,0,Is this content offensive toward women? Answer 1 or 0.
15749.jpg,0,0,0,Look at the meme. Is it sexist? Answer only 1 (Yes) or 0 (No).
15343.jpg,0,1,Answer 1 (Yes). The meme is misogynistic because it reinforces the idea that women are objects to be used for sexual pleasure and that they are obligated to provide food. This perpetuates harmful stereotypes and,Is this meme misogynistic? Answer 1 (Yes) or 0 (No).
15343.jpg,0,0,0,Does this image and text combination express hate against women? Answer 1 or 0.
15343.jpg,0,0,0,"Classify this meme: 1 = misogynous, 0 = not misogynous. Output only the digit."
15343.jpg,0,0,0,Is this content offensive toward women? Answer 1 or 0.
15343.jpg,0,0,0,Look at the meme. Is it sexist? Answer only 1 (Yes) or 0 (No).
15658.jpg,0,1,Answer: 1 (Yes),Is this meme misogynistic? Answer 1 (Yes) or 0 (No).
15658.jpg,0,0,0,Does this image and text combination express hate against women? Answer 1 or 0.
15658.jpg,0,1,1,"Classify this meme: 1 = misogynous, 0 = not misogynous. Output only the digit."
15658.jpg,0,0,0,Is this content offensive toward women? Answer 1 or 0.
15658.jpg,0,1,1,Look at the meme. Is it sexist? Answer only 1 (Yes) or 0 (No).
15675.jpg,1,1,Answer: 1 (Yes),Is this meme misogynistic? Answer 1 (Yes) or 0 (No).
15675.jpg,1,0,0,Does this image and text combination express hate against women? Answer 1 or 0.
15675.jpg,1,1,1,"Classify this meme: 1 = misogynous, 0 = not misogynous. Output only the digit."
15675.jpg,1,0,0,Is this content offensive toward women? Answer 1 or 0.
15675.jpg,1,1,1,Look at the meme. Is it sexist? Answer only 1 (Yes) or 0 (No).
15653.jpg,0,1,"Answer 1 (Yes). The meme is misogynistic because it implies that the woman's primary purpose or role is to get married, and it suggests that the man's role is to decide who will get married first. This",Is this meme misogynistic? Answer 1 (Yes) or 0 (No).
15653.jpg,0,0,0,Does this image and text combination express hate against women? Answer 1 or 0.
15653.jpg,0,0,0,"Classify this meme: 1 = misogynous, 0 = not misogynous. Output only the digit."
15653.jpg,0,0,0,Is this content offensive toward women? Answer 1 or 0.
15653.jpg,0,1,1,Look at the meme. Is it sexist? Answer only 1 (Yes) or 0 (No).
15951.jpg,1,1,1,Is this meme misogynistic? Answer 1 (Yes) or 0 (No).
15951.jpg,1,0,0,Does this image and text combination express hate against women? Answer 1 or 0.
15951.jpg,1,1,1,"Classify this meme: 1 = misogynous, 0 = not misogynous. Output only the digit."
15951.jpg,1,1,1,Is this content offensive toward women? Answer 1 or 0.
15951.jpg,1,1,1,Look at the meme. Is it sexist? Answer only 1 (Yes) or 0 (No).
15274.jpg,0,1,1 (Yes),Is this meme misogynistic? Answer 1 (Yes) or 0 (No).
15274.jpg,0,0,0,Does this image and text combination express hate against women? Answer 1 or 0.
15274.jpg,0,0,0,"Classify this meme: 1 = misogynous, 0 = not misogynous. Output only the digit."
15274.jpg,0,0,0,Is this content offensive toward women? Answer 1 or 0.
15274.jpg,0,1,1,Look at the meme. Is it sexist? Answer only 1 (Yes) or 0 (No).
15837.jpg,1,1,1,Is this meme misogynistic? Answer 1 (Yes) or 0 (No).
15837.jpg,1,0,0,Does this image and text combination express hate against women? Answer 1 or 0.
15837.jpg,1,0,0,"Classify this meme: 1 = misogynous, 0 = not misogynous. Output only the digit."
15837.jpg,1,0,0,Is this content offensive toward women? Answer 1 or 0.
15837.jpg,1,1,1,Look at the meme. Is it sexist? Answer only 1 (Yes) or 0 (No).
15674.jpg,1,1,Answer: 1 (Yes),Is this meme misogynistic? Answer 1 (Yes) or 0 (No).
15674.jpg,1,0,0,Does this image and text combination express hate against women? Answer 1 or 0.
15674.jpg,1,0,0,"Classify this meme: 1 = misogynous, 0 = not misogynous. Output only the digit."
15674.jpg,1,0,0,Is this content offensive toward women? Answer 1 or 0.
15674.jpg,1,1,1,Look at the meme. Is it sexist? Answer only 1 (Yes) or 0 (No).
15773.jpg,0,-1,"The meme text ""COME CLEAN WHO HAD A RATS TAIL?"" is misogynistic because it implies that only women are capable of having a rat's tail, which is a stereotype and a form of",Is this meme misogynistic? Answer 1 (Yes) or 0 (No).
15773.jpg,0,0,0,Does this image and text combination express hate against women? Answer 1 or 0.
15773.jpg,0,0,0,"Classify this meme: 1 = misogynous, 0 = not misogynous. Output only the digit."
15773.jpg,0,0,0,Is this content offensive toward women? Answer 1 or 0.
15773.jpg,0,1,1,Look at the meme. Is it sexist? Answer only 1 (Yes) or 0 (No).
15646.jpg,1,1,1,Is this meme misogynistic? Answer 1 (Yes) or 0 (No).
15646.jpg,1,0,0,Does this image and text combination express hate against women? Answer 1 or 0.
15646.jpg,1,1,1,"Classify this meme: 1 = misogynous, 0 = not misogynous. Output only the digit."
15646.jpg,1,0,0,Is this content offensive toward women? Answer 1 or 0.
15646.jpg,1,1,1,Look at the meme. Is it sexist? Answer only 1 (Yes) or 0 (No).
16039.jpg,1,1,Answer: 1 (Yes),Is this meme misogynistic? Answer 1 (Yes) or 0 (No).
16039.jpg,1,0,0,Does this image and text combination express hate against women? Answer 1 or 0.
16039.jpg,1,0,0,"Classify this meme: 1 = misogynous, 0 = not misogynous. Output only the digit."
16039.jpg,1,0,0,Is this content offensive toward women? Answer 1 or 0.
16039.jpg,1,1,1,Look at the meme. Is it sexist? Answer only 1 (Yes) or 0 (No).
15498.jpg,1,1,"Answer 1 (Yes). The meme is misogynistic because it implies that feminism is only concerned with equality for men and women who commit the same crimes, which is not the case. Feminism advocates for equality in all",Is this meme misogynistic? Answer 1 (Yes) or 0 (No).
15498.jpg,1,0,0,Does this image and text combination express hate against women? Answer 1 or 0.
15498.jpg,1,1,1,"Classify this meme: 1 = misogynous, 0 = not misogynous. Output only the digit."
15498.jpg,1,0,0,Is this content offensive toward women? Answer 1 or 0.
15498.jpg,1,1,1,Look at the meme. Is it sexist? Answer only 1 (Yes) or 0 (No).
15729.jpg,0,-1,"The meme features a doll with a distorted face, which is often used to represent a situation where someone is trying to apply makeup in extreme heat or under difficult conditions. The text ""BUT YOU STILL TRYNA APPLY FOUNDATION",Is this meme misogynistic? Answer 1 (Yes) or 0 (No).
15729.jpg,0,0,0,Does this image and text combination express hate against women? Answer 1 or 0.
15729.jpg,0,0,0,"Classify this meme: 1 = misogynous, 0 = not misogynous. Output only the digit."
15729.jpg,0,0,0,Is this content offensive toward women? Answer 1 or 0.
15729.jpg,0,1,1,Look at the meme. Is it sexist? Answer only 1 (Yes) or 0 (No).
15484.jpg,0,1,1,Is this meme misogynistic? Answer 1 (Yes) or 0 (No).
15484.jpg,0,0,0,Does this image and text combination express hate against women? Answer 1 or 0.
15484.jpg,0,0,0,"Classify this meme: 1 = misogynous, 0 = not misogynous. Output only the digit."
15484.jpg,0,0,0,Is this content offensive toward women? Answer 1 or 0.
15484.jpg,0,0,0,Look at the meme. Is it sexist? Answer only 1 (Yes) or 0 (No).
15511.jpg,0,-1,"The meme you've provided appears to be a humorous take on a person's appearance, using exaggerated makeup and a caption that suggests a transformation into a more attractive version of themselves. The text ""JOHN HERR LO",Is this meme misogynistic? Answer 1 (Yes) or 0 (No).
15511.jpg,0,0,0,Does this image and text combination express hate against women? Answer 1 or 0.
15511.jpg,0,0,0,"Classify this meme: 1 = misogynous, 0 = not misogynous. Output only the digit."
15511.jpg,0,0,0,Is this content offensive toward women? Answer 1 or 0.
15511.jpg,0,1,1,Look at the meme. Is it sexist? Answer only 1 (Yes) or 0 (No).
15001.jpg,0,1,Answer 1 (Yes). The meme is misogynistic because it reinforces the idea that a woman's attractiveness is determined by her relationship status and that she should be content with being in a relationship with a man who is,Is this meme misogynistic? Answer 1 (Yes) or 0 (No).
15001.jpg,0,0,0,Does this image and text combination express hate against women? Answer 1 or 0.
15001.jpg,0,0,0,"Classify this meme: 1 = misogynous, 0 = not misogynous. Output only the digit."
15001.jpg,0,0,0,Is this content offensive toward women? Answer 1 or 0.
15001.jpg,0,1,1,Look at the meme. Is it sexist? Answer only 1 (Yes) or 0 (No).
16002.jpg,1,1,1,Is this meme misogynistic? Answer 1 (Yes) or 0 (No).
16002.jpg,1,0,0,Does this image and text combination express hate against women? Answer 1 or 0.
16002.jpg,1,0,0,"Classify this meme: 1 = misogynous, 0 = not misogynous. Output only the digit."
16002.jpg,1,0,0,Is this content offensive toward women? Answer 1 or 0.
16002.jpg,1,1,1,Look at the meme. Is it sexist? Answer only 1 (Yes) or 0 (No).
16157.jpg,0,1,1,Is this meme misogynistic? Answer 1 (Yes) or 0 (No).
16157.jpg,0,0,0,Does this image and text combination express hate against women? Answer 1 or 0.
16157.jpg,0,0,0,"Classify this meme: 1 = misogynous, 0 = not misogynous. Output only the digit."
16157.jpg,0,0,0,Is this content offensive toward women? Answer 1 or 0.
16157.jpg,0,0,0,Look at the meme. Is it sexist? Answer only 1 (Yes) or 0 (No).
15467.jpg,1,1,Answer: 1 (Yes),Is this meme misogynistic? Answer 1 (Yes) or 0 (No).
15467.jpg,1,0,0,Does this image and text combination express hate against women? Answer 1 or 0.
15467.jpg,1,1,1,"Classify this meme: 1 = misogynous, 0 = not misogynous. Output only the digit."
15467.jpg,1,0,0,Is this content offensive toward women? Answer 1 or 0.
15467.jpg,1,1,1,Look at the meme. Is it sexist? Answer only 1 (Yes) or 0 (No).
15105.jpg,0,1,Answer: 1 (Yes),Is this meme misogynistic? Answer 1 (Yes) or 0 (No).
15105.jpg,0,0,0,Does this image and text combination express hate against women? Answer 1 or 0.
15105.jpg,0,0,0,"Classify this meme: 1 = misogynous, 0 = not misogynous. Output only the digit."
15105.jpg,0,0,0,Is this content offensive toward women? Answer 1 or 0.
15105.jpg,0,0,0,Look at the meme. Is it sexist? Answer only 1 (Yes) or 0 (No).
15919.jpg,1,1,Answer: 1 (Yes),Is this meme misogynistic? Answer 1 (Yes) or 0 (No).
15919.jpg,1,0,0,Does this image and text combination express hate against women? Answer 1 or 0.
15919.jpg,1,1,1,"Classify this meme: 1 = misogynous, 0 = not misogynous. Output only the digit."
15919.jpg,1,0,0,Is this content offensive toward women? Answer 1 or 0.
15919.jpg,1,1,1,Look at the meme. Is it sexist? Answer only 1 (Yes) or 0 (No).
16133.jpg,1,1,1,Is this meme misogynistic? Answer 1 (Yes) or 0 (No).
16133.jpg,1,0,0,Does this image and text combination express hate against women? Answer 1 or 0.
16133.jpg,1,0,0,"Classify this meme: 1 = misogynous, 0 = not misogynous. Output only the digit."
16133.jpg,1,0,0,Is this content offensive toward women? Answer 1 or 0.
16133.jpg,1,0,0,Look at the meme. Is it sexist? Answer only 1 (Yes) or 0 (No).
15661.jpg,0,1,1,Is this meme misogynistic? Answer 1 (Yes) or 0 (No).
15661.jpg,0,0,0,Does this image and text combination express hate against women? Answer 1 or 0.
15661.jpg,0,1,1,"Classify this meme: 1 = misogynous, 0 = not misogynous. Output only the digit."
15661.jpg,0,0,0,Is this content offensive toward women? Answer 1 or 0.
15661.jpg,0,1,1,Look at the meme. Is it sexist? Answer only 1 (Yes) or 0 (No).
16271.jpg,1,1,Answer: 1 (Yes),Is this meme misogynistic? Answer 1 (Yes) or 0 (No).
16271.jpg,1,0,0,Does this image and text combination express hate against women? Answer 1 or 0.
16271.jpg,1,1,1,"Classify this meme: 1 = misogynous, 0 = not misogynous. Output only the digit."
16271.jpg,1,1,1,Is this content offensive toward women? Answer 1 or 0.
16271.jpg,1,1,1,Look at the meme. Is it sexist? Answer only 1 (Yes) or 0 (No).
16044.jpg,0,1,Answer: 1 (Yes),Is this meme misogynistic? Answer 1 (Yes) or 0 (No).
16044.jpg,0,0,0,Does this image and text combination express hate against women? Answer 1 or 0.
16044.jpg,0,1,1,"Classify this meme: 1 = misogynous, 0 = not misogynous. Output only the digit."
16044.jpg,0,0,0,Is this content offensive toward women? Answer 1 or 0.
16044.jpg,0,1,1,Look at the meme. Is it sexist? Answer only 1 (Yes) or 0 (No).
15717.jpg,1,1,"The meme text is misogynistic. It uses a derogatory term to describe a woman and implies that she is a ""dead hooker,"" which is a violent and offensive stereotype. The meme also implies that the woman is",Is this meme misogynistic? Answer 1 (Yes) or 0 (No).
15717.jpg,1,0,0,Does this image and text combination express hate against women? Answer 1 or 0.
15717.jpg,1,1,1,"Classify this meme: 1 = misogynous, 0 = not misogynous. Output only the digit."
15717.jpg,1,1,1,Is this content offensive toward women? Answer 1 or 0.
15717.jpg,1,1,1,Look at the meme. Is it sexist? Answer only 1 (Yes) or 0 (No).
15050.jpg,1,1,Answer: 1 (Yes),Is this meme misogynistic? Answer 1 (Yes) or 0 (No).
15050.jpg,1,0,0,Does this image and text combination express hate against women? Answer 1 or 0.
15050.jpg,1,1,1,"Classify this meme: 1 = misogynous, 0 = not misogynous. Output only the digit."
15050.jpg,1,1,1,Is this content offensive toward women? Answer 1 or 0.
15050.jpg,1,1,1,Look at the meme. Is it sexist? Answer only 1 (Yes) or 0 (No).
16179.jpg,1,1,1,Is this meme misogynistic? Answer 1 (Yes) or 0 (No).
16179.jpg,1,0,0,Does this image and text combination express hate against women? Answer 1 or 0.
16179.jpg,1,0,0,"Classify this meme: 1 = misogynous, 0 = not misogynous. Output only the digit."
16179.jpg,1,0,0,Is this content offensive toward women? Answer 1 or 0.
16179.jpg,1,0,0,Look at the meme. Is it sexist? Answer only 1 (Yes) or 0 (No).
15633.jpg,0,1,1,Is this meme misogynistic? Answer 1 (Yes) or 0 (No).
15633.jpg,0,0,0,Does this image and text combination express hate against women? Answer 1 or 0.
15633.jpg,0,0,0,"Classify this meme: 1 = misogynous, 0 = not misogynous. Output only the digit."
15633.jpg,0,0,0,Is this content offensive toward women? Answer 1 or 0.
15633.jpg,0,0,0,Look at the meme. Is it sexist? Answer only 1 (Yes) or 0 (No).
15202.jpg,1,1,Answer: 1 (Yes),Is this meme misogynistic? Answer 1 (Yes) or 0 (No).
15202.jpg,1,0,0,Does this image and text combination express hate against women? Answer 1 or 0.
15202.jpg,1,1,1,"Classify this meme: 1 = misogynous, 0 = not misogynous. Output only the digit."
15202.jpg,1,1,1,Is this content offensive toward women? Answer 1 or 0.
15202.jpg,1,1,1,Look at the meme. Is it sexist? Answer only 1 (Yes) or 0 (No).
15121.jpg,1,1,The meme contains text that is misogynistic and offensive. It is not appropriate to share or promote such content.,Is this meme misogynistic? Answer 1 (Yes) or 0 (No).
15121.jpg,1,0,0,Does this image and text combination express hate against women? Answer 1 or 0.
15121.jpg,1,1,1,"Classify this meme: 1 = misogynous, 0 = not misogynous. Output only the digit."
15121.jpg,1,1,1,Is this content offensive toward women? Answer 1 or 0.
15121.jpg,1,1,1,Look at the meme. Is it sexist? Answer only 1 (Yes) or 0 (No).
16035.jpg,1,1,1,Is this meme misogynistic? Answer 1 (Yes) or 0 (No).
16035.jpg,1,0,0,Does this image and text combination express hate against women? Answer 1 or 0.
16035.jpg,1,0,0,"Classify this meme: 1 = misogynous, 0 = not misogynous. Output only the digit."
16035.jpg,1,0,0,Is this content offensive toward women? Answer 1 or 0.
16035.jpg,1,0,0,Look at the meme. Is it sexist? Answer only 1 (Yes) or 0 (No).
15247.jpg,1,1,Answer: 1 (Yes),Is this meme misogynistic? Answer 1 (Yes) or 0 (No).
15247.jpg,1,0,0,Does this image and text combination express hate against women? Answer 1 or 0.
15247.jpg,1,1,1,"Classify this meme: 1 = misogynous, 0 = not misogynous. Output only the digit."
15247.jpg,1,0,0,Is this content offensive toward women? Answer 1 or 0.
15247.jpg,1,1,1,Look at the meme. Is it sexist? Answer only 1 (Yes) or 0 (No).
16159.jpg,0,1,Answer: 1 (Yes),Is this meme misogynistic? Answer 1 (Yes) or 0 (No).
16159.jpg,0,0,0,Does this image and text combination express hate against women? Answer 1 or 0.
16159.jpg,0,0,0,"Classify this meme: 1 = misogynous, 0 = not misogynous. Output only the digit."
16159.jpg,0,0,0,Is this content offensive toward women? Answer 1 or 0.
16159.jpg,0,1,1,Look at the meme. Is it sexist? Answer only 1 (Yes) or 0 (No).
15698.jpg,0,1,1,Is this meme misogynistic? Answer 1 (Yes) or 0 (No).
15698.jpg,0,0,0,Does this image and text combination express hate against women? Answer 1 or 0.
15698.jpg,0,0,0,"Classify this meme: 1 = misogynous, 0 = not misogynous. Output only the digit."
15698.jpg,0,0,0,Is this content offensive toward women? Answer 1 or 0.
15698.jpg,0,1,1,Look at the meme. Is it sexist? Answer only 1 (Yes) or 0 (No).
15143.jpg,1,1,Answer: 1 (Yes),Is this meme misogynistic? Answer 1 (Yes) or 0 (No).
15143.jpg,1,0,0,Does this image and text combination express hate against women? Answer 1 or 0.
15143.jpg,1,1,1,"Classify this meme: 1 = misogynous, 0 = not misogynous. Output only the digit."
15143.jpg,1,0,0,Is this content offensive toward women? Answer 1 or 0.
15143.jpg,1,1,1,Look at the meme. Is it sexist? Answer only 1 (Yes) or 0 (No).
16132.jpg,1,1,1,Is this meme misogynistic? Answer 1 (Yes) or 0 (No).
16132.jpg,1,0,0,Does this image and text combination express hate against women? Answer 1 or 0.
16132.jpg,1,0,0,"Classify this meme: 1 = misogynous, 0 = not misogynous. Output only the digit."
16132.jpg,1,0,0,Is this content offensive toward women? Answer 1 or 0.
16132.jpg,1,1,1,Look at the meme. Is it sexist? Answer only 1 (Yes) or 0 (No).
17039.jpg,1,-1,"The meme appears to be misogynistic. It uses the name of a woman, Erin Brockovich, to create a derogatory term ""the queen of the karens,"" which is likely intended to be humorous",Is this meme misogynistic? Answer 1 (Yes) or 0 (No).
17039.jpg,1,0,0,Does this image and text combination express hate against women? Answer 1 or 0.
17039.jpg,1,1,1,"Classify this meme: 1 = misogynous, 0 = not misogynous. Output only the digit."
17039.jpg,1,0,0,Is this content offensive toward women? Answer 1 or 0.
17039.jpg,1,1,1,Look at the meme. Is it sexist? Answer only 1 (Yes) or 0 (No).
15714.jpg,1,-1,"The meme text is misogynistic. It uses derogatory language to stereotype women and implies that they are only interested in men for their physical attributes, specifically their genitalia. This kind of language is harmful and reinforces",Is this meme misogynistic? Answer 1 (Yes) or 0 (No).
15714.jpg,1,0,0,Does this image and text combination express hate against women? Answer 1 or 0.
15714.jpg,1,1,1,"Classify this meme: 1 = misogynous, 0 = not misogynous. Output only the digit."
15714.jpg,1,0,0,Is this content offensive toward women? Answer 1 or 0.
15714.jpg,1,1,1,Look at the meme. Is it sexist? Answer only 1 (Yes) or 0 (No).
15213.jpg,1,1,1,Is this meme misogynistic? Answer 1 (Yes) or 0 (No).
15213.jpg,1,0,0,Does this image and text combination express hate against women? Answer 1 or 0.
15213.jpg,1,0,0,"Classify this meme: 1 = misogynous, 0 = not misogynous. Output only the digit."
15213.jpg,1,0,0,Is this content offensive toward women? Answer 1 or 0.
15213.jpg,1,0,0,Look at the meme. Is it sexist? Answer only 1 (Yes) or 0 (No).
15171.jpg,0,0,0,Is this meme misogynistic? Answer 1 (Yes) or 0 (No).
15171.jpg,0,0,0,Does this image and text combination express hate against women? Answer 1 or 0.
15171.jpg,0,0,0,"Classify this meme: 1 = misogynous, 0 = not misogynous. Output only the digit."
15171.jpg,0,0,0,Is this content offensive toward women? Answer 1 or 0.
15171.jpg,0,0,0,Look at the meme. Is it sexist? Answer only 1 (Yes) or 0 (No).
15081.jpg,0,1,1,Is this meme misogynistic? Answer 1 (Yes) or 0 (No).
15081.jpg,0,0,0,Does this image and text combination express hate against women? Answer 1 or 0.
15081.jpg,0,1,1,"Classify this meme: 1 = misogynous, 0 = not misogynous. Output only the digit."
15081.jpg,0,0,0,Is this content offensive toward women? Answer 1 or 0.
15081.jpg,0,1,1,Look at the meme. Is it sexist? Answer only 1 (Yes) or 0 (No).
15423.jpg,1,1,1,Is this meme misogynistic? Answer 1 (Yes) or 0 (No).
15423.jpg,1,0,0,Does this image and text combination express hate against women? Answer 1 or 0.
15423.jpg,1,1,1,"Classify this meme: 1 = misogynous, 0 = not misogynous. Output only the digit."
15423.jpg,1,0,0,Is this content offensive toward women? Answer 1 or 0.
15423.jpg,1,1,1,Look at the meme. Is it sexist? Answer only 1 (Yes) or 0 (No).
15776.jpg,0,1,1,Is this meme misogynistic? Answer 1 (Yes) or 0 (No).
15776.jpg,0,0,0,Does this image and text combination express hate against women? Answer 1 or 0.
15776.jpg,0,0,0,"Classify this meme: 1 = misogynous, 0 = not misogynous. Output only the digit."
15776.jpg,0,0,0,Is this content offensive toward women? Answer 1 or 0.
15776.jpg,0,1,1,Look at the meme. Is it sexist? Answer only 1 (Yes) or 0 (No).
15017.jpg,1,1,Answer: 1 (Yes),Is this meme misogynistic? Answer 1 (Yes) or 0 (No).
15017.jpg,1,0,0,Does this image and text combination express hate against women? Answer 1 or 0.
15017.jpg,1,0,0,"Classify this meme: 1 = misogynous, 0 = not misogynous. Output only the digit."
15017.jpg,1,0,0,Is this content offensive toward women? Answer 1 or 0.
15017.jpg,1,1,1,Look at the meme. Is it sexist? Answer only 1 (Yes) or 0 (No).
15974.jpg,1,1,Answer: 1 (Yes),Is this meme misogynistic? Answer 1 (Yes) or 0 (No).
15974.jpg,1,0,0,Does this image and text combination express hate against women? Answer 1 or 0.
15974.jpg,1,1,1,"Classify this meme: 1 = misogynous, 0 = not misogynous. Output only the digit."
15974.jpg,1,0,0,Is this content offensive toward women? Answer 1 or 0.
15974.jpg,1,1,1,Look at the meme. Is it sexist? Answer only 1 (Yes) or 0 (No).
16084.jpg,0,1,1,Is this meme misogynistic? Answer 1 (Yes) or 0 (No).
16084.jpg,0,0,0,Does this image and text combination express hate against women? Answer 1 or 0.
16084.jpg,0,1,1,"Classify this meme: 1 = misogynous, 0 = not misogynous. Output only the digit."
16084.jpg,0,0,0,Is this content offensive toward women? Answer 1 or 0.
16084.jpg,0,1,1,Look at the meme. Is it sexist? Answer only 1 (Yes) or 0 (No).
15089.jpg,1,1,"Answer 1 (Yes). The meme is misogynistic because it reinforces stereotypes about women's roles in the home, implying that women are expected to be responsible for cooking, cleaning, and taking care of the",Is this meme misogynistic? Answer 1 (Yes) or 0 (No).
15089.jpg,1,0,0,Does this image and text combination express hate against women? Answer 1 or 0.
15089.jpg,1,0,0,"Classify this meme: 1 = misogynous, 0 = not misogynous. Output only the digit."
15089.jpg,1,0,0,Is this content offensive toward women? Answer 1 or 0.
15089.jpg,1,1,1,Look at the meme. Is it sexist? Answer only 1 (Yes) or 0 (No).
15792.jpg,1,1,1,Is this meme misogynistic? Answer 1 (Yes) or 0 (No).
15792.jpg,1,0,0,Does this image and text combination express hate against women? Answer 1 or 0.
15792.jpg,1,0,0,"Classify this meme: 1 = misogynous, 0 = not misogynous. Output only the digit."
15792.jpg,1,0,0,Is this content offensive toward women? Answer 1 or 0.
15792.jpg,1,1,1,Look at the meme. Is it sexist? Answer only 1 (Yes) or 0 (No).
16118.jpg,1,1,Answer: 1 (Yes),Is this meme misogynistic? Answer 1 (Yes) or 0 (No).
16118.jpg,1,0,0,Does this image and text combination express hate against women? Answer 1 or 0.
16118.jpg,1,1,1,"Classify this meme: 1 = misogynous, 0 = not misogynous. Output only the digit."
16118.jpg,1,0,0,Is this content offensive toward women? Answer 1 or 0.
16118.jpg,1,1,1,Look at the meme. Is it sexist? Answer only 1 (Yes) or 0 (No).
15699.jpg,0,1,1 (Yes),Is this meme misogynistic? Answer 1 (Yes) or 0 (No).
15699.jpg,0,0,0,Does this image and text combination express hate against women? Answer 1 or 0.
15699.jpg,0,0,0,"Classify this meme: 1 = misogynous, 0 = not misogynous. Output only the digit."
15699.jpg,0,0,0,Is this content offensive toward women? Answer 1 or 0.
15699.jpg,0,0,0,Look at the meme. Is it sexist? Answer only 1 (Yes) or 0 (No).
15866.jpg,1,1,Answer: 1 (Yes),Is this meme misogynistic? Answer 1 (Yes) or 0 (No).
15866.jpg,1,0,0,Does this image and text combination express hate against women? Answer 1 or 0.
15866.jpg,1,1,1,"Classify this meme: 1 = misogynous, 0 = not misogynous. Output only the digit."
15866.jpg,1,1,1,Is this content offensive toward women? Answer 1 or 0.
15866.jpg,1,1,1,Look at the meme. Is it sexist? Answer only 1 (Yes) or 0 (No).
15582.jpg,0,1,Answer: 1 (Yes),Is this meme misogynistic? Answer 1 (Yes) or 0 (No).
15582.jpg,0,0,0,Does this image and text combination express hate against women? Answer 1 or 0.
15582.jpg,0,0,0,"Classify this meme: 1 = misogynous, 0 = not misogynous. Output only the digit."
15582.jpg,0,0,0,Is this content offensive toward women? Answer 1 or 0.
15582.jpg,0,0,0,Look at the meme. Is it sexist? Answer only 1 (Yes) or 0 (No).
16034.jpg,1,1,Answer: 1 (Yes),Is this meme misogynistic? Answer 1 (Yes) or 0 (No).
16034.jpg,1,0,0,Does this image and text combination express hate against women? Answer 1 or 0.
16034.jpg,1,0,0,"Classify this meme: 1 = misogynous, 0 = not misogynous. Output only the digit."
16034.jpg,1,0,0,Is this content offensive toward women? Answer 1 or 0.
16034.jpg,1,1,1,Look at the meme. Is it sexist? Answer only 1 (Yes) or 0 (No).
15025.jpg,0,0,"The meme features a woman with a caption that suggests a sudden emotional reaction. The text ""HELLO..."" implies that the person is experiencing an unexpected emotional response. While the meme itself is not inherently misogynistic, the",Is this meme misogynistic? Answer 1 (Yes) or 0 (No).
15025.jpg,0,0,0,Does this image and text combination express hate against women? Answer 1 or 0.
15025.jpg,0,1,1,"Classify this meme: 1 = misogynous, 0 = not misogynous. Output only the digit."
15025.jpg,0,0,0,Is this content offensive toward women? Answer 1 or 0.
15025.jpg,0,1,1,Look at the meme. Is it sexist? Answer only 1 (Yes) or 0 (No).
15631.jpg,1,1,Answer: 1 (Yes),Is this meme misogynistic? Answer 1 (Yes) or 0 (No).
15631.jpg,1,0,0,Does this image and text combination express hate against women? Answer 1 or 0.
15631.jpg,1,1,1,"Classify this meme: 1 = misogynous, 0 = not misogynous. Output only the digit."
15631.jpg,1,0,0,Is this content offensive toward women? Answer 1 or 0.
15631.jpg,1,1,1,Look at the meme. Is it sexist? Answer only 1 (Yes) or 0 (No).
15887.jpg,0,1,Answer: 1 (Yes),Is this meme misogynistic? Answer 1 (Yes) or 0 (No).
15887.jpg,0,0,0,Does this image and text combination express hate against women? Answer 1 or 0.
15887.jpg,0,0,0,"Classify this meme: 1 = misogynous, 0 = not misogynous. Output only the digit."
15887.jpg,0,0,0,Is this content offensive toward women? Answer 1 or 0.
15887.jpg,0,1,1,Look at the meme. Is it sexist? Answer only 1 (Yes) or 0 (No).
17021.jpg,1,1,Answer: 1 (Yes),Is this meme misogynistic? Answer 1 (Yes) or 0 (No).
17021.jpg,1,0,0,Does this image and text combination express hate against women? Answer 1 or 0.
17021.jpg,1,1,1,"Classify this meme: 1 = misogynous, 0 = not misogynous. Output only the digit."
17021.jpg,1,0,0,Is this content offensive toward women? Answer 1 or 0.
17021.jpg,1,1,1,Look at the meme. Is it sexist? Answer only 1 (Yes) or 0 (No).
15317.jpg,1,0,"The meme you've provided appears to be a humorous take on the ""Stepford Wives"" trope, which is often used to criticize societal expectations of women. The text ""BATTERIES NOT INCLUDED""",Is this meme misogynistic? Answer 1 (Yes) or 0 (No).
15317.jpg,1,0,0,Does this image and text combination express hate against women? Answer 1 or 0.
15317.jpg,1,1,1,"Classify this meme: 1 = misogynous, 0 = not misogynous. Output only the digit."
15317.jpg,1,0,0,Is this content offensive toward women? Answer 1 or 0.
15317.jpg,1,1,1,Look at the meme. Is it sexist? Answer only 1 (Yes) or 0 (No).
15913.jpg,1,1,Answer: 1 (Yes),Is this meme misogynistic? Answer 1 (Yes) or 0 (No).
15913.jpg,1,0,0,Does this image and text combination express hate against women? Answer 1 or 0.
15913.jpg,1,0,0,"Classify this meme: 1 = misogynous, 0 = not misogynous. Output only the digit."
15913.jpg,1,0,0,Is this content offensive toward women? Answer 1 or 0.
15913.jpg,1,1,1,Look at the meme. Is it sexist? Answer only 1 (Yes) or 0 (No).
15390.jpg,0,-1,"The meme appears to be misogynistic. It depicts a woman eating a sandwich and a man eating a sandwich, with the text ""EATING: WOMEN VS. MEN"" suggesting that there is a competition or",Is this meme misogynistic? Answer 1 (Yes) or 0 (No).
15390.jpg,0,0,0,Does this image and text combination express hate against women? Answer 1 or 0.
15390.jpg,0,1,1,"Classify this meme: 1 = misogynous, 0 = not misogynous. Output only the digit."
15390.jpg,0,0,0,Is this content offensive toward women? Answer 1 or 0.
15390.jpg,0,1,1,Look at the meme. Is it sexist? Answer only 1 (Yes) or 0 (No).
15196.jpg,0,0,"The meme contains text that is misogynistic. It implies that feminists have made a false claim that only men are abusers, which is not true. The meme is using a stereotype to make a point, which is not",Is this meme misogynistic? Answer 1 (Yes) or 0 (No).
15196.jpg,0,0,0,Does this image and text combination express hate against women? Answer 1 or 0.
15196.jpg,0,1,1,"Classify this meme: 1 = misogynous, 0 = not misogynous. Output only the digit."
15196.jpg,0,0,0,Is this content offensive toward women? Answer 1 or 0.
15196.jpg,0,1,1,Look at the meme. Is it sexist? Answer only 1 (Yes) or 0 (No).
17048.jpg,1,1,1,Is this meme misogynistic? Answer 1 (Yes) or 0 (No).
17048.jpg,1,0,0,Does this image and text combination express hate against women? Answer 1 or 0.
17048.jpg,1,0,0,"Classify this meme: 1 = misogynous, 0 = not misogynous. Output only the digit."
17048.jpg,1,0,0,Is this content offensive toward women? Answer 1 or 0.
17048.jpg,1,0,0,Look at the meme. Is it sexist? Answer only 1 (Yes) or 0 (No).
16308.jpg,1,1,Answer: 1 (Yes),Is this meme misogynistic? Answer 1 (Yes) or 0 (No).
16308.jpg,1,0,0,Does this image and text combination express hate against women? Answer 1 or 0.
16308.jpg,1,1,1,"Classify this meme: 1 = misogynous, 0 = not misogynous. Output only the digit."
16308.jpg,1,0,0,Is this content offensive toward women? Answer 1 or 0.
16308.jpg,1,1,1,Look at the meme. Is it sexist? Answer only 1 (Yes) or 0 (No).
15432.jpg,1,1,Answer: 1 (Yes),Is this meme misogynistic? Answer 1 (Yes) or 0 (No).
15432.jpg,1,0,0,Does this image and text combination express hate against women? Answer 1 or 0.
15432.jpg,1,1,1,"Classify this meme: 1 = misogynous, 0 = not misogynous. Output only the digit."
15432.jpg,1,1,1,Is this content offensive toward women? Answer 1 or 0.
15432.jpg,1,1,1,Look at the meme. Is it sexist? Answer only 1 (Yes) or 0 (No).
15305.jpg,1,-1,"The meme you've provided appears to be a humorous take on a common household scenario, where a man is hungry and a woman is in the kitchen. The text ""MAN HUNGRY Woman Kitchen"" is a play on words,",Is this meme misogynistic? Answer 1 (Yes) or 0 (No).
15305.jpg,1,0,0,Does this image and text combination express hate against women? Answer 1 or 0.
15305.jpg,1,0,0,"Classify this meme: 1 = misogynous, 0 = not misogynous. Output only the digit."
15305.jpg,1,0,0,Is this content offensive toward women? Answer 1 or 0.
15305.jpg,1,1,1,Look at the meme. Is it sexist? Answer only 1 (Yes) or 0 (No).
15324.jpg,0,1,1,Is this meme misogynistic? Answer 1 (Yes) or 0 (No).
15324.jpg,0,0,0,Does this image and text combination express hate against women? Answer 1 or 0.
15324.jpg,0,0,0,"Classify this meme: 1 = misogynous, 0 = not misogynous. Output only the digit."
15324.jpg,0,0,0,Is this content offensive toward women? Answer 1 or 0.
15324.jpg,0,1,1,Look at the meme. Is it sexist? Answer only 1 (Yes) or 0 (No).
15180.jpg,1,0,"The meme text is misogynistic because it reinforces stereotypes about women's physical characteristics and abilities. It implies that a woman's strength and independence are somehow diminished by her height, which is not the case.",Is this meme misogynistic? Answer 1 (Yes) or 0 (No).
15180.jpg,1,0,0,Does this image and text combination express hate against women? Answer 1 or 0.
15180.jpg,1,0,0,"Classify this meme: 1 = misogynous, 0 = not misogynous. Output only the digit."
15180.jpg,1,0,0,Is this content offensive toward women? Answer 1 or 0.
15180.jpg,1,1,1,Look at the meme. Is it sexist? Answer only 1 (Yes) or 0 (No).
16061.jpg,0,0,0,Is this meme misogynistic? Answer 1 (Yes) or 0 (No).
16061.jpg,0,0,0,Does this image and text combination express hate against women? Answer 1 or 0.
16061.jpg,0,0,0,"Classify this meme: 1 = misogynous, 0 = not misogynous. Output only the digit."
16061.jpg,0,0,0,Is this content offensive toward women? Answer 1 or 0.
16061.jpg,0,0,0,Look at the meme. Is it sexist? Answer only 1 (Yes) or 0 (No).
15956.jpg,1,1,1,Is this meme misogynistic? Answer 1 (Yes) or 0 (No).
15956.jpg,1,0,0,Does this image and text combination express hate against women? Answer 1 or 0.
15956.jpg,1,0,0,"Classify this meme: 1 = misogynous, 0 = not misogynous. Output only the digit."
15956.jpg,1,0,0,Is this content offensive toward women? Answer 1 or 0.
15956.jpg,1,1,1,Look at the meme. Is it sexist? Answer only 1 (Yes) or 0 (No).
16329.jpg,1,1,Answer: 1 (Yes),Is this meme misogynistic? Answer 1 (Yes) or 0 (No).
16329.jpg,1,0,0,Does this image and text combination express hate against women? Answer 1 or 0.
16329.jpg,1,1,1,"Classify this meme: 1 = misogynous, 0 = not misogynous. Output only the digit."
16329.jpg,1,1,1,Is this content offensive toward women? Answer 1 or 0.
16329.jpg,1,1,1,Look at the meme. Is it sexist? Answer only 1 (Yes) or 0 (No).
15803.jpg,0,1,Answer: 1 (Yes),Is this meme misogynistic? Answer 1 (Yes) or 0 (No).
15803.jpg,0,0,0,Does this image and text combination express hate against women? Answer 1 or 0.
15803.jpg,0,1,1,"Classify this meme: 1 = misogynous, 0 = not misogynous. Output only the digit."
15803.jpg,0,1,1,Is this content offensive toward women? Answer 1 or 0.
15803.jpg,0,1,1,Look at the meme. Is it sexist? Answer only 1 (Yes) or 0 (No).
15257.jpg,1,-1,"The meme text you provided is misogynistic. It uses the term ""bitch"" in a derogatory manner and implies that the person being addressed should be submissive and perform a task for the speaker. This kind of language",Is this meme misogynistic? Answer 1 (Yes) or 0 (No).
15257.jpg,1,0,0,Does this image and text combination express hate against women? Answer 1 or 0.
15257.jpg,1,1,1,"Classify this meme: 1 = misogynous, 0 = not misogynous. Output only the digit."
15257.jpg,1,0,0,Is this content offensive toward women? Answer 1 or 0.
15257.jpg,1,1,1,Look at the meme. Is it sexist? Answer only 1 (Yes) or 0 (No).
15880.jpg,0,1,1,Is this meme misogynistic? Answer 1 (Yes) or 0 (No).
15880.jpg,0,0,0,Does this image and text combination express hate against women? Answer 1 or 0.
15880.jpg,0,0,0,"Classify this meme: 1 = misogynous, 0 = not misogynous. Output only the digit."
15880.jpg,0,0,0,Is this content offensive toward women? Answer 1 or 0.
15880.jpg,0,1,1,Look at the meme. Is it sexist? Answer only 1 (Yes) or 0 (No).
15133.jpg,1,-1,"The meme text is misogynistic. It implies that a young woman who offers herself as a sex object is a ""boy toy,"" which is a derogatory term for a young woman who is sexually submissive to an older",Is this meme misogynistic? Answer 1 (Yes) or 0 (No).
15133.jpg,1,0,0,Does this image and text combination express hate against women? Answer 1 or 0.
15133.jpg,1,1,1,"Classify this meme: 1 = misogynous, 0 = not misogynous. Output only the digit."
15133.jpg,1,0,0,Is this content offensive toward women? Answer 1 or 0.
15133.jpg,1,1,1,Look at the meme. Is it sexist? Answer only 1 (Yes) or 0 (No).
15536.jpg,0,1,Answer: 1 (Yes),Is this meme misogynistic? Answer 1 (Yes) or 0 (No).
15536.jpg,0,0,0,Does this image and text combination express hate against women? Answer 1 or 0.
15536.jpg,0,0,0,"Classify this meme: 1 = misogynous, 0 = not misogynous. Output only the digit."
15536.jpg,0,0,0,Is this content offensive toward women? Answer 1 or 0.
15536.jpg,0,1,1,Look at the meme. Is it sexist? Answer only 1 (Yes) or 0 (No).
15671.jpg,1,1,Answer: 1 (Yes),Is this meme misogynistic? Answer 1 (Yes) or 0 (No).
15671.jpg,1,0,0,Does this image and text combination express hate against women? Answer 1 or 0.
15671.jpg,1,1,1,"Classify this meme: 1 = misogynous, 0 = not misogynous. Output only the digit."
15671.jpg,1,0,0,Is this content offensive toward women? Answer 1 or 0.
15671.jpg,1,1,1,Look at the meme. Is it sexist? Answer only 1 (Yes) or 0 (No).
15380.jpg,0,1,1,Is this meme misogynistic? Answer 1 (Yes) or 0 (No).
15380.jpg,0,0,0,Does this image and text combination express hate against women? Answer 1 or 0.
15380.jpg,0,0,0,"Classify this meme: 1 = misogynous, 0 = not misogynous. Output only the digit."
15380.jpg,0,0,0,Is this content offensive toward women? Answer 1 or 0.
15380.jpg,0,0,0,Look at the meme. Is it sexist? Answer only 1 (Yes) or 0 (No).
15088.jpg,1,-1,"The meme text is misogynistic. It is making a derogatory and objectifying statement about women, implying that women are only valued for their physical appearance and that their worth is tied to their attractiveness to men. This kind",Is this meme misogynistic? Answer 1 (Yes) or 0 (No).
15088.jpg,1,0,0,Does this image and text combination express hate against women? Answer 1 or 0.
15088.jpg,1,1,1,"Classify this meme: 1 = misogynous, 0 = not misogynous. Output only the digit."
15088.jpg,1,1,1,Is this content offensive toward women? Answer 1 or 0.
15088.jpg,1,1,1,Look at the meme. Is it sexist? Answer only 1 (Yes) or 0 (No).
15106.jpg,0,-1,"The meme you've provided features a dog with a caption that is intended to be humorous by anthropomorphizing the dog, attributing it with human-like behavior and speech. The phrase ""look at my fluffy butt""",Is this meme misogynistic? Answer 1 (Yes) or 0 (No).
15106.jpg,0,0,0,Does this image and text combination express hate against women? Answer 1 or 0.
15106.jpg,0,0,0,"Classify this meme: 1 = misogynous, 0 = not misogynous. Output only the digit."
15106.jpg,0,0,0,Is this content offensive toward women? Answer 1 or 0.
15106.jpg,0,0,0,Look at the meme. Is it sexist? Answer only 1 (Yes) or 0 (No).
15636.jpg,0,1,1,Is this meme misogynistic? Answer 1 (Yes) or 0 (No).
15636.jpg,0,0,0,Does this image and text combination express hate against women? Answer 1 or 0.
15636.jpg,0,0,0,"Classify this meme: 1 = misogynous, 0 = not misogynous. Output only the digit."
15636.jpg,0,0,0,Is this content offensive toward women? Answer 1 or 0.
15636.jpg,0,1,1,Look at the meme. Is it sexist? Answer only 1 (Yes) or 0 (No).
17063.jpg,1,-1,"The meme appears to be a play on words, using the term ""samwich barbie"" as a humorous way to describe a doll with a face that has been altered or ""sandwiched"" together. The text ""M",Is this meme misogynistic? Answer 1 (Yes) or 0 (No).
17063.jpg,1,0,0,Does this image and text combination express hate against women? Answer 1 or 0.
17063.jpg,1,0,0,"Classify this meme: 1 = misogynous, 0 = not misogynous. Output only the digit."
17063.jpg,1,0,0,Is this content offensive toward women? Answer 1 or 0.
17063.jpg,1,0,0,Look at the meme. Is it sexist? Answer only 1 (Yes) or 0 (No).
15972.jpg,1,1,Answer: 1 (Yes),Is this meme misogynistic? Answer 1 (Yes) or 0 (No).
15972.jpg,1,0,0,Does this image and text combination express hate against women? Answer 1 or 0.
15972.jpg,1,1,1,"Classify this meme: 1 = misogynous, 0 = not misogynous. Output only the digit."
15972.jpg,1,1,1,Is this content offensive toward women? Answer 1 or 0.
15972.jpg,1,1,1,Look at the meme. Is it sexist? Answer only 1 (Yes) or 0 (No).
15944.jpg,1,1,1,Is this meme misogynistic? Answer 1 (Yes) or 0 (No).
15944.jpg,1,0,0,Does this image and text combination express hate against women? Answer 1 or 0.
15944.jpg,1,0,0,"Classify this meme: 1 = misogynous, 0 = not misogynous. Output only the digit."
15944.jpg,1,0,0,Is this content offensive toward women? Answer 1 or 0.
15944.jpg,1,0,0,Look at the meme. Is it sexist? Answer only 1 (Yes) or 0 (No).
17008.jpg,1,1,The meme you've shown contains text that is misogynistic and offensive. It implies that the woman's pregnancy is a negative outcome that should be avoided in the future. This kind of language is not respectful and can be hurt,Is this meme misogynistic? Answer 1 (Yes) or 0 (No).
17008.jpg,1,0,0,Does this image and text combination express hate against women? Answer 1 or 0.
17008.jpg,1,1,1,"Classify this meme: 1 = misogynous, 0 = not misogynous. Output only the digit."
17008.jpg,1,0,0,Is this content offensive toward women? Answer 1 or 0.
17008.jpg,1,1,1,Look at the meme. Is it sexist? Answer only 1 (Yes) or 0 (No).
15750.jpg,0,1,1,Is this meme misogynistic? Answer 1 (Yes) or 0 (No).
15750.jpg,0,0,0,Does this image and text combination express hate against women? Answer 1 or 0.
15750.jpg,0,0,0,"Classify this meme: 1 = misogynous, 0 = not misogynous. Output only the digit."
15750.jpg,0,0,0,Is this content offensive toward women? Answer 1 or 0.
15750.jpg,0,0,0,Look at the meme. Is it sexist? Answer only 1 (Yes) or 0 (No).
15189.jpg,0,1,Answer: 1 (Yes),Is this meme misogynistic? Answer 1 (Yes) or 0 (No).
15189.jpg,0,0,0,Does this image and text combination express hate against women? Answer 1 or 0.
15189.jpg,0,1,1,"Classify this meme: 1 = misogynous, 0 = not misogynous. Output only the digit."
15189.jpg,0,0,0,Is this content offensive toward women? Answer 1 or 0.
15189.jpg,0,1,1,Look at the meme. Is it sexist? Answer only 1 (Yes) or 0 (No).
15062.jpg,0,1,1 (Yes),Is this meme misogynistic? Answer 1 (Yes) or 0 (No).
15062.jpg,0,0,0,Does this image and text combination express hate against women? Answer 1 or 0.
15062.jpg,0,0,0,"Classify this meme: 1 = misogynous, 0 = not misogynous. Output only the digit."
15062.jpg,0,0,0,Is this content offensive toward women? Answer 1 or 0.
15062.jpg,0,1,1,Look at the meme. Is it sexist? Answer only 1 (Yes) or 0 (No).
15485.jpg,0,1,Answer 1 (Yes). The meme is misogynistic because it uses a stereotype about women's sexuality to make a joke about making a sandwich. The joke is based on the idea that women are less capable or less interested,Is this meme misogynistic? Answer 1 (Yes) or 0 (No).
15485.jpg,0,0,0,Does this image and text combination express hate against women? Answer 1 or 0.
15485.jpg,0,0,0,"Classify this meme: 1 = misogynous, 0 = not misogynous. Output only the digit."
15485.jpg,0,0,0,Is this content offensive toward women? Answer 1 or 0.
15485.jpg,0,1,1,Look at the meme. Is it sexist? Answer only 1 (Yes) or 0 (No).
15137.jpg,0,0,"The meme you've provided appears to be a humorous take on the stereotype that women are more likely to be found in the kitchen, while men are not. The text ""WOMEN IN KITCHEN"" is accompanied by",Is this meme misogynistic? Answer 1 (Yes) or 0 (No).
15137.jpg,0,0,0,Does this image and text combination express hate against women? Answer 1 or 0.
15137.jpg,0,0,0,"Classify this meme: 1 = misogynous, 0 = not misogynous. Output only the digit."
15137.jpg,0,0,0,Is this content offensive toward women? Answer 1 or 0.
15137.jpg,0,1,1,Look at the meme. Is it sexist? Answer only 1 (Yes) or 0 (No).
15723.jpg,0,0,"The meme appears to be misogynistic because it implies that only men are affected by children talking too much. This stereotype reinforces the idea that women are not capable of being bothered by excessive talking, which is not true and can",Is this meme misogynistic? Answer 1 (Yes) or 0 (No).
15723.jpg,0,0,0,Does this image and text combination express hate against women? Answer 1 or 0.
15723.jpg,0,1,1,"Classify this meme: 1 = misogynous, 0 = not misogynous. Output only the digit."
15723.jpg,0,0,0,Is this content offensive toward women? Answer 1 or 0.
15723.jpg,0,0,0,Look at the meme. Is it sexist? Answer only 1 (Yes) or 0 (No).
15262.jpg,1,1,1,Is this meme misogynistic? Answer 1 (Yes) or 0 (No).
15262.jpg,1,0,0,Does this image and text combination express hate against women? Answer 1 or 0.
15262.jpg,1,1,1,"Classify this meme: 1 = misogynous, 0 = not misogynous. Output only the digit."
15262.jpg,1,1,1,Is this content offensive toward women? Answer 1 or 0.
15262.jpg,1,1,1,Look at the meme. Is it sexist? Answer only 1 (Yes) or 0 (No).
15990.jpg,1,1,Answer: 1 (Yes),Is this meme misogynistic? Answer 1 (Yes) or 0 (No).
15990.jpg,1,0,0,Does this image and text combination express hate against women? Answer 1 or 0.
15990.jpg,1,1,1,"Classify this meme: 1 = misogynous, 0 = not misogynous. Output only the digit."
15990.jpg,1,1,1,Is this content offensive toward women? Answer 1 or 0.
15990.jpg,1,1,1,Look at the meme. Is it sexist? Answer only 1 (Yes) or 0 (No).
16091.jpg,1,1,Answer: 1 (Yes),Is this meme misogynistic? Answer 1 (Yes) or 0 (No).
16091.jpg,1,0,0,Does this image and text combination express hate against women? Answer 1 or 0.
16091.jpg,1,1,1,"Classify this meme: 1 = misogynous, 0 = not misogynous. Output only the digit."
16091.jpg,1,0,0,Is this content offensive toward women? Answer 1 or 0.
16091.jpg,1,1,1,Look at the meme. Is it sexist? Answer only 1 (Yes) or 0 (No).
16284.jpg,1,1,Answer: 1 (Yes),Is this meme misogynistic? Answer 1 (Yes) or 0 (No).
16284.jpg,1,0,0,Does this image and text combination express hate against women? Answer 1 or 0.
16284.jpg,1,1,1,"Classify this meme: 1 = misogynous, 0 = not misogynous. Output only the digit."
16284.jpg,1,1,1,Is this content offensive toward women? Answer 1 or 0.
16284.jpg,1,1,1,Look at the meme. Is it sexist? Answer only 1 (Yes) or 0 (No).
16204.jpg,1,1,1,Is this meme misogynistic? Answer 1 (Yes) or 0 (No).
16204.jpg,1,0,0,Does this image and text combination express hate against women? Answer 1 or 0.
16204.jpg,1,0,0,"Classify this meme: 1 = misogynous, 0 = not misogynous. Output only the digit."
16204.jpg,1,0,0,Is this content offensive toward women? Answer 1 or 0.
16204.jpg,1,1,1,Look at the meme. Is it sexist? Answer only 1 (Yes) or 0 (No).
15164.jpg,0,-1,"The meme you've provided appears to be a humorous take on a situation where someone is being teased or criticized for their actions, and the person in the meme is responding with a defiant or playful attitude. The text",Is this meme misogynistic? Answer 1 (Yes) or 0 (No).
15164.jpg,0,0,0,Does this image and text combination express hate against women? Answer 1 or 0.
15164.jpg,0,0,0,"Classify this meme: 1 = misogynous, 0 = not misogynous. Output only the digit."
15164.jpg,0,0,0,Is this content offensive toward women? Answer 1 or 0.
15164.jpg,0,0,0,Look at the meme. Is it sexist? Answer only 1 (Yes) or 0 (No).
15882.jpg,1,1,Answer: 1 (Yes),Is this meme misogynistic? Answer 1 (Yes) or 0 (No).
15882.jpg,1,0,0,Does this image and text combination express hate against women? Answer 1 or 0.
15882.jpg,1,0,0,"Classify this meme: 1 = misogynous, 0 = not misogynous. Output only the digit."
15882.jpg,1,0,0,Is this content offensive toward women? Answer 1 or 0.
15882.jpg,1,1,1,Look at the meme. Is it sexist? Answer only 1 (Yes) or 0 (No).
15780.jpg,1,-1,"The meme text you provided appears to be a play on words, combining elements of French culture with a reference to the popular game ""Among Us."" The phrase ""French me like"" is a play on the phrase ""French me like",Is this meme misogynistic? Answer 1 (Yes) or 0 (No).
15780.jpg,1,0,0,Does this image and text combination express hate against women? Answer 1 or 0.
15780.jpg,1,0,0,"Classify this meme: 1 = misogynous, 0 = not misogynous. Output only the digit."
15780.jpg,1,0,0,Is this content offensive toward women? Answer 1 or 0.
15780.jpg,1,1,1,Look at the meme. Is it sexist? Answer only 1 (Yes) or 0 (No).
15288.jpg,1,-1,"The meme you've provided appears to be a humorous take on a person's anticipation for a meal. The text ""I can't wait to have you inside me"" is a playful and exaggerated way of expressing",Is this meme misogynistic? Answer 1 (Yes) or 0 (No).
15288.jpg,1,0,0,Does this image and text combination express hate against women? Answer 1 or 0.
15288.jpg,1,1,1,"Classify this meme: 1 = misogynous, 0 = not misogynous. Output only the digit."
15288.jpg,1,0,0,Is this content offensive toward women? Answer 1 or 0.
15288.jpg,1,1,1,Look at the meme. Is it sexist? Answer only 1 (Yes) or 0 (No).
16043.jpg,0,1,1 (Yes),Is this meme misogynistic? Answer 1 (Yes) or 0 (No).
16043.jpg,0,0,0,Does this image and text combination express hate against women? Answer 1 or 0.
16043.jpg,0,0,0,"Classify this meme: 1 = misogynous, 0 = not misogynous. Output only the digit."
16043.jpg,0,0,0,Is this content offensive toward women? Answer 1 or 0.
16043.jpg,0,0,0,Look at the meme. Is it sexist? Answer only 1 (Yes) or 0 (No).
15024.jpg,1,-1,"The meme you've shown features a person dressed in a costume that includes a green wig and a white crown, with their legs crossed in a way that their feet are placed on their head. The text ""STARBUCKS GR",Is this meme misogynistic? Answer 1 (Yes) or 0 (No).
15024.jpg,1,0,0,Does this image and text combination express hate against women? Answer 1 or 0.
15024.jpg,1,0,0,"Classify this meme: 1 = misogynous, 0 = not misogynous. Output only the digit."
15024.jpg,1,0,0,Is this content offensive toward women? Answer 1 or 0.
15024.jpg,1,0,0,Look at the meme. Is it sexist? Answer only 1 (Yes) or 0 (No).
15774.jpg,1,1,1,Is this meme misogynistic? Answer 1 (Yes) or 0 (No).
15774.jpg,1,0,0,Does this image and text combination express hate against women? Answer 1 or 0.
15774.jpg,1,0,0,"Classify this meme: 1 = misogynous, 0 = not misogynous. Output only the digit."
15774.jpg,1,0,0,Is this content offensive toward women? Answer 1 or 0.
15774.jpg,1,0,0,Look at the meme. Is it sexist? Answer only 1 (Yes) or 0 (No).
15616.jpg,1,1,Answer: 1 (Yes),Is this meme misogynistic? Answer 1 (Yes) or 0 (No).
15616.jpg,1,0,0,Does this image and text combination express hate against women? Answer 1 or 0.
15616.jpg,1,1,1,"Classify this meme: 1 = misogynous, 0 = not misogynous. Output only the digit."
15616.jpg,1,0,0,Is this content offensive toward women? Answer 1 or 0.
15616.jpg,1,1,1,Look at the meme. Is it sexist? Answer only 1 (Yes) or 0 (No).
16148.jpg,0,1,1,Is this meme misogynistic? Answer 1 (Yes) or 0 (No).
16148.jpg,0,0,0,Does this image and text combination express hate against women? Answer 1 or 0.
16148.jpg,0,1,1,"Classify this meme: 1 = misogynous, 0 = not misogynous. Output only the digit."
16148.jpg,0,0,0,Is this content offensive toward women? Answer 1 or 0.
16148.jpg,0,1,1,Look at the meme. Is it sexist? Answer only 1 (Yes) or 0 (No).
15109.jpg,0,1,1 (Yes),Is this meme misogynistic? Answer 1 (Yes) or 0 (No).
15109.jpg,0,0,0,Does this image and text combination express hate against women? Answer 1 or 0.
15109.jpg,0,0,0,"Classify this meme: 1 = misogynous, 0 = not misogynous. Output only the digit."
15109.jpg,0,0,0,Is this content offensive toward women? Answer 1 or 0.
15109.jpg,0,0,0,Look at the meme. Is it sexist? Answer only 1 (Yes) or 0 (No).
15995.jpg,1,1,1,Is this meme misogynistic? Answer 1 (Yes) or 0 (No).
15995.jpg,1,0,0,Does this image and text combination express hate against women? Answer 1 or 0.
15995.jpg,1,0,0,"Classify this meme: 1 = misogynous, 0 = not misogynous. Output only the digit."
15995.jpg,1,0,0,Is this content offensive toward women? Answer 1 or 0.
15995.jpg,1,0,0,Look at the meme. Is it sexist? Answer only 1 (Yes) or 0 (No).
16062.jpg,0,1,1,Is this meme misogynistic? Answer 1 (Yes) or 0 (No).
16062.jpg,0,0,0,Does this image and text combination express hate against women? Answer 1 or 0.
16062.jpg,0,0,0,"Classify this meme: 1 = misogynous, 0 = not misogynous. Output only the digit."
16062.jpg,0,0,0,Is this content offensive toward women? Answer 1 or 0.
16062.jpg,0,0,0,Look at the meme. Is it sexist? Answer only 1 (Yes) or 0 (No).
15704.jpg,1,1,1 (Yes),Is this meme misogynistic? Answer 1 (Yes) or 0 (No).
15704.jpg,1,0,0,Does this image and text combination express hate against women? Answer 1 or 0.
15704.jpg,1,0,0,"Classify this meme: 1 = misogynous, 0 = not misogynous. Output only the digit."
15704.jpg,1,0,0,Is this content offensive toward women? Answer 1 or 0.
15704.jpg,1,1,1,Look at the meme. Is it sexist? Answer only 1 (Yes) or 0 (No).
15595.jpg,0,1,1,Is this meme misogynistic? Answer 1 (Yes) or 0 (No).
15595.jpg,0,0,0,Does this image and text combination express hate against women? Answer 1 or 0.
15595.jpg,0,0,0,"Classify this meme: 1 = misogynous, 0 = not misogynous. Output only the digit."
15595.jpg,0,0,0,Is this content offensive toward women? Answer 1 or 0.
15595.jpg,0,1,1,Look at the meme. Is it sexist? Answer only 1 (Yes) or 0 (No).
16045.jpg,1,1,Answer: 1 (Yes),Is this meme misogynistic? Answer 1 (Yes) or 0 (No).
16045.jpg,1,0,0,Does this image and text combination express hate against women? Answer 1 or 0.
16045.jpg,1,0,0,"Classify this meme: 1 = misogynous, 0 = not misogynous. Output only the digit."
16045.jpg,1,0,0,Is this content offensive toward women? Answer 1 or 0.
16045.jpg,1,1,1,Look at the meme. Is it sexist? Answer only 1 (Yes) or 0 (No).
15626.jpg,0,1,Answer: 1 (Yes),Is this meme misogynistic? Answer 1 (Yes) or 0 (No).
15626.jpg,0,0,0,Does this image and text combination express hate against women? Answer 1 or 0.
15626.jpg,0,1,1,"Classify this meme: 1 = misogynous, 0 = not misogynous. Output only the digit."
15626.jpg,0,0,0,Is this content offensive toward women? Answer 1 or 0.
15626.jpg,0,1,1,Look at the meme. Is it sexist? Answer only 1 (Yes) or 0 (No).
16196.jpg,1,1,1,Is this meme misogynistic? Answer 1 (Yes) or 0 (No).
16196.jpg,1,0,0,Does this image and text combination express hate against women? Answer 1 or 0.
16196.jpg,1,0,0,"Classify this meme: 1 = misogynous, 0 = not misogynous. Output only the digit."
16196.jpg,1,0,0,Is this content offensive toward women? Answer 1 or 0.
16196.jpg,1,1,1,Look at the meme. Is it sexist? Answer only 1 (Yes) or 0 (No).
15901.jpg,1,1,The meme you've provided contains text that is misogynistic and offensive. It uses a derogatory term to stereotype women and implies that they are somehow responsible for the speaker's virginity. This kind of language is,Is this meme misogynistic? Answer 1 (Yes) or 0 (No).
15901.jpg,1,0,0,Does this image and text combination express hate against women? Answer 1 or 0.
15901.jpg,1,1,1,"Classify this meme: 1 = misogynous, 0 = not misogynous. Output only the digit."
15901.jpg,1,0,0,Is this content offensive toward women? Answer 1 or 0.
15901.jpg,1,1,1,Look at the meme. Is it sexist? Answer only 1 (Yes) or 0 (No).
17044.jpg,1,1,1,Is this meme misogynistic? Answer 1 (Yes) or 0 (No).
17044.jpg,1,0,0,Does this image and text combination express hate against women? Answer 1 or 0.
17044.jpg,1,0,0,"Classify this meme: 1 = misogynous, 0 = not misogynous. Output only the digit."
17044.jpg,1,0,0,Is this content offensive toward women? Answer 1 or 0.
17044.jpg,1,1,1,Look at the meme. Is it sexist? Answer only 1 (Yes) or 0 (No).
15985.jpg,1,1,Answer: 1 (Yes),Is this meme misogynistic? Answer 1 (Yes) or 0 (No).
15985.jpg,1,0,0,Does this image and text combination express hate against women? Answer 1 or 0.
15985.jpg,1,1,1,"Classify this meme: 1 = misogynous, 0 = not misogynous. Output only the digit."
15985.jpg,1,1,1,Is this content offensive toward women? Answer 1 or 0.
15985.jpg,1,1,1,Look at the meme. Is it sexist? Answer only 1 (Yes) or 0 (No).
15207.jpg,1,-1,"The meme you've provided appears to be a humorous take on a person's reaction after engaging in sexual activity. It features a woman who looks exhausted and is holding a cup of coffee, which is often associated with tiredness. The",Is this meme misogynistic? Answer 1 (Yes) or 0 (No).
15207.jpg,1,0,0,Does this image and text combination express hate against women? Answer 1 or 0.
15207.jpg,1,0,0,"Classify this meme: 1 = misogynous, 0 = not misogynous. Output only the digit."
15207.jpg,1,0,0,Is this content offensive toward women? Answer 1 or 0.
15207.jpg,1,1,1,Look at the meme. Is it sexist? Answer only 1 (Yes) or 0 (No).
15849.jpg,1,1,Answer: 1 (Yes),Is this meme misogynistic? Answer 1 (Yes) or 0 (No).
15849.jpg,1,0,0,Does this image and text combination express hate against women? Answer 1 or 0.
15849.jpg,1,0,0,"Classify this meme: 1 = misogynous, 0 = not misogynous. Output only the digit."
15849.jpg,1,0,0,Is this content offensive toward women? Answer 1 or 0.
15849.jpg,1,1,1,Look at the meme. Is it sexist? Answer only 1 (Yes) or 0 (No).
17052.jpg,1,0,"The meme text ""DEAR DOMESTIC WOMEN 123 G STAY WHERE YOU BELONG"" is indeed misogynistic. It implies that women should be confined to the domestic sphere and not have a",Is this meme misogynistic? Answer 1 (Yes) or 0 (No).
17052.jpg,1,0,0,Does this image and text combination express hate against women? Answer 1 or 0.
17052.jpg,1,1,1,"Classify this meme: 1 = misogynous, 0 = not misogynous. Output only the digit."
17052.jpg,1,0,0,Is this content offensive toward women? Answer 1 or 0.
17052.jpg,1,1,1,Look at the meme. Is it sexist? Answer only 1 (Yes) or 0 (No).
15450.jpg,0,0,"The meme text ""IF MONDAY MORNING WAS A PERSON"" is not inherently misogynistic. It is a play on the idea that Monday mornings are often associated with feelings of dread or dislike, and",Is this meme misogynistic? Answer 1 (Yes) or 0 (No).
15450.jpg,0,0,0,Does this image and text combination express hate against women? Answer 1 or 0.
15450.jpg,0,0,0,"Classify this meme: 1 = misogynous, 0 = not misogynous. Output only the digit."
15450.jpg,0,0,0,Is this content offensive toward women? Answer 1 or 0.
15450.jpg,0,0,0,Look at the meme. Is it sexist? Answer only 1 (Yes) or 0 (No).
15177.jpg,0,1,Answer: 1 (Yes),Is this meme misogynistic? Answer 1 (Yes) or 0 (No).
15177.jpg,0,0,0,Does this image and text combination express hate against women? Answer 1 or 0.
15177.jpg,0,1,1,"Classify this meme: 1 = misogynous, 0 = not misogynous. Output only the digit."
15177.jpg,0,0,0,Is this content offensive toward women? Answer 1 or 0.
15177.jpg,0,1,1,Look at the meme. Is it sexist? Answer only 1 (Yes) or 0 (No).
16087.jpg,1,-1,"The meme features a woman playing tennis, and the text is intended to be humorous by juxtaposing the positive sentiment of ""it's f**king awesome"" with the negative sentiment of ""very demotivational."" The use",Is this meme misogynistic? Answer 1 (Yes) or 0 (No).
16087.jpg,1,0,0,Does this image and text combination express hate against women? Answer 1 or 0.
16087.jpg,1,1,1,"Classify this meme: 1 = misogynous, 0 = not misogynous. Output only the digit."
16087.jpg,1,0,0,Is this content offensive toward women? Answer 1 or 0.
16087.jpg,1,1,1,Look at the meme. Is it sexist? Answer only 1 (Yes) or 0 (No).
15808.jpg,1,1,1,Is this meme misogynistic? Answer 1 (Yes) or 0 (No).
15808.jpg,1,0,0,Does this image and text combination express hate against women? Answer 1 or 0.
15808.jpg,1,1,1,"Classify this meme: 1 = misogynous, 0 = not misogynous. Output only the digit."
15808.jpg,1,0,0,Is this content offensive toward women? Answer 1 or 0.
15808.jpg,1,1,1,Look at the meme. Is it sexist? Answer only 1 (Yes) or 0 (No).
15580.jpg,1,0,"The meme appears to be misogynistic. It features two women in bikinis, with one of them holding a volleyball, and the text ""who needs a ball?"" implies that the women are not needed for the sport of",Is this meme misogynistic? Answer 1 (Yes) or 0 (No).
15580.jpg,1,0,0,Does this image and text combination express hate against women? Answer 1 or 0.
15580.jpg,1,0,0,"Classify this meme: 1 = misogynous, 0 = not misogynous. Output only the digit."
15580.jpg,1,0,0,Is this content offensive toward women? Answer 1 or 0.
15580.jpg,1,1,1,Look at the meme. Is it sexist? Answer only 1 (Yes) or 0 (No).
16096.jpg,1,1,Answer: 1 (Yes),Is this meme misogynistic? Answer 1 (Yes) or 0 (No).
16096.jpg,1,0,0,Does this image and text combination express hate against women? Answer 1 or 0.
16096.jpg,1,1,1,"Classify this meme: 1 = misogynous, 0 = not misogynous. Output only the digit."
16096.jpg,1,0,0,Is this content offensive toward women? Answer 1 or 0.
16096.jpg,1,1,1,Look at the meme. Is it sexist? Answer only 1 (Yes) or 0 (No).
15184.jpg,0,0,"The meme you've provided appears to be a humorous take on a superhero's confidence in their abilities, using a play on words with the phrase ""element of surprise."" It does not contain any overtly misogynistic",Is this meme misogynistic? Answer 1 (Yes) or 0 (No).
15184.jpg,0,0,0,Does this image and text combination express hate against women? Answer 1 or 0.
15184.jpg,0,0,0,"Classify this meme: 1 = misogynous, 0 = not misogynous. Output only the digit."
15184.jpg,0,0,0,Is this content offensive toward women? Answer 1 or 0.
15184.jpg,0,0,0,Look at the meme. Is it sexist? Answer only 1 (Yes) or 0 (No).
15804.jpg,1,1,Answer: 1 (Yes),Is this meme misogynistic? Answer 1 (Yes) or 0 (No).
15804.jpg,1,0,0,Does this image and text combination express hate against women? Answer 1 or 0.
15804.jpg,1,1,1,"Classify this meme: 1 = misogynous, 0 = not misogynous. Output only the digit."
15804.jpg,1,0,0,Is this content offensive toward women? Answer 1 or 0.
15804.jpg,1,1,1,Look at the meme. Is it sexist? Answer only 1 (Yes) or 0 (No).
17005.jpg,0,1,1,Is this meme misogynistic? Answer 1 (Yes) or 0 (No).
17005.jpg,0,0,0,Does this image and text combination express hate against women? Answer 1 or 0.
17005.jpg,0,0,0,"Classify this meme: 1 = misogynous, 0 = not misogynous. Output only the digit."
17005.jpg,0,0,0,Is this content offensive toward women? Answer 1 or 0.
17005.jpg,0,0,0,Look at the meme. Is it sexist? Answer only 1 (Yes) or 0 (No).
15403.jpg,0,1,Answer: 1 (Yes),Is this meme misogynistic? Answer 1 (Yes) or 0 (No).
15403.jpg,0,0,0,Does this image and text combination express hate against women? Answer 1 or 0.
15403.jpg,0,0,0,"Classify this meme: 1 = misogynous, 0 = not misogynous. Output only the digit."
15403.jpg,0,0,0,Is this content offensive toward women? Answer 1 or 0.
15403.jpg,0,0,0,Look at the meme. Is it sexist? Answer only 1 (Yes) or 0 (No).
15746.jpg,0,1,1,Is this meme misogynistic? Answer 1 (Yes) or 0 (No).
15746.jpg,0,0,0,Does this image and text combination express hate against women? Answer 1 or 0.
15746.jpg,0,1,1,"Classify this meme: 1 = misogynous, 0 = not misogynous. Output only the digit."
15746.jpg,0,0,0,Is this content offensive toward women? Answer 1 or 0.
15746.jpg,0,1,1,Look at the meme. Is it sexist? Answer only 1 (Yes) or 0 (No).
16040.jpg,0,0,"The meme you've provided appears to be a play on the idea of gender reveal parties, which are often used to announce the gender of a baby. The text ""It's a Boy!"" is a common way to announce that a baby",Is this meme misogynistic? Answer 1 (Yes) or 0 (No).
16040.jpg,0,0,0,Does this image and text combination express hate against women? Answer 1 or 0.
16040.jpg,0,0,0,"Classify this meme: 1 = misogynous, 0 = not misogynous. Output only the digit."
16040.jpg,0,0,0,Is this content offensive toward women? Answer 1 or 0.
16040.jpg,0,1,1,Look at the meme. Is it sexist? Answer only 1 (Yes) or 0 (No).
16320.jpg,1,1,1,Is this meme misogynistic? Answer 1 (Yes) or 0 (No).
16320.jpg,1,0,0,Does this image and text combination express hate against women? Answer 1 or 0.
16320.jpg,1,0,0,"Classify this meme: 1 = misogynous, 0 = not misogynous. Output only the digit."
16320.jpg,1,0,0,Is this content offensive toward women? Answer 1 or 0.
16320.jpg,1,0,0,Look at the meme. Is it sexist? Answer only 1 (Yes) or 0 (No).
15841.jpg,1,1,"Answer 1 (Yes). The meme contains language that is derogatory and demeaning towards women, which is misogynistic. It reinforces stereotypes and perpetuates harmful gender roles.",Is this meme misogynistic? Answer 1 (Yes) or 0 (No).
15841.jpg,1,0,0,Does this image and text combination express hate against women? Answer 1 or 0.
15841.jpg,1,1,1,"Classify this meme: 1 = misogynous, 0 = not misogynous. Output only the digit."
15841.jpg,1,1,1,Is this content offensive toward women? Answer 1 or 0.
15841.jpg,1,1,1,Look at the meme. Is it sexist? Answer only 1 (Yes) or 0 (No).
15620.jpg,0,-1,"The meme you've shown appears to be a humorous take on the experience of purchasing a new game and finding that it has already been hacked. The text ""German Hacker memes quickmeme"" suggests that the meme",Is this meme misogynistic? Answer 1 (Yes) or 0 (No).
15620.jpg,0,0,0,Does this image and text combination express hate against women? Answer 1 or 0.
15620.jpg,0,0,0,"Classify this meme: 1 = misogynous, 0 = not misogynous. Output only the digit."
15620.jpg,0,0,0,Is this content offensive toward women? Answer 1 or 0.
15620.jpg,0,0,0,Look at the meme. Is it sexist? Answer only 1 (Yes) or 0 (No).
15254.jpg,0,1,Answer: 1 (Yes),Is this meme misogynistic? Answer 1 (Yes) or 0 (No).
15254.jpg,0,0,0,Does this image and text combination express hate against women? Answer 1 or 0.
15254.jpg,0,1,1,"Classify this meme: 1 = misogynous, 0 = not misogynous. Output only the digit."
15254.jpg,0,1,1,Is this content offensive toward women? Answer 1 or 0.
15254.jpg,0,1,1,Look at the meme. Is it sexist? Answer only 1 (Yes) or 0 (No).
15488.jpg,0,1,1,Is this meme misogynistic? Answer 1 (Yes) or 0 (No).
15488.jpg,0,0,0,Does this image and text combination express hate against women? Answer 1 or 0.
15488.jpg,0,0,0,"Classify this meme: 1 = misogynous, 0 = not misogynous. Output only the digit."
15488.jpg,0,0,0,Is this content offensive toward women? Answer 1 or 0.
15488.jpg,0,1,1,Look at the meme. Is it sexist? Answer only 1 (Yes) or 0 (No).
15414.jpg,0,1,1,Is this meme misogynistic? Answer 1 (Yes) or 0 (No).
15414.jpg,0,0,0,Does this image and text combination express hate against women? Answer 1 or 0.
15414.jpg,0,0,0,"Classify this meme: 1 = misogynous, 0 = not misogynous. Output only the digit."
15414.jpg,0,0,0,Is this content offensive toward women? Answer 1 or 0.
15414.jpg,0,0,0,Look at the meme. Is it sexist? Answer only 1 (Yes) or 0 (No).
15552.jpg,0,1,The meme text is misogynistic. It uses a derogatory term to describe a woman's appearance and implies that she is not attractive. This kind of language is offensive and contributes to the perpetuation of sexist stereot,Is this meme misogynistic? Answer 1 (Yes) or 0 (No).
15552.jpg,0,0,0,Does this image and text combination express hate against women? Answer 1 or 0.
15552.jpg,0,1,1,"Classify this meme: 1 = misogynous, 0 = not misogynous. Output only the digit."
15552.jpg,0,0,0,Is this content offensive toward women? Answer 1 or 0.
15552.jpg,0,1,1,Look at the meme. Is it sexist? Answer only 1 (Yes) or 0 (No).
16241.jpg,1,1,Answer: 1 (Yes),Is this meme misogynistic? Answer 1 (Yes) or 0 (No).
16241.jpg,1,0,0,Does this image and text combination express hate against women? Answer 1 or 0.
16241.jpg,1,1,1,"Classify this meme: 1 = misogynous, 0 = not misogynous. Output only the digit."
16241.jpg,1,1,1,Is this content offensive toward women? Answer 1 or 0.
16241.jpg,1,1,1,Look at the meme. Is it sexist? Answer only 1 (Yes) or 0 (No).
15622.jpg,1,1,Answer: 1 (Yes),Is this meme misogynistic? Answer 1 (Yes) or 0 (No).
15622.jpg,1,0,0,Does this image and text combination express hate against women? Answer 1 or 0.
15622.jpg,1,1,1,"Classify this meme: 1 = misogynous, 0 = not misogynous. Output only the digit."
15622.jpg,1,1,1,Is this content offensive toward women? Answer 1 or 0.
15622.jpg,1,1,1,Look at the meme. Is it sexist? Answer only 1 (Yes) or 0 (No).
17067.jpg,1,1,1,Is this meme misogynistic? Answer 1 (Yes) or 0 (No).
17067.jpg,1,0,0,Does this image and text combination express hate against women? Answer 1 or 0.
17067.jpg,1,0,0,"Classify this meme: 1 = misogynous, 0 = not misogynous. Output only the digit."
17067.jpg,1,0,0,Is this content offensive toward women? Answer 1 or 0.
17067.jpg,1,1,1,Look at the meme. Is it sexist? Answer only 1 (Yes) or 0 (No).
15209.jpg,0,-1,"The meme you've provided appears to be a humorous image of four women posing together, with one of them playfully holding a glass of wine to her lips. The text ""MY FRIENDS AND ME"" is superim",Is this meme misogynistic? Answer 1 (Yes) or 0 (No).
15209.jpg,0,0,0,Does this image and text combination express hate against women? Answer 1 or 0.
15209.jpg,0,0,0,"Classify this meme: 1 = misogynous, 0 = not misogynous. Output only the digit."
15209.jpg,0,0,0,Is this content offensive toward women? Answer 1 or 0.
15209.jpg,0,0,0,Look at the meme. Is it sexist? Answer only 1 (Yes) or 0 (No).
15016.jpg,0,1,1,Is this meme misogynistic? Answer 1 (Yes) or 0 (No).
15016.jpg,0,0,0,Does this image and text combination express hate against women? Answer 1 or 0.
15016.jpg,0,0,0,"Classify this meme: 1 = misogynous, 0 = not misogynous. Output only the digit."
15016.jpg,0,0,0,Is this content offensive toward women? Answer 1 or 0.
15016.jpg,0,0,0,Look at the meme. Is it sexist? Answer only 1 (Yes) or 0 (No).
16184.jpg,0,1,Answer: 1 (Yes),Is this meme misogynistic? Answer 1 (Yes) or 0 (No).
16184.jpg,0,0,0,Does this image and text combination express hate against women? Answer 1 or 0.
16184.jpg,0,0,0,"Classify this meme: 1 = misogynous, 0 = not misogynous. Output only the digit."
16184.jpg,0,0,0,Is this content offensive toward women? Answer 1 or 0.
16184.jpg,0,1,1,Look at the meme. Is it sexist? Answer only 1 (Yes) or 0 (No).
15722.jpg,1,1,Answer: 1 (Yes),Is this meme misogynistic? Answer 1 (Yes) or 0 (No).
15722.jpg,1,0,0,Does this image and text combination express hate against women? Answer 1 or 0.
15722.jpg,1,1,1,"Classify this meme: 1 = misogynous, 0 = not misogynous. Output only the digit."
15722.jpg,1,0,0,Is this content offensive toward women? Answer 1 or 0.
15722.jpg,1,1,1,Look at the meme. Is it sexist? Answer only 1 (Yes) or 0 (No).
15541.jpg,1,-1,"The meme you've provided appears to be a humorous take on the concept of power and control in the world, using a visual metaphor to represent the idea that there are two things that rule the world. The text ""IN ONE P",Is this meme misogynistic? Answer 1 (Yes) or 0 (No).
15541.jpg,1,0,0,Does this image and text combination express hate against women? Answer 1 or 0.
15541.jpg,1,0,0,"Classify this meme: 1 = misogynous, 0 = not misogynous. Output only the digit."
15541.jpg,1,0,0,Is this content offensive toward women? Answer 1 or 0.
15541.jpg,1,1,1,Look at the meme. Is it sexist? Answer only 1 (Yes) or 0 (No).
16081.jpg,1,0,"The meme text ""ANTI-FEMINISM PRO-STUPID"" is indeed misogynistic. It is promoting the idea that anti-feminism is synonymous with being pro-stupid, which is a der",Is this meme misogynistic? Answer 1 (Yes) or 0 (No).
16081.jpg,1,0,0,Does this image and text combination express hate against women? Answer 1 or 0.
16081.jpg,1,1,1,"Classify this meme: 1 = misogynous, 0 = not misogynous. Output only the digit."
16081.jpg,1,0,0,Is this content offensive toward women? Answer 1 or 0.
16081.jpg,1,1,1,Look at the meme. Is it sexist? Answer only 1 (Yes) or 0 (No).
16089.jpg,1,1,1,Is this meme misogynistic? Answer 1 (Yes) or 0 (No).
16089.jpg,1,0,0,Does this image and text combination express hate against women? Answer 1 or 0.
16089.jpg,1,0,0,"Classify this meme: 1 = misogynous, 0 = not misogynous. Output only the digit."
16089.jpg,1,0,0,Is this content offensive toward women? Answer 1 or 0.
16089.jpg,1,0,0,Look at the meme. Is it sexist? Answer only 1 (Yes) or 0 (No).
15858.jpg,1,1,1,Is this meme misogynistic? Answer 1 (Yes) or 0 (No).
15858.jpg,1,0,0,Does this image and text combination express hate against women? Answer 1 or 0.
15858.jpg,1,0,0,"Classify this meme: 1 = misogynous, 0 = not misogynous. Output only the digit."
15858.jpg,1,0,0,Is this content offensive toward women? Answer 1 or 0.
15858.jpg,1,0,0,Look at the meme. Is it sexist? Answer only 1 (Yes) or 0 (No).
15908.jpg,1,1,Answer: 1 (Yes),Is this meme misogynistic? Answer 1 (Yes) or 0 (No).
15908.jpg,1,0,0,Does this image and text combination express hate against women? Answer 1 or 0.
15908.jpg,1,0,0,"Classify this meme: 1 = misogynous, 0 = not misogynous. Output only the digit."
15908.jpg,1,0,0,Is this content offensive toward women? Answer 1 or 0.
15908.jpg,1,1,1,Look at the meme. Is it sexist? Answer only 1 (Yes) or 0 (No).
16226.jpg,0,1,1,Is this meme misogynistic? Answer 1 (Yes) or 0 (No).
16226.jpg,0,0,0,Does this image and text combination express hate against women? Answer 1 or 0.
16226.jpg,0,0,0,"Classify this meme: 1 = misogynous, 0 = not misogynous. Output only the digit."
16226.jpg,0,0,0,Is this content offensive toward women? Answer 1 or 0.
16226.jpg,0,0,0,Look at the meme. Is it sexist? Answer only 1 (Yes) or 0 (No).
15470.jpg,1,1,Answer: 1 (Yes),Is this meme misogynistic? Answer 1 (Yes) or 0 (No).
15470.jpg,1,0,0,Does this image and text combination express hate against women? Answer 1 or 0.
15470.jpg,1,1,1,"Classify this meme: 1 = misogynous, 0 = not misogynous. Output only the digit."
15470.jpg,1,0,0,Is this content offensive toward women? Answer 1 or 0.
15470.jpg,1,1,1,Look at the meme. Is it sexist? Answer only 1 (Yes) or 0 (No).
16328.jpg,0,1,1,Is this meme misogynistic? Answer 1 (Yes) or 0 (No).
16328.jpg,0,0,0,Does this image and text combination express hate against women? Answer 1 or 0.
16328.jpg,0,0,0,"Classify this meme: 1 = misogynous, 0 = not misogynous. Output only the digit."
16328.jpg,0,0,0,Is this content offensive toward women? Answer 1 or 0.
16328.jpg,0,0,0,Look at the meme. Is it sexist? Answer only 1 (Yes) or 0 (No).
16049.jpg,0,1,1,Is this meme misogynistic? Answer 1 (Yes) or 0 (No).
16049.jpg,0,0,0,Does this image and text combination express hate against women? Answer 1 or 0.
16049.jpg,0,0,0,"Classify this meme: 1 = misogynous, 0 = not misogynous. Output only the digit."
16049.jpg,0,0,0,Is this content offensive toward women? Answer 1 or 0.
16049.jpg,0,1,1,Look at the meme. Is it sexist? Answer only 1 (Yes) or 0 (No).
15421.jpg,0,1,1,Is this meme misogynistic? Answer 1 (Yes) or 0 (No).
15421.jpg,0,0,0,Does this image and text combination express hate against women? Answer 1 or 0.
15421.jpg,0,0,0,"Classify this meme: 1 = misogynous, 0 = not misogynous. Output only the digit."
15421.jpg,0,0,0,Is this content offensive toward women? Answer 1 or 0.
15421.jpg,0,0,0,Look at the meme. Is it sexist? Answer only 1 (Yes) or 0 (No).
17017.jpg,0,1,1,Is this meme misogynistic? Answer 1 (Yes) or 0 (No).
17017.jpg,0,0,0,Does this image and text combination express hate against women? Answer 1 or 0.
17017.jpg,0,0,0,"Classify this meme: 1 = misogynous, 0 = not misogynous. Output only the digit."
17017.jpg,0,0,0,Is this content offensive toward women? Answer 1 or 0.
17017.jpg,0,0,0,Look at the meme. Is it sexist? Answer only 1 (Yes) or 0 (No).
17012.jpg,1,1,Answer: 1 (Yes),Is this meme misogynistic? Answer 1 (Yes) or 0 (No).
17012.jpg,1,0,0,Does this image and text combination express hate against women? Answer 1 or 0.
17012.jpg,1,1,1,"Classify this meme: 1 = misogynous, 0 = not misogynous. Output only the digit."
17012.jpg,1,1,1,Is this content offensive toward women? Answer 1 or 0.
17012.jpg,1,1,1,Look at the meme. Is it sexist? Answer only 1 (Yes) or 0 (No).
15809.jpg,1,1,1,Is this meme misogynistic? Answer 1 (Yes) or 0 (No).
15809.jpg,1,0,0,Does this image and text combination express hate against women? Answer 1 or 0.
15809.jpg,1,0,0,"Classify this meme: 1 = misogynous, 0 = not misogynous. Output only the digit."
15809.jpg,1,0,0,Is this content offensive toward women? Answer 1 or 0.
15809.jpg,1,1,1,Look at the meme. Is it sexist? Answer only 1 (Yes) or 0 (No).
16224.jpg,0,1,1,Is this meme misogynistic? Answer 1 (Yes) or 0 (No).
16224.jpg,0,0,0,Does this image and text combination express hate against women? Answer 1 or 0.
16224.jpg,0,1,1,"Classify this meme: 1 = misogynous, 0 = not misogynous. Output only the digit."
16224.jpg,0,0,0,Is this content offensive toward women? Answer 1 or 0.
16224.jpg,0,1,1,Look at the meme. Is it sexist? Answer only 1 (Yes) or 0 (No).
16243.jpg,0,1,1,Is this meme misogynistic? Answer 1 (Yes) or 0 (No).
16243.jpg,0,0,0,Does this image and text combination express hate against women? Answer 1 or 0.
16243.jpg,0,0,0,"Classify this meme: 1 = misogynous, 0 = not misogynous. Output only the digit."
16243.jpg,0,0,0,Is this content offensive toward women? Answer 1 or 0.
16243.jpg,0,1,1,Look at the meme. Is it sexist? Answer only 1 (Yes) or 0 (No).
17071.jpg,1,1,1,Is this meme misogynistic? Answer 1 (Yes) or 0 (No).
17071.jpg,1,0,0,Does this image and text combination express hate against women? Answer 1 or 0.
17071.jpg,1,0,0,"Classify this meme: 1 = misogynous, 0 = not misogynous. Output only the digit."
17071.jpg,1,0,0,Is this content offensive toward women? Answer 1 or 0.
17071.jpg,1,0,0,Look at the meme. Is it sexist? Answer only 1 (Yes) or 0 (No).
15428.jpg,1,1,1,Is this meme misogynistic? Answer 1 (Yes) or 0 (No).
15428.jpg,1,0,0,Does this image and text combination express hate against women? Answer 1 or 0.
15428.jpg,1,1,1,"Classify this meme: 1 = misogynous, 0 = not misogynous. Output only the digit."
15428.jpg,1,1,1,Is this content offensive toward women? Answer 1 or 0.
15428.jpg,1,1,1,Look at the meme. Is it sexist? Answer only 1 (Yes) or 0 (No).
15291.jpg,0,1,Answer: 1 (Yes),Is this meme misogynistic? Answer 1 (Yes) or 0 (No).
15291.jpg,0,0,0,Does this image and text combination express hate against women? Answer 1 or 0.
15291.jpg,0,0,0,"Classify this meme: 1 = misogynous, 0 = not misogynous. Output only the digit."
15291.jpg,0,0,0,Is this content offensive toward women? Answer 1 or 0.
15291.jpg,0,1,1,Look at the meme. Is it sexist? Answer only 1 (Yes) or 0 (No).
17020.jpg,1,1,Answer: 1 (Yes),Is this meme misogynistic? Answer 1 (Yes) or 0 (No).
17020.jpg,1,0,0,Does this image and text combination express hate against women? Answer 1 or 0.
17020.jpg,1,1,1,"Classify this meme: 1 = misogynous, 0 = not misogynous. Output only the digit."
17020.jpg,1,1,1,Is this content offensive toward women? Answer 1 or 0.
17020.jpg,1,1,1,Look at the meme. Is it sexist? Answer only 1 (Yes) or 0 (No).
15802.jpg,1,0,"The meme contains text that is misogynistic, as it stereotypes and belittles women in a derogatory manner. The meme is not appropriate and promotes harmful gender stereotypes.",Is this meme misogynistic? Answer 1 (Yes) or 0 (No).
15802.jpg,1,0,0,Does this image and text combination express hate against women? Answer 1 or 0.
15802.jpg,1,1,1,"Classify this meme: 1 = misogynous, 0 = not misogynous. Output only the digit."
15802.jpg,1,0,0,Is this content offensive toward women? Answer 1 or 0.
15802.jpg,1,1,1,Look at the meme. Is it sexist? Answer only 1 (Yes) or 0 (No).
16238.jpg,0,1,1,Is this meme misogynistic? Answer 1 (Yes) or 0 (No).
16238.jpg,0,0,0,Does this image and text combination express hate against women? Answer 1 or 0.
16238.jpg,0,0,0,"Classify this meme: 1 = misogynous, 0 = not misogynous. Output only the digit."
16238.jpg,0,0,0,Is this content offensive toward women? Answer 1 or 0.
16238.jpg,0,0,0,Look at the meme. Is it sexist? Answer only 1 (Yes) or 0 (No).
15356.jpg,0,1,1,Is this meme misogynistic? Answer 1 (Yes) or 0 (No).
15356.jpg,0,0,0,Does this image and text combination express hate against women? Answer 1 or 0.
15356.jpg,0,0,0,"Classify this meme: 1 = misogynous, 0 = not misogynous. Output only the digit."
15356.jpg,0,0,0,Is this content offensive toward women? Answer 1 or 0.
15356.jpg,0,0,0,Look at the meme. Is it sexist? Answer only 1 (Yes) or 0 (No).
16078.jpg,1,1,Answer 1 (Yes). The meme is misogynistic because it uses a derogatory term to describe a woman's behavior and implies that she is not allowed to yawn. This kind of language is disrespectful and rein,Is this meme misogynistic? Answer 1 (Yes) or 0 (No).
16078.jpg,1,0,0,Does this image and text combination express hate against women? Answer 1 or 0.
16078.jpg,1,1,1,"Classify this meme: 1 = misogynous, 0 = not misogynous. Output only the digit."
16078.jpg,1,1,1,Is this content offensive toward women? Answer 1 or 0.
16078.jpg,1,1,1,Look at the meme. Is it sexist? Answer only 1 (Yes) or 0 (No).
15096.jpg,0,-1,"The meme you've provided appears to be a humorous comparison between the relationship between a father and son and that between a mother and daughter. It uses the same image of a woman and a child, but with different captions. The first",Is this meme misogynistic? Answer 1 (Yes) or 0 (No).
15096.jpg,0,0,0,Does this image and text combination express hate against women? Answer 1 or 0.
15096.jpg,0,0,0,"Classify this meme: 1 = misogynous, 0 = not misogynous. Output only the digit."
15096.jpg,0,0,0,Is this content offensive toward women? Answer 1 or 0.
15096.jpg,0,1,1,Look at the meme. Is it sexist? Answer only 1 (Yes) or 0 (No).
16016.jpg,1,-1,"The meme appears to be making a joke about the discrepancy between a person's self-perception and the reality of their diet. The text ""But I eat so healthy!"" suggests that the person believes they are eating healthily,",Is this meme misogynistic? Answer 1 (Yes) or 0 (No).
16016.jpg,1,0,0,Does this image and text combination express hate against women? Answer 1 or 0.
16016.jpg,1,1,1,"Classify this meme: 1 = misogynous, 0 = not misogynous. Output only the digit."
16016.jpg,1,0,0,Is this content offensive toward women? Answer 1 or 0.
16016.jpg,1,1,1,Look at the meme. Is it sexist? Answer only 1 (Yes) or 0 (No).
16223.jpg,1,1,Answer: 1 (Yes),Is this meme misogynistic? Answer 1 (Yes) or 0 (No).
16223.jpg,1,0,0,Does this image and text combination express hate against women? Answer 1 or 0.
16223.jpg,1,0,0,"Classify this meme: 1 = misogynous, 0 = not misogynous. Output only the digit."
16223.jpg,1,0,0,Is this content offensive toward women? Answer 1 or 0.
16223.jpg,1,1,1,Look at the meme. Is it sexist? Answer only 1 (Yes) or 0 (No).
15874.jpg,0,1,1,Is this meme misogynistic? Answer 1 (Yes) or 0 (No).
15874.jpg,0,0,0,Does this image and text combination express hate against women? Answer 1 or 0.
15874.jpg,0,1,1,"Classify this meme: 1 = misogynous, 0 = not misogynous. Output only the digit."
15874.jpg,0,0,0,Is this content offensive toward women? Answer 1 or 0.
15874.jpg,0,1,1,Look at the meme. Is it sexist? Answer only 1 (Yes) or 0 (No).
15712.jpg,1,1,Answer: 1 (Yes),Is this meme misogynistic? Answer 1 (Yes) or 0 (No).
15712.jpg,1,0,0,Does this image and text combination express hate against women? Answer 1 or 0.
15712.jpg,1,1,1,"Classify this meme: 1 = misogynous, 0 = not misogynous. Output only the digit."
15712.jpg,1,0,0,Is this content offensive toward women? Answer 1 or 0.
15712.jpg,1,1,1,Look at the meme. Is it sexist? Answer only 1 (Yes) or 0 (No).
15937.jpg,1,1,1,Is this meme misogynistic? Answer 1 (Yes) or 0 (No).
15937.jpg,1,0,0,Does this image and text combination express hate against women? Answer 1 or 0.
15937.jpg,1,1,1,"Classify this meme: 1 = misogynous, 0 = not misogynous. Output only the digit."
15937.jpg,1,0,0,Is this content offensive toward women? Answer 1 or 0.
15937.jpg,1,1,1,Look at the meme. Is it sexist? Answer only 1 (Yes) or 0 (No).
15170.jpg,1,1,Answer: 1 (Yes),Is this meme misogynistic? Answer 1 (Yes) or 0 (No).
15170.jpg,1,0,0,Does this image and text combination express hate against women? Answer 1 or 0.
15170.jpg,1,1,1,"Classify this meme: 1 = misogynous, 0 = not misogynous. Output only the digit."
15170.jpg,1,0,0,Is this content offensive toward women? Answer 1 or 0.
15170.jpg,1,1,1,Look at the meme. Is it sexist? Answer only 1 (Yes) or 0 (No).
15153.jpg,0,1,Answer: 1 (Yes),Is this meme misogynistic? Answer 1 (Yes) or 0 (No).
15153.jpg,0,0,0,Does this image and text combination express hate against women? Answer 1 or 0.
15153.jpg,0,0,0,"Classify this meme: 1 = misogynous, 0 = not misogynous. Output only the digit."
15153.jpg,0,0,0,Is this content offensive toward women? Answer 1 or 0.
15153.jpg,0,1,1,Look at the meme. Is it sexist? Answer only 1 (Yes) or 0 (No).
15832.jpg,1,1,Answer: 1 (Yes),Is this meme misogynistic? Answer 1 (Yes) or 0 (No).
15832.jpg,1,0,0,Does this image and text combination express hate against women? Answer 1 or 0.
15832.jpg,1,1,1,"Classify this meme: 1 = misogynous, 0 = not misogynous. Output only the digit."
15832.jpg,1,0,0,Is this content offensive toward women? Answer 1 or 0.
15832.jpg,1,1,1,Look at the meme. Is it sexist? Answer only 1 (Yes) or 0 (No).
16307.jpg,1,1,Answer: 1 (Yes),Is this meme misogynistic? Answer 1 (Yes) or 0 (No).
16307.jpg,1,0,0,Does this image and text combination express hate against women? Answer 1 or 0.
16307.jpg,1,1,1,"Classify this meme: 1 = misogynous, 0 = not misogynous. Output only the digit."
16307.jpg,1,1,1,Is this content offensive toward women? Answer 1 or 0.
16307.jpg,1,1,1,Look at the meme. Is it sexist? Answer only 1 (Yes) or 0 (No).
16020.jpg,1,1,1,Is this meme misogynistic? Answer 1 (Yes) or 0 (No).
16020.jpg,1,0,0,Does this image and text combination express hate against women? Answer 1 or 0.
16020.jpg,1,0,0,"Classify this meme: 1 = misogynous, 0 = not misogynous. Output only the digit."
16020.jpg,1,0,0,Is this content offensive toward women? Answer 1 or 0.
16020.jpg,1,0,0,Look at the meme. Is it sexist? Answer only 1 (Yes) or 0 (No).
15738.jpg,1,1,Answer: 1 (Yes),Is this meme misogynistic? Answer 1 (Yes) or 0 (No).
15738.jpg,1,0,0,Does this image and text combination express hate against women? Answer 1 or 0.
15738.jpg,1,1,1,"Classify this meme: 1 = misogynous, 0 = not misogynous. Output only the digit."
15738.jpg,1,1,1,Is this content offensive toward women? Answer 1 or 0.
15738.jpg,1,1,1,Look at the meme. Is it sexist? Answer only 1 (Yes) or 0 (No).
15599.jpg,1,1,Answer: 1 (Yes),Is this meme misogynistic? Answer 1 (Yes) or 0 (No).
15599.jpg,1,0,0,Does this image and text combination express hate against women? Answer 1 or 0.
15599.jpg,1,1,1,"Classify this meme: 1 = misogynous, 0 = not misogynous. Output only the digit."
15599.jpg,1,0,0,Is this content offensive toward women? Answer 1 or 0.
15599.jpg,1,1,1,Look at the meme. Is it sexist? Answer only 1 (Yes) or 0 (No).
16088.jpg,1,1,Answer: 1 (Yes),Is this meme misogynistic? Answer 1 (Yes) or 0 (No).
16088.jpg,1,0,0,Does this image and text combination express hate against women? Answer 1 or 0.
16088.jpg,1,0,0,"Classify this meme: 1 = misogynous, 0 = not misogynous. Output only the digit."
16088.jpg,1,0,0,Is this content offensive toward women? Answer 1 or 0.
16088.jpg,1,1,1,Look at the meme. Is it sexist? Answer only 1 (Yes) or 0 (No).
15921.jpg,1,1,Answer: 1 (Yes),Is this meme misogynistic? Answer 1 (Yes) or 0 (No).
15921.jpg,1,0,0,Does this image and text combination express hate against women? Answer 1 or 0.
15921.jpg,1,1,1,"Classify this meme: 1 = misogynous, 0 = not misogynous. Output only the digit."
15921.jpg,1,1,1,Is this content offensive toward women? Answer 1 or 0.
15921.jpg,1,1,1,Look at the meme. Is it sexist? Answer only 1 (Yes) or 0 (No).
15825.jpg,0,1,Answer: 1 (Yes),Is this meme misogynistic? Answer 1 (Yes) or 0 (No).
15825.jpg,0,0,0,Does this image and text combination express hate against women? Answer 1 or 0.
15825.jpg,0,1,1,"Classify this meme: 1 = misogynous, 0 = not misogynous. Output only the digit."
15825.jpg,0,0,0,Is this content offensive toward women? Answer 1 or 0.
15825.jpg,0,1,1,Look at the meme. Is it sexist? Answer only 1 (Yes) or 0 (No).
15201.jpg,0,-1,"The meme you've provided appears to be a humorous take on the anticipation of summer, with the text ""INCREDIBLE"" being a play on words that could be interpreted as a pun or a joke. However, the",Is this meme misogynistic? Answer 1 (Yes) or 0 (No).
15201.jpg,0,0,0,Does this image and text combination express hate against women? Answer 1 or 0.
15201.jpg,0,0,0,"Classify this meme: 1 = misogynous, 0 = not misogynous. Output only the digit."
15201.jpg,0,0,0,Is this content offensive toward women? Answer 1 or 0.
15201.jpg,0,0,0,Look at the meme. Is it sexist? Answer only 1 (Yes) or 0 (No).
17003.jpg,0,1,1,Is this meme misogynistic? Answer 1 (Yes) or 0 (No).
17003.jpg,0,0,0,Does this image and text combination express hate against women? Answer 1 or 0.
17003.jpg,0,0,0,"Classify this meme: 1 = misogynous, 0 = not misogynous. Output only the digit."
17003.jpg,0,0,0,Is this content offensive toward women? Answer 1 or 0.
17003.jpg,0,0,0,Look at the meme. Is it sexist? Answer only 1 (Yes) or 0 (No).
15215.jpg,0,1,1,Is this meme misogynistic? Answer 1 (Yes) or 0 (No).
15215.jpg,0,0,0,Does this image and text combination express hate against women? Answer 1 or 0.
15215.jpg,0,0,0,"Classify this meme: 1 = misogynous, 0 = not misogynous. Output only the digit."
15215.jpg,0,0,0,Is this content offensive toward women? Answer 1 or 0.
15215.jpg,0,0,0,Look at the meme. Is it sexist? Answer only 1 (Yes) or 0 (No).
15473.jpg,1,1,Answer: 1 (Yes),Is this meme misogynistic? Answer 1 (Yes) or 0 (No).
15473.jpg,1,0,0,Does this image and text combination express hate against women? Answer 1 or 0.
15473.jpg,1,1,1,"Classify this meme: 1 = misogynous, 0 = not misogynous. Output only the digit."
15473.jpg,1,1,1,Is this content offensive toward women? Answer 1 or 0.
15473.jpg,1,1,1,Look at the meme. Is it sexist? Answer only 1 (Yes) or 0 (No).
16074.jpg,0,1,1,Is this meme misogynistic? Answer 1 (Yes) or 0 (No).
16074.jpg,0,0,0,Does this image and text combination express hate against women? Answer 1 or 0.
16074.jpg,0,0,0,"Classify this meme: 1 = misogynous, 0 = not misogynous. Output only the digit."
16074.jpg,0,0,0,Is this content offensive toward women? Answer 1 or 0.
16074.jpg,0,0,0,Look at the meme. Is it sexist? Answer only 1 (Yes) or 0 (No).
15308.jpg,1,1,Answer: 1 (Yes),Is this meme misogynistic? Answer 1 (Yes) or 0 (No).
15308.jpg,1,0,0,Does this image and text combination express hate against women? Answer 1 or 0.
15308.jpg,1,1,1,"Classify this meme: 1 = misogynous, 0 = not misogynous. Output only the digit."
15308.jpg,1,1,1,Is this content offensive toward women? Answer 1 or 0.
15308.jpg,1,1,1,Look at the meme. Is it sexist? Answer only 1 (Yes) or 0 (No).
16325.jpg,0,1,1,Is this meme misogynistic? Answer 1 (Yes) or 0 (No).
16325.jpg,0,0,0,Does this image and text combination express hate against women? Answer 1 or 0.
16325.jpg,0,0,0,"Classify this meme: 1 = misogynous, 0 = not misogynous. Output only the digit."
16325.jpg,0,0,0,Is this content offensive toward women? Answer 1 or 0.
16325.jpg,0,0,0,Look at the meme. Is it sexist? Answer only 1 (Yes) or 0 (No).
15538.jpg,1,0,The meme text is misogynistic because it reinforces the stereotype that women should be confined to the kitchen and are not capable of handling situations outside of it. This is a harmful and outdated notion that has been used to,Is this meme misogynistic? Answer 1 (Yes) or 0 (No).
15538.jpg,1,0,0,Does this image and text combination express hate against women? Answer 1 or 0.
15538.jpg,1,1,1,"Classify this meme: 1 = misogynous, 0 = not misogynous. Output only the digit."
15538.jpg,1,0,0,Is this content offensive toward women? Answer 1 or 0.
15538.jpg,1,1,1,Look at the meme. Is it sexist? Answer only 1 (Yes) or 0 (No).
16228.jpg,1,1,Answer: 1 (Yes),Is this meme misogynistic? Answer 1 (Yes) or 0 (No).
16228.jpg,1,0,0,Does this image and text combination express hate against women? Answer 1 or 0.
16228.jpg,1,1,1,"Classify this meme: 1 = misogynous, 0 = not misogynous. Output only the digit."
16228.jpg,1,0,0,Is this content offensive toward women? Answer 1 or 0.
16228.jpg,1,1,1,Look at the meme. Is it sexist? Answer only 1 (Yes) or 0 (No).
15120.jpg,0,1,1,Is this meme misogynistic? Answer 1 (Yes) or 0 (No).
15120.jpg,0,0,0,Does this image and text combination express hate against women? Answer 1 or 0.
15120.jpg,0,1,1,"Classify this meme: 1 = misogynous, 0 = not misogynous. Output only the digit."
15120.jpg,0,0,0,Is this content offensive toward women? Answer 1 or 0.
15120.jpg,0,1,1,Look at the meme. Is it sexist? Answer only 1 (Yes) or 0 (No).
15862.jpg,0,1,Answer: 1 (Yes),Is this meme misogynistic? Answer 1 (Yes) or 0 (No).
15862.jpg,0,0,0,Does this image and text combination express hate against women? Answer 1 or 0.
15862.jpg,0,1,1,"Classify this meme: 1 = misogynous, 0 = not misogynous. Output only the digit."
15862.jpg,0,0,0,Is this content offensive toward women? Answer 1 or 0.
15862.jpg,0,1,1,Look at the meme. Is it sexist? Answer only 1 (Yes) or 0 (No).
15891.jpg,0,1,Answer: 1 (Yes),Is this meme misogynistic? Answer 1 (Yes) or 0 (No).
15891.jpg,0,0,0,Does this image and text combination express hate against women? Answer 1 or 0.
15891.jpg,0,0,0,"Classify this meme: 1 = misogynous, 0 = not misogynous. Output only the digit."
15891.jpg,0,0,0,Is this content offensive toward women? Answer 1 or 0.
15891.jpg,0,0,0,Look at the meme. Is it sexist? Answer only 1 (Yes) or 0 (No).
16332.jpg,0,0,"The meme you've provided appears to be a humorous take on a situation where someone is offering a washing machine for free, but the image of the washing machine is actually a dishwasher. This kind of meme is not inher",Is this meme misogynistic? Answer 1 (Yes) or 0 (No).
16332.jpg,0,0,0,Does this image and text combination express hate against women? Answer 1 or 0.
16332.jpg,0,0,0,"Classify this meme: 1 = misogynous, 0 = not misogynous. Output only the digit."
16332.jpg,0,0,0,Is this content offensive toward women? Answer 1 or 0.
16332.jpg,0,0,0,Look at the meme. Is it sexist? Answer only 1 (Yes) or 0 (No).
15318.jpg,1,-1,"The meme text you provided is misogynistic. It uses derogatory language to describe the woman, implying that she is acting in a way that is undesirable or unattractive. This kind of language is often used",Is this meme misogynistic? Answer 1 (Yes) or 0 (No).
15318.jpg,1,0,0,Does this image and text combination express hate against women? Answer 1 or 0.
15318.jpg,1,1,1,"Classify this meme: 1 = misogynous, 0 = not misogynous. Output only the digit."
15318.jpg,1,0,0,Is this content offensive toward women? Answer 1 or 0.
15318.jpg,1,1,1,Look at the meme. Is it sexist? Answer only 1 (Yes) or 0 (No).
16211.jpg,0,1,Answer: 1 (Yes),Is this meme misogynistic? Answer 1 (Yes) or 0 (No).
16211.jpg,0,0,0,Does this image and text combination express hate against women? Answer 1 or 0.
16211.jpg,0,1,1,"Classify this meme: 1 = misogynous, 0 = not misogynous. Output only the digit."
16211.jpg,0,0,0,Is this content offensive toward women? Answer 1 or 0.
16211.jpg,0,1,1,Look at the meme. Is it sexist? Answer only 1 (Yes) or 0 (No).
15078.jpg,0,0,The meme you've provided is a four-panel comic that uses humor to illustrate the concept of evolution and the passage of time. It does not contain any text that is inherently misogynistic. The comic is a play on,Is this meme misogynistic? Answer 1 (Yes) or 0 (No).
15078.jpg,0,0,0,Does this image and text combination express hate against women? Answer 1 or 0.
15078.jpg,0,0,0,"Classify this meme: 1 = misogynous, 0 = not misogynous. Output only the digit."
15078.jpg,0,0,0,Is this content offensive toward women? Answer 1 or 0.
15078.jpg,0,0,0,Look at the meme. Is it sexist? Answer only 1 (Yes) or 0 (No).
16219.jpg,1,1,Answer: 1 (Yes),Is this meme misogynistic? Answer 1 (Yes) or 0 (No).
16219.jpg,1,0,0,Does this image and text combination express hate against women? Answer 1 or 0.
16219.jpg,1,1,1,"Classify this meme: 1 = misogynous, 0 = not misogynous. Output only the digit."
16219.jpg,1,1,1,Is this content offensive toward women? Answer 1 or 0.
16219.jpg,1,1,1,Look at the meme. Is it sexist? Answer only 1 (Yes) or 0 (No).
16111.jpg,1,1,1,Is this meme misogynistic? Answer 1 (Yes) or 0 (No).
16111.jpg,1,0,0,Does this image and text combination express hate against women? Answer 1 or 0.
16111.jpg,1,1,1,"Classify this meme: 1 = misogynous, 0 = not misogynous. Output only the digit."
16111.jpg,1,0,0,Is this content offensive toward women? Answer 1 or 0.
16111.jpg,1,1,1,Look at the meme. Is it sexist? Answer only 1 (Yes) or 0 (No).
15014.jpg,0,1,Answer: 1 (Yes),Is this meme misogynistic? Answer 1 (Yes) or 0 (No).
15014.jpg,0,0,0,Does this image and text combination express hate against women? Answer 1 or 0.
15014.jpg,0,0,0,"Classify this meme: 1 = misogynous, 0 = not misogynous. Output only the digit."
15014.jpg,0,0,0,Is this content offensive toward women? Answer 1 or 0.
15014.jpg,0,0,0,Look at the meme. Is it sexist? Answer only 1 (Yes) or 0 (No).
15408.jpg,0,1,"Answer 1 (Yes). The meme is misogynistic because it implies that the absence of female characters in the first three X-Men movies is due to the actions of a male character, Wolverine. This reinforces the",Is this meme misogynistic? Answer 1 (Yes) or 0 (No).
15408.jpg,0,0,0,Does this image and text combination express hate against women? Answer 1 or 0.
15408.jpg,0,0,0,"Classify this meme: 1 = misogynous, 0 = not misogynous. Output only the digit."
15408.jpg,0,0,0,Is this content offensive toward women? Answer 1 or 0.
15408.jpg,0,0,0,Look at the meme. Is it sexist? Answer only 1 (Yes) or 0 (No).
17027.jpg,1,0,"The meme you've provided appears to be a humorous take on the idea of Sarah Jessica Parker, known for her role as Carrie Bradshaw in the TV show ""Sex and the City,"" coming out of quarantine. The",Is this meme misogynistic? Answer 1 (Yes) or 0 (No).
17027.jpg,1,0,0,Does this image and text combination express hate against women? Answer 1 or 0.
17027.jpg,1,1,1,"Classify this meme: 1 = misogynous, 0 = not misogynous. Output only the digit."
17027.jpg,1,0,0,Is this content offensive toward women? Answer 1 or 0.
17027.jpg,1,1,1,Look at the meme. Is it sexist? Answer only 1 (Yes) or 0 (No).
15240.jpg,1,-1,The meme text you provided is misogynistic. It uses derogatory language to describe a woman and implies that physical harm is a way to express love. This kind of language and sentiment can be harmful and perpetuates harmful stereot,Is this meme misogynistic? Answer 1 (Yes) or 0 (No).
15240.jpg,1,0,0,Does this image and text combination express hate against women? Answer 1 or 0.
15240.jpg,1,1,1,"Classify this meme: 1 = misogynous, 0 = not misogynous. Output only the digit."
15240.jpg,1,0,0,Is this content offensive toward women? Answer 1 or 0.
15240.jpg,1,1,1,Look at the meme. Is it sexist? Answer only 1 (Yes) or 0 (No).
15056.jpg,0,0,"The meme you've provided appears to be a humorous take on the idea that being overweight can have certain benefits, specifically referencing the presence of breasts. However, it's important to note that humor around body weight and appearance can",Is this meme misogynistic? Answer 1 (Yes) or 0 (No).
15056.jpg,0,0,0,Does this image and text combination express hate against women? Answer 1 or 0.
15056.jpg,0,0,0,"Classify this meme: 1 = misogynous, 0 = not misogynous. Output only the digit."
15056.jpg,0,0,0,Is this content offensive toward women? Answer 1 or 0.
15056.jpg,0,0,0,Look at the meme. Is it sexist? Answer only 1 (Yes) or 0 (No).
16309.jpg,1,1,Answer: 1 (Yes),Is this meme misogynistic? Answer 1 (Yes) or 0 (No).
16309.jpg,1,0,0,Does this image and text combination express hate against women? Answer 1 or 0.
16309.jpg,1,1,1,"Classify this meme: 1 = misogynous, 0 = not misogynous. Output only the digit."
16309.jpg,1,1,1,Is this content offensive toward women? Answer 1 or 0.
16309.jpg,1,1,1,Look at the meme. Is it sexist? Answer only 1 (Yes) or 0 (No).
15958.jpg,0,1,1,Is this meme misogynistic? Answer 1 (Yes) or 0 (No).
15958.jpg,0,0,0,Does this image and text combination express hate against women? Answer 1 or 0.
15958.jpg,0,0,0,"Classify this meme: 1 = misogynous, 0 = not misogynous. Output only the digit."
15958.jpg,0,0,0,Is this content offensive toward women? Answer 1 or 0.
15958.jpg,0,1,1,Look at the meme. Is it sexist? Answer only 1 (Yes) or 0 (No).
15867.jpg,0,1,1,Is this meme misogynistic? Answer 1 (Yes) or 0 (No).
15867.jpg,0,0,0,Does this image and text combination express hate against women? Answer 1 or 0.
15867.jpg,0,1,1,"Classify this meme: 1 = misogynous, 0 = not misogynous. Output only the digit."
15867.jpg,0,0,0,Is this content offensive toward women? Answer 1 or 0.
15867.jpg,0,1,1,Look at the meme. Is it sexist? Answer only 1 (Yes) or 0 (No).
15950.jpg,0,1,1,Is this meme misogynistic? Answer 1 (Yes) or 0 (No).
15950.jpg,0,0,0,Does this image and text combination express hate against women? Answer 1 or 0.
15950.jpg,0,1,1,"Classify this meme: 1 = misogynous, 0 = not misogynous. Output only the digit."
15950.jpg,0,0,0,Is this content offensive toward women? Answer 1 or 0.
15950.jpg,0,1,1,Look at the meme. Is it sexist? Answer only 1 (Yes) or 0 (No).
15906.jpg,1,1,1,Is this meme misogynistic? Answer 1 (Yes) or 0 (No).
15906.jpg,1,0,0,Does this image and text combination express hate against women? Answer 1 or 0.
15906.jpg,1,0,0,"Classify this meme: 1 = misogynous, 0 = not misogynous. Output only the digit."
15906.jpg,1,0,0,Is this content offensive toward women? Answer 1 or 0.
15906.jpg,1,1,1,Look at the meme. Is it sexist? Answer only 1 (Yes) or 0 (No).
17042.jpg,1,-1,"The meme you've provided appears to be a humorous comparison chart between different types of whales and a person's mother, with the intention of making a joke. The meme uses the format of a scientific chart to compare the size",Is this meme misogynistic? Answer 1 (Yes) or 0 (No).
17042.jpg,1,0,0,Does this image and text combination express hate against women? Answer 1 or 0.
17042.jpg,1,0,0,"Classify this meme: 1 = misogynous, 0 = not misogynous. Output only the digit."
17042.jpg,1,0,0,Is this content offensive toward women? Answer 1 or 0.
17042.jpg,1,0,0,Look at the meme. Is it sexist? Answer only 1 (Yes) or 0 (No).
15330.jpg,1,1,1,Is this meme misogynistic? Answer 1 (Yes) or 0 (No).
15330.jpg,1,0,0,Does this image and text combination express hate against women? Answer 1 or 0.
15330.jpg,1,1,1,"Classify this meme: 1 = misogynous, 0 = not misogynous. Output only the digit."
15330.jpg,1,0,0,Is this content offensive toward women? Answer 1 or 0.
15330.jpg,1,1,1,Look at the meme. Is it sexist? Answer only 1 (Yes) or 0 (No).
15349.jpg,1,1,Answer: 1 (Yes),Is this meme misogynistic? Answer 1 (Yes) or 0 (No).
15349.jpg,1,0,0,Does this image and text combination express hate against women? Answer 1 or 0.
15349.jpg,1,1,1,"Classify this meme: 1 = misogynous, 0 = not misogynous. Output only the digit."
15349.jpg,1,0,0,Is this content offensive toward women? Answer 1 or 0.
15349.jpg,1,1,1,Look at the meme. Is it sexist? Answer only 1 (Yes) or 0 (No).
16248.jpg,1,1,Answer: 1 (Yes),Is this meme misogynistic? Answer 1 (Yes) or 0 (No).
16248.jpg,1,0,0,Does this image and text combination express hate against women? Answer 1 or 0.
16248.jpg,1,1,1,"Classify this meme: 1 = misogynous, 0 = not misogynous. Output only the digit."
16248.jpg,1,0,0,Is this content offensive toward women? Answer 1 or 0.
16248.jpg,1,1,1,Look at the meme. Is it sexist? Answer only 1 (Yes) or 0 (No).
15602.jpg,0,1,Answer: 1 (Yes),Is this meme misogynistic? Answer 1 (Yes) or 0 (No).
15602.jpg,0,0,0,Does this image and text combination express hate against women? Answer 1 or 0.
15602.jpg,0,1,1,"Classify this meme: 1 = misogynous, 0 = not misogynous. Output only the digit."
15602.jpg,0,0,0,Is this content offensive toward women? Answer 1 or 0.
15602.jpg,0,1,1,Look at the meme. Is it sexist? Answer only 1 (Yes) or 0 (No).
17022.jpg,0,0,"The meme text is a joke that plays on the name ""Black Eyed Peas"" and the question of whether they are organically produced. It is not misogynistic. The meme is making a pun on the name of",Is this meme misogynistic? Answer 1 (Yes) or 0 (No).
17022.jpg,0,0,0,Does this image and text combination express hate against women? Answer 1 or 0.
17022.jpg,0,0,0,"Classify this meme: 1 = misogynous, 0 = not misogynous. Output only the digit."
17022.jpg,0,0,0,Is this content offensive toward women? Answer 1 or 0.
17022.jpg,0,0,0,Look at the meme. Is it sexist? Answer only 1 (Yes) or 0 (No).
17025.jpg,1,1,Answer: 1 (Yes),Is this meme misogynistic? Answer 1 (Yes) or 0 (No).
17025.jpg,1,0,0,Does this image and text combination express hate against women? Answer 1 or 0.
17025.jpg,1,1,1,"Classify this meme: 1 = misogynous, 0 = not misogynous. Output only the digit."
17025.jpg,1,0,0,Is this content offensive toward women? Answer 1 or 0.
17025.jpg,1,1,1,Look at the meme. Is it sexist? Answer only 1 (Yes) or 0 (No).
15097.jpg,0,-1,"The meme features two images of women with the text ""LATINAS BE LIKE I'M 104 YEARS OLD."" The meme is intended to be humorous by suggesting that Latinas age gracefully and",Is this meme misogynistic? Answer 1 (Yes) or 0 (No).
15097.jpg,0,0,0,Does this image and text combination express hate against women? Answer 1 or 0.
15097.jpg,0,0,0,"Classify this meme: 1 = misogynous, 0 = not misogynous. Output only the digit."
15097.jpg,0,0,0,Is this content offensive toward women? Answer 1 or 0.
15097.jpg,0,0,0,Look at the meme. Is it sexist? Answer only 1 (Yes) or 0 (No).
16023.jpg,0,1,Answer: 1 (Yes),Is this meme misogynistic? Answer 1 (Yes) or 0 (No).
16023.jpg,0,0,0,Does this image and text combination express hate against women? Answer 1 or 0.
16023.jpg,0,1,1,"Classify this meme: 1 = misogynous, 0 = not misogynous. Output only the digit."
16023.jpg,0,0,0,Is this content offensive toward women? Answer 1 or 0.
16023.jpg,0,1,1,Look at the meme. Is it sexist? Answer only 1 (Yes) or 0 (No).
15823.jpg,1,1,Answer: 1 (Yes),Is this meme misogynistic? Answer 1 (Yes) or 0 (No).
15823.jpg,1,0,0,Does this image and text combination express hate against women? Answer 1 or 0.
15823.jpg,1,1,1,"Classify this meme: 1 = misogynous, 0 = not misogynous. Output only the digit."
15823.jpg,1,0,0,Is this content offensive toward women? Answer 1 or 0.
15823.jpg,1,1,1,Look at the meme. Is it sexist? Answer only 1 (Yes) or 0 (No).
16161.jpg,1,-1,"The meme text ""WHILE SHE LOOKS UP WE LOOK DOWN"" can be interpreted as misogynistic because it implies that the woman's gaze is directed upwards, while the viewer's gaze is directed",Is this meme misogynistic? Answer 1 (Yes) or 0 (No).
16161.jpg,1,0,0,Does this image and text combination express hate against women? Answer 1 or 0.
16161.jpg,1,1,1,"Classify this meme: 1 = misogynous, 0 = not misogynous. Output only the digit."
16161.jpg,1,0,0,Is this content offensive toward women? Answer 1 or 0.
16161.jpg,1,1,1,Look at the meme. Is it sexist? Answer only 1 (Yes) or 0 (No).
17043.jpg,0,1,1,Is this meme misogynistic? Answer 1 (Yes) or 0 (No).
17043.jpg,0,0,0,Does this image and text combination express hate against women? Answer 1 or 0.
17043.jpg,0,0,0,"Classify this meme: 1 = misogynous, 0 = not misogynous. Output only the digit."
17043.jpg,0,0,0,Is this content offensive toward women? Answer 1 or 0.
17043.jpg,0,0,0,Look at the meme. Is it sexist? Answer only 1 (Yes) or 0 (No).
15966.jpg,0,1,1,Is this meme misogynistic? Answer 1 (Yes) or 0 (No).
15966.jpg,0,0,0,Does this image and text combination express hate against women? Answer 1 or 0.
15966.jpg,0,0,0,"Classify this meme: 1 = misogynous, 0 = not misogynous. Output only the digit."
15966.jpg,0,0,0,Is this content offensive toward women? Answer 1 or 0.
15966.jpg,0,0,0,Look at the meme. Is it sexist? Answer only 1 (Yes) or 0 (No).
15412.jpg,0,-1,"The meme text is misogynistic because it implies that the woman's gender is the reason she loses at Scrabble, suggesting that women are inherently inferior at the game. This kind of statement reinforces stereotypes",Is this meme misogynistic? Answer 1 (Yes) or 0 (No).
15412.jpg,0,0,0,Does this image and text combination express hate against women? Answer 1 or 0.
15412.jpg,0,0,0,"Classify this meme: 1 = misogynous, 0 = not misogynous. Output only the digit."
15412.jpg,0,0,0,Is this content offensive toward women? Answer 1 or 0.
15412.jpg,0,1,1,Look at the meme. Is it sexist? Answer only 1 (Yes) or 0 (No).
15969.jpg,1,0,"The meme you've shown contains text that is misogynistic. It is making a derogatory statement about women, which is not respectful or appropriate.",Is this meme misogynistic? Answer 1 (Yes) or 0 (No).
15969.jpg,1,0,0,Does this image and text combination express hate against women? Answer 1 or 0.
15969.jpg,1,0,0,"Classify this meme: 1 = misogynous, 0 = not misogynous. Output only the digit."
15969.jpg,1,0,0,Is this content offensive toward women? Answer 1 or 0.
15969.jpg,1,1,1,Look at the meme. Is it sexist? Answer only 1 (Yes) or 0 (No).
16117.jpg,0,1,1,Is this meme misogynistic? Answer 1 (Yes) or 0 (No).
16117.jpg,0,0,0,Does this image and text combination express hate against women? Answer 1 or 0.
16117.jpg,0,0,0,"Classify this meme: 1 = misogynous, 0 = not misogynous. Output only the digit."
16117.jpg,0,0,0,Is this content offensive toward women? Answer 1 or 0.
16117.jpg,0,1,1,Look at the meme. Is it sexist? Answer only 1 (Yes) or 0 (No).
15578.jpg,0,1,Answer: 1 (Yes),Is this meme misogynistic? Answer 1 (Yes) or 0 (No).
15578.jpg,0,0,0,Does this image and text combination express hate against women? Answer 1 or 0.
15578.jpg,0,0,0,"Classify this meme: 1 = misogynous, 0 = not misogynous. Output only the digit."
15578.jpg,0,0,0,Is this content offensive toward women? Answer 1 or 0.
15578.jpg,0,0,0,Look at the meme. Is it sexist? Answer only 1 (Yes) or 0 (No).
15300.jpg,1,1,1,Is this meme misogynistic? Answer 1 (Yes) or 0 (No).
15300.jpg,1,0,0,Does this image and text combination express hate against women? Answer 1 or 0.
15300.jpg,1,0,0,"Classify this meme: 1 = misogynous, 0 = not misogynous. Output only the digit."
15300.jpg,1,0,0,Is this content offensive toward women? Answer 1 or 0.
15300.jpg,1,1,1,Look at the meme. Is it sexist? Answer only 1 (Yes) or 0 (No).
15557.jpg,0,1,1,Is this meme misogynistic? Answer 1 (Yes) or 0 (No).
15557.jpg,0,0,0,Does this image and text combination express hate against women? Answer 1 or 0.
15557.jpg,0,0,0,"Classify this meme: 1 = misogynous, 0 = not misogynous. Output only the digit."
15557.jpg,0,0,0,Is this content offensive toward women? Answer 1 or 0.
15557.jpg,0,1,1,Look at the meme. Is it sexist? Answer only 1 (Yes) or 0 (No).
15161.jpg,0,1,"The meme appears to be misogynistic. It uses a stereotype to make a joke, which can be offensive and disrespectful. The text implies that the person being referred to is a police officer who is likely to be a woman",Is this meme misogynistic? Answer 1 (Yes) or 0 (No).
15161.jpg,0,0,0,Does this image and text combination express hate against women? Answer 1 or 0.
15161.jpg,0,0,0,"Classify this meme: 1 = misogynous, 0 = not misogynous. Output only the digit."
15161.jpg,0,0,0,Is this content offensive toward women? Answer 1 or 0.
15161.jpg,0,1,1,Look at the meme. Is it sexist? Answer only 1 (Yes) or 0 (No).
17023.jpg,1,1,The meme text you provided is indeed misogynistic and offensive. It promotes a harmful stereotype and uses language that is disrespectful and dehumanizing towards women. It is important to be mindful of the language we use and,Is this meme misogynistic? Answer 1 (Yes) or 0 (No).
17023.jpg,1,0,0,Does this image and text combination express hate against women? Answer 1 or 0.
17023.jpg,1,1,1,"Classify this meme: 1 = misogynous, 0 = not misogynous. Output only the digit."
17023.jpg,1,1,1,Is this content offensive toward women? Answer 1 or 0.
17023.jpg,1,1,1,Look at the meme. Is it sexist? Answer only 1 (Yes) or 0 (No).
15222.jpg,0,1,1,Is this meme misogynistic? Answer 1 (Yes) or 0 (No).
15222.jpg,0,0,0,Does this image and text combination express hate against women? Answer 1 or 0.
15222.jpg,0,0,0,"Classify this meme: 1 = misogynous, 0 = not misogynous. Output only the digit."
15222.jpg,0,0,0,Is this content offensive toward women? Answer 1 or 0.
15222.jpg,0,1,1,Look at the meme. Is it sexist? Answer only 1 (Yes) or 0 (No).
15090.jpg,0,0,"The meme you've provided appears to be a humorous take on the concept of a ""girlfriend"" and the idea of a person being ""no girlfriend."" The text ""GIRLFRIEND NO GIRLFRIEND",Is this meme misogynistic? Answer 1 (Yes) or 0 (No).
15090.jpg,0,0,0,Does this image and text combination express hate against women? Answer 1 or 0.
15090.jpg,0,0,0,"Classify this meme: 1 = misogynous, 0 = not misogynous. Output only the digit."
15090.jpg,0,0,0,Is this content offensive toward women? Answer 1 or 0.
15090.jpg,0,0,0,Look at the meme. Is it sexist? Answer only 1 (Yes) or 0 (No).
15854.jpg,1,1,Answer: 1 (Yes),Is this meme misogynistic? Answer 1 (Yes) or 0 (No).
15854.jpg,1,0,0,Does this image and text combination express hate against women? Answer 1 or 0.
15854.jpg,1,0,0,"Classify this meme: 1 = misogynous, 0 = not misogynous. Output only the digit."
15854.jpg,1,0,0,Is this content offensive toward women? Answer 1 or 0.
15854.jpg,1,1,1,Look at the meme. Is it sexist? Answer only 1 (Yes) or 0 (No).
15483.jpg,1,-1,"The meme text ""HATES THE WORD ""BITCH"" IS A BITCH"" can be interpreted as misogynistic because it associates the word ""bitch"" with a negative stereotype of women. The meme is",Is this meme misogynistic? Answer 1 (Yes) or 0 (No).
15483.jpg,1,0,0,Does this image and text combination express hate against women? Answer 1 or 0.
15483.jpg,1,1,1,"Classify this meme: 1 = misogynous, 0 = not misogynous. Output only the digit."
15483.jpg,1,0,0,Is this content offensive toward women? Answer 1 or 0.
15483.jpg,1,1,1,Look at the meme. Is it sexist? Answer only 1 (Yes) or 0 (No).
16131.jpg,1,1,1,Is this meme misogynistic? Answer 1 (Yes) or 0 (No).
16131.jpg,1,0,0,Does this image and text combination express hate against women? Answer 1 or 0.
16131.jpg,1,0,0,"Classify this meme: 1 = misogynous, 0 = not misogynous. Output only the digit."
16131.jpg,1,0,0,Is this content offensive toward women? Answer 1 or 0.
16131.jpg,1,1,1,Look at the meme. Is it sexist? Answer only 1 (Yes) or 0 (No).
15333.jpg,1,1,Answer: 1 (Yes),Is this meme misogynistic? Answer 1 (Yes) or 0 (No).
15333.jpg,1,0,0,Does this image and text combination express hate against women? Answer 1 or 0.
15333.jpg,1,1,1,"Classify this meme: 1 = misogynous, 0 = not misogynous. Output only the digit."
15333.jpg,1,0,0,Is this content offensive toward women? Answer 1 or 0.
15333.jpg,1,1,1,Look at the meme. Is it sexist? Answer only 1 (Yes) or 0 (No).
15159.jpg,1,1,Answer: 1 (Yes),Is this meme misogynistic? Answer 1 (Yes) or 0 (No).
15159.jpg,1,0,0,Does this image and text combination express hate against women? Answer 1 or 0.
15159.jpg,1,0,0,"Classify this meme: 1 = misogynous, 0 = not misogynous. Output only the digit."
15159.jpg,1,0,0,Is this content offensive toward women? Answer 1 or 0.
15159.jpg,1,1,1,Look at the meme. Is it sexist? Answer only 1 (Yes) or 0 (No).
15770.jpg,1,-1,"The meme you've provided appears to be misogynistic. It features a person in a revealing outfit, which is often used to objectify and sexualize women in a way that can be degrading and disrespectful. The",Is this meme misogynistic? Answer 1 (Yes) or 0 (No).
15770.jpg,1,0,0,Does this image and text combination express hate against women? Answer 1 or 0.
15770.jpg,1,0,0,"Classify this meme: 1 = misogynous, 0 = not misogynous. Output only the digit."
15770.jpg,1,0,0,Is this content offensive toward women? Answer 1 or 0.
15770.jpg,1,1,1,Look at the meme. Is it sexist? Answer only 1 (Yes) or 0 (No).
16076.jpg,1,1,"Answer 1 (Yes). The meme is misogynistic because it makes a derogatory and objectifying comment about women's bodies, specifically their breasts. It is not respectful or appropriate to make such a statement.",Is this meme misogynistic? Answer 1 (Yes) or 0 (No).
16076.jpg,1,0,0,Does this image and text combination express hate against women? Answer 1 or 0.
16076.jpg,1,1,1,"Classify this meme: 1 = misogynous, 0 = not misogynous. Output only the digit."
16076.jpg,1,0,0,Is this content offensive toward women? Answer 1 or 0.
16076.jpg,1,1,1,Look at the meme. Is it sexist? Answer only 1 (Yes) or 0 (No).
16290.jpg,0,1,Answer: 1 (Yes),Is this meme misogynistic? Answer 1 (Yes) or 0 (No).
16290.jpg,0,0,0,Does this image and text combination express hate against women? Answer 1 or 0.
16290.jpg,0,1,1,"Classify this meme: 1 = misogynous, 0 = not misogynous. Output only the digit."
16290.jpg,0,0,0,Is this content offensive toward women? Answer 1 or 0.
16290.jpg,0,1,1,Look at the meme. Is it sexist? Answer only 1 (Yes) or 0 (No).
15651.jpg,0,1,1,Is this meme misogynistic? Answer 1 (Yes) or 0 (No).
15651.jpg,0,0,0,Does this image and text combination express hate against women? Answer 1 or 0.
15651.jpg,0,0,0,"Classify this meme: 1 = misogynous, 0 = not misogynous. Output only the digit."
15651.jpg,0,0,0,Is this content offensive toward women? Answer 1 or 0.
15651.jpg,0,1,1,Look at the meme. Is it sexist? Answer only 1 (Yes) or 0 (No).
15237.jpg,0,1,1,Is this meme misogynistic? Answer 1 (Yes) or 0 (No).
15237.jpg,0,0,0,Does this image and text combination express hate against women? Answer 1 or 0.
15237.jpg,0,0,0,"Classify this meme: 1 = misogynous, 0 = not misogynous. Output only the digit."
15237.jpg,0,0,0,Is this content offensive toward women? Answer 1 or 0.
15237.jpg,0,1,1,Look at the meme. Is it sexist? Answer only 1 (Yes) or 0 (No).
16113.jpg,1,1,1,Is this meme misogynistic? Answer 1 (Yes) or 0 (No).
16113.jpg,1,0,0,Does this image and text combination express hate against women? Answer 1 or 0.
16113.jpg,1,1,1,"Classify this meme: 1 = misogynous, 0 = not misogynous. Output only the digit."
16113.jpg,1,1,1,Is this content offensive toward women? Answer 1 or 0.
16113.jpg,1,1,1,Look at the meme. Is it sexist? Answer only 1 (Yes) or 0 (No).
15845.jpg,1,0,"The meme text is misogynistic. It uses derogatory language to describe women and their bodies, which is not respectful or appropriate.",Is this meme misogynistic? Answer 1 (Yes) or 0 (No).
15845.jpg,1,0,0,Does this image and text combination express hate against women? Answer 1 or 0.
15845.jpg,1,1,1,"Classify this meme: 1 = misogynous, 0 = not misogynous. Output only the digit."
15845.jpg,1,1,1,Is this content offensive toward women? Answer 1 or 0.
15845.jpg,1,1,1,Look at the meme. Is it sexist? Answer only 1 (Yes) or 0 (No).
15228.jpg,0,1,1,Is this meme misogynistic? Answer 1 (Yes) or 0 (No).
15228.jpg,0,0,0,Does this image and text combination express hate against women? Answer 1 or 0.
15228.jpg,0,1,1,"Classify this meme: 1 = misogynous, 0 = not misogynous. Output only the digit."
15228.jpg,0,0,0,Is this content offensive toward women? Answer 1 or 0.
15228.jpg,0,1,1,Look at the meme. Is it sexist? Answer only 1 (Yes) or 0 (No).
15915.jpg,0,1,1,Is this meme misogynistic? Answer 1 (Yes) or 0 (No).
15915.jpg,0,0,0,Does this image and text combination express hate against women? Answer 1 or 0.
15915.jpg,0,0,0,"Classify this meme: 1 = misogynous, 0 = not misogynous. Output only the digit."
15915.jpg,0,0,0,Is this content offensive toward women? Answer 1 or 0.
15915.jpg,0,1,1,Look at the meme. Is it sexist? Answer only 1 (Yes) or 0 (No).
15008.jpg,1,1,"The meme text you provided is misogynistic. It uses the term ""bitches"" in a derogatory manner, which is a sexist slur. The meme is also making a joke about women being objectified and treated",Is this meme misogynistic? Answer 1 (Yes) or 0 (No).
15008.jpg,1,0,0,Does this image and text combination express hate against women? Answer 1 or 0.
15008.jpg,1,0,0,"Classify this meme: 1 = misogynous, 0 = not misogynous. Output only the digit."
15008.jpg,1,0,0,Is this content offensive toward women? Answer 1 or 0.
15008.jpg,1,1,1,Look at the meme. Is it sexist? Answer only 1 (Yes) or 0 (No).
16071.jpg,0,1,1,Is this meme misogynistic? Answer 1 (Yes) or 0 (No).
16071.jpg,0,0,0,Does this image and text combination express hate against women? Answer 1 or 0.
16071.jpg,0,0,0,"Classify this meme: 1 = misogynous, 0 = not misogynous. Output only the digit."
16071.jpg,0,0,0,Is this content offensive toward women? Answer 1 or 0.
16071.jpg,0,1,1,Look at the meme. Is it sexist? Answer only 1 (Yes) or 0 (No).
16189.jpg,1,1,Answer: 1 (Yes),Is this meme misogynistic? Answer 1 (Yes) or 0 (No).
16189.jpg,1,0,0,Does this image and text combination express hate against women? Answer 1 or 0.
16189.jpg,1,0,0,"Classify this meme: 1 = misogynous, 0 = not misogynous. Output only the digit."
16189.jpg,1,0,0,Is this content offensive toward women? Answer 1 or 0.
16189.jpg,1,1,1,Look at the meme. Is it sexist? Answer only 1 (Yes) or 0 (No).
17066.jpg,1,-1,"The meme text you provided is indeed misogynistic. It is making a derogatory statement about women who menstruate or breastfeed, suggesting that they are somehow inferior or undeserving of respect. This kind of language is",Is this meme misogynistic? Answer 1 (Yes) or 0 (No).
17066.jpg,1,0,0,Does this image and text combination express hate against women? Answer 1 or 0.
17066.jpg,1,1,1,"Classify this meme: 1 = misogynous, 0 = not misogynous. Output only the digit."
17066.jpg,1,0,0,Is this content offensive toward women? Answer 1 or 0.
17066.jpg,1,1,1,Look at the meme. Is it sexist? Answer only 1 (Yes) or 0 (No).
16299.jpg,0,-1,"The meme you've provided appears to be a humorous take on the differences between how girls and boys are often portrayed in various media. It shows two illustrations of girls and two of boys, with the girls' illustrations being more",Is this meme misogynistic? Answer 1 (Yes) or 0 (No).
16299.jpg,0,0,0,Does this image and text combination express hate against women? Answer 1 or 0.
16299.jpg,0,0,0,"Classify this meme: 1 = misogynous, 0 = not misogynous. Output only the digit."
16299.jpg,0,0,0,Is this content offensive toward women? Answer 1 or 0.
16299.jpg,0,0,0,Look at the meme. Is it sexist? Answer only 1 (Yes) or 0 (No).
15221.jpg,1,1,1 (Yes),Is this meme misogynistic? Answer 1 (Yes) or 0 (No).
15221.jpg,1,0,0,Does this image and text combination express hate against women? Answer 1 or 0.
15221.jpg,1,0,0,"Classify this meme: 1 = misogynous, 0 = not misogynous. Output only the digit."
15221.jpg,1,0,0,Is this content offensive toward women? Answer 1 or 0.
15221.jpg,1,1,1,Look at the meme. Is it sexist? Answer only 1 (Yes) or 0 (No).
15351.jpg,0,-1,"The meme text is a play on the famous song lyrics by The Beatles, which are ""Why did he cross the road?"" and ""To get to the other side."" The text has been altered to include the name ""Adele""",Is this meme misogynistic? Answer 1 (Yes) or 0 (No).
15351.jpg,0,0,0,Does this image and text combination express hate against women? Answer 1 or 0.
15351.jpg,0,0,0,"Classify this meme: 1 = misogynous, 0 = not misogynous. Output only the digit."
15351.jpg,0,0,0,Is this content offensive toward women? Answer 1 or 0.
15351.jpg,0,0,0,Look at the meme. Is it sexist? Answer only 1 (Yes) or 0 (No).
15967.jpg,0,1,1,Is this meme misogynistic? Answer 1 (Yes) or 0 (No).
15967.jpg,0,0,0,Does this image and text combination express hate against women? Answer 1 or 0.
15967.jpg,0,0,0,"Classify this meme: 1 = misogynous, 0 = not misogynous. Output only the digit."
15967.jpg,0,0,0,Is this content offensive toward women? Answer 1 or 0.
15967.jpg,0,0,0,Look at the meme. Is it sexist? Answer only 1 (Yes) or 0 (No).
15103.jpg,0,1,Answer: 1 (Yes),Is this meme misogynistic? Answer 1 (Yes) or 0 (No).
15103.jpg,0,0,0,Does this image and text combination express hate against women? Answer 1 or 0.
15103.jpg,0,0,0,"Classify this meme: 1 = misogynous, 0 = not misogynous. Output only the digit."
15103.jpg,0,0,0,Is this content offensive toward women? Answer 1 or 0.
15103.jpg,0,1,1,Look at the meme. Is it sexist? Answer only 1 (Yes) or 0 (No).
17016.jpg,1,-1,"The meme text ""YUP MY EX-WIFE IS A SPECIAL KIND OF STUPID"" can be considered misogynistic because it makes a generalization about all women who have been ex-wives, implying that",Is this meme misogynistic? Answer 1 (Yes) or 0 (No).
17016.jpg,1,0,0,Does this image and text combination express hate against women? Answer 1 or 0.
17016.jpg,1,1,1,"Classify this meme: 1 = misogynous, 0 = not misogynous. Output only the digit."
17016.jpg,1,0,0,Is this content offensive toward women? Answer 1 or 0.
17016.jpg,1,1,1,Look at the meme. Is it sexist? Answer only 1 (Yes) or 0 (No).
16094.jpg,1,1,Answer: 1 (Yes),Is this meme misogynistic? Answer 1 (Yes) or 0 (No).
16094.jpg,1,0,0,Does this image and text combination express hate against women? Answer 1 or 0.
16094.jpg,1,1,1,"Classify this meme: 1 = misogynous, 0 = not misogynous. Output only the digit."
16094.jpg,1,1,1,Is this content offensive toward women? Answer 1 or 0.
16094.jpg,1,1,1,Look at the meme. Is it sexist? Answer only 1 (Yes) or 0 (No).
15579.jpg,0,1,Answer: 1 (Yes),Is this meme misogynistic? Answer 1 (Yes) or 0 (No).
15579.jpg,0,0,0,Does this image and text combination express hate against women? Answer 1 or 0.
15579.jpg,0,0,0,"Classify this meme: 1 = misogynous, 0 = not misogynous. Output only the digit."
15579.jpg,0,0,0,Is this content offensive toward women? Answer 1 or 0.
15579.jpg,0,0,0,Look at the meme. Is it sexist? Answer only 1 (Yes) or 0 (No).
15873.jpg,1,1,1,Is this meme misogynistic? Answer 1 (Yes) or 0 (No).
15873.jpg,1,0,0,Does this image and text combination express hate against women? Answer 1 or 0.
15873.jpg,1,0,0,"Classify this meme: 1 = misogynous, 0 = not misogynous. Output only the digit."
15873.jpg,1,0,0,Is this content offensive toward women? Answer 1 or 0.
15873.jpg,1,1,1,Look at the meme. Is it sexist? Answer only 1 (Yes) or 0 (No).
17079.jpg,1,1,1,Is this meme misogynistic? Answer 1 (Yes) or 0 (No).
17079.jpg,1,0,0,Does this image and text combination express hate against women? Answer 1 or 0.
17079.jpg,1,1,1,"Classify this meme: 1 = misogynous, 0 = not misogynous. Output only the digit."
17079.jpg,1,0,0,Is this content offensive toward women? Answer 1 or 0.
17079.jpg,1,1,1,Look at the meme. Is it sexist? Answer only 1 (Yes) or 0 (No).
15558.jpg,0,-1,"The meme text ""You couldn't handle me even if I came with instructions"" can be interpreted as a statement of self-confidence or a challenge to the listener's abilities. However, it can also be perceived as misogyn",Is this meme misogynistic? Answer 1 (Yes) or 0 (No).
15558.jpg,0,0,0,Does this image and text combination express hate against women? Answer 1 or 0.
15558.jpg,0,0,0,"Classify this meme: 1 = misogynous, 0 = not misogynous. Output only the digit."
15558.jpg,0,0,0,Is this content offensive toward women? Answer 1 or 0.
15558.jpg,0,1,1,Look at the meme. Is it sexist? Answer only 1 (Yes) or 0 (No).
15745.jpg,0,1,Answer: 1 (Yes),Is this meme misogynistic? Answer 1 (Yes) or 0 (No).
15745.jpg,0,0,0,Does this image and text combination express hate against women? Answer 1 or 0.
15745.jpg,0,0,0,"Classify this meme: 1 = misogynous, 0 = not misogynous. Output only the digit."
15745.jpg,0,0,0,Is this content offensive toward women? Answer 1 or 0.
15745.jpg,0,1,1,Look at the meme. Is it sexist? Answer only 1 (Yes) or 0 (No).
15020.jpg,0,1,1,Is this meme misogynistic? Answer 1 (Yes) or 0 (No).
15020.jpg,0,0,0,Does this image and text combination express hate against women? Answer 1 or 0.
15020.jpg,0,0,0,"Classify this meme: 1 = misogynous, 0 = not misogynous. Output only the digit."
15020.jpg,0,0,0,Is this content offensive toward women? Answer 1 or 0.
15020.jpg,0,0,0,Look at the meme. Is it sexist? Answer only 1 (Yes) or 0 (No).
16339.jpg,0,1,1,Is this meme misogynistic? Answer 1 (Yes) or 0 (No).
16339.jpg,0,0,0,Does this image and text combination express hate against women? Answer 1 or 0.
16339.jpg,0,0,0,"Classify this meme: 1 = misogynous, 0 = not misogynous. Output only the digit."
16339.jpg,0,0,0,Is this content offensive toward women? Answer 1 or 0.
16339.jpg,0,1,1,Look at the meme. Is it sexist? Answer only 1 (Yes) or 0 (No).
15890.jpg,0,1,1 (Yes),Is this meme misogynistic? Answer 1 (Yes) or 0 (No).
15890.jpg,0,0,0,Does this image and text combination express hate against women? Answer 1 or 0.
15890.jpg,0,0,0,"Classify this meme: 1 = misogynous, 0 = not misogynous. Output only the digit."
15890.jpg,0,0,0,Is this content offensive toward women? Answer 1 or 0.
15890.jpg,0,0,0,Look at the meme. Is it sexist? Answer only 1 (Yes) or 0 (No).
16303.jpg,1,1,1,Is this meme misogynistic? Answer 1 (Yes) or 0 (No).
16303.jpg,1,0,0,Does this image and text combination express hate against women? Answer 1 or 0.
16303.jpg,1,1,1,"Classify this meme: 1 = misogynous, 0 = not misogynous. Output only the digit."
16303.jpg,1,1,1,Is this content offensive toward women? Answer 1 or 0.
16303.jpg,1,1,1,Look at the meme. Is it sexist? Answer only 1 (Yes) or 0 (No).
16240.jpg,1,1,1,Is this meme misogynistic? Answer 1 (Yes) or 0 (No).
16240.jpg,1,0,0,Does this image and text combination express hate against women? Answer 1 or 0.
16240.jpg,1,0,0,"Classify this meme: 1 = misogynous, 0 = not misogynous. Output only the digit."
16240.jpg,1,0,0,Is this content offensive toward women? Answer 1 or 0.
16240.jpg,1,0,0,Look at the meme. Is it sexist? Answer only 1 (Yes) or 0 (No).
15539.jpg,0,1,1 (Yes),Is this meme misogynistic? Answer 1 (Yes) or 0 (No).
15539.jpg,0,0,0,Does this image and text combination express hate against women? Answer 1 or 0.
15539.jpg,0,0,0,"Classify this meme: 1 = misogynous, 0 = not misogynous. Output only the digit."
15539.jpg,0,0,0,Is this content offensive toward women? Answer 1 or 0.
15539.jpg,0,1,1,Look at the meme. Is it sexist? Answer only 1 (Yes) or 0 (No).
17007.jpg,1,1,1,Is this meme misogynistic? Answer 1 (Yes) or 0 (No).
17007.jpg,1,0,0,Does this image and text combination express hate against women? Answer 1 or 0.
17007.jpg,1,0,0,"Classify this meme: 1 = misogynous, 0 = not misogynous. Output only the digit."
17007.jpg,1,0,0,Is this content offensive toward women? Answer 1 or 0.
17007.jpg,1,0,0,Look at the meme. Is it sexist? Answer only 1 (Yes) or 0 (No).
17030.jpg,1,1,1,Is this meme misogynistic? Answer 1 (Yes) or 0 (No).
17030.jpg,1,0,0,Does this image and text combination express hate against women? Answer 1 or 0.
17030.jpg,1,1,1,"Classify this meme: 1 = misogynous, 0 = not misogynous. Output only the digit."
17030.jpg,1,0,0,Is this content offensive toward women? Answer 1 or 0.
17030.jpg,1,1,1,Look at the meme. Is it sexist? Answer only 1 (Yes) or 0 (No).
15642.jpg,1,1,Answer: 1 (Yes),Is this meme misogynistic? Answer 1 (Yes) or 0 (No).
15642.jpg,1,0,0,Does this image and text combination express hate against women? Answer 1 or 0.
15642.jpg,1,1,1,"Classify this meme: 1 = misogynous, 0 = not misogynous. Output only the digit."
15642.jpg,1,0,0,Is this content offensive toward women? Answer 1 or 0.
15642.jpg,1,1,1,Look at the meme. Is it sexist? Answer only 1 (Yes) or 0 (No).
15685.jpg,1,1,1,Is this meme misogynistic? Answer 1 (Yes) or 0 (No).
15685.jpg,1,0,0,Does this image and text combination express hate against women? Answer 1 or 0.
15685.jpg,1,0,0,"Classify this meme: 1 = misogynous, 0 = not misogynous. Output only the digit."
15685.jpg,1,0,0,Is this content offensive toward women? Answer 1 or 0.
15685.jpg,1,1,1,Look at the meme. Is it sexist? Answer only 1 (Yes) or 0 (No).
16181.jpg,0,1,Answer: 1 (Yes),Is this meme misogynistic? Answer 1 (Yes) or 0 (No).
16181.jpg,0,0,0,Does this image and text combination express hate against women? Answer 1 or 0.
16181.jpg,0,1,1,"Classify this meme: 1 = misogynous, 0 = not misogynous. Output only the digit."
16181.jpg,0,0,0,Is this content offensive toward women? Answer 1 or 0.
16181.jpg,0,1,1,Look at the meme. Is it sexist? Answer only 1 (Yes) or 0 (No).
16324.jpg,1,-1,"The meme you've provided appears to be a humorous take on the ""When I See"" format, which is often used to express a strong emotional reaction to something. The text ""A woman"" is placed over an image of a character",Is this meme misogynistic? Answer 1 (Yes) or 0 (No).
16324.jpg,1,0,0,Does this image and text combination express hate against women? Answer 1 or 0.
16324.jpg,1,1,1,"Classify this meme: 1 = misogynous, 0 = not misogynous. Output only the digit."
16324.jpg,1,0,0,Is this content offensive toward women? Answer 1 or 0.
16324.jpg,1,1,1,Look at the meme. Is it sexist? Answer only 1 (Yes) or 0 (No).
16109.jpg,1,-1,"The meme you've provided appears to be a humorous take on a wish list, with the text ""I'd love to Sind har under the shrinmas ova"" which is a play on words. The phrase ""S",Is this meme misogynistic? Answer 1 (Yes) or 0 (No).
16109.jpg,1,0,0,Does this image and text combination express hate against women? Answer 1 or 0.
16109.jpg,1,1,1,"Classify this meme: 1 = misogynous, 0 = not misogynous. Output only the digit."
16109.jpg,1,0,0,Is this content offensive toward women? Answer 1 or 0.
16109.jpg,1,1,1,Look at the meme. Is it sexist? Answer only 1 (Yes) or 0 (No).
15768.jpg,1,1,Answer: 1 (Yes),Is this meme misogynistic? Answer 1 (Yes) or 0 (No).
15768.jpg,1,0,0,Does this image and text combination express hate against women? Answer 1 or 0.
15768.jpg,1,1,1,"Classify this meme: 1 = misogynous, 0 = not misogynous. Output only the digit."
15768.jpg,1,0,0,Is this content offensive toward women? Answer 1 or 0.
15768.jpg,1,1,1,Look at the meme. Is it sexist? Answer only 1 (Yes) or 0 (No).
15614.jpg,0,1,Answer: 1 (Yes),Is this meme misogynistic? Answer 1 (Yes) or 0 (No).
15614.jpg,0,0,0,Does this image and text combination express hate against women? Answer 1 or 0.
15614.jpg,0,0,0,"Classify this meme: 1 = misogynous, 0 = not misogynous. Output only the digit."
15614.jpg,0,1,1,Is this content offensive toward women? Answer 1 or 0.
15614.jpg,0,1,1,Look at the meme. Is it sexist? Answer only 1 (Yes) or 0 (No).
15897.jpg,1,1,Answer: 1 (Yes),Is this meme misogynistic? Answer 1 (Yes) or 0 (No).
15897.jpg,1,0,0,Does this image and text combination express hate against women? Answer 1 or 0.
15897.jpg,1,1,1,"Classify this meme: 1 = misogynous, 0 = not misogynous. Output only the digit."
15897.jpg,1,0,0,Is this content offensive toward women? Answer 1 or 0.
15897.jpg,1,1,1,Look at the meme. Is it sexist? Answer only 1 (Yes) or 0 (No).
15157.jpg,0,1,Answer: 1 (Yes),Is this meme misogynistic? Answer 1 (Yes) or 0 (No).
15157.jpg,0,0,0,Does this image and text combination express hate against women? Answer 1 or 0.
15157.jpg,0,1,1,"Classify this meme: 1 = misogynous, 0 = not misogynous. Output only the digit."
15157.jpg,0,0,0,Is this content offensive toward women? Answer 1 or 0.
15157.jpg,0,1,1,Look at the meme. Is it sexist? Answer only 1 (Yes) or 0 (No).
16058.jpg,1,1,Answer: 1 (Yes),Is this meme misogynistic? Answer 1 (Yes) or 0 (No).
16058.jpg,1,0,0,Does this image and text combination express hate against women? Answer 1 or 0.
16058.jpg,1,1,1,"Classify this meme: 1 = misogynous, 0 = not misogynous. Output only the digit."
16058.jpg,1,0,0,Is this content offensive toward women? Answer 1 or 0.
16058.jpg,1,1,1,Look at the meme. Is it sexist? Answer only 1 (Yes) or 0 (No).
15713.jpg,0,0,"The meme text ""WHEN THEY TELL YOU MO TO WEAR LESS MAKEUP"" is not inherently misogynistic. It is a statement that can be interpreted in various ways, depending on the context in which it",Is this meme misogynistic? Answer 1 (Yes) or 0 (No).
15713.jpg,0,0,0,Does this image and text combination express hate against women? Answer 1 or 0.
15713.jpg,0,0,0,"Classify this meme: 1 = misogynous, 0 = not misogynous. Output only the digit."
15713.jpg,0,0,0,Is this content offensive toward women? Answer 1 or 0.
15713.jpg,0,0,0,Look at the meme. Is it sexist? Answer only 1 (Yes) or 0 (No).
15606.jpg,1,-1,"The meme you've shown contains text that is misogynistic. It implies that women are more likely to get away with hitting men, which is a stereotype that can be harmful and perpetuates gender-based violence. It'",Is this meme misogynistic? Answer 1 (Yes) or 0 (No).
15606.jpg,1,0,0,Does this image and text combination express hate against women? Answer 1 or 0.
15606.jpg,1,1,1,"Classify this meme: 1 = misogynous, 0 = not misogynous. Output only the digit."
15606.jpg,1,0,0,Is this content offensive toward women? Answer 1 or 0.
15606.jpg,1,1,1,Look at the meme. Is it sexist? Answer only 1 (Yes) or 0 (No).
15652.jpg,0,1,Answer: 1 (Yes),Is this meme misogynistic? Answer 1 (Yes) or 0 (No).
15652.jpg,0,0,0,Does this image and text combination express hate against women? Answer 1 or 0.
15652.jpg,0,1,1,"Classify this meme: 1 = misogynous, 0 = not misogynous. Output only the digit."
15652.jpg,0,0,0,Is this content offensive toward women? Answer 1 or 0.
15652.jpg,0,1,1,Look at the meme. Is it sexist? Answer only 1 (Yes) or 0 (No).
16261.jpg,1,1,Answer: 1 (Yes),Is this meme misogynistic? Answer 1 (Yes) or 0 (No).
16261.jpg,1,0,0,Does this image and text combination express hate against women? Answer 1 or 0.
16261.jpg,1,1,1,"Classify this meme: 1 = misogynous, 0 = not misogynous. Output only the digit."
16261.jpg,1,1,1,Is this content offensive toward women? Answer 1 or 0.
16261.jpg,1,1,1,Look at the meme. Is it sexist? Answer only 1 (Yes) or 0 (No).
15241.jpg,0,1,Answer: 1 (Yes),Is this meme misogynistic? Answer 1 (Yes) or 0 (No).
15241.jpg,0,0,0,Does this image and text combination express hate against women? Answer 1 or 0.
15241.jpg,0,0,0,"Classify this meme: 1 = misogynous, 0 = not misogynous. Output only the digit."
15241.jpg,0,0,0,Is this content offensive toward women? Answer 1 or 0.
15241.jpg,0,0,0,Look at the meme. Is it sexist? Answer only 1 (Yes) or 0 (No).
15195.jpg,0,1,1 (Yes),Is this meme misogynistic? Answer 1 (Yes) or 0 (No).
15195.jpg,0,0,0,Does this image and text combination express hate against women? Answer 1 or 0.
15195.jpg,0,0,0,"Classify this meme: 1 = misogynous, 0 = not misogynous. Output only the digit."
15195.jpg,0,0,0,Is this content offensive toward women? Answer 1 or 0.
15195.jpg,0,0,0,Look at the meme. Is it sexist? Answer only 1 (Yes) or 0 (No).
16038.jpg,1,1,Answer: 1 (Yes),Is this meme misogynistic? Answer 1 (Yes) or 0 (No).
16038.jpg,1,0,0,Does this image and text combination express hate against women? Answer 1 or 0.
16038.jpg,1,1,1,"Classify this meme: 1 = misogynous, 0 = not misogynous. Output only the digit."
16038.jpg,1,1,1,Is this content offensive toward women? Answer 1 or 0.
16038.jpg,1,1,1,Look at the meme. Is it sexist? Answer only 1 (Yes) or 0 (No).
15419.jpg,0,0,"The meme text ""WHEN YOU SEE A CUTE GIRL"" is not inherently misogynistic. It is a common phrase used to express a reaction to seeing someone who is perceived as cute. However, the context in",Is this meme misogynistic? Answer 1 (Yes) or 0 (No).
15419.jpg,0,0,0,Does this image and text combination express hate against women? Answer 1 or 0.
15419.jpg,0,0,0,"Classify this meme: 1 = misogynous, 0 = not misogynous. Output only the digit."
15419.jpg,0,0,0,Is this content offensive toward women? Answer 1 or 0.
15419.jpg,0,1,1,Look at the meme. Is it sexist? Answer only 1 (Yes) or 0 (No).
16237.jpg,0,1,1,Is this meme misogynistic? Answer 1 (Yes) or 0 (No).
16237.jpg,0,0,0,Does this image and text combination express hate against women? Answer 1 or 0.
16237.jpg,0,0,0,"Classify this meme: 1 = misogynous, 0 = not misogynous. Output only the digit."
16237.jpg,0,0,0,Is this content offensive toward women? Answer 1 or 0.
16237.jpg,0,0,0,Look at the meme. Is it sexist? Answer only 1 (Yes) or 0 (No).
15612.jpg,0,-1,"The meme text is misogynistic because it implies that the only reason a woman would be in a car is to eat, which is a stereotype that reinforces the idea that women are primarily interested in food and cooking. This kind",Is this meme misogynistic? Answer 1 (Yes) or 0 (No).
15612.jpg,0,0,0,Does this image and text combination express hate against women? Answer 1 or 0.
15612.jpg,0,0,0,"Classify this meme: 1 = misogynous, 0 = not misogynous. Output only the digit."
15612.jpg,0,0,0,Is this content offensive toward women? Answer 1 or 0.
15612.jpg,0,0,0,Look at the meme. Is it sexist? Answer only 1 (Yes) or 0 (No).
15840.jpg,1,-1,"The meme appears to be misogynistic. It uses the phrase ""the ladies"" in a derogatory manner, implying that women are only interested in men at night, and it suggests that they are all asleep by 9 PM",Is this meme misogynistic? Answer 1 (Yes) or 0 (No).
15840.jpg,1,0,0,Does this image and text combination express hate against women? Answer 1 or 0.
15840.jpg,1,1,1,"Classify this meme: 1 = misogynous, 0 = not misogynous. Output only the digit."
15840.jpg,1,0,0,Is this content offensive toward women? Answer 1 or 0.
15840.jpg,1,1,1,Look at the meme. Is it sexist? Answer only 1 (Yes) or 0 (No).
16046.jpg,1,1,Answer: 1 (Yes),Is this meme misogynistic? Answer 1 (Yes) or 0 (No).
16046.jpg,1,0,0,Does this image and text combination express hate against women? Answer 1 or 0.
16046.jpg,1,1,1,"Classify this meme: 1 = misogynous, 0 = not misogynous. Output only the digit."
16046.jpg,1,0,0,Is this content offensive toward women? Answer 1 or 0.
16046.jpg,1,1,1,Look at the meme. Is it sexist? Answer only 1 (Yes) or 0 (No).
15525.jpg,0,1,1,Is this meme misogynistic? Answer 1 (Yes) or 0 (No).
15525.jpg,0,0,0,Does this image and text combination express hate against women? Answer 1 or 0.
15525.jpg,0,0,0,"Classify this meme: 1 = misogynous, 0 = not misogynous. Output only the digit."
15525.jpg,0,0,0,Is this content offensive toward women? Answer 1 or 0.
15525.jpg,0,0,0,Look at the meme. Is it sexist? Answer only 1 (Yes) or 0 (No).
15627.jpg,1,1,Answer: 1 (Yes),Is this meme misogynistic? Answer 1 (Yes) or 0 (No).
15627.jpg,1,0,0,Does this image and text combination express hate against women? Answer 1 or 0.
15627.jpg,1,0,0,"Classify this meme: 1 = misogynous, 0 = not misogynous. Output only the digit."
15627.jpg,1,0,0,Is this content offensive toward women? Answer 1 or 0.
15627.jpg,1,1,1,Look at the meme. Is it sexist? Answer only 1 (Yes) or 0 (No).
16053.jpg,0,1,1,Is this meme misogynistic? Answer 1 (Yes) or 0 (No).
16053.jpg,0,0,0,Does this image and text combination express hate against women? Answer 1 or 0.
16053.jpg,0,1,1,"Classify this meme: 1 = misogynous, 0 = not misogynous. Output only the digit."
16053.jpg,0,0,0,Is this content offensive toward women? Answer 1 or 0.
16053.jpg,0,1,1,Look at the meme. Is it sexist? Answer only 1 (Yes) or 0 (No).
16222.jpg,1,1,1,Is this meme misogynistic? Answer 1 (Yes) or 0 (No).
16222.jpg,1,0,0,Does this image and text combination express hate against women? Answer 1 or 0.
16222.jpg,1,0,0,"Classify this meme: 1 = misogynous, 0 = not misogynous. Output only the digit."
16222.jpg,1,0,0,Is this content offensive toward women? Answer 1 or 0.
16222.jpg,1,1,1,Look at the meme. Is it sexist? Answer only 1 (Yes) or 0 (No).
15230.jpg,0,1,1,Is this meme misogynistic? Answer 1 (Yes) or 0 (No).
15230.jpg,0,0,0,Does this image and text combination express hate against women? Answer 1 or 0.
15230.jpg,0,0,0,"Classify this meme: 1 = misogynous, 0 = not misogynous. Output only the digit."
15230.jpg,0,0,0,Is this content offensive toward women? Answer 1 or 0.
15230.jpg,0,1,1,Look at the meme. Is it sexist? Answer only 1 (Yes) or 0 (No).
16108.jpg,1,1,Answer: 1 (Yes),Is this meme misogynistic? Answer 1 (Yes) or 0 (No).
16108.jpg,1,0,0,Does this image and text combination express hate against women? Answer 1 or 0.
16108.jpg,1,1,1,"Classify this meme: 1 = misogynous, 0 = not misogynous. Output only the digit."
16108.jpg,1,0,0,Is this content offensive toward women? Answer 1 or 0.
16108.jpg,1,1,1,Look at the meme. Is it sexist? Answer only 1 (Yes) or 0 (No).
15946.jpg,0,1,1,Is this meme misogynistic? Answer 1 (Yes) or 0 (No).
15946.jpg,0,0,0,Does this image and text combination express hate against women? Answer 1 or 0.
15946.jpg,0,1,1,"Classify this meme: 1 = misogynous, 0 = not misogynous. Output only the digit."
15946.jpg,0,0,0,Is this content offensive toward women? Answer 1 or 0.
15946.jpg,0,1,1,Look at the meme. Is it sexist? Answer only 1 (Yes) or 0 (No).
16017.jpg,1,1,Answer: 1 (Yes),Is this meme misogynistic? Answer 1 (Yes) or 0 (No).
16017.jpg,1,0,0,Does this image and text combination express hate against women? Answer 1 or 0.
16017.jpg,1,1,1,"Classify this meme: 1 = misogynous, 0 = not misogynous. Output only the digit."
16017.jpg,1,0,0,Is this content offensive toward women? Answer 1 or 0.
16017.jpg,1,1,1,Look at the meme. Is it sexist? Answer only 1 (Yes) or 0 (No).
15566.jpg,0,0,"The meme text ""BE A WOMAN WITH POWER & SUCCESS"" is not inherently misogynistic. It is a positive message encouraging women to strive for power and success. However, the meme itself, which features",Is this meme misogynistic? Answer 1 (Yes) or 0 (No).
15566.jpg,0,0,0,Does this image and text combination express hate against women? Answer 1 or 0.
15566.jpg,0,0,0,"Classify this meme: 1 = misogynous, 0 = not misogynous. Output only the digit."
15566.jpg,0,0,0,Is this content offensive toward women? Answer 1 or 0.
15566.jpg,0,0,0,Look at the meme. Is it sexist? Answer only 1 (Yes) or 0 (No).
15104.jpg,0,1,1 (Yes),Is this meme misogynistic? Answer 1 (Yes) or 0 (No).
15104.jpg,0,0,0,Does this image and text combination express hate against women? Answer 1 or 0.
15104.jpg,0,0,0,"Classify this meme: 1 = misogynous, 0 = not misogynous. Output only the digit."
15104.jpg,0,0,0,Is this content offensive toward women? Answer 1 or 0.
15104.jpg,0,0,0,Look at the meme. Is it sexist? Answer only 1 (Yes) or 0 (No).
15664.jpg,0,1,Answer: 1 (Yes),Is this meme misogynistic? Answer 1 (Yes) or 0 (No).
15664.jpg,0,0,0,Does this image and text combination express hate against women? Answer 1 or 0.
15664.jpg,0,0,0,"Classify this meme: 1 = misogynous, 0 = not misogynous. Output only the digit."
15664.jpg,0,0,0,Is this content offensive toward women? Answer 1 or 0.
15664.jpg,0,1,1,Look at the meme. Is it sexist? Answer only 1 (Yes) or 0 (No).
15216.jpg,0,1,Answer: 1 (Yes),Is this meme misogynistic? Answer 1 (Yes) or 0 (No).
15216.jpg,0,0,0,Does this image and text combination express hate against women? Answer 1 or 0.
15216.jpg,0,1,1,"Classify this meme: 1 = misogynous, 0 = not misogynous. Output only the digit."
15216.jpg,0,0,0,Is this content offensive toward women? Answer 1 or 0.
15216.jpg,0,1,1,Look at the meme. Is it sexist? Answer only 1 (Yes) or 0 (No).
15142.jpg,1,1,Answer: 1 (Yes),Is this meme misogynistic? Answer 1 (Yes) or 0 (No).
15142.jpg,1,0,0,Does this image and text combination express hate against women? Answer 1 or 0.
15142.jpg,1,1,1,"Classify this meme: 1 = misogynous, 0 = not misogynous. Output only the digit."
15142.jpg,1,0,0,Is this content offensive toward women? Answer 1 or 0.
15142.jpg,1,1,1,Look at the meme. Is it sexist? Answer only 1 (Yes) or 0 (No).
15755.jpg,1,1,1,Is this meme misogynistic? Answer 1 (Yes) or 0 (No).
15755.jpg,1,0,0,Does this image and text combination express hate against women? Answer 1 or 0.
15755.jpg,1,1,1,"Classify this meme: 1 = misogynous, 0 = not misogynous. Output only the digit."
15755.jpg,1,0,0,Is this content offensive toward women? Answer 1 or 0.
15755.jpg,1,1,1,Look at the meme. Is it sexist? Answer only 1 (Yes) or 0 (No).
15598.jpg,1,1,Answer: 1 (Yes),Is this meme misogynistic? Answer 1 (Yes) or 0 (No).
15598.jpg,1,0,0,Does this image and text combination express hate against women? Answer 1 or 0.
15598.jpg,1,1,1,"Classify this meme: 1 = misogynous, 0 = not misogynous. Output only the digit."
15598.jpg,1,1,1,Is this content offensive toward women? Answer 1 or 0.
15598.jpg,1,1,1,Look at the meme. Is it sexist? Answer only 1 (Yes) or 0 (No).
15670.jpg,0,1,1,Is this meme misogynistic? Answer 1 (Yes) or 0 (No).
15670.jpg,0,0,0,Does this image and text combination express hate against women? Answer 1 or 0.
15670.jpg,0,0,0,"Classify this meme: 1 = misogynous, 0 = not misogynous. Output only the digit."
15670.jpg,0,0,0,Is this content offensive toward women? Answer 1 or 0.
15670.jpg,0,0,0,Look at the meme. Is it sexist? Answer only 1 (Yes) or 0 (No).
15941.jpg,0,1,1,Is this meme misogynistic? Answer 1 (Yes) or 0 (No).
15941.jpg,0,0,0,Does this image and text combination express hate against women? Answer 1 or 0.
15941.jpg,0,0,0,"Classify this meme: 1 = misogynous, 0 = not misogynous. Output only the digit."
15941.jpg,0,0,0,Is this content offensive toward women? Answer 1 or 0.
15941.jpg,0,0,0,Look at the meme. Is it sexist? Answer only 1 (Yes) or 0 (No).
17081.jpg,0,0,"The meme text ""Half woman half horse"" is not inherently misogynistic. It is a play on words that describes a mythical creature known as a centaur, which is a humanoid creature with the upper body of a",Is this meme misogynistic? Answer 1 (Yes) or 0 (No).
17081.jpg,0,0,0,Does this image and text combination express hate against women? Answer 1 or 0.
17081.jpg,0,0,0,"Classify this meme: 1 = misogynous, 0 = not misogynous. Output only the digit."
17081.jpg,0,0,0,Is this content offensive toward women? Answer 1 or 0.
17081.jpg,0,0,0,Look at the meme. Is it sexist? Answer only 1 (Yes) or 0 (No).
15987.jpg,1,1,Answer: 1 (Yes),Is this meme misogynistic? Answer 1 (Yes) or 0 (No).
15987.jpg,1,0,0,Does this image and text combination express hate against women? Answer 1 or 0.
15987.jpg,1,0,0,"Classify this meme: 1 = misogynous, 0 = not misogynous. Output only the digit."
15987.jpg,1,0,0,Is this content offensive toward women? Answer 1 or 0.
15987.jpg,1,1,1,Look at the meme. Is it sexist? Answer only 1 (Yes) or 0 (No).
16233.jpg,0,1,1,Is this meme misogynistic? Answer 1 (Yes) or 0 (No).
16233.jpg,0,0,0,Does this image and text combination express hate against women? Answer 1 or 0.
16233.jpg,0,0,0,"Classify this meme: 1 = misogynous, 0 = not misogynous. Output only the digit."
16233.jpg,0,0,0,Is this content offensive toward women? Answer 1 or 0.
16233.jpg,0,1,1,Look at the meme. Is it sexist? Answer only 1 (Yes) or 0 (No).
15678.jpg,0,-1,The meme appears to be misogynistic because it uses the stereotype of a woman's physical appearance to make a joke. The meme shows a person holding a green vegetable and then a plate of food that resembles the,Is this meme misogynistic? Answer 1 (Yes) or 0 (No).
15678.jpg,0,0,0,Does this image and text combination express hate against women? Answer 1 or 0.
15678.jpg,0,0,0,"Classify this meme: 1 = misogynous, 0 = not misogynous. Output only the digit."
15678.jpg,0,0,0,Is this content offensive toward women? Answer 1 or 0.
15678.jpg,0,0,0,Look at the meme. Is it sexist? Answer only 1 (Yes) or 0 (No).
15737.jpg,0,1,1,Is this meme misogynistic? Answer 1 (Yes) or 0 (No).
15737.jpg,0,0,0,Does this image and text combination express hate against women? Answer 1 or 0.
15737.jpg,0,0,0,"Classify this meme: 1 = misogynous, 0 = not misogynous. Output only the digit."
15737.jpg,0,0,0,Is this content offensive toward women? Answer 1 or 0.
15737.jpg,0,0,0,Look at the meme. Is it sexist? Answer only 1 (Yes) or 0 (No).
16170.jpg,0,1,1,Is this meme misogynistic? Answer 1 (Yes) or 0 (No).
16170.jpg,0,0,0,Does this image and text combination express hate against women? Answer 1 or 0.
16170.jpg,0,0,0,"Classify this meme: 1 = misogynous, 0 = not misogynous. Output only the digit."
16170.jpg,0,0,0,Is this content offensive toward women? Answer 1 or 0.
16170.jpg,0,0,0,Look at the meme. Is it sexist? Answer only 1 (Yes) or 0 (No).
17070.jpg,1,1,Answer: 1 (Yes),Is this meme misogynistic? Answer 1 (Yes) or 0 (No).
17070.jpg,1,0,0,Does this image and text combination express hate against women? Answer 1 or 0.
17070.jpg,1,1,1,"Classify this meme: 1 = misogynous, 0 = not misogynous. Output only the digit."
17070.jpg,1,1,1,Is this content offensive toward women? Answer 1 or 0.
17070.jpg,1,1,1,Look at the meme. Is it sexist? Answer only 1 (Yes) or 0 (No).
16145.jpg,0,-1,"The meme text you provided is misogynistic. It implies that women are moody and that the person in the image is being a ""real MVP"" by keeping their sanity in the face of this supposed moodiness. This kind",Is this meme misogynistic? Answer 1 (Yes) or 0 (No).
16145.jpg,0,0,0,Does this image and text combination express hate against women? Answer 1 or 0.
16145.jpg,0,1,1,"Classify this meme: 1 = misogynous, 0 = not misogynous. Output only the digit."
16145.jpg,0,0,0,Is this content offensive toward women? Answer 1 or 0.
16145.jpg,0,1,1,Look at the meme. Is it sexist? Answer only 1 (Yes) or 0 (No).
15569.jpg,0,1,1,Is this meme misogynistic? Answer 1 (Yes) or 0 (No).
15569.jpg,0,0,0,Does this image and text combination express hate against women? Answer 1 or 0.
15569.jpg,0,0,0,"Classify this meme: 1 = misogynous, 0 = not misogynous. Output only the digit."
15569.jpg,0,0,0,Is this content offensive toward women? Answer 1 or 0.
15569.jpg,0,1,1,Look at the meme. Is it sexist? Answer only 1 (Yes) or 0 (No).
15649.jpg,0,-1,"The meme appears to be a humorous comparison between a father with a son and a father with a daughter. It shows the father with the son playing with a book, while the father with the daughter is carrying her on his shoulders. The mem",Is this meme misogynistic? Answer 1 (Yes) or 0 (No).
15649.jpg,0,0,0,Does this image and text combination express hate against women? Answer 1 or 0.
15649.jpg,0,0,0,"Classify this meme: 1 = misogynous, 0 = not misogynous. Output only the digit."
15649.jpg,0,0,0,Is this content offensive toward women? Answer 1 or 0.
15649.jpg,0,0,0,Look at the meme. Is it sexist? Answer only 1 (Yes) or 0 (No).
15004.jpg,0,0,"The meme text itself is not inherently misogynistic. It is a humorous statement that plays on the idea of being caught off guard or unprepared for an unexpected event, in this case, diarrhea. The meme",Is this meme misogynistic? Answer 1 (Yes) or 0 (No).
15004.jpg,0,0,0,Does this image and text combination express hate against women? Answer 1 or 0.
15004.jpg,0,0,0,"Classify this meme: 1 = misogynous, 0 = not misogynous. Output only the digit."
15004.jpg,0,0,0,Is this content offensive toward women? Answer 1 or 0.
15004.jpg,0,0,0,Look at the meme. Is it sexist? Answer only 1 (Yes) or 0 (No).
17055.jpg,0,1,Answer: 1 (Yes),Is this meme misogynistic? Answer 1 (Yes) or 0 (No).
17055.jpg,0,0,0,Does this image and text combination express hate against women? Answer 1 or 0.
17055.jpg,0,0,0,"Classify this meme: 1 = misogynous, 0 = not misogynous. Output only the digit."
17055.jpg,0,0,0,Is this content offensive toward women? Answer 1 or 0.
17055.jpg,0,0,0,Look at the meme. Is it sexist? Answer only 1 (Yes) or 0 (No).
15756.jpg,0,1,Answer: 1 (Yes),Is this meme misogynistic? Answer 1 (Yes) or 0 (No).
15756.jpg,0,0,0,Does this image and text combination express hate against women? Answer 1 or 0.
15756.jpg,0,1,1,"Classify this meme: 1 = misogynous, 0 = not misogynous. Output only the digit."
15756.jpg,0,0,0,Is this content offensive toward women? Answer 1 or 0.
15756.jpg,0,1,1,Look at the meme. Is it sexist? Answer only 1 (Yes) or 0 (No).
15126.jpg,1,-1,"The meme text is misogynistic. It implies that a woman who is a girlfriend is responsible for pushing away a man's friends, which is a stereotype that blames women for problems in relationships. This kind of language perpetu",Is this meme misogynistic? Answer 1 (Yes) or 0 (No).
15126.jpg,1,0,0,Does this image and text combination express hate against women? Answer 1 or 0.
15126.jpg,1,1,1,"Classify this meme: 1 = misogynous, 0 = not misogynous. Output only the digit."
15126.jpg,1,0,0,Is this content offensive toward women? Answer 1 or 0.
15126.jpg,1,1,1,Look at the meme. Is it sexist? Answer only 1 (Yes) or 0 (No).
15212.jpg,0,1,1,Is this meme misogynistic? Answer 1 (Yes) or 0 (No).
15212.jpg,0,0,0,Does this image and text combination express hate against women? Answer 1 or 0.
15212.jpg,0,0,0,"Classify this meme: 1 = misogynous, 0 = not misogynous. Output only the digit."
15212.jpg,0,0,0,Is this content offensive toward women? Answer 1 or 0.
15212.jpg,0,1,1,Look at the meme. Is it sexist? Answer only 1 (Yes) or 0 (No).
15800.jpg,1,1,1,Is this meme misogynistic? Answer 1 (Yes) or 0 (No).
15800.jpg,1,0,0,Does this image and text combination express hate against women? Answer 1 or 0.
15800.jpg,1,1,1,"Classify this meme: 1 = misogynous, 0 = not misogynous. Output only the digit."
15800.jpg,1,0,0,Is this content offensive toward women? Answer 1 or 0.
15800.jpg,1,1,1,Look at the meme. Is it sexist? Answer only 1 (Yes) or 0 (No).
15055.jpg,0,1,1,Is this meme misogynistic? Answer 1 (Yes) or 0 (No).
15055.jpg,0,0,0,Does this image and text combination express hate against women? Answer 1 or 0.
15055.jpg,0,0,0,"Classify this meme: 1 = misogynous, 0 = not misogynous. Output only the digit."
15055.jpg,0,0,0,Is this content offensive toward women? Answer 1 or 0.
15055.jpg,0,1,1,Look at the meme. Is it sexist? Answer only 1 (Yes) or 0 (No).
16129.jpg,1,1,1,Is this meme misogynistic? Answer 1 (Yes) or 0 (No).
16129.jpg,1,0,0,Does this image and text combination express hate against women? Answer 1 or 0.
16129.jpg,1,1,1,"Classify this meme: 1 = misogynous, 0 = not misogynous. Output only the digit."
16129.jpg,1,0,0,Is this content offensive toward women? Answer 1 or 0.
16129.jpg,1,1,1,Look at the meme. Is it sexist? Answer only 1 (Yes) or 0 (No).
16026.jpg,1,1,Answer: 1 (Yes),Is this meme misogynistic? Answer 1 (Yes) or 0 (No).
16026.jpg,1,0,0,Does this image and text combination express hate against women? Answer 1 or 0.
16026.jpg,1,1,1,"Classify this meme: 1 = misogynous, 0 = not misogynous. Output only the digit."
16026.jpg,1,0,0,Is this content offensive toward women? Answer 1 or 0.
16026.jpg,1,1,1,Look at the meme. Is it sexist? Answer only 1 (Yes) or 0 (No).
15058.jpg,1,-1,"The meme text ""Sold SHE'S TRYING TO CHOOSE A BAG"" is misogynistic because it implies that the woman is being ""sold"" or manipulated into making a choice, which is",Is this meme misogynistic? Answer 1 (Yes) or 0 (No).
15058.jpg,1,0,0,Does this image and text combination express hate against women? Answer 1 or 0.
15058.jpg,1,0,0,"Classify this meme: 1 = misogynous, 0 = not misogynous. Output only the digit."
15058.jpg,1,0,0,Is this content offensive toward women? Answer 1 or 0.
15058.jpg,1,1,1,Look at the meme. Is it sexist? Answer only 1 (Yes) or 0 (No).
15548.jpg,0,1,1 (Yes),Is this meme misogynistic? Answer 1 (Yes) or 0 (No).
15548.jpg,0,0,0,Does this image and text combination express hate against women? Answer 1 or 0.
15548.jpg,0,0,0,"Classify this meme: 1 = misogynous, 0 = not misogynous. Output only the digit."
15548.jpg,0,0,0,Is this content offensive toward women? Answer 1 or 0.
15548.jpg,0,0,0,Look at the meme. Is it sexist? Answer only 1 (Yes) or 0 (No).
15361.jpg,1,-1,The meme text is misogynistic. It uses derogatory language to describe a woman and implies that she is responsible for her ex-boyfriend's health issues. This kind of language perpetuates harmful stereotypes and cont,Is this meme misogynistic? Answer 1 (Yes) or 0 (No).
15361.jpg,1,0,0,Does this image and text combination express hate against women? Answer 1 or 0.
15361.jpg,1,1,1,"Classify this meme: 1 = misogynous, 0 = not misogynous. Output only the digit."
15361.jpg,1,0,0,Is this content offensive toward women? Answer 1 or 0.
15361.jpg,1,1,1,Look at the meme. Is it sexist? Answer only 1 (Yes) or 0 (No).
16069.jpg,1,1,Answer: 1 (Yes),Is this meme misogynistic? Answer 1 (Yes) or 0 (No).
16069.jpg,1,0,0,Does this image and text combination express hate against women? Answer 1 or 0.
16069.jpg,1,1,1,"Classify this meme: 1 = misogynous, 0 = not misogynous. Output only the digit."
16069.jpg,1,0,0,Is this content offensive toward women? Answer 1 or 0.
16069.jpg,1,1,1,Look at the meme. Is it sexist? Answer only 1 (Yes) or 0 (No).
15452.jpg,0,1,1,Is this meme misogynistic? Answer 1 (Yes) or 0 (No).
15452.jpg,0,0,0,Does this image and text combination express hate against women? Answer 1 or 0.
15452.jpg,0,0,0,"Classify this meme: 1 = misogynous, 0 = not misogynous. Output only the digit."
15452.jpg,0,0,0,Is this content offensive toward women? Answer 1 or 0.
15452.jpg,0,1,1,Look at the meme. Is it sexist? Answer only 1 (Yes) or 0 (No).
15783.jpg,0,0,0,Is this meme misogynistic? Answer 1 (Yes) or 0 (No).
15783.jpg,0,0,0,Does this image and text combination express hate against women? Answer 1 or 0.
15783.jpg,0,0,0,"Classify this meme: 1 = misogynous, 0 = not misogynous. Output only the digit."
15783.jpg,0,0,0,Is this content offensive toward women? Answer 1 or 0.
15783.jpg,0,0,0,Look at the meme. Is it sexist? Answer only 1 (Yes) or 0 (No).
15047.jpg,0,0,"The meme you've provided contains text that is misogynistic. It uses the stereotype of a man who is a ""warhiv"" (a term often used to belittle someone who is overly nostalgic or obs",Is this meme misogynistic? Answer 1 (Yes) or 0 (No).
15047.jpg,0,0,0,Does this image and text combination express hate against women? Answer 1 or 0.
15047.jpg,0,1,1,"Classify this meme: 1 = misogynous, 0 = not misogynous. Output only the digit."
15047.jpg,0,0,0,Is this content offensive toward women? Answer 1 or 0.
15047.jpg,0,1,1,Look at the meme. Is it sexist? Answer only 1 (Yes) or 0 (No).
15833.jpg,1,1,Answer: 1 (Yes),Is this meme misogynistic? Answer 1 (Yes) or 0 (No).
15833.jpg,1,0,0,Does this image and text combination express hate against women? Answer 1 or 0.
15833.jpg,1,1,1,"Classify this meme: 1 = misogynous, 0 = not misogynous. Output only the digit."
15833.jpg,1,0,0,Is this content offensive toward women? Answer 1 or 0.
15833.jpg,1,1,1,Look at the meme. Is it sexist? Answer only 1 (Yes) or 0 (No).
15130.jpg,0,-1,"The meme you've provided features a dog wearing a sweater and standing next to a pizza box. The text ""Summer body, here i come"" is a common phrase used to express the intention to work on one's body during",Is this meme misogynistic? Answer 1 (Yes) or 0 (No).
15130.jpg,0,0,0,Does this image and text combination express hate against women? Answer 1 or 0.
15130.jpg,0,0,0,"Classify this meme: 1 = misogynous, 0 = not misogynous. Output only the digit."
15130.jpg,0,0,0,Is this content offensive toward women? Answer 1 or 0.
15130.jpg,0,0,0,Look at the meme. Is it sexist? Answer only 1 (Yes) or 0 (No).
15763.jpg,0,0,"The meme text ""HEY GIRL I THINK YOU'RE CUTE"" is not inherently misogynistic. It is a common way to express attraction or admiration for someone. However, the meme image itself,",Is this meme misogynistic? Answer 1 (Yes) or 0 (No).
15763.jpg,0,0,0,Does this image and text combination express hate against women? Answer 1 or 0.
15763.jpg,0,0,0,"Classify this meme: 1 = misogynous, 0 = not misogynous. Output only the digit."
15763.jpg,0,0,0,Is this content offensive toward women? Answer 1 or 0.
15763.jpg,0,1,1,Look at the meme. Is it sexist? Answer only 1 (Yes) or 0 (No).
15879.jpg,1,1,1,Is this meme misogynistic? Answer 1 (Yes) or 0 (No).
15879.jpg,1,0,0,Does this image and text combination express hate against women? Answer 1 or 0.
15879.jpg,1,0,0,"Classify this meme: 1 = misogynous, 0 = not misogynous. Output only the digit."
15879.jpg,1,0,0,Is this content offensive toward women? Answer 1 or 0.
15879.jpg,1,1,1,Look at the meme. Is it sexist? Answer only 1 (Yes) or 0 (No).
15752.jpg,1,1,Answer: 1 (Yes),Is this meme misogynistic? Answer 1 (Yes) or 0 (No).
15752.jpg,1,0,0,Does this image and text combination express hate against women? Answer 1 or 0.
15752.jpg,1,0,0,"Classify this meme: 1 = misogynous, 0 = not misogynous. Output only the digit."
15752.jpg,1,0,0,Is this content offensive toward women? Answer 1 or 0.
15752.jpg,1,1,1,Look at the meme. Is it sexist? Answer only 1 (Yes) or 0 (No).
15476.jpg,0,1,1,Is this meme misogynistic? Answer 1 (Yes) or 0 (No).
15476.jpg,0,0,0,Does this image and text combination express hate against women? Answer 1 or 0.
15476.jpg,0,0,0,"Classify this meme: 1 = misogynous, 0 = not misogynous. Output only the digit."
15476.jpg,0,0,0,Is this content offensive toward women? Answer 1 or 0.
15476.jpg,0,1,1,Look at the meme. Is it sexist? Answer only 1 (Yes) or 0 (No).
15409.jpg,0,1,1,Is this meme misogynistic? Answer 1 (Yes) or 0 (No).
15409.jpg,0,0,0,Does this image and text combination express hate against women? Answer 1 or 0.
15409.jpg,0,0,0,"Classify this meme: 1 = misogynous, 0 = not misogynous. Output only the digit."
15409.jpg,0,0,0,Is this content offensive toward women? Answer 1 or 0.
15409.jpg,0,1,1,Look at the meme. Is it sexist? Answer only 1 (Yes) or 0 (No).
15965.jpg,1,-1,"The meme you've provided appears to be a humorous take on the concept of equality, with a man and a woman sitting on a couch. The man is holding his hand out as if to say something, while the woman is covering her",Is this meme misogynistic? Answer 1 (Yes) or 0 (No).
15965.jpg,1,0,0,Does this image and text combination express hate against women? Answer 1 or 0.
15965.jpg,1,0,0,"Classify this meme: 1 = misogynous, 0 = not misogynous. Output only the digit."
15965.jpg,1,0,0,Is this content offensive toward women? Answer 1 or 0.
15965.jpg,1,1,1,Look at the meme. Is it sexist? Answer only 1 (Yes) or 0 (No).
15772.jpg,0,1,Answer: 1 (Yes),Is this meme misogynistic? Answer 1 (Yes) or 0 (No).
15772.jpg,0,0,0,Does this image and text combination express hate against women? Answer 1 or 0.
15772.jpg,0,1,1,"Classify this meme: 1 = misogynous, 0 = not misogynous. Output only the digit."
15772.jpg,0,1,1,Is this content offensive toward women? Answer 1 or 0.
15772.jpg,0,1,1,Look at the meme. Is it sexist? Answer only 1 (Yes) or 0 (No).
15655.jpg,0,-1,"The meme you've provided appears to be making a joke about overeating to the point of discomfort. The text suggests that the person has replaced sex with food, and as a result, they are unable to fit into their pants.",Is this meme misogynistic? Answer 1 (Yes) or 0 (No).
15655.jpg,0,0,0,Does this image and text combination express hate against women? Answer 1 or 0.
15655.jpg,0,1,1,"Classify this meme: 1 = misogynous, 0 = not misogynous. Output only the digit."
15655.jpg,0,1,1,Is this content offensive toward women? Answer 1 or 0.
15655.jpg,0,1,1,Look at the meme. Is it sexist? Answer only 1 (Yes) or 0 (No).
15847.jpg,1,1,Answer: 1 (Yes),Is this meme misogynistic? Answer 1 (Yes) or 0 (No).
15847.jpg,1,0,0,Does this image and text combination express hate against women? Answer 1 or 0.
15847.jpg,1,1,1,"Classify this meme: 1 = misogynous, 0 = not misogynous. Output only the digit."
15847.jpg,1,0,0,Is this content offensive toward women? Answer 1 or 0.
15847.jpg,1,1,1,Look at the meme. Is it sexist? Answer only 1 (Yes) or 0 (No).
15499.jpg,0,0,"The meme appears to be misogynistic because it suggests that a woman's interest in football is something that needs to be hidden from her, implying that it is not a suitable or desirable trait for a woman. This kind of",Is this meme misogynistic? Answer 1 (Yes) or 0 (No).
15499.jpg,0,0,0,Does this image and text combination express hate against women? Answer 1 or 0.
15499.jpg,0,1,1,"Classify this meme: 1 = misogynous, 0 = not misogynous. Output only the digit."
15499.jpg,0,0,0,Is this content offensive toward women? Answer 1 or 0.
15499.jpg,0,1,1,Look at the meme. Is it sexist? Answer only 1 (Yes) or 0 (No).
15303.jpg,0,1,1,Is this meme misogynistic? Answer 1 (Yes) or 0 (No).
15303.jpg,0,0,0,Does this image and text combination express hate against women? Answer 1 or 0.
15303.jpg,0,0,0,"Classify this meme: 1 = misogynous, 0 = not misogynous. Output only the digit."
15303.jpg,0,0,0,Is this content offensive toward women? Answer 1 or 0.
15303.jpg,0,1,1,Look at the meme. Is it sexist? Answer only 1 (Yes) or 0 (No).
16212.jpg,0,0,"The meme appears to be misogynistic. It uses the phrase ""the girl I wanted"" in a derogatory manner, implying that the person in the image is not the desired outcome for the speaker. This kind of language can",Is this meme misogynistic? Answer 1 (Yes) or 0 (No).
16212.jpg,0,0,0,Does this image and text combination express hate against women? Answer 1 or 0.
16212.jpg,0,0,0,"Classify this meme: 1 = misogynous, 0 = not misogynous. Output only the digit."
16212.jpg,0,0,0,Is this content offensive toward women? Answer 1 or 0.
16212.jpg,0,1,1,Look at the meme. Is it sexist? Answer only 1 (Yes) or 0 (No).
15619.jpg,1,-1,"The meme text ""When you see a Asian Girl with BOOTY"" can be considered misogynistic because it objectifies women based on their physical appearance, specifically focusing on their body shape. It implies that the woman's attractiveness",Is this meme misogynistic? Answer 1 (Yes) or 0 (No).
15619.jpg,1,0,0,Does this image and text combination express hate against women? Answer 1 or 0.
15619.jpg,1,1,1,"Classify this meme: 1 = misogynous, 0 = not misogynous. Output only the digit."
15619.jpg,1,0,0,Is this content offensive toward women? Answer 1 or 0.
15619.jpg,1,1,1,Look at the meme. Is it sexist? Answer only 1 (Yes) or 0 (No).
15444.jpg,0,1,1,Is this meme misogynistic? Answer 1 (Yes) or 0 (No).
15444.jpg,0,0,0,Does this image and text combination express hate against women? Answer 1 or 0.
15444.jpg,0,0,0,"Classify this meme: 1 = misogynous, 0 = not misogynous. Output only the digit."
15444.jpg,0,0,0,Is this content offensive toward women? Answer 1 or 0.
15444.jpg,0,0,0,Look at the meme. Is it sexist? Answer only 1 (Yes) or 0 (No).
15784.jpg,1,1,Answer: 1 (Yes),Is this meme misogynistic? Answer 1 (Yes) or 0 (No).
15784.jpg,1,0,0,Does this image and text combination express hate against women? Answer 1 or 0.
15784.jpg,1,1,1,"Classify this meme: 1 = misogynous, 0 = not misogynous. Output only the digit."
15784.jpg,1,0,0,Is this content offensive toward women? Answer 1 or 0.
15784.jpg,1,1,1,Look at the meme. Is it sexist? Answer only 1 (Yes) or 0 (No).
15748.jpg,1,0,"The meme text is misogynistic. It is making a derogatory statement about women's abilities, suggesting that women are not capable of paying attention to multiple things at once. This is a stereotype that is often used to bel",Is this meme misogynistic? Answer 1 (Yes) or 0 (No).
15748.jpg,1,0,0,Does this image and text combination express hate against women? Answer 1 or 0.
15748.jpg,1,0,0,"Classify this meme: 1 = misogynous, 0 = not misogynous. Output only the digit."
15748.jpg,1,0,0,Is this content offensive toward women? Answer 1 or 0.
15748.jpg,1,1,1,Look at the meme. Is it sexist? Answer only 1 (Yes) or 0 (No).
15588.jpg,1,1,Answer: 1 (Yes),Is this meme misogynistic? Answer 1 (Yes) or 0 (No).
15588.jpg,1,0,0,Does this image and text combination express hate against women? Answer 1 or 0.
15588.jpg,1,1,1,"Classify this meme: 1 = misogynous, 0 = not misogynous. Output only the digit."
15588.jpg,1,1,1,Is this content offensive toward women? Answer 1 or 0.
15588.jpg,1,1,1,Look at the meme. Is it sexist? Answer only 1 (Yes) or 0 (No).
16220.jpg,1,1,1,Is this meme misogynistic? Answer 1 (Yes) or 0 (No).
16220.jpg,1,0,0,Does this image and text combination express hate against women? Answer 1 or 0.
16220.jpg,1,0,0,"Classify this meme: 1 = misogynous, 0 = not misogynous. Output only the digit."
16220.jpg,1,0,0,Is this content offensive toward women? Answer 1 or 0.
16220.jpg,1,1,1,Look at the meme. Is it sexist? Answer only 1 (Yes) or 0 (No).
15962.jpg,0,0,"The meme text ""IF MEN Gill HAD A VAGINA FOR A DAY"" is misogynistic because it implies that having a vagina is a negative or undesirable experience, which is not true. The mem",Is this meme misogynistic? Answer 1 (Yes) or 0 (No).
15962.jpg,0,0,0,Does this image and text combination express hate against women? Answer 1 or 0.
15962.jpg,0,1,1,"Classify this meme: 1 = misogynous, 0 = not misogynous. Output only the digit."
15962.jpg,0,0,0,Is this content offensive toward women? Answer 1 or 0.
15962.jpg,0,1,1,Look at the meme. Is it sexist? Answer only 1 (Yes) or 0 (No).
16029.jpg,0,-1,"The meme text you provided is misogynistic. It suggests that the person being sent the meme is a cute girl, which is a form of objectification and reinforces gender stereotypes. Additionally, the phrase ""DIN",Is this meme misogynistic? Answer 1 (Yes) or 0 (No).
16029.jpg,0,0,0,Does this image and text combination express hate against women? Answer 1 or 0.
16029.jpg,0,0,0,"Classify this meme: 1 = misogynous, 0 = not misogynous. Output only the digit."
16029.jpg,0,0,0,Is this content offensive toward women? Answer 1 or 0.
16029.jpg,0,0,0,Look at the meme. Is it sexist? Answer only 1 (Yes) or 0 (No).
15328.jpg,0,1,Answer: 1 (Yes),Is this meme misogynistic? Answer 1 (Yes) or 0 (No).
15328.jpg,0,0,0,Does this image and text combination express hate against women? Answer 1 or 0.
15328.jpg,0,1,1,"Classify this meme: 1 = misogynous, 0 = not misogynous. Output only the digit."
15328.jpg,0,0,0,Is this content offensive toward women? Answer 1 or 0.
15328.jpg,0,1,1,Look at the meme. Is it sexist? Answer only 1 (Yes) or 0 (No).
17068.jpg,0,1,1,Is this meme misogynistic? Answer 1 (Yes) or 0 (No).
17068.jpg,0,0,0,Does this image and text combination express hate against women? Answer 1 or 0.
17068.jpg,0,0,0,"Classify this meme: 1 = misogynous, 0 = not misogynous. Output only the digit."
17068.jpg,0,0,0,Is this content offensive toward women? Answer 1 or 0.
17068.jpg,0,0,0,Look at the meme. Is it sexist? Answer only 1 (Yes) or 0 (No).
15355.jpg,0,0,"The meme text ""YOU ONLY GET ONE MOM CAREFUL HOW YOU TREAT HER!"" is not inherently misogynistic. It is a statement that reflects the importance of treating one's mother",Is this meme misogynistic? Answer 1 (Yes) or 0 (No).
15355.jpg,0,0,0,Does this image and text combination express hate against women? Answer 1 or 0.
15355.jpg,0,0,0,"Classify this meme: 1 = misogynous, 0 = not misogynous. Output only the digit."
15355.jpg,0,0,0,Is this content offensive toward women? Answer 1 or 0.
15355.jpg,0,1,1,Look at the meme. Is it sexist? Answer only 1 (Yes) or 0 (No).
15280.jpg,1,1,The meme you've provided contains text that is misogynistic. It suggests that girls are not capable of handling surprises and that they should be punched in the face for not liking them. This kind of language is offensive and,Is this meme misogynistic? Answer 1 (Yes) or 0 (No).
15280.jpg,1,0,0,Does this image and text combination express hate against women? Answer 1 or 0.
15280.jpg,1,1,1,"Classify this meme: 1 = misogynous, 0 = not misogynous. Output only the digit."
15280.jpg,1,0,0,Is this content offensive toward women? Answer 1 or 0.
15280.jpg,1,1,1,Look at the meme. Is it sexist? Answer only 1 (Yes) or 0 (No).
15448.jpg,0,1,1,Is this meme misogynistic? Answer 1 (Yes) or 0 (No).
15448.jpg,0,0,0,Does this image and text combination express hate against women? Answer 1 or 0.
15448.jpg,0,0,0,"Classify this meme: 1 = misogynous, 0 = not misogynous. Output only the digit."
15448.jpg,0,0,0,Is this content offensive toward women? Answer 1 or 0.
15448.jpg,0,1,1,Look at the meme. Is it sexist? Answer only 1 (Yes) or 0 (No).
16335.jpg,0,1,1,Is this meme misogynistic? Answer 1 (Yes) or 0 (No).
16335.jpg,0,0,0,Does this image and text combination express hate against women? Answer 1 or 0.
16335.jpg,0,0,0,"Classify this meme: 1 = misogynous, 0 = not misogynous. Output only the digit."
16335.jpg,0,0,0,Is this content offensive toward women? Answer 1 or 0.
16335.jpg,0,1,1,Look at the meme. Is it sexist? Answer only 1 (Yes) or 0 (No).
15561.jpg,0,1,Answer: 1 (Yes),Is this meme misogynistic? Answer 1 (Yes) or 0 (No).
15561.jpg,0,0,0,Does this image and text combination express hate against women? Answer 1 or 0.
15561.jpg,0,1,1,"Classify this meme: 1 = misogynous, 0 = not misogynous. Output only the digit."
15561.jpg,0,0,0,Is this content offensive toward women? Answer 1 or 0.
15561.jpg,0,1,1,Look at the meme. Is it sexist? Answer only 1 (Yes) or 0 (No).
15065.jpg,1,1,Answer: 1 (Yes),Is this meme misogynistic? Answer 1 (Yes) or 0 (No).
15065.jpg,1,0,0,Does this image and text combination express hate against women? Answer 1 or 0.
15065.jpg,1,1,1,"Classify this meme: 1 = misogynous, 0 = not misogynous. Output only the digit."
15065.jpg,1,0,0,Is this content offensive toward women? Answer 1 or 0.
15065.jpg,1,1,1,Look at the meme. Is it sexist? Answer only 1 (Yes) or 0 (No).
15838.jpg,0,1,Answer: 1 (Yes),Is this meme misogynistic? Answer 1 (Yes) or 0 (No).
15838.jpg,0,0,0,Does this image and text combination express hate against women? Answer 1 or 0.
15838.jpg,0,1,1,"Classify this meme: 1 = misogynous, 0 = not misogynous. Output only the digit."
15838.jpg,0,0,0,Is this content offensive toward women? Answer 1 or 0.
15838.jpg,0,1,1,Look at the meme. Is it sexist? Answer only 1 (Yes) or 0 (No).
15304.jpg,1,1,Answer: 1 (Yes),Is this meme misogynistic? Answer 1 (Yes) or 0 (No).
15304.jpg,1,0,0,Does this image and text combination express hate against women? Answer 1 or 0.
15304.jpg,1,1,1,"Classify this meme: 1 = misogynous, 0 = not misogynous. Output only the digit."
15304.jpg,1,1,1,Is this content offensive toward women? Answer 1 or 0.
15304.jpg,1,1,1,Look at the meme. Is it sexist? Answer only 1 (Yes) or 0 (No).
15150.jpg,0,1,1,Is this meme misogynistic? Answer 1 (Yes) or 0 (No).
15150.jpg,0,0,0,Does this image and text combination express hate against women? Answer 1 or 0.
15150.jpg,0,0,0,"Classify this meme: 1 = misogynous, 0 = not misogynous. Output only the digit."
15150.jpg,0,0,0,Is this content offensive toward women? Answer 1 or 0.
15150.jpg,0,1,1,Look at the meme. Is it sexist? Answer only 1 (Yes) or 0 (No).
15818.jpg,0,0,"The meme text you provided is a humorous take on a common household dynamic, where one person is responsible for cooking and another for cleaning. It is not inherently misogynistic, as it is a depiction of a situation that many",Is this meme misogynistic? Answer 1 (Yes) or 0 (No).
15818.jpg,0,0,0,Does this image and text combination express hate against women? Answer 1 or 0.
15818.jpg,0,0,0,"Classify this meme: 1 = misogynous, 0 = not misogynous. Output only the digit."
15818.jpg,0,0,0,Is this content offensive toward women? Answer 1 or 0.
15818.jpg,0,1,1,Look at the meme. Is it sexist? Answer only 1 (Yes) or 0 (No).
15210.jpg,0,0,"The meme you've shown contains text that is misogynistic. It is making a derogatory statement about a person's sexual status, which is not appropriate or respectful. The meme is using a stereotype to make",Is this meme misogynistic? Answer 1 (Yes) or 0 (No).
15210.jpg,0,0,0,Does this image and text combination express hate against women? Answer 1 or 0.
15210.jpg,0,1,1,"Classify this meme: 1 = misogynous, 0 = not misogynous. Output only the digit."
15210.jpg,0,0,0,Is this content offensive toward women? Answer 1 or 0.
15210.jpg,0,0,0,Look at the meme. Is it sexist? Answer only 1 (Yes) or 0 (No).
17024.jpg,1,1,1,Is this meme misogynistic? Answer 1 (Yes) or 0 (No).
17024.jpg,1,0,0,Does this image and text combination express hate against women? Answer 1 or 0.
17024.jpg,1,1,1,"Classify this meme: 1 = misogynous, 0 = not misogynous. Output only the digit."
17024.jpg,1,0,0,Is this content offensive toward women? Answer 1 or 0.
17024.jpg,1,1,1,Look at the meme. Is it sexist? Answer only 1 (Yes) or 0 (No).
16250.jpg,1,1,1,Is this meme misogynistic? Answer 1 (Yes) or 0 (No).
16250.jpg,1,0,0,Does this image and text combination express hate against women? Answer 1 or 0.
16250.jpg,1,0,0,"Classify this meme: 1 = misogynous, 0 = not misogynous. Output only the digit."
16250.jpg,1,0,0,Is this content offensive toward women? Answer 1 or 0.
16250.jpg,1,0,0,Look at the meme. Is it sexist? Answer only 1 (Yes) or 0 (No).
15041.jpg,1,1,"The meme text includes a derogatory term that is considered offensive and misogynistic. Therefore, the answer is 1 (Yes).",Is this meme misogynistic? Answer 1 (Yes) or 0 (No).
15041.jpg,1,0,0,Does this image and text combination express hate against women? Answer 1 or 0.
15041.jpg,1,1,1,"Classify this meme: 1 = misogynous, 0 = not misogynous. Output only the digit."
15041.jpg,1,1,1,Is this content offensive toward women? Answer 1 or 0.
15041.jpg,1,1,1,Look at the meme. Is it sexist? Answer only 1 (Yes) or 0 (No).
16128.jpg,1,1,1,Is this meme misogynistic? Answer 1 (Yes) or 0 (No).
16128.jpg,1,0,0,Does this image and text combination express hate against women? Answer 1 or 0.
16128.jpg,1,0,0,"Classify this meme: 1 = misogynous, 0 = not misogynous. Output only the digit."
16128.jpg,1,0,0,Is this content offensive toward women? Answer 1 or 0.
16128.jpg,1,1,1,Look at the meme. Is it sexist? Answer only 1 (Yes) or 0 (No).
15255.jpg,1,1,Answer 1 (Yes). The meme is misogynistic because it objectifies women based on their body size and implies that the only desirable trait for women is being overweight. This kind of language and imagery can contribute to harmful,Is this meme misogynistic? Answer 1 (Yes) or 0 (No).
15255.jpg,1,0,0,Does this image and text combination express hate against women? Answer 1 or 0.
15255.jpg,1,1,1,"Classify this meme: 1 = misogynous, 0 = not misogynous. Output only the digit."
15255.jpg,1,1,1,Is this content offensive toward women? Answer 1 or 0.
15255.jpg,1,1,1,Look at the meme. Is it sexist? Answer only 1 (Yes) or 0 (No).
16314.jpg,1,1,Answer: 1 (Yes),Is this meme misogynistic? Answer 1 (Yes) or 0 (No).
16314.jpg,1,0,0,Does this image and text combination express hate against women? Answer 1 or 0.
16314.jpg,1,1,1,"Classify this meme: 1 = misogynous, 0 = not misogynous. Output only the digit."
16314.jpg,1,0,0,Is this content offensive toward women? Answer 1 or 0.
16314.jpg,1,1,1,Look at the meme. Is it sexist? Answer only 1 (Yes) or 0 (No).
16317.jpg,1,1,1,Is this meme misogynistic? Answer 1 (Yes) or 0 (No).
16317.jpg,1,0,0,Does this image and text combination express hate against women? Answer 1 or 0.
16317.jpg,1,0,0,"Classify this meme: 1 = misogynous, 0 = not misogynous. Output only the digit."
16317.jpg,1,0,0,Is this content offensive toward women? Answer 1 or 0.
16317.jpg,1,1,1,Look at the meme. Is it sexist? Answer only 1 (Yes) or 0 (No).
16283.jpg,0,1,1,Is this meme misogynistic? Answer 1 (Yes) or 0 (No).
16283.jpg,0,0,0,Does this image and text combination express hate against women? Answer 1 or 0.
16283.jpg,0,0,0,"Classify this meme: 1 = misogynous, 0 = not misogynous. Output only the digit."
16283.jpg,0,0,0,Is this content offensive toward women? Answer 1 or 0.
16283.jpg,0,1,1,Look at the meme. Is it sexist? Answer only 1 (Yes) or 0 (No).
15206.jpg,1,0,"The meme text you provided is misogynistic. It uses the term ""domestic abuse"" in a derogatory and inappropriate manner, which is not a legitimate or respectful way to discuss or joke about a serious issue.",Is this meme misogynistic? Answer 1 (Yes) or 0 (No).
15206.jpg,1,0,0,Does this image and text combination express hate against women? Answer 1 or 0.
15206.jpg,1,1,1,"Classify this meme: 1 = misogynous, 0 = not misogynous. Output only the digit."
15206.jpg,1,0,0,Is this content offensive toward women? Answer 1 or 0.
15206.jpg,1,1,1,Look at the meme. Is it sexist? Answer only 1 (Yes) or 0 (No).
15669.jpg,0,1,1,Is this meme misogynistic? Answer 1 (Yes) or 0 (No).
15669.jpg,0,0,0,Does this image and text combination express hate against women? Answer 1 or 0.
15669.jpg,0,0,0,"Classify this meme: 1 = misogynous, 0 = not misogynous. Output only the digit."
15669.jpg,0,0,0,Is this content offensive toward women? Answer 1 or 0.
15669.jpg,0,0,0,Look at the meme. Is it sexist? Answer only 1 (Yes) or 0 (No).
15348.jpg,1,1,Answer: 1 (Yes),Is this meme misogynistic? Answer 1 (Yes) or 0 (No).
15348.jpg,1,0,0,Does this image and text combination express hate against women? Answer 1 or 0.
15348.jpg,1,1,1,"Classify this meme: 1 = misogynous, 0 = not misogynous. Output only the digit."
15348.jpg,1,0,0,Is this content offensive toward women? Answer 1 or 0.
15348.jpg,1,1,1,Look at the meme. Is it sexist? Answer only 1 (Yes) or 0 (No).
15656.jpg,0,1,Answer: 1 (Yes),Is this meme misogynistic? Answer 1 (Yes) or 0 (No).
15656.jpg,0,0,0,Does this image and text combination express hate against women? Answer 1 or 0.
15656.jpg,0,0,0,"Classify this meme: 1 = misogynous, 0 = not misogynous. Output only the digit."
15656.jpg,0,0,0,Is this content offensive toward women? Answer 1 or 0.
15656.jpg,0,1,1,Look at the meme. Is it sexist? Answer only 1 (Yes) or 0 (No).
15454.jpg,0,-1,The meme text is misogynistic because it reinforces the stereotype that women are naturally more promiscuous than men and that men are more likely to be jealous of other men's relationships with women. This stereotype is,Is this meme misogynistic? Answer 1 (Yes) or 0 (No).
15454.jpg,0,0,0,Does this image and text combination express hate against women? Answer 1 or 0.
15454.jpg,0,1,1,"Classify this meme: 1 = misogynous, 0 = not misogynous. Output only the digit."
15454.jpg,0,1,1,Is this content offensive toward women? Answer 1 or 0.
15454.jpg,0,1,1,Look at the meme. Is it sexist? Answer only 1 (Yes) or 0 (No).
15789.jpg,1,1,1,Is this meme misogynistic? Answer 1 (Yes) or 0 (No).
15789.jpg,1,0,0,Does this image and text combination express hate against women? Answer 1 or 0.
15789.jpg,1,0,0,"Classify this meme: 1 = misogynous, 0 = not misogynous. Output only the digit."
15789.jpg,1,0,0,Is this content offensive toward women? Answer 1 or 0.
15789.jpg,1,1,1,Look at the meme. Is it sexist? Answer only 1 (Yes) or 0 (No).
15493.jpg,0,1,1,Is this meme misogynistic? Answer 1 (Yes) or 0 (No).
15493.jpg,0,0,0,Does this image and text combination express hate against women? Answer 1 or 0.
15493.jpg,0,0,0,"Classify this meme: 1 = misogynous, 0 = not misogynous. Output only the digit."
15493.jpg,0,0,0,Is this content offensive toward women? Answer 1 or 0.
15493.jpg,0,0,0,Look at the meme. Is it sexist? Answer only 1 (Yes) or 0 (No).
15892.jpg,1,0,"The meme text ""WINTER'S OVER GET YOUR CHIMNEY SWEPT OUT"" is not inherently misogynistic. It is a play on words, using the phrase ""winter's over"" to suggest",Is this meme misogynistic? Answer 1 (Yes) or 0 (No).
15892.jpg,1,0,0,Does this image and text combination express hate against women? Answer 1 or 0.
15892.jpg,1,0,0,"Classify this meme: 1 = misogynous, 0 = not misogynous. Output only the digit."
15892.jpg,1,0,0,Is this content offensive toward women? Answer 1 or 0.
15892.jpg,1,1,1,Look at the meme. Is it sexist? Answer only 1 (Yes) or 0 (No).
15167.jpg,0,-1,"The meme text is misogynistic because it implies that the woman's dog is a substitute for the woman herself, suggesting that the man is leaving the woman's house after spending time with her pet. This kind of language objectifies",Is this meme misogynistic? Answer 1 (Yes) or 0 (No).
15167.jpg,0,0,0,Does this image and text combination express hate against women? Answer 1 or 0.
15167.jpg,0,0,0,"Classify this meme: 1 = misogynous, 0 = not misogynous. Output only the digit."
15167.jpg,0,0,0,Is this content offensive toward women? Answer 1 or 0.
15167.jpg,0,0,0,Look at the meme. Is it sexist? Answer only 1 (Yes) or 0 (No).
15289.jpg,1,1,Answer: 1 (Yes),Is this meme misogynistic? Answer 1 (Yes) or 0 (No).
15289.jpg,1,0,0,Does this image and text combination express hate against women? Answer 1 or 0.
15289.jpg,1,1,1,"Classify this meme: 1 = misogynous, 0 = not misogynous. Output only the digit."
15289.jpg,1,0,0,Is this content offensive toward women? Answer 1 or 0.
15289.jpg,1,1,1,Look at the meme. Is it sexist? Answer only 1 (Yes) or 0 (No).
15835.jpg,1,1,Answer: 1 (Yes),Is this meme misogynistic? Answer 1 (Yes) or 0 (No).
15835.jpg,1,0,0,Does this image and text combination express hate against women? Answer 1 or 0.
15835.jpg,1,0,0,"Classify this meme: 1 = misogynous, 0 = not misogynous. Output only the digit."
15835.jpg,1,0,0,Is this content offensive toward women? Answer 1 or 0.
15835.jpg,1,1,1,Look at the meme. Is it sexist? Answer only 1 (Yes) or 0 (No).
15009.jpg,0,0,Answer: 0 (No),Is this meme misogynistic? Answer 1 (Yes) or 0 (No).
15009.jpg,0,0,0,Does this image and text combination express hate against women? Answer 1 or 0.
15009.jpg,0,0,0,"Classify this meme: 1 = misogynous, 0 = not misogynous. Output only the digit."
15009.jpg,0,0,0,Is this content offensive toward women? Answer 1 or 0.
15009.jpg,0,0,0,Look at the meme. Is it sexist? Answer only 1 (Yes) or 0 (No).
15829.jpg,1,1,Answer: 1 (Yes),Is this meme misogynistic? Answer 1 (Yes) or 0 (No).
15829.jpg,1,0,0,Does this image and text combination express hate against women? Answer 1 or 0.
15829.jpg,1,1,1,"Classify this meme: 1 = misogynous, 0 = not misogynous. Output only the digit."
15829.jpg,1,0,0,Is this content offensive toward women? Answer 1 or 0.
15829.jpg,1,1,1,Look at the meme. Is it sexist? Answer only 1 (Yes) or 0 (No).
16090.jpg,1,0,The meme you've shown contains text that is misogynistic and objectifying. It is not appropriate to use language that dehumanizes or objectifies individuals based on their gender or appearance. The text is inappropriate and disrespect,Is this meme misogynistic? Answer 1 (Yes) or 0 (No).
16090.jpg,1,0,0,Does this image and text combination express hate against women? Answer 1 or 0.
16090.jpg,1,0,0,"Classify this meme: 1 = misogynous, 0 = not misogynous. Output only the digit."
16090.jpg,1,0,0,Is this content offensive toward women? Answer 1 or 0.
16090.jpg,1,1,1,Look at the meme. Is it sexist? Answer only 1 (Yes) or 0 (No).
17032.jpg,1,0,"The meme text you provided is indeed misogynistic. It uses derogatory language to describe a woman and implies that she is in need of a sexual act, which is not respectful or appropriate. It is important to use language that",Is this meme misogynistic? Answer 1 (Yes) or 0 (No).
17032.jpg,1,0,0,Does this image and text combination express hate against women? Answer 1 or 0.
17032.jpg,1,1,1,"Classify this meme: 1 = misogynous, 0 = not misogynous. Output only the digit."
17032.jpg,1,1,1,Is this content offensive toward women? Answer 1 or 0.
17032.jpg,1,1,1,Look at the meme. Is it sexist? Answer only 1 (Yes) or 0 (No).
16275.jpg,1,-1,"The meme you've provided appears to be a humorous comparison between a man's appearance before and after a shower, and a woman's appearance before and after a shower. The text ""€2"" is likely meant to be a",Is this meme misogynistic? Answer 1 (Yes) or 0 (No).
16275.jpg,1,0,0,Does this image and text combination express hate against women? Answer 1 or 0.
16275.jpg,1,0,0,"Classify this meme: 1 = misogynous, 0 = not misogynous. Output only the digit."
16275.jpg,1,0,0,Is this content offensive toward women? Answer 1 or 0.
16275.jpg,1,1,1,Look at the meme. Is it sexist? Answer only 1 (Yes) or 0 (No).
17013.jpg,1,-1,"The meme you've provided appears to be a humorous representation of the progression of a tennis ball over the course of a year, with the implication that the ball has been used and worn out over time. The text ""1st",Is this meme misogynistic? Answer 1 (Yes) or 0 (No).
17013.jpg,1,0,0,Does this image and text combination express hate against women? Answer 1 or 0.
17013.jpg,1,0,0,"Classify this meme: 1 = misogynous, 0 = not misogynous. Output only the digit."
17013.jpg,1,0,0,Is this content offensive toward women? Answer 1 or 0.
17013.jpg,1,0,0,Look at the meme. Is it sexist? Answer only 1 (Yes) or 0 (No).
15036.jpg,0,1,Answer: 1 (Yes),Is this meme misogynistic? Answer 1 (Yes) or 0 (No).
15036.jpg,0,0,0,Does this image and text combination express hate against women? Answer 1 or 0.
15036.jpg,0,1,1,"Classify this meme: 1 = misogynous, 0 = not misogynous. Output only the digit."
15036.jpg,0,0,0,Is this content offensive toward women? Answer 1 or 0.
15036.jpg,0,1,1,Look at the meme. Is it sexist? Answer only 1 (Yes) or 0 (No).
15155.jpg,0,1,Answer: 1 (Yes),Is this meme misogynistic? Answer 1 (Yes) or 0 (No).
15155.jpg,0,0,0,Does this image and text combination express hate against women? Answer 1 or 0.
15155.jpg,0,0,0,"Classify this meme: 1 = misogynous, 0 = not misogynous. Output only the digit."
15155.jpg,0,0,0,Is this content offensive toward women? Answer 1 or 0.
15155.jpg,0,0,0,Look at the meme. Is it sexist? Answer only 1 (Yes) or 0 (No).
15045.jpg,0,-1,"The meme text is misogynistic because it reinforces the stereotype that women are more likely to eat chocolate than men. This stereotype is based on the assumption that women have a greater affinity for chocolate than men, which is",Is this meme misogynistic? Answer 1 (Yes) or 0 (No).
15045.jpg,0,0,0,Does this image and text combination express hate against women? Answer 1 or 0.
15045.jpg,0,0,0,"Classify this meme: 1 = misogynous, 0 = not misogynous. Output only the digit."
15045.jpg,0,0,0,Is this content offensive toward women? Answer 1 or 0.
15045.jpg,0,0,0,Look at the meme. Is it sexist? Answer only 1 (Yes) or 0 (No).
15522.jpg,0,-1,"The meme you've provided appears to be a humorous comparison between two men, one before a lockdown and the other after it. The text ""MEN BEFORE THE MEN AFTER THE LOCKDOWN LOCKDOWN"" is",Is this meme misogynistic? Answer 1 (Yes) or 0 (No).
15522.jpg,0,0,0,Does this image and text combination express hate against women? Answer 1 or 0.
15522.jpg,0,0,0,"Classify this meme: 1 = misogynous, 0 = not misogynous. Output only the digit."
15522.jpg,0,0,0,Is this content offensive toward women? Answer 1 or 0.
15522.jpg,0,0,0,Look at the meme. Is it sexist? Answer only 1 (Yes) or 0 (No).
16289.jpg,0,1,Answer: 1 (Yes),Is this meme misogynistic? Answer 1 (Yes) or 0 (No).
16289.jpg,0,0,0,Does this image and text combination express hate against women? Answer 1 or 0.
16289.jpg,0,0,0,"Classify this meme: 1 = misogynous, 0 = not misogynous. Output only the digit."
16289.jpg,0,0,0,Is this content offensive toward women? Answer 1 or 0.
16289.jpg,0,0,0,Look at the meme. Is it sexist? Answer only 1 (Yes) or 0 (No).
15648.jpg,1,1,1,Is this meme misogynistic? Answer 1 (Yes) or 0 (No).
15648.jpg,1,0,0,Does this image and text combination express hate against women? Answer 1 or 0.
15648.jpg,1,1,1,"Classify this meme: 1 = misogynous, 0 = not misogynous. Output only the digit."
15648.jpg,1,0,0,Is this content offensive toward women? Answer 1 or 0.
15648.jpg,1,1,1,Look at the meme. Is it sexist? Answer only 1 (Yes) or 0 (No).
15067.jpg,1,-1,"The meme text is misogynistic because it reinforces stereotypes about gender roles and expectations. It implies that boys are inherently less capable or interested in activities traditionally associated with women, such as baking cookies. This kind of",Is this meme misogynistic? Answer 1 (Yes) or 0 (No).
15067.jpg,1,0,0,Does this image and text combination express hate against women? Answer 1 or 0.
15067.jpg,1,1,1,"Classify this meme: 1 = misogynous, 0 = not misogynous. Output only the digit."
15067.jpg,1,0,0,Is this content offensive toward women? Answer 1 or 0.
15067.jpg,1,1,1,Look at the meme. Is it sexist? Answer only 1 (Yes) or 0 (No).
15860.jpg,0,1,Answer: 1 (Yes),Is this meme misogynistic? Answer 1 (Yes) or 0 (No).
15860.jpg,0,0,0,Does this image and text combination express hate against women? Answer 1 or 0.
15860.jpg,0,1,1,"Classify this meme: 1 = misogynous, 0 = not misogynous. Output only the digit."
15860.jpg,0,1,1,Is this content offensive toward women? Answer 1 or 0.
15860.jpg,0,1,1,Look at the meme. Is it sexist? Answer only 1 (Yes) or 0 (No).
15747.jpg,1,0,"The meme text ""If mayonnaise was a person"" is not inherently misogynistic. It is a play on words that uses the image of a woman to create a humorous comparison between a person and mayonnaise. The",Is this meme misogynistic? Answer 1 (Yes) or 0 (No).
15747.jpg,1,0,0,Does this image and text combination express hate against women? Answer 1 or 0.
15747.jpg,1,0,0,"Classify this meme: 1 = misogynous, 0 = not misogynous. Output only the digit."
15747.jpg,1,0,0,Is this content offensive toward women? Answer 1 or 0.
15747.jpg,1,0,0,Look at the meme. Is it sexist? Answer only 1 (Yes) or 0 (No).
15924.jpg,1,1,Answer: 1 (Yes),Is this meme misogynistic? Answer 1 (Yes) or 0 (No).
15924.jpg,1,0,0,Does this image and text combination express hate against women? Answer 1 or 0.
15924.jpg,1,1,1,"Classify this meme: 1 = misogynous, 0 = not misogynous. Output only the digit."
15924.jpg,1,0,0,Is this content offensive toward women? Answer 1 or 0.
15924.jpg,1,1,1,Look at the meme. Is it sexist? Answer only 1 (Yes) or 0 (No).
17026.jpg,0,1,"The meme text you provided is a play on words that uses the phrase ""dump truck coming through"" in a humorous context. The phrase ""69-1"" is a reference to a sexual position, and the phrase ""69-",Is this meme misogynistic? Answer 1 (Yes) or 0 (No).
17026.jpg,0,0,0,Does this image and text combination express hate against women? Answer 1 or 0.
17026.jpg,0,0,0,"Classify this meme: 1 = misogynous, 0 = not misogynous. Output only the digit."
17026.jpg,0,0,0,Is this content offensive toward women? Answer 1 or 0.
17026.jpg,0,1,1,Look at the meme. Is it sexist? Answer only 1 (Yes) or 0 (No).
16073.jpg,1,1,Answer: 1 (Yes),Is this meme misogynistic? Answer 1 (Yes) or 0 (No).
16073.jpg,1,0,0,Does this image and text combination express hate against women? Answer 1 or 0.
16073.jpg,1,0,0,"Classify this meme: 1 = misogynous, 0 = not misogynous. Output only the digit."
16073.jpg,1,0,0,Is this content offensive toward women? Answer 1 or 0.
16073.jpg,1,1,1,Look at the meme. Is it sexist? Answer only 1 (Yes) or 0 (No).
15138.jpg,0,1,Answer: 1 (Yes),Is this meme misogynistic? Answer 1 (Yes) or 0 (No).
15138.jpg,0,0,0,Does this image and text combination express hate against women? Answer 1 or 0.
15138.jpg,0,1,1,"Classify this meme: 1 = misogynous, 0 = not misogynous. Output only the digit."
15138.jpg,0,1,1,Is this content offensive toward women? Answer 1 or 0.
15138.jpg,0,1,1,Look at the meme. Is it sexist? Answer only 1 (Yes) or 0 (No).
15925.jpg,1,1,Answer: 1 (Yes),Is this meme misogynistic? Answer 1 (Yes) or 0 (No).
15925.jpg,1,0,0,Does this image and text combination express hate against women? Answer 1 or 0.
15925.jpg,1,0,0,"Classify this meme: 1 = misogynous, 0 = not misogynous. Output only the digit."
15925.jpg,1,0,0,Is this content offensive toward women? Answer 1 or 0.
15925.jpg,1,1,1,Look at the meme. Is it sexist? Answer only 1 (Yes) or 0 (No).
15621.jpg,0,1,Answer: 1 (Yes),Is this meme misogynistic? Answer 1 (Yes) or 0 (No).
15621.jpg,0,0,0,Does this image and text combination express hate against women? Answer 1 or 0.
15621.jpg,0,1,1,"Classify this meme: 1 = misogynous, 0 = not misogynous. Output only the digit."
15621.jpg,0,0,0,Is this content offensive toward women? Answer 1 or 0.
15621.jpg,0,1,1,Look at the meme. Is it sexist? Answer only 1 (Yes) or 0 (No).
15293.jpg,1,1,Answer: 1 (Yes),Is this meme misogynistic? Answer 1 (Yes) or 0 (No).
15293.jpg,1,0,0,Does this image and text combination express hate against women? Answer 1 or 0.
15293.jpg,1,0,0,"Classify this meme: 1 = misogynous, 0 = not misogynous. Output only the digit."
15293.jpg,1,0,0,Is this content offensive toward women? Answer 1 or 0.
15293.jpg,1,1,1,Look at the meme. Is it sexist? Answer only 1 (Yes) or 0 (No).
15813.jpg,1,1,Answer: 1 (Yes),Is this meme misogynistic? Answer 1 (Yes) or 0 (No).
15813.jpg,1,0,0,Does this image and text combination express hate against women? Answer 1 or 0.
15813.jpg,1,1,1,"Classify this meme: 1 = misogynous, 0 = not misogynous. Output only the digit."
15813.jpg,1,0,0,Is this content offensive toward women? Answer 1 or 0.
15813.jpg,1,1,1,Look at the meme. Is it sexist? Answer only 1 (Yes) or 0 (No).
15433.jpg,1,-1,"The meme you've shown contains text that is misogynistic. It is making a joke about the challenges of wearing a bra, which is a common experience for women, but the meme is using it in a way that is dis",Is this meme misogynistic? Answer 1 (Yes) or 0 (No).
15433.jpg,1,0,0,Does this image and text combination express hate against women? Answer 1 or 0.
15433.jpg,1,1,1,"Classify this meme: 1 = misogynous, 0 = not misogynous. Output only the digit."
15433.jpg,1,0,0,Is this content offensive toward women? Answer 1 or 0.
15433.jpg,1,1,1,Look at the meme. Is it sexist? Answer only 1 (Yes) or 0 (No).
16255.jpg,0,1,1,Is this meme misogynistic? Answer 1 (Yes) or 0 (No).
16255.jpg,0,0,0,Does this image and text combination express hate against women? Answer 1 or 0.
16255.jpg,0,0,0,"Classify this meme: 1 = misogynous, 0 = not misogynous. Output only the digit."
16255.jpg,0,0,0,Is this content offensive toward women? Answer 1 or 0.
16255.jpg,0,1,1,Look at the meme. Is it sexist? Answer only 1 (Yes) or 0 (No).
15048.jpg,0,1,1 (Yes),Is this meme misogynistic? Answer 1 (Yes) or 0 (No).
15048.jpg,0,0,0,Does this image and text combination express hate against women? Answer 1 or 0.
15048.jpg,0,0,0,"Classify this meme: 1 = misogynous, 0 = not misogynous. Output only the digit."
15048.jpg,0,0,0,Is this content offensive toward women? Answer 1 or 0.
15048.jpg,0,0,0,Look at the meme. Is it sexist? Answer only 1 (Yes) or 0 (No).
15233.jpg,0,1,1,Is this meme misogynistic? Answer 1 (Yes) or 0 (No).
15233.jpg,0,0,0,Does this image and text combination express hate against women? Answer 1 or 0.
15233.jpg,0,0,0,"Classify this meme: 1 = misogynous, 0 = not misogynous. Output only the digit."
15233.jpg,0,0,0,Is this content offensive toward women? Answer 1 or 0.
15233.jpg,0,1,1,Look at the meme. Is it sexist? Answer only 1 (Yes) or 0 (No).
16188.jpg,1,1,1,Is this meme misogynistic? Answer 1 (Yes) or 0 (No).
16188.jpg,1,0,0,Does this image and text combination express hate against women? Answer 1 or 0.
16188.jpg,1,0,0,"Classify this meme: 1 = misogynous, 0 = not misogynous. Output only the digit."
16188.jpg,1,0,0,Is this content offensive toward women? Answer 1 or 0.
16188.jpg,1,1,1,Look at the meme. Is it sexist? Answer only 1 (Yes) or 0 (No).
15515.jpg,1,1,1,Is this meme misogynistic? Answer 1 (Yes) or 0 (No).
15515.jpg,1,0,0,Does this image and text combination express hate against women? Answer 1 or 0.
15515.jpg,1,1,1,"Classify this meme: 1 = misogynous, 0 = not misogynous. Output only the digit."
15515.jpg,1,0,0,Is this content offensive toward women? Answer 1 or 0.
15515.jpg,1,1,1,Look at the meme. Is it sexist? Answer only 1 (Yes) or 0 (No).
15198.jpg,0,1,1,Is this meme misogynistic? Answer 1 (Yes) or 0 (No).
15198.jpg,0,0,0,Does this image and text combination express hate against women? Answer 1 or 0.
15198.jpg,0,0,0,"Classify this meme: 1 = misogynous, 0 = not misogynous. Output only the digit."
15198.jpg,0,0,0,Is this content offensive toward women? Answer 1 or 0.
15198.jpg,0,0,0,Look at the meme. Is it sexist? Answer only 1 (Yes) or 0 (No).
15145.jpg,0,-1,"The meme you've provided appears to be a humorous take on the concept of breastfeeding, using a man holding a baby with a ""Milk"" carton on his chest as a visual pun. The text ""YOU",Is this meme misogynistic? Answer 1 (Yes) or 0 (No).
15145.jpg,0,0,0,Does this image and text combination express hate against women? Answer 1 or 0.
15145.jpg,0,1,1,"Classify this meme: 1 = misogynous, 0 = not misogynous. Output only the digit."
15145.jpg,0,0,0,Is this content offensive toward women? Answer 1 or 0.
15145.jpg,0,1,1,Look at the meme. Is it sexist? Answer only 1 (Yes) or 0 (No).
15852.jpg,0,1,Answer: 1 (Yes),Is this meme misogynistic? Answer 1 (Yes) or 0 (No).
15852.jpg,0,0,0,Does this image and text combination express hate against women? Answer 1 or 0.
15852.jpg,0,1,1,"Classify this meme: 1 = misogynous, 0 = not misogynous. Output only the digit."
15852.jpg,0,0,0,Is this content offensive toward women? Answer 1 or 0.
15852.jpg,0,1,1,Look at the meme. Is it sexist? Answer only 1 (Yes) or 0 (No).
15311.jpg,0,0,Answer: 0 (No),Is this meme misogynistic? Answer 1 (Yes) or 0 (No).
15311.jpg,0,0,0,Does this image and text combination express hate against women? Answer 1 or 0.
15311.jpg,0,0,0,"Classify this meme: 1 = misogynous, 0 = not misogynous. Output only the digit."
15311.jpg,0,0,0,Is this content offensive toward women? Answer 1 or 0.
15311.jpg,0,0,0,Look at the meme. Is it sexist? Answer only 1 (Yes) or 0 (No).
15930.jpg,1,1,1,Is this meme misogynistic? Answer 1 (Yes) or 0 (No).
15930.jpg,1,0,0,Does this image and text combination express hate against women? Answer 1 or 0.
15930.jpg,1,0,0,"Classify this meme: 1 = misogynous, 0 = not misogynous. Output only the digit."
15930.jpg,1,0,0,Is this content offensive toward women? Answer 1 or 0.
15930.jpg,1,1,1,Look at the meme. Is it sexist? Answer only 1 (Yes) or 0 (No).
15677.jpg,1,1,Answer: 1 (Yes),Is this meme misogynistic? Answer 1 (Yes) or 0 (No).
15677.jpg,1,0,0,Does this image and text combination express hate against women? Answer 1 or 0.
15677.jpg,1,1,1,"Classify this meme: 1 = misogynous, 0 = not misogynous. Output only the digit."
15677.jpg,1,0,0,Is this content offensive toward women? Answer 1 or 0.
15677.jpg,1,1,1,Look at the meme. Is it sexist? Answer only 1 (Yes) or 0 (No).
15650.jpg,0,1,1,Is this meme misogynistic? Answer 1 (Yes) or 0 (No).
15650.jpg,0,0,0,Does this image and text combination express hate against women? Answer 1 or 0.
15650.jpg,0,0,0,"Classify this meme: 1 = misogynous, 0 = not misogynous. Output only the digit."
15650.jpg,0,0,0,Is this content offensive toward women? Answer 1 or 0.
15650.jpg,0,0,0,Look at the meme. Is it sexist? Answer only 1 (Yes) or 0 (No).
15683.jpg,0,1,1,Is this meme misogynistic? Answer 1 (Yes) or 0 (No).
15683.jpg,0,0,0,Does this image and text combination express hate against women? Answer 1 or 0.
15683.jpg,0,0,0,"Classify this meme: 1 = misogynous, 0 = not misogynous. Output only the digit."
15683.jpg,0,0,0,Is this content offensive toward women? Answer 1 or 0.
15683.jpg,0,0,0,Look at the meme. Is it sexist? Answer only 1 (Yes) or 0 (No).
15875.jpg,1,1,1,Is this meme misogynistic? Answer 1 (Yes) or 0 (No).
15875.jpg,1,0,0,Does this image and text combination express hate against women? Answer 1 or 0.
15875.jpg,1,0,0,"Classify this meme: 1 = misogynous, 0 = not misogynous. Output only the digit."
15875.jpg,1,0,0,Is this content offensive toward women? Answer 1 or 0.
15875.jpg,1,1,1,Look at the meme. Is it sexist? Answer only 1 (Yes) or 0 (No).
15904.jpg,0,1,1,Is this meme misogynistic? Answer 1 (Yes) or 0 (No).
15904.jpg,0,0,0,Does this image and text combination express hate against women? Answer 1 or 0.
15904.jpg,0,0,0,"Classify this meme: 1 = misogynous, 0 = not misogynous. Output only the digit."
15904.jpg,0,0,0,Is this content offensive toward women? Answer 1 or 0.
15904.jpg,0,0,0,Look at the meme. Is it sexist? Answer only 1 (Yes) or 0 (No).
15926.jpg,1,1,Answer: 1 (Yes),Is this meme misogynistic? Answer 1 (Yes) or 0 (No).
15926.jpg,1,0,0,Does this image and text combination express hate against women? Answer 1 or 0.
15926.jpg,1,0,0,"Classify this meme: 1 = misogynous, 0 = not misogynous. Output only the digit."
15926.jpg,1,0,0,Is this content offensive toward women? Answer 1 or 0.
15926.jpg,1,0,0,Look at the meme. Is it sexist? Answer only 1 (Yes) or 0 (No).
15691.jpg,0,1,Answer: 1 (Yes),Is this meme misogynistic? Answer 1 (Yes) or 0 (No).
15691.jpg,0,0,0,Does this image and text combination express hate against women? Answer 1 or 0.
15691.jpg,0,0,0,"Classify this meme: 1 = misogynous, 0 = not misogynous. Output only the digit."
15691.jpg,0,0,0,Is this content offensive toward women? Answer 1 or 0.
15691.jpg,0,1,1,Look at the meme. Is it sexist? Answer only 1 (Yes) or 0 (No).
15002.jpg,0,1,1,Is this meme misogynistic? Answer 1 (Yes) or 0 (No).
15002.jpg,0,0,0,Does this image and text combination express hate against women? Answer 1 or 0.
15002.jpg,0,0,0,"Classify this meme: 1 = misogynous, 0 = not misogynous. Output only the digit."
15002.jpg,0,0,0,Is this content offensive toward women? Answer 1 or 0.
15002.jpg,0,0,0,Look at the meme. Is it sexist? Answer only 1 (Yes) or 0 (No).
15219.jpg,0,1,1,Is this meme misogynistic? Answer 1 (Yes) or 0 (No).
15219.jpg,0,0,0,Does this image and text combination express hate against women? Answer 1 or 0.
15219.jpg,0,0,0,"Classify this meme: 1 = misogynous, 0 = not misogynous. Output only the digit."
15219.jpg,0,0,0,Is this content offensive toward women? Answer 1 or 0.
15219.jpg,0,1,1,Look at the meme. Is it sexist? Answer only 1 (Yes) or 0 (No).
16305.jpg,1,-1,"The meme text you provided is misogynistic. It implies that the woman's role is to serve dinner, which is a stereotypical and outdated view of gender roles in the household. It reinforces the idea that",Is this meme misogynistic? Answer 1 (Yes) or 0 (No).
16305.jpg,1,0,0,Does this image and text combination express hate against women? Answer 1 or 0.
16305.jpg,1,0,0,"Classify this meme: 1 = misogynous, 0 = not misogynous. Output only the digit."
16305.jpg,1,0,0,Is this content offensive toward women? Answer 1 or 0.
16305.jpg,1,1,1,Look at the meme. Is it sexist? Answer only 1 (Yes) or 0 (No).
16198.jpg,1,1,1,Is this meme misogynistic? Answer 1 (Yes) or 0 (No).
16198.jpg,1,0,0,Does this image and text combination express hate against women? Answer 1 or 0.
16198.jpg,1,0,0,"Classify this meme: 1 = misogynous, 0 = not misogynous. Output only the digit."
16198.jpg,1,0,0,Is this content offensive toward women? Answer 1 or 0.
16198.jpg,1,1,1,Look at the meme. Is it sexist? Answer only 1 (Yes) or 0 (No).
15981.jpg,1,1,Answer: 1 (Yes),Is this meme misogynistic? Answer 1 (Yes) or 0 (No).
15981.jpg,1,0,0,Does this image and text combination express hate against women? Answer 1 or 0.
15981.jpg,1,1,1,"Classify this meme: 1 = misogynous, 0 = not misogynous. Output only the digit."
15981.jpg,1,1,1,Is this content offensive toward women? Answer 1 or 0.
15981.jpg,1,1,1,Look at the meme. Is it sexist? Answer only 1 (Yes) or 0 (No).
15645.jpg,1,-1,"The meme text you provided is misogynistic. It implies that the person in the image is a woman who has destroyed all the presents that were intended for someone else, and then suggests that she is the only gift that the person receiving the",Is this meme misogynistic? Answer 1 (Yes) or 0 (No).
15645.jpg,1,0,0,Does this image and text combination express hate against women? Answer 1 or 0.
15645.jpg,1,0,0,"Classify this meme: 1 = misogynous, 0 = not misogynous. Output only the digit."
15645.jpg,1,0,0,Is this content offensive toward women? Answer 1 or 0.
15645.jpg,1,1,1,Look at the meme. Is it sexist? Answer only 1 (Yes) or 0 (No).
15869.jpg,1,1,Answer: 1 (Yes),Is this meme misogynistic? Answer 1 (Yes) or 0 (No).
15869.jpg,1,0,0,Does this image and text combination express hate against women? Answer 1 or 0.
15869.jpg,1,1,1,"Classify this meme: 1 = misogynous, 0 = not misogynous. Output only the digit."
15869.jpg,1,1,1,Is this content offensive toward women? Answer 1 or 0.
15869.jpg,1,1,1,Look at the meme. Is it sexist? Answer only 1 (Yes) or 0 (No).
16156.jpg,1,1,1,Is this meme misogynistic? Answer 1 (Yes) or 0 (No).
16156.jpg,1,0,0,Does this image and text combination express hate against women? Answer 1 or 0.
16156.jpg,1,1,1,"Classify this meme: 1 = misogynous, 0 = not misogynous. Output only the digit."
16156.jpg,1,0,0,Is this content offensive toward women? Answer 1 or 0.
16156.jpg,1,1,1,Look at the meme. Is it sexist? Answer only 1 (Yes) or 0 (No).
15546.jpg,0,0,"The meme features a person dressed in drag, which is often associated with the LGBTQ+ community and is not inherently misogynistic. However, the text of the meme, ""KISSING ASS IT'S YOUR SPE",Is this meme misogynistic? Answer 1 (Yes) or 0 (No).
15546.jpg,0,0,0,Does this image and text combination express hate against women? Answer 1 or 0.
15546.jpg,0,1,1,"Classify this meme: 1 = misogynous, 0 = not misogynous. Output only the digit."
15546.jpg,0,0,0,Is this content offensive toward women? Answer 1 or 0.
15546.jpg,0,1,1,Look at the meme. Is it sexist? Answer only 1 (Yes) or 0 (No).
15528.jpg,1,1,"The meme you've provided contains text that is misogynistic. It implies that all men need to survive is beer and a vase, which is a sexist stereotype that devalues women and their contributions to society. The mem",Is this meme misogynistic? Answer 1 (Yes) or 0 (No).
15528.jpg,1,0,0,Does this image and text combination express hate against women? Answer 1 or 0.
15528.jpg,1,0,0,"Classify this meme: 1 = misogynous, 0 = not misogynous. Output only the digit."
15528.jpg,1,0,0,Is this content offensive toward women? Answer 1 or 0.
15528.jpg,1,1,1,Look at the meme. Is it sexist? Answer only 1 (Yes) or 0 (No).
15018.jpg,0,-1,"The meme appears to be misogynistic, as it uses the phrase ""babygirl"" in a derogatory manner, which can be seen as objectifying or belittling the person depicted in the image. The meme also",Is this meme misogynistic? Answer 1 (Yes) or 0 (No).
15018.jpg,0,0,0,Does this image and text combination express hate against women? Answer 1 or 0.
15018.jpg,0,0,0,"Classify this meme: 1 = misogynous, 0 = not misogynous. Output only the digit."
15018.jpg,0,0,0,Is this content offensive toward women? Answer 1 or 0.
15018.jpg,0,1,1,Look at the meme. Is it sexist? Answer only 1 (Yes) or 0 (No).
15843.jpg,0,0,"The meme you've provided is not inherently misogynistic. It features a cute puppy hanging from a bamboo pole with the text ""THEY SAID I COULD BE ANYTHING SO I BECAME A",Is this meme misogynistic? Answer 1 (Yes) or 0 (No).
15843.jpg,0,0,0,Does this image and text combination express hate against women? Answer 1 or 0.
15843.jpg,0,0,0,"Classify this meme: 1 = misogynous, 0 = not misogynous. Output only the digit."
15843.jpg,0,0,0,Is this content offensive toward women? Answer 1 or 0.
15843.jpg,0,0,0,Look at the meme. Is it sexist? Answer only 1 (Yes) or 0 (No).
16098.jpg,0,0,"The meme text you provided is misogynistic. It reinforces harmful stereotypes about women, implying that women are not inherently innocent or sweet, and that they only appear that way when they are trying to deceive or",Is this meme misogynistic? Answer 1 (Yes) or 0 (No).
16098.jpg,0,0,0,Does this image and text combination express hate against women? Answer 1 or 0.
16098.jpg,0,1,1,"Classify this meme: 1 = misogynous, 0 = not misogynous. Output only the digit."
16098.jpg,0,0,0,Is this content offensive toward women? Answer 1 or 0.
16098.jpg,0,1,1,Look at the meme. Is it sexist? Answer only 1 (Yes) or 0 (No).
15777.jpg,1,1,Answer: 1 (Yes),Is this meme misogynistic? Answer 1 (Yes) or 0 (No).
15777.jpg,1,0,0,Does this image and text combination express hate against women? Answer 1 or 0.
15777.jpg,1,1,1,"Classify this meme: 1 = misogynous, 0 = not misogynous. Output only the digit."
15777.jpg,1,0,0,Is this content offensive toward women? Answer 1 or 0.
15777.jpg,1,1,1,Look at the meme. Is it sexist? Answer only 1 (Yes) or 0 (No).
15093.jpg,0,0,The meme text is misogynistic. It is making a derogatory statement about a woman based on her appearance and her association with a specific character from a movie. This kind of language is not respectful and contributes to the object,Is this meme misogynistic? Answer 1 (Yes) or 0 (No).
15093.jpg,0,0,0,Does this image and text combination express hate against women? Answer 1 or 0.
15093.jpg,0,1,1,"Classify this meme: 1 = misogynous, 0 = not misogynous. Output only the digit."
15093.jpg,0,0,0,Is this content offensive toward women? Answer 1 or 0.
15093.jpg,0,1,1,Look at the meme. Is it sexist? Answer only 1 (Yes) or 0 (No).
15068.jpg,0,-1,"The meme in the image features a person with their face covered in what appears to be plastic wrap, with the text ""DJFRENCHGUY MAKES HELLA STUPID MEMES HTTP://WWW.",Is this meme misogynistic? Answer 1 (Yes) or 0 (No).
15068.jpg,0,0,0,Does this image and text combination express hate against women? Answer 1 or 0.
15068.jpg,0,0,0,"Classify this meme: 1 = misogynous, 0 = not misogynous. Output only the digit."
15068.jpg,0,0,0,Is this content offensive toward women? Answer 1 or 0.
15068.jpg,0,0,0,Look at the meme. Is it sexist? Answer only 1 (Yes) or 0 (No).
15424.jpg,1,1,Answer: 1 (Yes),Is this meme misogynistic? Answer 1 (Yes) or 0 (No).
15424.jpg,1,0,0,Does this image and text combination express hate against women? Answer 1 or 0.
15424.jpg,1,1,1,"Classify this meme: 1 = misogynous, 0 = not misogynous. Output only the digit."
15424.jpg,1,1,1,Is this content offensive toward women? Answer 1 or 0.
15424.jpg,1,1,1,Look at the meme. Is it sexist? Answer only 1 (Yes) or 0 (No).
17078.jpg,0,0,0,Is this meme misogynistic? Answer 1 (Yes) or 0 (No).
17078.jpg,0,0,0,Does this image and text combination express hate against women? Answer 1 or 0.
17078.jpg,0,0,0,"Classify this meme: 1 = misogynous, 0 = not misogynous. Output only the digit."
17078.jpg,0,0,0,Is this content offensive toward women? Answer 1 or 0.
17078.jpg,0,0,0,Look at the meme. Is it sexist? Answer only 1 (Yes) or 0 (No).
16050.jpg,1,1,Answer: 1 (Yes),Is this meme misogynistic? Answer 1 (Yes) or 0 (No).
16050.jpg,1,0,0,Does this image and text combination express hate against women? Answer 1 or 0.
16050.jpg,1,0,0,"Classify this meme: 1 = misogynous, 0 = not misogynous. Output only the digit."
16050.jpg,1,0,0,Is this content offensive toward women? Answer 1 or 0.
16050.jpg,1,1,1,Look at the meme. Is it sexist? Answer only 1 (Yes) or 0 (No).
15006.jpg,0,-1,"The meme you've provided is indeed misogynistic. It perpetuates the stereotype that women are inherently more interested in or attracted to other women, while men are assumed to be more interested in or attracted to other men.",Is this meme misogynistic? Answer 1 (Yes) or 0 (No).
15006.jpg,0,0,0,Does this image and text combination express hate against women? Answer 1 or 0.
15006.jpg,0,0,0,"Classify this meme: 1 = misogynous, 0 = not misogynous. Output only the digit."
15006.jpg,0,0,0,Is this content offensive toward women? Answer 1 or 0.
15006.jpg,0,1,1,Look at the meme. Is it sexist? Answer only 1 (Yes) or 0 (No).
15449.jpg,1,1,1,Is this meme misogynistic? Answer 1 (Yes) or 0 (No).
15449.jpg,1,0,0,Does this image and text combination express hate against women? Answer 1 or 0.
15449.jpg,1,1,1,"Classify this meme: 1 = misogynous, 0 = not misogynous. Output only the digit."
15449.jpg,1,0,0,Is this content offensive toward women? Answer 1 or 0.
15449.jpg,1,1,1,Look at the meme. Is it sexist? Answer only 1 (Yes) or 0 (No).
15959.jpg,0,1,1,Is this meme misogynistic? Answer 1 (Yes) or 0 (No).
15959.jpg,0,0,0,Does this image and text combination express hate against women? Answer 1 or 0.
15959.jpg,0,1,1,"Classify this meme: 1 = misogynous, 0 = not misogynous. Output only the digit."
15959.jpg,0,0,0,Is this content offensive toward women? Answer 1 or 0.
15959.jpg,0,1,1,Look at the meme. Is it sexist? Answer only 1 (Yes) or 0 (No).
16033.jpg,1,1,Answer: 1 (Yes),Is this meme misogynistic? Answer 1 (Yes) or 0 (No).
16033.jpg,1,0,0,Does this image and text combination express hate against women? Answer 1 or 0.
16033.jpg,1,1,1,"Classify this meme: 1 = misogynous, 0 = not misogynous. Output only the digit."
16033.jpg,1,0,0,Is this content offensive toward women? Answer 1 or 0.
16033.jpg,1,1,1,Look at the meme. Is it sexist? Answer only 1 (Yes) or 0 (No).
16105.jpg,0,1,1,Is this meme misogynistic? Answer 1 (Yes) or 0 (No).
16105.jpg,0,0,0,Does this image and text combination express hate against women? Answer 1 or 0.
16105.jpg,0,0,0,"Classify this meme: 1 = misogynous, 0 = not misogynous. Output only the digit."
16105.jpg,0,0,0,Is this content offensive toward women? Answer 1 or 0.
16105.jpg,0,1,1,Look at the meme. Is it sexist? Answer only 1 (Yes) or 0 (No).
15551.jpg,1,1,Answer: 1 (Yes),Is this meme misogynistic? Answer 1 (Yes) or 0 (No).
15551.jpg,1,0,0,Does this image and text combination express hate against women? Answer 1 or 0.
15551.jpg,1,1,1,"Classify this meme: 1 = misogynous, 0 = not misogynous. Output only the digit."
15551.jpg,1,1,1,Is this content offensive toward women? Answer 1 or 0.
15551.jpg,1,1,1,Look at the meme. Is it sexist? Answer only 1 (Yes) or 0 (No).
15707.jpg,1,-1,"The meme you've provided appears to be a humorous take on the concept of being too tired to engage in sexual activity, but at the same time, being too horny to fall asleep. The text ""TOO TIRED FOR",Is this meme misogynistic? Answer 1 (Yes) or 0 (No).
15707.jpg,1,0,0,Does this image and text combination express hate against women? Answer 1 or 0.
15707.jpg,1,1,1,"Classify this meme: 1 = misogynous, 0 = not misogynous. Output only the digit."
15707.jpg,1,0,0,Is this content offensive toward women? Answer 1 or 0.
15707.jpg,1,1,1,Look at the meme. Is it sexist? Answer only 1 (Yes) or 0 (No).
15928.jpg,1,1,1,Is this meme misogynistic? Answer 1 (Yes) or 0 (No).
15928.jpg,1,0,0,Does this image and text combination express hate against women? Answer 1 or 0.
15928.jpg,1,1,1,"Classify this meme: 1 = misogynous, 0 = not misogynous. Output only the digit."
15928.jpg,1,0,0,Is this content offensive toward women? Answer 1 or 0.
15928.jpg,1,1,1,Look at the meme. Is it sexist? Answer only 1 (Yes) or 0 (No).
16175.jpg,0,1,1,Is this meme misogynistic? Answer 1 (Yes) or 0 (No).
16175.jpg,0,0,0,Does this image and text combination express hate against women? Answer 1 or 0.
16175.jpg,0,0,0,"Classify this meme: 1 = misogynous, 0 = not misogynous. Output only the digit."
16175.jpg,0,0,0,Is this content offensive toward women? Answer 1 or 0.
16175.jpg,0,0,0,Look at the meme. Is it sexist? Answer only 1 (Yes) or 0 (No).
15110.jpg,1,-1,"The meme you've provided contains text that is misogynistic. It implies that a woman's appearance or physical characteristics can be used to make assumptions about her sexual history, which is a form of gender-based discrimination and objectification",Is this meme misogynistic? Answer 1 (Yes) or 0 (No).
15110.jpg,1,0,0,Does this image and text combination express hate against women? Answer 1 or 0.
15110.jpg,1,1,1,"Classify this meme: 1 = misogynous, 0 = not misogynous. Output only the digit."
15110.jpg,1,1,1,Is this content offensive toward women? Answer 1 or 0.
15110.jpg,1,1,1,Look at the meme. Is it sexist? Answer only 1 (Yes) or 0 (No).
15986.jpg,1,1,1,Is this meme misogynistic? Answer 1 (Yes) or 0 (No).
15986.jpg,1,0,0,Does this image and text combination express hate against women? Answer 1 or 0.
15986.jpg,1,0,0,"Classify this meme: 1 = misogynous, 0 = not misogynous. Output only the digit."
15986.jpg,1,1,1,Is this content offensive toward women? Answer 1 or 0.
15986.jpg,1,1,1,Look at the meme. Is it sexist? Answer only 1 (Yes) or 0 (No).
15129.jpg,1,0,"The meme text is indeed misogynistic. It uses a derogatory term to describe a woman's body and suggests that she is a target for harm, which is not appropriate or respectful.",Is this meme misogynistic? Answer 1 (Yes) or 0 (No).
15129.jpg,1,0,0,Does this image and text combination express hate against women? Answer 1 or 0.
15129.jpg,1,1,1,"Classify this meme: 1 = misogynous, 0 = not misogynous. Output only the digit."
15129.jpg,1,1,1,Is this content offensive toward women? Answer 1 or 0.
15129.jpg,1,1,1,Look at the meme. Is it sexist? Answer only 1 (Yes) or 0 (No).
15259.jpg,0,-1,"The meme text ""GET YOURSELF A LATINA HOWS THAT CAN DO BOTH"" is misogynistic because it objectifies women based on their ethnicity and implies that Latinas are capable of performing certain tasks or",Is this meme misogynistic? Answer 1 (Yes) or 0 (No).
15259.jpg,0,0,0,Does this image and text combination express hate against women? Answer 1 or 0.
15259.jpg,0,0,0,"Classify this meme: 1 = misogynous, 0 = not misogynous. Output only the digit."
15259.jpg,0,0,0,Is this content offensive toward women? Answer 1 or 0.
15259.jpg,0,1,1,Look at the meme. Is it sexist? Answer only 1 (Yes) or 0 (No).
16063.jpg,1,1,Answer: 1 (Yes),Is this meme misogynistic? Answer 1 (Yes) or 0 (No).
16063.jpg,1,0,0,Does this image and text combination express hate against women? Answer 1 or 0.
16063.jpg,1,1,1,"Classify this meme: 1 = misogynous, 0 = not misogynous. Output only the digit."
16063.jpg,1,0,0,Is this content offensive toward women? Answer 1 or 0.
16063.jpg,1,1,1,Look at the meme. Is it sexist? Answer only 1 (Yes) or 0 (No).
16208.jpg,1,1,1,Is this meme misogynistic? Answer 1 (Yes) or 0 (No).
16208.jpg,1,0,0,Does this image and text combination express hate against women? Answer 1 or 0.
16208.jpg,1,0,0,"Classify this meme: 1 = misogynous, 0 = not misogynous. Output only the digit."
16208.jpg,1,0,0,Is this content offensive toward women? Answer 1 or 0.
16208.jpg,1,1,1,Look at the meme. Is it sexist? Answer only 1 (Yes) or 0 (No).
15335.jpg,0,1,1,Is this meme misogynistic? Answer 1 (Yes) or 0 (No).
15335.jpg,0,0,0,Does this image and text combination express hate against women? Answer 1 or 0.
15335.jpg,0,0,0,"Classify this meme: 1 = misogynous, 0 = not misogynous. Output only the digit."
15335.jpg,0,0,0,Is this content offensive toward women? Answer 1 or 0.
15335.jpg,0,0,0,Look at the meme. Is it sexist? Answer only 1 (Yes) or 0 (No).
15790.jpg,1,1,1,Is this meme misogynistic? Answer 1 (Yes) or 0 (No).
15790.jpg,1,0,0,Does this image and text combination express hate against women? Answer 1 or 0.
15790.jpg,1,0,0,"Classify this meme: 1 = misogynous, 0 = not misogynous. Output only the digit."
15790.jpg,1,0,0,Is this content offensive toward women? Answer 1 or 0.
15790.jpg,1,0,0,Look at the meme. Is it sexist? Answer only 1 (Yes) or 0 (No).
15044.jpg,0,-1,"The meme text you provided is misogynistic. It refers to a character named ""Waldo"" and suggests that the person who finds him should ""bring me his head,"" which is a violent and dehumanizing statement. This",Is this meme misogynistic? Answer 1 (Yes) or 0 (No).
15044.jpg,0,0,0,Does this image and text combination express hate against women? Answer 1 or 0.
15044.jpg,0,0,0,"Classify this meme: 1 = misogynous, 0 = not misogynous. Output only the digit."
15044.jpg,0,0,0,Is this content offensive toward women? Answer 1 or 0.
15044.jpg,0,1,1,Look at the meme. Is it sexist? Answer only 1 (Yes) or 0 (No).
17031.jpg,1,1,Answer: 1 (Yes),Is this meme misogynistic? Answer 1 (Yes) or 0 (No).
17031.jpg,1,0,0,Does this image and text combination express hate against women? Answer 1 or 0.
17031.jpg,1,1,1,"Classify this meme: 1 = misogynous, 0 = not misogynous. Output only the digit."
17031.jpg,1,1,1,Is this content offensive toward women? Answer 1 or 0.
17031.jpg,1,1,1,Look at the meme. Is it sexist? Answer only 1 (Yes) or 0 (No).
15719.jpg,0,0,"The meme you've provided appears to be a screenshot from a movie or TV show, featuring a character who is addressing another character with a flirtatious or romantic line. The text overlay, ""FORGET WORK. I",Is this meme misogynistic? Answer 1 (Yes) or 0 (No).
15719.jpg,0,0,0,Does this image and text combination express hate against women? Answer 1 or 0.
15719.jpg,0,0,0,"Classify this meme: 1 = misogynous, 0 = not misogynous. Output only the digit."
15719.jpg,0,0,0,Is this content offensive toward women? Answer 1 or 0.
15719.jpg,0,1,1,Look at the meme. Is it sexist? Answer only 1 (Yes) or 0 (No).
15162.jpg,0,1,1,Is this meme misogynistic? Answer 1 (Yes) or 0 (No).
15162.jpg,0,0,0,Does this image and text combination express hate against women? Answer 1 or 0.
15162.jpg,0,0,0,"Classify this meme: 1 = misogynous, 0 = not misogynous. Output only the digit."
15162.jpg,0,0,0,Is this content offensive toward women? Answer 1 or 0.
15162.jpg,0,1,1,Look at the meme. Is it sexist? Answer only 1 (Yes) or 0 (No).
15490.jpg,1,1,Answer: 1 (Yes),Is this meme misogynistic? Answer 1 (Yes) or 0 (No).
15490.jpg,1,0,0,Does this image and text combination express hate against women? Answer 1 or 0.
15490.jpg,1,1,1,"Classify this meme: 1 = misogynous, 0 = not misogynous. Output only the digit."
15490.jpg,1,1,1,Is this content offensive toward women? Answer 1 or 0.
15490.jpg,1,1,1,Look at the meme. Is it sexist? Answer only 1 (Yes) or 0 (No).
15346.jpg,1,1,Answer: 1 (Yes),Is this meme misogynistic? Answer 1 (Yes) or 0 (No).
15346.jpg,1,0,0,Does this image and text combination express hate against women? Answer 1 or 0.
15346.jpg,1,1,1,"Classify this meme: 1 = misogynous, 0 = not misogynous. Output only the digit."
15346.jpg,1,0,0,Is this content offensive toward women? Answer 1 or 0.
15346.jpg,1,1,1,Look at the meme. Is it sexist? Answer only 1 (Yes) or 0 (No).
16095.jpg,1,1,1,Is this meme misogynistic? Answer 1 (Yes) or 0 (No).
16095.jpg,1,0,0,Does this image and text combination express hate against women? Answer 1 or 0.
16095.jpg,1,0,0,"Classify this meme: 1 = misogynous, 0 = not misogynous. Output only the digit."
16095.jpg,1,0,0,Is this content offensive toward women? Answer 1 or 0.
16095.jpg,1,1,1,Look at the meme. Is it sexist? Answer only 1 (Yes) or 0 (No).
15285.jpg,0,-1,"The meme you've provided appears to be a humorous comparison of a dog's appearance before and after marriage, with the ""before marriage"" image showing the dog with a more muscular build and the ""after marriage"" image showing the",Is this meme misogynistic? Answer 1 (Yes) or 0 (No).
15285.jpg,0,0,0,Does this image and text combination express hate against women? Answer 1 or 0.
15285.jpg,0,0,0,"Classify this meme: 1 = misogynous, 0 = not misogynous. Output only the digit."
15285.jpg,0,0,0,Is this content offensive toward women? Answer 1 or 0.
15285.jpg,0,0,0,Look at the meme. Is it sexist? Answer only 1 (Yes) or 0 (No).
16103.jpg,0,1,1,Is this meme misogynistic? Answer 1 (Yes) or 0 (No).
16103.jpg,0,0,0,Does this image and text combination express hate against women? Answer 1 or 0.
16103.jpg,0,0,0,"Classify this meme: 1 = misogynous, 0 = not misogynous. Output only the digit."
16103.jpg,0,0,0,Is this content offensive toward women? Answer 1 or 0.
16103.jpg,0,0,0,Look at the meme. Is it sexist? Answer only 1 (Yes) or 0 (No).
17050.jpg,1,-1,"The meme text ""JOINED CHEERLEADING TOPBUA LOST VIRGINITY"" is misogynistic because it implies that the act of joining a cheerleading team is directly linked to the loss of vir",Is this meme misogynistic? Answer 1 (Yes) or 0 (No).
17050.jpg,1,0,0,Does this image and text combination express hate against women? Answer 1 or 0.
17050.jpg,1,1,1,"Classify this meme: 1 = misogynous, 0 = not misogynous. Output only the digit."
17050.jpg,1,1,1,Is this content offensive toward women? Answer 1 or 0.
17050.jpg,1,1,1,Look at the meme. Is it sexist? Answer only 1 (Yes) or 0 (No).
15782.jpg,1,1,1,Is this meme misogynistic? Answer 1 (Yes) or 0 (No).
15782.jpg,1,0,0,Does this image and text combination express hate against women? Answer 1 or 0.
15782.jpg,1,0,0,"Classify this meme: 1 = misogynous, 0 = not misogynous. Output only the digit."
15782.jpg,1,0,0,Is this content offensive toward women? Answer 1 or 0.
15782.jpg,1,1,1,Look at the meme. Is it sexist? Answer only 1 (Yes) or 0 (No).
16134.jpg,1,1,1,Is this meme misogynistic? Answer 1 (Yes) or 0 (No).
16134.jpg,1,0,0,Does this image and text combination express hate against women? Answer 1 or 0.
16134.jpg,1,1,1,"Classify this meme: 1 = misogynous, 0 = not misogynous. Output only the digit."
16134.jpg,1,0,0,Is this content offensive toward women? Answer 1 or 0.
16134.jpg,1,1,1,Look at the meme. Is it sexist? Answer only 1 (Yes) or 0 (No).
15864.jpg,1,1,1,Is this meme misogynistic? Answer 1 (Yes) or 0 (No).
15864.jpg,1,0,0,Does this image and text combination express hate against women? Answer 1 or 0.
15864.jpg,1,0,0,"Classify this meme: 1 = misogynous, 0 = not misogynous. Output only the digit."
15864.jpg,1,0,0,Is this content offensive toward women? Answer 1 or 0.
15864.jpg,1,1,1,Look at the meme. Is it sexist? Answer only 1 (Yes) or 0 (No).
17058.jpg,1,1,1,Is this meme misogynistic? Answer 1 (Yes) or 0 (No).
17058.jpg,1,0,0,Does this image and text combination express hate against women? Answer 1 or 0.
17058.jpg,1,0,0,"Classify this meme: 1 = misogynous, 0 = not misogynous. Output only the digit."
17058.jpg,1,0,0,Is this content offensive toward women? Answer 1 or 0.
17058.jpg,1,0,0,Look at the meme. Is it sexist? Answer only 1 (Yes) or 0 (No).
16153.jpg,1,1,1 (Yes),Is this meme misogynistic? Answer 1 (Yes) or 0 (No).
16153.jpg,1,0,0,Does this image and text combination express hate against women? Answer 1 or 0.
16153.jpg,1,0,0,"Classify this meme: 1 = misogynous, 0 = not misogynous. Output only the digit."
16153.jpg,1,0,0,Is this content offensive toward women? Answer 1 or 0.
16153.jpg,1,1,1,Look at the meme. Is it sexist? Answer only 1 (Yes) or 0 (No).
15544.jpg,0,1,1,Is this meme misogynistic? Answer 1 (Yes) or 0 (No).
15544.jpg,0,0,0,Does this image and text combination express hate against women? Answer 1 or 0.
15544.jpg,0,0,0,"Classify this meme: 1 = misogynous, 0 = not misogynous. Output only the digit."
15544.jpg,0,0,0,Is this content offensive toward women? Answer 1 or 0.
15544.jpg,0,1,1,Look at the meme. Is it sexist? Answer only 1 (Yes) or 0 (No).
16101.jpg,0,-1,"The meme text ""SOMEBODY'S CLEARLY GOT LIZA S TRUST ISSUES"" is a play on words that references the popular musical ""Rent"" and its character Liza Minnelli.",Is this meme misogynistic? Answer 1 (Yes) or 0 (No).
16101.jpg,0,0,0,Does this image and text combination express hate against women? Answer 1 or 0.
16101.jpg,0,0,0,"Classify this meme: 1 = misogynous, 0 = not misogynous. Output only the digit."
16101.jpg,0,0,0,Is this content offensive toward women? Answer 1 or 0.
16101.jpg,0,0,0,Look at the meme. Is it sexist? Answer only 1 (Yes) or 0 (No).
16012.jpg,0,1,1,Is this meme misogynistic? Answer 1 (Yes) or 0 (No).
16012.jpg,0,0,0,Does this image and text combination express hate against women? Answer 1 or 0.
16012.jpg,0,0,0,"Classify this meme: 1 = misogynous, 0 = not misogynous. Output only the digit."
16012.jpg,0,0,0,Is this content offensive toward women? Answer 1 or 0.
16012.jpg,0,1,1,Look at the meme. Is it sexist? Answer only 1 (Yes) or 0 (No).
15146.jpg,1,1,Answer: 1 (Yes),Is this meme misogynistic? Answer 1 (Yes) or 0 (No).
15146.jpg,1,0,0,Does this image and text combination express hate against women? Answer 1 or 0.
15146.jpg,1,1,1,"Classify this meme: 1 = misogynous, 0 = not misogynous. Output only the digit."
15146.jpg,1,0,0,Is this content offensive toward women? Answer 1 or 0.
15146.jpg,1,1,1,Look at the meme. Is it sexist? Answer only 1 (Yes) or 0 (No).
15767.jpg,0,0,"The meme you've provided appears to be a humorous take on a character from a cartoon show, who is depicted as being very particular about cleanliness. The text ""0 NO NOO I CLEAN"" is a play on",Is this meme misogynistic? Answer 1 (Yes) or 0 (No).
15767.jpg,0,0,0,Does this image and text combination express hate against women? Answer 1 or 0.
15767.jpg,0,0,0,"Classify this meme: 1 = misogynous, 0 = not misogynous. Output only the digit."
15767.jpg,0,0,0,Is this content offensive toward women? Answer 1 or 0.
15767.jpg,0,0,0,Look at the meme. Is it sexist? Answer only 1 (Yes) or 0 (No).
16162.jpg,1,1,Answer: 1 (Yes),Is this meme misogynistic? Answer 1 (Yes) or 0 (No).
16162.jpg,1,0,0,Does this image and text combination express hate against women? Answer 1 or 0.
16162.jpg,1,1,1,"Classify this meme: 1 = misogynous, 0 = not misogynous. Output only the digit."
16162.jpg,1,1,1,Is this content offensive toward women? Answer 1 or 0.
16162.jpg,1,1,1,Look at the meme. Is it sexist? Answer only 1 (Yes) or 0 (No).
15624.jpg,1,0,"The meme you've shown contains text that is misogynistic. It implies that women are more likely to be violent or aggressive than men, which is a stereotype that is not supported by evidence. The meme is making light of",Is this meme misogynistic? Answer 1 (Yes) or 0 (No).
15624.jpg,1,0,0,Does this image and text combination express hate against women? Answer 1 or 0.
15624.jpg,1,0,0,"Classify this meme: 1 = misogynous, 0 = not misogynous. Output only the digit."
15624.jpg,1,0,0,Is this content offensive toward women? Answer 1 or 0.
15624.jpg,1,1,1,Look at the meme. Is it sexist? Answer only 1 (Yes) or 0 (No).
15753.jpg,1,-1,"The meme text ""What every Real Nigga needs in his life"" is misogynistic because it implies that all men of African descent require a woman to be considered ""real."" This statement is problematic because it reinforces stere",Is this meme misogynistic? Answer 1 (Yes) or 0 (No).
15753.jpg,1,0,0,Does this image and text combination express hate against women? Answer 1 or 0.
15753.jpg,1,1,1,"Classify this meme: 1 = misogynous, 0 = not misogynous. Output only the digit."
15753.jpg,1,0,0,Is this content offensive toward women? Answer 1 or 0.
15753.jpg,1,1,1,Look at the meme. Is it sexist? Answer only 1 (Yes) or 0 (No).
16120.jpg,1,1,Answer: 1 (Yes),Is this meme misogynistic? Answer 1 (Yes) or 0 (No).
16120.jpg,1,0,0,Does this image and text combination express hate against women? Answer 1 or 0.
16120.jpg,1,1,1,"Classify this meme: 1 = misogynous, 0 = not misogynous. Output only the digit."
16120.jpg,1,0,0,Is this content offensive toward women? Answer 1 or 0.
16120.jpg,1,1,1,Look at the meme. Is it sexist? Answer only 1 (Yes) or 0 (No).
15902.jpg,1,1,1,Is this meme misogynistic? Answer 1 (Yes) or 0 (No).
15902.jpg,1,0,0,Does this image and text combination express hate against women? Answer 1 or 0.
15902.jpg,1,0,0,"Classify this meme: 1 = misogynous, 0 = not misogynous. Output only the digit."
15902.jpg,1,0,0,Is this content offensive toward women? Answer 1 or 0.
15902.jpg,1,1,1,Look at the meme. Is it sexist? Answer only 1 (Yes) or 0 (No).
16282.jpg,1,1,"Answer 1 (Yes). The meme contains text that promotes rape and disrespect towards women, which is misogynistic and offensive. It is important to promote respect and equality for all individuals, and such content is not appropriate or respect",Is this meme misogynistic? Answer 1 (Yes) or 0 (No).
16282.jpg,1,0,0,Does this image and text combination express hate against women? Answer 1 or 0.
16282.jpg,1,1,1,"Classify this meme: 1 = misogynous, 0 = not misogynous. Output only the digit."
16282.jpg,1,1,1,Is this content offensive toward women? Answer 1 or 0.
16282.jpg,1,1,1,Look at the meme. Is it sexist? Answer only 1 (Yes) or 0 (No).
15693.jpg,0,0,"The meme you've provided appears to be a humorous take on the concept of a woman being attracted to another man, which is a common trope in media and popular culture. However, the meme's text ""WOMAN",Is this meme misogynistic? Answer 1 (Yes) or 0 (No).
15693.jpg,0,0,0,Does this image and text combination express hate against women? Answer 1 or 0.
15693.jpg,0,0,0,"Classify this meme: 1 = misogynous, 0 = not misogynous. Output only the digit."
15693.jpg,0,0,0,Is this content offensive toward women? Answer 1 or 0.
15693.jpg,0,1,1,Look at the meme. Is it sexist? Answer only 1 (Yes) or 0 (No).
16183.jpg,1,1,Answer: 1 (Yes),Is this meme misogynistic? Answer 1 (Yes) or 0 (No).
16183.jpg,1,0,0,Does this image and text combination express hate against women? Answer 1 or 0.
16183.jpg,1,1,1,"Classify this meme: 1 = misogynous, 0 = not misogynous. Output only the digit."
16183.jpg,1,0,0,Is this content offensive toward women? Answer 1 or 0.
16183.jpg,1,1,1,Look at the meme. Is it sexist? Answer only 1 (Yes) or 0 (No).
17006.jpg,1,1,Answer: 1 (Yes),Is this meme misogynistic? Answer 1 (Yes) or 0 (No).
17006.jpg,1,0,0,Does this image and text combination express hate against women? Answer 1 or 0.
17006.jpg,1,1,1,"Classify this meme: 1 = misogynous, 0 = not misogynous. Output only the digit."
17006.jpg,1,0,0,Is this content offensive toward women? Answer 1 or 0.
17006.jpg,1,1,1,Look at the meme. Is it sexist? Answer only 1 (Yes) or 0 (No).
15321.jpg,1,1,The meme text you provided is indeed misogynistic and offensive. It depicts a serious and sensitive topic in a way that is disrespectful and inappropriate. It is important to be mindful of the language and imagery we,Is this meme misogynistic? Answer 1 (Yes) or 0 (No).
15321.jpg,1,0,0,Does this image and text combination express hate against women? Answer 1 or 0.
15321.jpg,1,1,1,"Classify this meme: 1 = misogynous, 0 = not misogynous. Output only the digit."
15321.jpg,1,0,0,Is this content offensive toward women? Answer 1 or 0.
15321.jpg,1,1,1,Look at the meme. Is it sexist? Answer only 1 (Yes) or 0 (No).
16173.jpg,1,1,Answer: 1 (Yes),Is this meme misogynistic? Answer 1 (Yes) or 0 (No).
16173.jpg,1,0,0,Does this image and text combination express hate against women? Answer 1 or 0.
16173.jpg,1,1,1,"Classify this meme: 1 = misogynous, 0 = not misogynous. Output only the digit."
16173.jpg,1,1,1,Is this content offensive toward women? Answer 1 or 0.
16173.jpg,1,1,1,Look at the meme. Is it sexist? Answer only 1 (Yes) or 0 (No).
15266.jpg,0,1,"Answer 1 (Yes). The meme is misogynistic because it implies that the woman's moans are a form of entertainment for the man, and it objectifies her by suggesting that her sexual sounds are meant for his amusement",Is this meme misogynistic? Answer 1 (Yes) or 0 (No).
15266.jpg,0,0,0,Does this image and text combination express hate against women? Answer 1 or 0.
15266.jpg,0,1,1,"Classify this meme: 1 = misogynous, 0 = not misogynous. Output only the digit."
15266.jpg,0,1,1,Is this content offensive toward women? Answer 1 or 0.
15266.jpg,0,1,1,Look at the meme. Is it sexist? Answer only 1 (Yes) or 0 (No).
15429.jpg,1,1,1,Is this meme misogynistic? Answer 1 (Yes) or 0 (No).
15429.jpg,1,0,0,Does this image and text combination express hate against women? Answer 1 or 0.
15429.jpg,1,1,1,"Classify this meme: 1 = misogynous, 0 = not misogynous. Output only the digit."
15429.jpg,1,1,1,Is this content offensive toward women? Answer 1 or 0.
15429.jpg,1,1,1,Look at the meme. Is it sexist? Answer only 1 (Yes) or 0 (No).
15083.jpg,0,1,1,Is this meme misogynistic? Answer 1 (Yes) or 0 (No).
15083.jpg,0,0,0,Does this image and text combination express hate against women? Answer 1 or 0.
15083.jpg,0,0,0,"Classify this meme: 1 = misogynous, 0 = not misogynous. Output only the digit."
15083.jpg,0,0,0,Is this content offensive toward women? Answer 1 or 0.
15083.jpg,0,1,1,Look at the meme. Is it sexist? Answer only 1 (Yes) or 0 (No).
15680.jpg,1,1,Answer: 1 (Yes),Is this meme misogynistic? Answer 1 (Yes) or 0 (No).
15680.jpg,1,0,0,Does this image and text combination express hate against women? Answer 1 or 0.
15680.jpg,1,1,1,"Classify this meme: 1 = misogynous, 0 = not misogynous. Output only the digit."
15680.jpg,1,1,1,Is this content offensive toward women? Answer 1 or 0.
15680.jpg,1,1,1,Look at the meme. Is it sexist? Answer only 1 (Yes) or 0 (No).
15963.jpg,1,-1,"The meme text ""ONE TEQUILA, TWO TEQUILA, THREE TEQUILA... FLOOR"" is a play on the phrase ""One tequila, two tequila, three",Is this meme misogynistic? Answer 1 (Yes) or 0 (No).
15963.jpg,1,0,0,Does this image and text combination express hate against women? Answer 1 or 0.
15963.jpg,1,0,0,"Classify this meme: 1 = misogynous, 0 = not misogynous. Output only the digit."
15963.jpg,1,0,0,Is this content offensive toward women? Answer 1 or 0.
15963.jpg,1,1,1,Look at the meme. Is it sexist? Answer only 1 (Yes) or 0 (No).
16015.jpg,0,1,1,Is this meme misogynistic? Answer 1 (Yes) or 0 (No).
16015.jpg,0,0,0,Does this image and text combination express hate against women? Answer 1 or 0.
16015.jpg,0,0,0,"Classify this meme: 1 = misogynous, 0 = not misogynous. Output only the digit."
16015.jpg,0,0,0,Is this content offensive toward women? Answer 1 or 0.
16015.jpg,0,0,0,Look at the meme. Is it sexist? Answer only 1 (Yes) or 0 (No).
15545.jpg,0,1,Answer: 1 (Yes),Is this meme misogynistic? Answer 1 (Yes) or 0 (No).
15545.jpg,0,0,0,Does this image and text combination express hate against women? Answer 1 or 0.
15545.jpg,0,1,1,"Classify this meme: 1 = misogynous, 0 = not misogynous. Output only the digit."
15545.jpg,0,0,0,Is this content offensive toward women? Answer 1 or 0.
15545.jpg,0,1,1,Look at the meme. Is it sexist? Answer only 1 (Yes) or 0 (No).
15043.jpg,0,0,"The meme you've provided appears to be a humorous take on a situation where a group of people is taking a selfie, and one person is pointing out that another person in the group is not wearing a shirt. The meme includes",Is this meme misogynistic? Answer 1 (Yes) or 0 (No).
15043.jpg,0,0,0,Does this image and text combination express hate against women? Answer 1 or 0.
15043.jpg,0,0,0,"Classify this meme: 1 = misogynous, 0 = not misogynous. Output only the digit."
15043.jpg,0,0,0,Is this content offensive toward women? Answer 1 or 0.
15043.jpg,0,0,0,Look at the meme. Is it sexist? Answer only 1 (Yes) or 0 (No).
15920.jpg,0,-1,"The meme you've provided appears to be a humorous take on the idea of a person feeling a strong sense of responsibility or duty to their community or people, as if they are the only one who can help or solve a problem. The",Is this meme misogynistic? Answer 1 (Yes) or 0 (No).
15920.jpg,0,0,0,Does this image and text combination express hate against women? Answer 1 or 0.
15920.jpg,0,0,0,"Classify this meme: 1 = misogynous, 0 = not misogynous. Output only the digit."
15920.jpg,0,0,0,Is this content offensive toward women? Answer 1 or 0.
15920.jpg,0,0,0,Look at the meme. Is it sexist? Answer only 1 (Yes) or 0 (No).
17064.jpg,1,1,1,Is this meme misogynistic? Answer 1 (Yes) or 0 (No).
17064.jpg,1,0,0,Does this image and text combination express hate against women? Answer 1 or 0.
17064.jpg,1,0,0,"Classify this meme: 1 = misogynous, 0 = not misogynous. Output only the digit."
17064.jpg,1,0,0,Is this content offensive toward women? Answer 1 or 0.
17064.jpg,1,1,1,Look at the meme. Is it sexist? Answer only 1 (Yes) or 0 (No).
15559.jpg,1,-1,"The meme text ""Bruh she got bikinis on all HER ROLLS"" can be interpreted as objectifying and potentially misogynistic, as it focuses on the woman's body size and implies that she is wearing",Is this meme misogynistic? Answer 1 (Yes) or 0 (No).
15559.jpg,1,0,0,Does this image and text combination express hate against women? Answer 1 or 0.
15559.jpg,1,1,1,"Classify this meme: 1 = misogynous, 0 = not misogynous. Output only the digit."
15559.jpg,1,0,0,Is this content offensive toward women? Answer 1 or 0.
15559.jpg,1,1,1,Look at the meme. Is it sexist? Answer only 1 (Yes) or 0 (No).
17049.jpg,1,-1,"The meme you've provided contains text that is misogynistic. It implies that women and feminism are only valuable if they are useful to men, which is a harmful stereotype that devalues women based on their utility to men.",Is this meme misogynistic? Answer 1 (Yes) or 0 (No).
17049.jpg,1,0,0,Does this image and text combination express hate against women? Answer 1 or 0.
17049.jpg,1,1,1,"Classify this meme: 1 = misogynous, 0 = not misogynous. Output only the digit."
17049.jpg,1,0,0,Is this content offensive toward women? Answer 1 or 0.
17049.jpg,1,1,1,Look at the meme. Is it sexist? Answer only 1 (Yes) or 0 (No).
15922.jpg,0,1,Answer: 1 (Yes),Is this meme misogynistic? Answer 1 (Yes) or 0 (No).
15922.jpg,0,0,0,Does this image and text combination express hate against women? Answer 1 or 0.
15922.jpg,0,1,1,"Classify this meme: 1 = misogynous, 0 = not misogynous. Output only the digit."
15922.jpg,0,0,0,Is this content offensive toward women? Answer 1 or 0.
15922.jpg,0,1,1,Look at the meme. Is it sexist? Answer only 1 (Yes) or 0 (No).
16186.jpg,1,1,Answer: 1 (Yes),Is this meme misogynistic? Answer 1 (Yes) or 0 (No).
16186.jpg,1,0,0,Does this image and text combination express hate against women? Answer 1 or 0.
16186.jpg,1,1,1,"Classify this meme: 1 = misogynous, 0 = not misogynous. Output only the digit."
16186.jpg,1,1,1,Is this content offensive toward women? Answer 1 or 0.
16186.jpg,1,1,1,Look at the meme. Is it sexist? Answer only 1 (Yes) or 0 (No).
16054.jpg,1,1,Answer: 1 (Yes),Is this meme misogynistic? Answer 1 (Yes) or 0 (No).
16054.jpg,1,0,0,Does this image and text combination express hate against women? Answer 1 or 0.
16054.jpg,1,1,1,"Classify this meme: 1 = misogynous, 0 = not misogynous. Output only the digit."
16054.jpg,1,0,0,Is this content offensive toward women? Answer 1 or 0.
16054.jpg,1,1,1,Look at the meme. Is it sexist? Answer only 1 (Yes) or 0 (No).
15461.jpg,1,-1,"The meme you've provided appears to be a joke or a humorous take on a situation, but it contains text that is misogynistic and inappropriate. The text suggests a step-by-step guide for having fun with",Is this meme misogynistic? Answer 1 (Yes) or 0 (No).
15461.jpg,1,0,0,Does this image and text combination express hate against women? Answer 1 or 0.
15461.jpg,1,1,1,"Classify this meme: 1 = misogynous, 0 = not misogynous. Output only the digit."
15461.jpg,1,0,0,Is this content offensive toward women? Answer 1 or 0.
15461.jpg,1,1,1,Look at the meme. Is it sexist? Answer only 1 (Yes) or 0 (No).
15584.jpg,0,-1,"The meme text is a play on the traditional opening lines of the poem ""Roses are Red,"" which is often used to express affection or love. The phrase ""coffee is brown"" is a humorous and literal interpretation of the poem",Is this meme misogynistic? Answer 1 (Yes) or 0 (No).
15584.jpg,0,0,0,Does this image and text combination express hate against women? Answer 1 or 0.
15584.jpg,0,0,0,"Classify this meme: 1 = misogynous, 0 = not misogynous. Output only the digit."
15584.jpg,0,0,0,Is this content offensive toward women? Answer 1 or 0.
15584.jpg,0,0,0,Look at the meme. Is it sexist? Answer only 1 (Yes) or 0 (No).
15589.jpg,1,1,1,Is this meme misogynistic? Answer 1 (Yes) or 0 (No).
15589.jpg,1,0,0,Does this image and text combination express hate against women? Answer 1 or 0.
15589.jpg,1,0,0,"Classify this meme: 1 = misogynous, 0 = not misogynous. Output only the digit."
15589.jpg,1,0,0,Is this content offensive toward women? Answer 1 or 0.
15589.jpg,1,1,1,Look at the meme. Is it sexist? Answer only 1 (Yes) or 0 (No).
15694.jpg,0,1,1,Is this meme misogynistic? Answer 1 (Yes) or 0 (No).
15694.jpg,0,0,0,Does this image and text combination express hate against women? Answer 1 or 0.
15694.jpg,0,0,0,"Classify this meme: 1 = misogynous, 0 = not misogynous. Output only the digit."
15694.jpg,0,0,0,Is this content offensive toward women? Answer 1 or 0.
15694.jpg,0,0,0,Look at the meme. Is it sexist? Answer only 1 (Yes) or 0 (No).
15072.jpg,0,-1,"The meme you've provided appears to be a humorous take on the concept of ""virgin level"" in a gaming context, where a player's skill level is compared to that of a virgin. The text ""JASON",Is this meme misogynistic? Answer 1 (Yes) or 0 (No).
15072.jpg,0,0,0,Does this image and text combination express hate against women? Answer 1 or 0.
15072.jpg,0,1,1,"Classify this meme: 1 = misogynous, 0 = not misogynous. Output only the digit."
15072.jpg,0,0,0,Is this content offensive toward women? Answer 1 or 0.
15072.jpg,0,1,1,Look at the meme. Is it sexist? Answer only 1 (Yes) or 0 (No).
15238.jpg,0,1,Answer: 1 (Yes),Is this meme misogynistic? Answer 1 (Yes) or 0 (No).
15238.jpg,0,0,0,Does this image and text combination express hate against women? Answer 1 or 0.
15238.jpg,0,0,0,"Classify this meme: 1 = misogynous, 0 = not misogynous. Output only the digit."
15238.jpg,0,0,0,Is this content offensive toward women? Answer 1 or 0.
15238.jpg,0,1,1,Look at the meme. Is it sexist? Answer only 1 (Yes) or 0 (No).
15573.jpg,0,1,1,Is this meme misogynistic? Answer 1 (Yes) or 0 (No).
15573.jpg,0,0,0,Does this image and text combination express hate against women? Answer 1 or 0.
15573.jpg,0,1,1,"Classify this meme: 1 = misogynous, 0 = not misogynous. Output only the digit."
15573.jpg,0,0,0,Is this content offensive toward women? Answer 1 or 0.
15573.jpg,0,0,0,Look at the meme. Is it sexist? Answer only 1 (Yes) or 0 (No).
15844.jpg,1,1,The meme you've shown contains text that is misogynistic and offensive. It is not appropriate to use language that degrades or objectifies individuals based on their gender. The meme is not funny and does not contribute to a respect,Is this meme misogynistic? Answer 1 (Yes) or 0 (No).
15844.jpg,1,0,0,Does this image and text combination express hate against women? Answer 1 or 0.
15844.jpg,1,1,1,"Classify this meme: 1 = misogynous, 0 = not misogynous. Output only the digit."
15844.jpg,1,1,1,Is this content offensive toward women? Answer 1 or 0.
15844.jpg,1,1,1,Look at the meme. Is it sexist? Answer only 1 (Yes) or 0 (No).
16300.jpg,1,1,1,Is this meme misogynistic? Answer 1 (Yes) or 0 (No).
16300.jpg,1,0,0,Does this image and text combination express hate against women? Answer 1 or 0.
16300.jpg,1,1,1,"Classify this meme: 1 = misogynous, 0 = not misogynous. Output only the digit."
16300.jpg,1,0,0,Is this content offensive toward women? Answer 1 or 0.
16300.jpg,1,1,1,Look at the meme. Is it sexist? Answer only 1 (Yes) or 0 (No).
16277.jpg,1,1,Answer: 1 (Yes),Is this meme misogynistic? Answer 1 (Yes) or 0 (No).
16277.jpg,1,0,0,Does this image and text combination express hate against women? Answer 1 or 0.
16277.jpg,1,1,1,"Classify this meme: 1 = misogynous, 0 = not misogynous. Output only the digit."
16277.jpg,1,0,0,Is this content offensive toward women? Answer 1 or 0.
16277.jpg,1,1,1,Look at the meme. Is it sexist? Answer only 1 (Yes) or 0 (No).
17034.jpg,0,1,1,Is this meme misogynistic? Answer 1 (Yes) or 0 (No).
17034.jpg,0,0,0,Does this image and text combination express hate against women? Answer 1 or 0.
17034.jpg,0,0,0,"Classify this meme: 1 = misogynous, 0 = not misogynous. Output only the digit."
17034.jpg,0,0,0,Is this content offensive toward women? Answer 1 or 0.
17034.jpg,0,0,0,Look at the meme. Is it sexist? Answer only 1 (Yes) or 0 (No).
15010.jpg,0,1,Answer: 1 (Yes),Is this meme misogynistic? Answer 1 (Yes) or 0 (No).
15010.jpg,0,0,0,Does this image and text combination express hate against women? Answer 1 or 0.
15010.jpg,0,0,0,"Classify this meme: 1 = misogynous, 0 = not misogynous. Output only the digit."
15010.jpg,0,0,0,Is this content offensive toward women? Answer 1 or 0.
15010.jpg,0,0,0,Look at the meme. Is it sexist? Answer only 1 (Yes) or 0 (No).
15635.jpg,0,1,Answer: 1 (Yes),Is this meme misogynistic? Answer 1 (Yes) or 0 (No).
15635.jpg,0,0,0,Does this image and text combination express hate against women? Answer 1 or 0.
15635.jpg,0,1,1,"Classify this meme: 1 = misogynous, 0 = not misogynous. Output only the digit."
15635.jpg,0,0,0,Is this content offensive toward women? Answer 1 or 0.
15635.jpg,0,1,1,Look at the meme. Is it sexist? Answer only 1 (Yes) or 0 (No).
15900.jpg,1,0,"The meme you've provided appears to be a humorous take on the stereotype of a ""virgin"" being inexperienced or naive, particularly in the context of technology or social media. The text ""VIRGIN AT",Is this meme misogynistic? Answer 1 (Yes) or 0 (No).
15900.jpg,1,0,0,Does this image and text combination express hate against women? Answer 1 or 0.
15900.jpg,1,0,0,"Classify this meme: 1 = misogynous, 0 = not misogynous. Output only the digit."
15900.jpg,1,0,0,Is this content offensive toward women? Answer 1 or 0.
15900.jpg,1,1,1,Look at the meme. Is it sexist? Answer only 1 (Yes) or 0 (No).
15933.jpg,1,1,1,Is this meme misogynistic? Answer 1 (Yes) or 0 (No).
15933.jpg,1,0,0,Does this image and text combination express hate against women? Answer 1 or 0.
15933.jpg,1,1,1,"Classify this meme: 1 = misogynous, 0 = not misogynous. Output only the digit."
15933.jpg,1,0,0,Is this content offensive toward women? Answer 1 or 0.
15933.jpg,1,1,1,Look at the meme. Is it sexist? Answer only 1 (Yes) or 0 (No).
15576.jpg,1,1,1,Is this meme misogynistic? Answer 1 (Yes) or 0 (No).
15576.jpg,1,0,0,Does this image and text combination express hate against women? Answer 1 or 0.
15576.jpg,1,0,0,"Classify this meme: 1 = misogynous, 0 = not misogynous. Output only the digit."
15576.jpg,1,0,0,Is this content offensive toward women? Answer 1 or 0.
15576.jpg,1,0,0,Look at the meme. Is it sexist? Answer only 1 (Yes) or 0 (No).
15878.jpg,1,0,"The meme text is misogynistic because it implies that there are only three things that every man should know about women, which is a stereotypical and limiting view of women. It also suggests that there is something shocking about these",Is this meme misogynistic? Answer 1 (Yes) or 0 (No).
15878.jpg,1,0,0,Does this image and text combination express hate against women? Answer 1 or 0.
15878.jpg,1,1,1,"Classify this meme: 1 = misogynous, 0 = not misogynous. Output only the digit."
15878.jpg,1,0,0,Is this content offensive toward women? Answer 1 or 0.
15878.jpg,1,1,1,Look at the meme. Is it sexist? Answer only 1 (Yes) or 0 (No).
16209.jpg,0,1,1,Is this meme misogynistic? Answer 1 (Yes) or 0 (No).
16209.jpg,0,0,0,Does this image and text combination express hate against women? Answer 1 or 0.
16209.jpg,0,0,0,"Classify this meme: 1 = misogynous, 0 = not misogynous. Output only the digit."
16209.jpg,0,0,0,Is this content offensive toward women? Answer 1 or 0.
16209.jpg,0,0,0,Look at the meme. Is it sexist? Answer only 1 (Yes) or 0 (No).
16276.jpg,0,1,1,Is this meme misogynistic? Answer 1 (Yes) or 0 (No).
16276.jpg,0,0,0,Does this image and text combination express hate against women? Answer 1 or 0.
16276.jpg,0,0,0,"Classify this meme: 1 = misogynous, 0 = not misogynous. Output only the digit."
16276.jpg,0,0,0,Is this content offensive toward women? Answer 1 or 0.
16276.jpg,0,0,0,Look at the meme. Is it sexist? Answer only 1 (Yes) or 0 (No).
15889.jpg,1,1,1,Is this meme misogynistic? Answer 1 (Yes) or 0 (No).
15889.jpg,1,0,0,Does this image and text combination express hate against women? Answer 1 or 0.
15889.jpg,1,0,0,"Classify this meme: 1 = misogynous, 0 = not misogynous. Output only the digit."
15889.jpg,1,0,0,Is this content offensive toward women? Answer 1 or 0.
15889.jpg,1,0,0,Look at the meme. Is it sexist? Answer only 1 (Yes) or 0 (No).
15397.jpg,0,1,"The meme you've provided appears to be a humorous take on a situation where someone is trying to maintain a serious or professional appearance, but their eyes are slightly open, which can be seen as a sign of nervousness or discomfort.",Is this meme misogynistic? Answer 1 (Yes) or 0 (No).
15397.jpg,0,0,0,Does this image and text combination express hate against women? Answer 1 or 0.
15397.jpg,0,0,0,"Classify this meme: 1 = misogynous, 0 = not misogynous. Output only the digit."
15397.jpg,0,0,0,Is this content offensive toward women? Answer 1 or 0.
15397.jpg,0,0,0,Look at the meme. Is it sexist? Answer only 1 (Yes) or 0 (No).
16192.jpg,0,1,Answer: 1 (Yes),Is this meme misogynistic? Answer 1 (Yes) or 0 (No).
16192.jpg,0,0,0,Does this image and text combination express hate against women? Answer 1 or 0.
16192.jpg,0,1,1,"Classify this meme: 1 = misogynous, 0 = not misogynous. Output only the digit."
16192.jpg,0,0,0,Is this content offensive toward women? Answer 1 or 0.
16192.jpg,0,1,1,Look at the meme. Is it sexist? Answer only 1 (Yes) or 0 (No).
17036.jpg,1,1,"The meme text is indeed misogynistic. It is making a derogatory and offensive joke about a woman with one black eye, which is not appropriate or respectful.",Is this meme misogynistic? Answer 1 (Yes) or 0 (No).
17036.jpg,1,0,0,Does this image and text combination express hate against women? Answer 1 or 0.
17036.jpg,1,1,1,"Classify this meme: 1 = misogynous, 0 = not misogynous. Output only the digit."
17036.jpg,1,0,0,Is this content offensive toward women? Answer 1 or 0.
17036.jpg,1,1,1,Look at the meme. Is it sexist? Answer only 1 (Yes) or 0 (No).
15644.jpg,1,-1,"The meme text you provided is misogynistic. It is making a derogatory statement about women, implying that their primary role is to cook, clean, and be sexually available. This reinforces harmful stereotypes and",Is this meme misogynistic? Answer 1 (Yes) or 0 (No).
15644.jpg,1,0,0,Does this image and text combination express hate against women? Answer 1 or 0.
15644.jpg,1,1,1,"Classify this meme: 1 = misogynous, 0 = not misogynous. Output only the digit."
15644.jpg,1,0,0,Is this content offensive toward women? Answer 1 or 0.
15644.jpg,1,1,1,Look at the meme. Is it sexist? Answer only 1 (Yes) or 0 (No).
15431.jpg,0,1,1,Is this meme misogynistic? Answer 1 (Yes) or 0 (No).
15431.jpg,0,0,0,Does this image and text combination express hate against women? Answer 1 or 0.
15431.jpg,0,0,0,"Classify this meme: 1 = misogynous, 0 = not misogynous. Output only the digit."
15431.jpg,0,0,0,Is this content offensive toward women? Answer 1 or 0.
15431.jpg,0,0,0,Look at the meme. Is it sexist? Answer only 1 (Yes) or 0 (No).
16315.jpg,1,1,1,Is this meme misogynistic? Answer 1 (Yes) or 0 (No).
16315.jpg,1,0,0,Does this image and text combination express hate against women? Answer 1 or 0.
16315.jpg,1,0,0,"Classify this meme: 1 = misogynous, 0 = not misogynous. Output only the digit."
16315.jpg,1,0,0,Is this content offensive toward women? Answer 1 or 0.
16315.jpg,1,1,1,Look at the meme. Is it sexist? Answer only 1 (Yes) or 0 (No).
16185.jpg,0,1,Answer: 1 (Yes),Is this meme misogynistic? Answer 1 (Yes) or 0 (No).
16185.jpg,0,0,0,Does this image and text combination express hate against women? Answer 1 or 0.
16185.jpg,0,0,0,"Classify this meme: 1 = misogynous, 0 = not misogynous. Output only the digit."
16185.jpg,0,0,0,Is this content offensive toward women? Answer 1 or 0.
16185.jpg,0,1,1,Look at the meme. Is it sexist? Answer only 1 (Yes) or 0 (No).
16112.jpg,1,1,Answer: 1 (Yes),Is this meme misogynistic? Answer 1 (Yes) or 0 (No).
16112.jpg,1,0,0,Does this image and text combination express hate against women? Answer 1 or 0.
16112.jpg,1,0,0,"Classify this meme: 1 = misogynous, 0 = not misogynous. Output only the digit."
16112.jpg,1,0,0,Is this content offensive toward women? Answer 1 or 0.
16112.jpg,1,1,1,Look at the meme. Is it sexist? Answer only 1 (Yes) or 0 (No).
15896.jpg,1,1,Answer: 1 (Yes),Is this meme misogynistic? Answer 1 (Yes) or 0 (No).
15896.jpg,1,0,0,Does this image and text combination express hate against women? Answer 1 or 0.
15896.jpg,1,1,1,"Classify this meme: 1 = misogynous, 0 = not misogynous. Output only the digit."
15896.jpg,1,0,0,Is this content offensive toward women? Answer 1 or 0.
15896.jpg,1,1,1,Look at the meme. Is it sexist? Answer only 1 (Yes) or 0 (No).
17056.jpg,1,0,"The meme text you provided is misogynistic. It implies that a woman who is passed out in a bathroom is a victim of rape, which is not the case. The meme is using a serious and sensitive issue to create a joke",Is this meme misogynistic? Answer 1 (Yes) or 0 (No).
17056.jpg,1,0,0,Does this image and text combination express hate against women? Answer 1 or 0.
17056.jpg,1,1,1,"Classify this meme: 1 = misogynous, 0 = not misogynous. Output only the digit."
17056.jpg,1,0,0,Is this content offensive toward women? Answer 1 or 0.
17056.jpg,1,1,1,Look at the meme. Is it sexist? Answer only 1 (Yes) or 0 (No).
16147.jpg,1,1,Answer: 1 (Yes),Is this meme misogynistic? Answer 1 (Yes) or 0 (No).
16147.jpg,1,0,0,Does this image and text combination express hate against women? Answer 1 or 0.
16147.jpg,1,1,1,"Classify this meme: 1 = misogynous, 0 = not misogynous. Output only the digit."
16147.jpg,1,1,1,Is this content offensive toward women? Answer 1 or 0.
16147.jpg,1,1,1,Look at the meme. Is it sexist? Answer only 1 (Yes) or 0 (No).
15601.jpg,1,1,Answer: 1 (Yes),Is this meme misogynistic? Answer 1 (Yes) or 0 (No).
15601.jpg,1,0,0,Does this image and text combination express hate against women? Answer 1 or 0.
15601.jpg,1,1,1,"Classify this meme: 1 = misogynous, 0 = not misogynous. Output only the digit."
15601.jpg,1,0,0,Is this content offensive toward women? Answer 1 or 0.
15601.jpg,1,1,1,Look at the meme. Is it sexist? Answer only 1 (Yes) or 0 (No).
15903.jpg,1,1,Answer: 1 (Yes),Is this meme misogynistic? Answer 1 (Yes) or 0 (No).
15903.jpg,1,0,0,Does this image and text combination express hate against women? Answer 1 or 0.
15903.jpg,1,1,1,"Classify this meme: 1 = misogynous, 0 = not misogynous. Output only the digit."
15903.jpg,1,0,0,Is this content offensive toward women? Answer 1 or 0.
15903.jpg,1,1,1,Look at the meme. Is it sexist? Answer only 1 (Yes) or 0 (No).
15352.jpg,1,1,Answer: 1 (Yes),Is this meme misogynistic? Answer 1 (Yes) or 0 (No).
15352.jpg,1,0,0,Does this image and text combination express hate against women? Answer 1 or 0.
15352.jpg,1,1,1,"Classify this meme: 1 = misogynous, 0 = not misogynous. Output only the digit."
15352.jpg,1,0,0,Is this content offensive toward women? Answer 1 or 0.
15352.jpg,1,1,1,Look at the meme. Is it sexist? Answer only 1 (Yes) or 0 (No).
15628.jpg,1,1,1,Is this meme misogynistic? Answer 1 (Yes) or 0 (No).
15628.jpg,1,0,0,Does this image and text combination express hate against women? Answer 1 or 0.
15628.jpg,1,0,0,"Classify this meme: 1 = misogynous, 0 = not misogynous. Output only the digit."
15628.jpg,1,0,0,Is this content offensive toward women? Answer 1 or 0.
15628.jpg,1,0,0,Look at the meme. Is it sexist? Answer only 1 (Yes) or 0 (No).
15600.jpg,0,1,1,Is this meme misogynistic? Answer 1 (Yes) or 0 (No).
15600.jpg,0,0,0,Does this image and text combination express hate against women? Answer 1 or 0.
15600.jpg,0,0,0,"Classify this meme: 1 = misogynous, 0 = not misogynous. Output only the digit."
15600.jpg,0,0,0,Is this content offensive toward women? Answer 1 or 0.
15600.jpg,0,1,1,Look at the meme. Is it sexist? Answer only 1 (Yes) or 0 (No).
16294.jpg,0,1,1,Is this meme misogynistic? Answer 1 (Yes) or 0 (No).
16294.jpg,0,0,0,Does this image and text combination express hate against women? Answer 1 or 0.
16294.jpg,0,0,0,"Classify this meme: 1 = misogynous, 0 = not misogynous. Output only the digit."
16294.jpg,0,0,0,Is this content offensive toward women? Answer 1 or 0.
16294.jpg,0,1,1,Look at the meme. Is it sexist? Answer only 1 (Yes) or 0 (No).
15585.jpg,1,0,"The meme you've shown is indeed misogynistic. It uses a stereotype to make a joke, which is not appropriate or respectful. The text ""WHAT SHAVED PUSSY LOOKS LIKE""",Is this meme misogynistic? Answer 1 (Yes) or 0 (No).
15585.jpg,1,0,0,Does this image and text combination express hate against women? Answer 1 or 0.
15585.jpg,1,1,1,"Classify this meme: 1 = misogynous, 0 = not misogynous. Output only the digit."
15585.jpg,1,0,0,Is this content offensive toward women? Answer 1 or 0.
15585.jpg,1,1,1,Look at the meme. Is it sexist? Answer only 1 (Yes) or 0 (No).
15123.jpg,0,1,1,Is this meme misogynistic? Answer 1 (Yes) or 0 (No).
15123.jpg,0,0,0,Does this image and text combination express hate against women? Answer 1 or 0.
15123.jpg,0,1,1,"Classify this meme: 1 = misogynous, 0 = not misogynous. Output only the digit."
15123.jpg,0,0,0,Is this content offensive toward women? Answer 1 or 0.
15123.jpg,0,1,1,Look at the meme. Is it sexist? Answer only 1 (Yes) or 0 (No).
15893.jpg,1,1,"The meme you've shown contains text that is misogynistic and offensive. It is not appropriate to use such language, and it is important to be respectful and considerate when discussing or sharing content.",Is this meme misogynistic? Answer 1 (Yes) or 0 (No).
15893.jpg,1,0,0,Does this image and text combination express hate against women? Answer 1 or 0.
15893.jpg,1,1,1,"Classify this meme: 1 = misogynous, 0 = not misogynous. Output only the digit."
15893.jpg,1,0,0,Is this content offensive toward women? Answer 1 or 0.
15893.jpg,1,1,1,Look at the meme. Is it sexist? Answer only 1 (Yes) or 0 (No).
15342.jpg,0,-1,"The meme you've provided features a character from the animated television series ""SpongeBob SquarePants"" with a caption that reads ""WHEN YOUR MOM SAID TO CLEAN YOUR ROOM."" The character is depicted",Is this meme misogynistic? Answer 1 (Yes) or 0 (No).
15342.jpg,0,0,0,Does this image and text combination express hate against women? Answer 1 or 0.
15342.jpg,0,0,0,"Classify this meme: 1 = misogynous, 0 = not misogynous. Output only the digit."
15342.jpg,0,0,0,Is this content offensive toward women? Answer 1 or 0.
15342.jpg,0,0,0,Look at the meme. Is it sexist? Answer only 1 (Yes) or 0 (No).
15203.jpg,1,1,1,Is this meme misogynistic? Answer 1 (Yes) or 0 (No).
15203.jpg,1,0,0,Does this image and text combination express hate against women? Answer 1 or 0.
15203.jpg,1,0,0,"Classify this meme: 1 = misogynous, 0 = not misogynous. Output only the digit."
15203.jpg,1,0,0,Is this content offensive toward women? Answer 1 or 0.
15203.jpg,1,1,1,Look at the meme. Is it sexist? Answer only 1 (Yes) or 0 (No).
17015.jpg,1,1,Answer: 1 (Yes),Is this meme misogynistic? Answer 1 (Yes) or 0 (No).
17015.jpg,1,0,0,Does this image and text combination express hate against women? Answer 1 or 0.
17015.jpg,1,1,1,"Classify this meme: 1 = misogynous, 0 = not misogynous. Output only the digit."
17015.jpg,1,0,0,Is this content offensive toward women? Answer 1 or 0.
17015.jpg,1,1,1,Look at the meme. Is it sexist? Answer only 1 (Yes) or 0 (No).
15553.jpg,1,1,Answer: 1 (Yes),Is this meme misogynistic? Answer 1 (Yes) or 0 (No).
15553.jpg,1,0,0,Does this image and text combination express hate against women? Answer 1 or 0.
15553.jpg,1,1,1,"Classify this meme: 1 = misogynous, 0 = not misogynous. Output only the digit."
15553.jpg,1,1,1,Is this content offensive toward women? Answer 1 or 0.
15553.jpg,1,1,1,Look at the meme. Is it sexist? Answer only 1 (Yes) or 0 (No).
15227.jpg,0,1,Answer: 1 (Yes),Is this meme misogynistic? Answer 1 (Yes) or 0 (No).
15227.jpg,0,0,0,Does this image and text combination express hate against women? Answer 1 or 0.
15227.jpg,0,0,0,"Classify this meme: 1 = misogynous, 0 = not misogynous. Output only the digit."
15227.jpg,0,0,0,Is this content offensive toward women? Answer 1 or 0.
15227.jpg,0,1,1,Look at the meme. Is it sexist? Answer only 1 (Yes) or 0 (No).
15660.jpg,1,1,Answer: 1 (Yes),Is this meme misogynistic? Answer 1 (Yes) or 0 (No).
15660.jpg,1,0,0,Does this image and text combination express hate against women? Answer 1 or 0.
15660.jpg,1,1,1,"Classify this meme: 1 = misogynous, 0 = not misogynous. Output only the digit."
15660.jpg,1,1,1,Is this content offensive toward women? Answer 1 or 0.
15660.jpg,1,1,1,Look at the meme. Is it sexist? Answer only 1 (Yes) or 0 (No).
16337.jpg,1,1,Answer: 1 (Yes),Is this meme misogynistic? Answer 1 (Yes) or 0 (No).
16337.jpg,1,0,0,Does this image and text combination express hate against women? Answer 1 or 0.
16337.jpg,1,0,0,"Classify this meme: 1 = misogynous, 0 = not misogynous. Output only the digit."
16337.jpg,1,0,0,Is this content offensive toward women? Answer 1 or 0.
16337.jpg,1,0,0,Look at the meme. Is it sexist? Answer only 1 (Yes) or 0 (No).
17002.jpg,1,0,"The meme text you provided is indeed misogynistic. It uses the term ""fat girl"" in a derogatory manner, which is not respectful or appropriate. It's important to be mindful of the language we use",Is this meme misogynistic? Answer 1 (Yes) or 0 (No).
17002.jpg,1,0,0,Does this image and text combination express hate against women? Answer 1 or 0.
17002.jpg,1,1,1,"Classify this meme: 1 = misogynous, 0 = not misogynous. Output only the digit."
17002.jpg,1,0,0,Is this content offensive toward women? Answer 1 or 0.
17002.jpg,1,1,1,Look at the meme. Is it sexist? Answer only 1 (Yes) or 0 (No).
15881.jpg,0,1,1,Is this meme misogynistic? Answer 1 (Yes) or 0 (No).
15881.jpg,0,0,0,Does this image and text combination express hate against women? Answer 1 or 0.
15881.jpg,0,0,0,"Classify this meme: 1 = misogynous, 0 = not misogynous. Output only the digit."
15881.jpg,0,0,0,Is this content offensive toward women? Answer 1 or 0.
15881.jpg,0,0,0,Look at the meme. Is it sexist? Answer only 1 (Yes) or 0 (No).
17038.jpg,1,1,1,Is this meme misogynistic? Answer 1 (Yes) or 0 (No).
17038.jpg,1,0,0,Does this image and text combination express hate against women? Answer 1 or 0.
17038.jpg,1,0,0,"Classify this meme: 1 = misogynous, 0 = not misogynous. Output only the digit."
17038.jpg,1,0,0,Is this content offensive toward women? Answer 1 or 0.
17038.jpg,1,1,1,Look at the meme. Is it sexist? Answer only 1 (Yes) or 0 (No).
15975.jpg,1,1,1,Is this meme misogynistic? Answer 1 (Yes) or 0 (No).
15975.jpg,1,0,0,Does this image and text combination express hate against women? Answer 1 or 0.
15975.jpg,1,1,1,"Classify this meme: 1 = misogynous, 0 = not misogynous. Output only the digit."
15975.jpg,1,0,0,Is this content offensive toward women? Answer 1 or 0.
15975.jpg,1,1,1,Look at the meme. Is it sexist? Answer only 1 (Yes) or 0 (No).
15575.jpg,1,1,Answer: 1 (Yes),Is this meme misogynistic? Answer 1 (Yes) or 0 (No).
15575.jpg,1,0,0,Does this image and text combination express hate against women? Answer 1 or 0.
15575.jpg,1,1,1,"Classify this meme: 1 = misogynous, 0 = not misogynous. Output only the digit."
15575.jpg,1,0,0,Is this content offensive toward women? Answer 1 or 0.
15575.jpg,1,1,1,Look at the meme. Is it sexist? Answer only 1 (Yes) or 0 (No).
15716.jpg,1,-1,"The meme you've provided is indeed misogynistic. It features a man in a suit with a beer, making a gesture that is often associated with violence against women. The text of the meme implies that the man is suggesting that",Is this meme misogynistic? Answer 1 (Yes) or 0 (No).
15716.jpg,1,0,0,Does this image and text combination express hate against women? Answer 1 or 0.
15716.jpg,1,1,1,"Classify this meme: 1 = misogynous, 0 = not misogynous. Output only the digit."
15716.jpg,1,1,1,Is this content offensive toward women? Answer 1 or 0.
15716.jpg,1,1,1,Look at the meme. Is it sexist? Answer only 1 (Yes) or 0 (No).
15270.jpg,0,1,1,Is this meme misogynistic? Answer 1 (Yes) or 0 (No).
15270.jpg,0,0,0,Does this image and text combination express hate against women? Answer 1 or 0.
15270.jpg,0,0,0,"Classify this meme: 1 = misogynous, 0 = not misogynous. Output only the digit."
15270.jpg,0,0,0,Is this content offensive toward women? Answer 1 or 0.
15270.jpg,0,0,0,Look at the meme. Is it sexist? Answer only 1 (Yes) or 0 (No).
16195.jpg,0,1,1,Is this meme misogynistic? Answer 1 (Yes) or 0 (No).
16195.jpg,0,0,0,Does this image and text combination express hate against women? Answer 1 or 0.
16195.jpg,0,0,0,"Classify this meme: 1 = misogynous, 0 = not misogynous. Output only the digit."
16195.jpg,0,0,0,Is this content offensive toward women? Answer 1 or 0.
16195.jpg,0,1,1,Look at the meme. Is it sexist? Answer only 1 (Yes) or 0 (No).
16312.jpg,0,1,Answer: 1 (Yes),Is this meme misogynistic? Answer 1 (Yes) or 0 (No).
16312.jpg,0,0,0,Does this image and text combination express hate against women? Answer 1 or 0.
16312.jpg,0,1,1,"Classify this meme: 1 = misogynous, 0 = not misogynous. Output only the digit."
16312.jpg,0,1,1,Is this content offensive toward women? Answer 1 or 0.
16312.jpg,0,1,1,Look at the meme. Is it sexist? Answer only 1 (Yes) or 0 (No).
15174.jpg,0,0,0,Is this meme misogynistic? Answer 1 (Yes) or 0 (No).
15174.jpg,0,0,0,Does this image and text combination express hate against women? Answer 1 or 0.
15174.jpg,0,0,0,"Classify this meme: 1 = misogynous, 0 = not misogynous. Output only the digit."
15174.jpg,0,0,0,Is this content offensive toward women? Answer 1 or 0.
15174.jpg,0,0,0,Look at the meme. Is it sexist? Answer only 1 (Yes) or 0 (No).
15603.jpg,0,1,1,Is this meme misogynistic? Answer 1 (Yes) or 0 (No).
15603.jpg,0,0,0,Does this image and text combination express hate against women? Answer 1 or 0.
15603.jpg,0,0,0,"Classify this meme: 1 = misogynous, 0 = not misogynous. Output only the digit."
15603.jpg,0,0,0,Is this content offensive toward women? Answer 1 or 0.
15603.jpg,0,0,0,Look at the meme. Is it sexist? Answer only 1 (Yes) or 0 (No).
16126.jpg,1,1,Answer: 1 (Yes),Is this meme misogynistic? Answer 1 (Yes) or 0 (No).
16126.jpg,1,0,0,Does this image and text combination express hate against women? Answer 1 or 0.
16126.jpg,1,1,1,"Classify this meme: 1 = misogynous, 0 = not misogynous. Output only the digit."
16126.jpg,1,1,1,Is this content offensive toward women? Answer 1 or 0.
16126.jpg,1,1,1,Look at the meme. Is it sexist? Answer only 1 (Yes) or 0 (No).
15591.jpg,1,1,1,Is this meme misogynistic? Answer 1 (Yes) or 0 (No).
15591.jpg,1,0,0,Does this image and text combination express hate against women? Answer 1 or 0.
15591.jpg,1,0,0,"Classify this meme: 1 = misogynous, 0 = not misogynous. Output only the digit."
15591.jpg,1,0,0,Is this content offensive toward women? Answer 1 or 0.
15591.jpg,1,1,1,Look at the meme. Is it sexist? Answer only 1 (Yes) or 0 (No).
15049.jpg,0,-1,"The meme text you provided is misogynistic. It implies that a woman's appearance is only acceptable if she is wearing makeup to hide her freckles, which is a form of body shaming and objectification. It suggests that",Is this meme misogynistic? Answer 1 (Yes) or 0 (No).
15049.jpg,0,0,0,Does this image and text combination express hate against women? Answer 1 or 0.
15049.jpg,0,0,0,"Classify this meme: 1 = misogynous, 0 = not misogynous. Output only the digit."
15049.jpg,0,0,0,Is this content offensive toward women? Answer 1 or 0.
15049.jpg,0,1,1,Look at the meme. Is it sexist? Answer only 1 (Yes) or 0 (No).
15363.jpg,1,1,Answer: 1 (Yes),Is this meme misogynistic? Answer 1 (Yes) or 0 (No).
15363.jpg,1,0,0,Does this image and text combination express hate against women? Answer 1 or 0.
15363.jpg,1,1,1,"Classify this meme: 1 = misogynous, 0 = not misogynous. Output only the digit."
15363.jpg,1,1,1,Is this content offensive toward women? Answer 1 or 0.
15363.jpg,1,1,1,Look at the meme. Is it sexist? Answer only 1 (Yes) or 0 (No).
15199.jpg,0,-1,"The meme text is misogynistic. It is making a derogatory statement about black women, suggesting that they are only valued for their bodies and that their bodies are considered inappropriate or obscene. This kind of language and imag",Is this meme misogynistic? Answer 1 (Yes) or 0 (No).
15199.jpg,0,0,0,Does this image and text combination express hate against women? Answer 1 or 0.
15199.jpg,0,1,1,"Classify this meme: 1 = misogynous, 0 = not misogynous. Output only the digit."
15199.jpg,0,1,1,Is this content offensive toward women? Answer 1 or 0.
15199.jpg,0,1,1,Look at the meme. Is it sexist? Answer only 1 (Yes) or 0 (No).
15853.jpg,0,1,1,Is this meme misogynistic? Answer 1 (Yes) or 0 (No).
15853.jpg,0,0,0,Does this image and text combination express hate against women? Answer 1 or 0.
15853.jpg,0,0,0,"Classify this meme: 1 = misogynous, 0 = not misogynous. Output only the digit."
15853.jpg,0,0,0,Is this content offensive toward women? Answer 1 or 0.
15853.jpg,0,0,0,Look at the meme. Is it sexist? Answer only 1 (Yes) or 0 (No).
