id,true_label,pred,response,prompt
img/08291.png,1,1,1,"Is this meme hateful? Answer 1 for hateful, 0 for not hateful."
img/08291.png,1,1,1,"Considering both the image and the text, is this meme offensive? 1=yes, 0=no."
img/08291.png,1,1,1=hateful,"Analyze the meme and decide: 1=hateful, 0=not hateful."
img/08291.png,1,1,Yes,"Does this meme contain hate speech or offensive content? Answer 1=yes, 0=no."
img/08291.png,1,0,0,"Evaluate the meme’s image and text together. Is it hateful? Output only 1 for hateful, 0 for not."
img/08291.png,1,1,1,"Look at both the image and the caption. If the meme expresses hate or stereotypes, reply 1. Otherwise reply 0."
img/08291.png,1,0,0,"Does the meme promote hate, discrimination, or offensive stereotypes? Respond with 1 if yes, 0 if no."
img/08291.png,1,1,1,Is the meme offensive or hateful when considering both modalities? Return only 1 or 0.
img/08291.png,1,1,1,"Classify this meme: 1 = hateful or offensive, 0 = not hateful. Output only the digit."
img/08291.png,1,1,1,"Does the meme contain harmful or derogatory content? Answer with a single digit: 1 for yes, 0 for no."
img/46971.png,1,0,0,"Is this meme hateful? Answer 1 for hateful, 0 for not hateful."
img/46971.png,1,0,0,"Considering both the image and the text, is this meme offensive? 1=yes, 0=no."
img/46971.png,1,1,1,"Analyze the meme and decide: 1=hateful, 0=not hateful."
img/46971.png,1,0,0,"Does this meme contain hate speech or offensive content? Answer 1=yes, 0=no."
img/46971.png,1,0,0,"Evaluate the meme’s image and text together. Is it hateful? Output only 1 for hateful, 0 for not."
img/46971.png,1,0,0,"Look at both the image and the caption. If the meme expresses hate or stereotypes, reply 1. Otherwise reply 0."
img/46971.png,1,0,0,"Does the meme promote hate, discrimination, or offensive stereotypes? Respond with 1 if yes, 0 if no."
img/46971.png,1,0,0,Is the meme offensive or hateful when considering both modalities? Return only 1 or 0.
img/46971.png,1,1,1,"Classify this meme: 1 = hateful or offensive, 0 = not hateful. Output only the digit."
img/46971.png,1,0,0,"Does the meme contain harmful or derogatory content? Answer with a single digit: 1 for yes, 0 for no."
img/03745.png,1,0,0,"Is this meme hateful? Answer 1 for hateful, 0 for not hateful."
img/03745.png,1,1,1,"Considering both the image and the text, is this meme offensive? 1=yes, 0=no."
img/03745.png,1,1,1=hateful,"Analyze the meme and decide: 1=hateful, 0=not hateful."
img/03745.png,1,0,0,"Does this meme contain hate speech or offensive content? Answer 1=yes, 0=no."
img/03745.png,1,0,0,"Evaluate the meme’s image and text together. Is it hateful? Output only 1 for hateful, 0 for not."
img/03745.png,1,0,0,"Look at both the image and the caption. If the meme expresses hate or stereotypes, reply 1. Otherwise reply 0."
img/03745.png,1,0,0,"Does the meme promote hate, discrimination, or offensive stereotypes? Respond with 1 if yes, 0 if no."
img/03745.png,1,1,1,Is the meme offensive or hateful when considering both modalities? Return only 1 or 0.
img/03745.png,1,1,1,"Classify this meme: 1 = hateful or offensive, 0 = not hateful. Output only the digit."
img/03745.png,1,1,1,"Does the meme contain harmful or derogatory content? Answer with a single digit: 1 for yes, 0 for no."
img/83745.png,1,1,This meme is not hateful.,"Is this meme hateful? Answer 1 for hateful, 0 for not hateful."
img/83745.png,1,0,0,"Considering both the image and the text, is this meme offensive? 1=yes, 0=no."
img/83745.png,1,1,1=hateful,"Analyze the meme and decide: 1=hateful, 0=not hateful."
img/83745.png,1,0,No,"Does this meme contain hate speech or offensive content? Answer 1=yes, 0=no."
img/83745.png,1,0,0,"Evaluate the meme’s image and text together. Is it hateful? Output only 1 for hateful, 0 for not."
img/83745.png,1,0,0,"Look at both the image and the caption. If the meme expresses hate or stereotypes, reply 1. Otherwise reply 0."
img/83745.png,1,0,0,"Does the meme promote hate, discrimination, or offensive stereotypes? Respond with 1 if yes, 0 if no."
img/83745.png,1,1,1,Is the meme offensive or hateful when considering both modalities? Return only 1 or 0.
img/83745.png,1,1,1,"Classify this meme: 1 = hateful or offensive, 0 = not hateful. Output only the digit."
img/83745.png,1,0,0,"Does the meme contain harmful or derogatory content? Answer with a single digit: 1 for yes, 0 for no."
img/80243.png,1,1,This meme is not hateful.,"Is this meme hateful? Answer 1 for hateful, 0 for not hateful."
img/80243.png,1,0,0=no.,"Considering both the image and the text, is this meme offensive? 1=yes, 0=no."
img/80243.png,1,1,1=hateful,"Analyze the meme and decide: 1=hateful, 0=not hateful."
img/80243.png,1,0,0=no,"Does this meme contain hate speech or offensive content? Answer 1=yes, 0=no."
img/80243.png,1,0,0,"Evaluate the meme’s image and text together. Is it hateful? Output only 1 for hateful, 0 for not."
img/80243.png,1,0,0,"Look at both the image and the caption. If the meme expresses hate or stereotypes, reply 1. Otherwise reply 0."
img/80243.png,1,0,0,"Does the meme promote hate, discrimination, or offensive stereotypes? Respond with 1 if yes, 0 if no."
img/80243.png,1,0,0,Is the meme offensive or hateful when considering both modalities? Return only 1 or 0.
img/80243.png,1,1,1,"Classify this meme: 1 = hateful or offensive, 0 = not hateful. Output only the digit."
img/80243.png,1,0,0,"Does the meme contain harmful or derogatory content? Answer with a single digit: 1 for yes, 0 for no."
img/05279.png,1,0,0,"Is this meme hateful? Answer 1 for hateful, 0 for not hateful."
img/05279.png,1,0,0,"Considering both the image and the text, is this meme offensive? 1=yes, 0=no."
img/05279.png,1,1,1=hateful,"Analyze the meme and decide: 1=hateful, 0=not hateful."
img/05279.png,1,0,0,"Does this meme contain hate speech or offensive content? Answer 1=yes, 0=no."
img/05279.png,1,0,0,"Evaluate the meme’s image and text together. Is it hateful? Output only 1 for hateful, 0 for not."
img/05279.png,1,0,0,"Look at both the image and the caption. If the meme expresses hate or stereotypes, reply 1. Otherwise reply 0."
img/05279.png,1,0,0,"Does the meme promote hate, discrimination, or offensive stereotypes? Respond with 1 if yes, 0 if no."
img/05279.png,1,1,1,Is the meme offensive or hateful when considering both modalities? Return only 1 or 0.
img/05279.png,1,1,1,"Classify this meme: 1 = hateful or offensive, 0 = not hateful. Output only the digit."
img/05279.png,1,1,1,"Does the meme contain harmful or derogatory content? Answer with a single digit: 1 for yes, 0 for no."
img/01796.png,1,0,0,"Is this meme hateful? Answer 1 for hateful, 0 for not hateful."
img/01796.png,1,1,1,"Considering both the image and the text, is this meme offensive? 1=yes, 0=no."
img/01796.png,1,1,1=hateful,"Analyze the meme and decide: 1=hateful, 0=not hateful."
img/01796.png,1,0,0,"Does this meme contain hate speech or offensive content? Answer 1=yes, 0=no."
img/01796.png,1,0,0,"Evaluate the meme’s image and text together. Is it hateful? Output only 1 for hateful, 0 for not."
img/01796.png,1,0,0,"Look at both the image and the caption. If the meme expresses hate or stereotypes, reply 1. Otherwise reply 0."
img/01796.png,1,0,0,"Does the meme promote hate, discrimination, or offensive stereotypes? Respond with 1 if yes, 0 if no."
img/01796.png,1,0,0,Is the meme offensive or hateful when considering both modalities? Return only 1 or 0.
img/01796.png,1,1,1,"Classify this meme: 1 = hateful or offensive, 0 = not hateful. Output only the digit."
img/01796.png,1,0,0,"Does the meme contain harmful or derogatory content? Answer with a single digit: 1 for yes, 0 for no."
img/53046.png,1,1,This meme is not hateful.,"Is this meme hateful? Answer 1 for hateful, 0 for not hateful."
img/53046.png,1,0,0,"Considering both the image and the text, is this meme offensive? 1=yes, 0=no."
img/53046.png,1,1,1,"Analyze the meme and decide: 1=hateful, 0=not hateful."
img/53046.png,1,0,No.,"Does this meme contain hate speech or offensive content? Answer 1=yes, 0=no."
img/53046.png,1,0,0,"Evaluate the meme’s image and text together. Is it hateful? Output only 1 for hateful, 0 for not."
img/53046.png,1,0,0,"Look at both the image and the caption. If the meme expresses hate or stereotypes, reply 1. Otherwise reply 0."
img/53046.png,1,0,0,"Does the meme promote hate, discrimination, or offensive stereotypes? Respond with 1 if yes, 0 if no."
img/53046.png,1,0,0,Is the meme offensive or hateful when considering both modalities? Return only 1 or 0.
img/53046.png,1,1,1,"Classify this meme: 1 = hateful or offensive, 0 = not hateful. Output only the digit."
img/53046.png,1,0,0,"Does the meme contain harmful or derogatory content? Answer with a single digit: 1 for yes, 0 for no."
img/82301.png,1,0,0,"Is this meme hateful? Answer 1 for hateful, 0 for not hateful."
img/82301.png,1,0,0,"Considering both the image and the text, is this meme offensive? 1=yes, 0=no."
img/82301.png,1,1,1=hateful,"Analyze the meme and decide: 1=hateful, 0=not hateful."
img/82301.png,1,0,0=no,"Does this meme contain hate speech or offensive content? Answer 1=yes, 0=no."
img/82301.png,1,0,0,"Evaluate the meme’s image and text together. Is it hateful? Output only 1 for hateful, 0 for not."
img/82301.png,1,0,0,"Look at both the image and the caption. If the meme expresses hate or stereotypes, reply 1. Otherwise reply 0."
img/82301.png,1,0,0,"Does the meme promote hate, discrimination, or offensive stereotypes? Respond with 1 if yes, 0 if no."
img/82301.png,1,0,0,Is the meme offensive or hateful when considering both modalities? Return only 1 or 0.
img/82301.png,1,1,1,"Classify this meme: 1 = hateful or offensive, 0 = not hateful. Output only the digit."
img/82301.png,1,0,0,"Does the meme contain harmful or derogatory content? Answer with a single digit: 1 for yes, 0 for no."
img/31752.png,1,1,1,"Is this meme hateful? Answer 1 for hateful, 0 for not hateful."
img/31752.png,1,1,1=yes,"Considering both the image and the text, is this meme offensive? 1=yes, 0=no."
img/31752.png,1,1,0=not hateful,"Analyze the meme and decide: 1=hateful, 0=not hateful."
img/31752.png,1,0,0,"Does this meme contain hate speech or offensive content? Answer 1=yes, 0=no."
img/31752.png,1,0,0,"Evaluate the meme’s image and text together. Is it hateful? Output only 1 for hateful, 0 for not."
img/31752.png,1,0,0,"Look at both the image and the caption. If the meme expresses hate or stereotypes, reply 1. Otherwise reply 0."
img/31752.png,1,0,0,"Does the meme promote hate, discrimination, or offensive stereotypes? Respond with 1 if yes, 0 if no."
img/31752.png,1,0,0,Is the meme offensive or hateful when considering both modalities? Return only 1 or 0.
img/31752.png,1,1,1,"Classify this meme: 1 = hateful or offensive, 0 = not hateful. Output only the digit."
img/31752.png,1,1,1,"Does the meme contain harmful or derogatory content? Answer with a single digit: 1 for yes, 0 for no."
img/27635.png,1,0,0,"Is this meme hateful? Answer 1 for hateful, 0 for not hateful."
img/27635.png,1,1,1,"Considering both the image and the text, is this meme offensive? 1=yes, 0=no."
img/27635.png,1,1,1,"Analyze the meme and decide: 1=hateful, 0=not hateful."
img/27635.png,1,0,0,"Does this meme contain hate speech or offensive content? Answer 1=yes, 0=no."
img/27635.png,1,0,0,"Evaluate the meme’s image and text together. Is it hateful? Output only 1 for hateful, 0 for not."
img/27635.png,1,1,1,"Look at both the image and the caption. If the meme expresses hate or stereotypes, reply 1. Otherwise reply 0."
img/27635.png,1,0,0,"Does the meme promote hate, discrimination, or offensive stereotypes? Respond with 1 if yes, 0 if no."
img/27635.png,1,1,1,Is the meme offensive or hateful when considering both modalities? Return only 1 or 0.
img/27635.png,1,1,1,"Classify this meme: 1 = hateful or offensive, 0 = not hateful. Output only the digit."
img/27635.png,1,1,1,"Does the meme contain harmful or derogatory content? Answer with a single digit: 1 for yes, 0 for no."
img/80597.png,1,1,1,"Is this meme hateful? Answer 1 for hateful, 0 for not hateful."
img/80597.png,1,1,1,"Considering both the image and the text, is this meme offensive? 1=yes, 0=no."
img/80597.png,1,1,1=hateful,"Analyze the meme and decide: 1=hateful, 0=not hateful."
img/80597.png,1,1,"Yes, the meme contains offensive content with the use of profanity and reference to sexual activity with goats.","Does this meme contain hate speech or offensive content? Answer 1=yes, 0=no."
img/80597.png,1,1,1,"Evaluate the meme’s image and text together. Is it hateful? Output only 1 for hateful, 0 for not."
img/80597.png,1,0,0,"Look at both the image and the caption. If the meme expresses hate or stereotypes, reply 1. Otherwise reply 0."
img/80597.png,1,1,1,"Does the meme promote hate, discrimination, or offensive stereotypes? Respond with 1 if yes, 0 if no."
img/80597.png,1,1,1,Is the meme offensive or hateful when considering both modalities? Return only 1 or 0.
img/80597.png,1,1,1,"Classify this meme: 1 = hateful or offensive, 0 = not hateful. Output only the digit."
img/80597.png,1,1,1,"Does the meme contain harmful or derogatory content? Answer with a single digit: 1 for yes, 0 for no."
img/45368.png,1,1,1,"Is this meme hateful? Answer 1 for hateful, 0 for not hateful."
img/45368.png,1,1,1,"Considering both the image and the text, is this meme offensive? 1=yes, 0=no."
img/45368.png,1,1,1=hateful,"Analyze the meme and decide: 1=hateful, 0=not hateful."
img/45368.png,1,0,No.,"Does this meme contain hate speech or offensive content? Answer 1=yes, 0=no."
img/45368.png,1,0,0,"Evaluate the meme’s image and text together. Is it hateful? Output only 1 for hateful, 0 for not."
img/45368.png,1,0,0,"Look at both the image and the caption. If the meme expresses hate or stereotypes, reply 1. Otherwise reply 0."
img/45368.png,1,0,0,"Does the meme promote hate, discrimination, or offensive stereotypes? Respond with 1 if yes, 0 if no."
img/45368.png,1,1,1,Is the meme offensive or hateful when considering both modalities? Return only 1 or 0.
img/45368.png,1,1,1,"Classify this meme: 1 = hateful or offensive, 0 = not hateful. Output only the digit."
img/45368.png,1,1,1,"Does the meme contain harmful or derogatory content? Answer with a single digit: 1 for yes, 0 for no."
img/17963.png,1,1,This meme is not hateful.,"Is this meme hateful? Answer 1 for hateful, 0 for not hateful."
img/17963.png,1,1,1,"Considering both the image and the text, is this meme offensive? 1=yes, 0=no."
img/17963.png,1,1,1,"Analyze the meme and decide: 1=hateful, 0=not hateful."
img/17963.png,1,0,No,"Does this meme contain hate speech or offensive content? Answer 1=yes, 0=no."
img/17963.png,1,0,0,"Evaluate the meme’s image and text together. Is it hateful? Output only 1 for hateful, 0 for not."
img/17963.png,1,0,0,"Look at both the image and the caption. If the meme expresses hate or stereotypes, reply 1. Otherwise reply 0."
img/17963.png,1,0,0,"Does the meme promote hate, discrimination, or offensive stereotypes? Respond with 1 if yes, 0 if no."
img/17963.png,1,1,1,Is the meme offensive or hateful when considering both modalities? Return only 1 or 0.
img/17963.png,1,1,1,"Classify this meme: 1 = hateful or offensive, 0 = not hateful. Output only the digit."
img/17963.png,1,1,1,"Does the meme contain harmful or derogatory content? Answer with a single digit: 1 for yes, 0 for no."
img/53968.png,1,0,0,"Is this meme hateful? Answer 1 for hateful, 0 for not hateful."
img/53968.png,1,0,0,"Considering both the image and the text, is this meme offensive? 1=yes, 0=no."
img/53968.png,1,1,1=hateful,"Analyze the meme and decide: 1=hateful, 0=not hateful."
img/53968.png,1,0,No.,"Does this meme contain hate speech or offensive content? Answer 1=yes, 0=no."
img/53968.png,1,0,0,"Evaluate the meme’s image and text together. Is it hateful? Output only 1 for hateful, 0 for not."
img/53968.png,1,0,0,"Look at both the image and the caption. If the meme expresses hate or stereotypes, reply 1. Otherwise reply 0."
img/53968.png,1,0,0,"Does the meme promote hate, discrimination, or offensive stereotypes? Respond with 1 if yes, 0 if no."
img/53968.png,1,0,0,Is the meme offensive or hateful when considering both modalities? Return only 1 or 0.
img/53968.png,1,1,1,"Classify this meme: 1 = hateful or offensive, 0 = not hateful. Output only the digit."
img/53968.png,1,0,0,"Does the meme contain harmful or derogatory content? Answer with a single digit: 1 for yes, 0 for no."
img/10749.png,1,0,0,"Is this meme hateful? Answer 1 for hateful, 0 for not hateful."
img/10749.png,1,1,1,"Considering both the image and the text, is this meme offensive? 1=yes, 0=no."
img/10749.png,1,1,1=hateful,"Analyze the meme and decide: 1=hateful, 0=not hateful."
img/10749.png,1,0,0,"Does this meme contain hate speech or offensive content? Answer 1=yes, 0=no."
img/10749.png,1,0,0,"Evaluate the meme’s image and text together. Is it hateful? Output only 1 for hateful, 0 for not."
img/10749.png,1,0,0,"Look at both the image and the caption. If the meme expresses hate or stereotypes, reply 1. Otherwise reply 0."
img/10749.png,1,0,0,"Does the meme promote hate, discrimination, or offensive stereotypes? Respond with 1 if yes, 0 if no."
img/10749.png,1,1,1,Is the meme offensive or hateful when considering both modalities? Return only 1 or 0.
img/10749.png,1,1,1,"Classify this meme: 1 = hateful or offensive, 0 = not hateful. Output only the digit."
img/10749.png,1,1,1,"Does the meme contain harmful or derogatory content? Answer with a single digit: 1 for yes, 0 for no."
img/25149.png,1,1,1,"Is this meme hateful? Answer 1 for hateful, 0 for not hateful."
img/25149.png,1,1,1,"Considering both the image and the text, is this meme offensive? 1=yes, 0=no."
img/25149.png,1,1,1=hateful,"Analyze the meme and decide: 1=hateful, 0=not hateful."
img/25149.png,1,1,1,"Does this meme contain hate speech or offensive content? Answer 1=yes, 0=no."
img/25149.png,1,0,0,"Evaluate the meme’s image and text together. Is it hateful? Output only 1 for hateful, 0 for not."
img/25149.png,1,0,0,"Look at both the image and the caption. If the meme expresses hate or stereotypes, reply 1. Otherwise reply 0."
img/25149.png,1,0,0,"Does the meme promote hate, discrimination, or offensive stereotypes? Respond with 1 if yes, 0 if no."
img/25149.png,1,1,1,Is the meme offensive or hateful when considering both modalities? Return only 1 or 0.
img/25149.png,1,1,1,"Classify this meme: 1 = hateful or offensive, 0 = not hateful. Output only the digit."
img/25149.png,1,1,1,"Does the meme contain harmful or derogatory content? Answer with a single digit: 1 for yes, 0 for no."
img/87520.png,1,1,1,"Is this meme hateful? Answer 1 for hateful, 0 for not hateful."
img/87520.png,1,1,"1=yes,","Considering both the image and the text, is this meme offensive? 1=yes, 0=no."
img/87520.png,1,1,1=hateful,"Analyze the meme and decide: 1=hateful, 0=not hateful."
img/87520.png,1,1,Yes.,"Does this meme contain hate speech or offensive content? Answer 1=yes, 0=no."
img/87520.png,1,0,0,"Evaluate the meme’s image and text together. Is it hateful? Output only 1 for hateful, 0 for not."
img/87520.png,1,0,0,"Look at both the image and the caption. If the meme expresses hate or stereotypes, reply 1. Otherwise reply 0."
img/87520.png,1,0,0,"Does the meme promote hate, discrimination, or offensive stereotypes? Respond with 1 if yes, 0 if no."
img/87520.png,1,1,1,Is the meme offensive or hateful when considering both modalities? Return only 1 or 0.
img/87520.png,1,1,1,"Classify this meme: 1 = hateful or offensive, 0 = not hateful. Output only the digit."
img/87520.png,1,1,1,"Does the meme contain harmful or derogatory content? Answer with a single digit: 1 for yes, 0 for no."
img/89071.png,1,1,1,"Is this meme hateful? Answer 1 for hateful, 0 for not hateful."
img/89071.png,1,1,1,"Considering both the image and the text, is this meme offensive? 1=yes, 0=no."
img/89071.png,1,1,1=hateful,"Analyze the meme and decide: 1=hateful, 0=not hateful."
img/89071.png,1,1,Yes.,"Does this meme contain hate speech or offensive content? Answer 1=yes, 0=no."
img/89071.png,1,1,1,"Evaluate the meme’s image and text together. Is it hateful? Output only 1 for hateful, 0 for not."
img/89071.png,1,1,1,"Look at both the image and the caption. If the meme expresses hate or stereotypes, reply 1. Otherwise reply 0."
img/89071.png,1,1,1,"Does the meme promote hate, discrimination, or offensive stereotypes? Respond with 1 if yes, 0 if no."
img/89071.png,1,1,1,Is the meme offensive or hateful when considering both modalities? Return only 1 or 0.
img/89071.png,1,1,1,"Classify this meme: 1 = hateful or offensive, 0 = not hateful. Output only the digit."
img/89071.png,1,1,1,"Does the meme contain harmful or derogatory content? Answer with a single digit: 1 for yes, 0 for no."
img/09563.png,1,1,1,"Is this meme hateful? Answer 1 for hateful, 0 for not hateful."
img/09563.png,1,1,1,"Considering both the image and the text, is this meme offensive? 1=yes, 0=no."
img/09563.png,1,1,1=hateful,"Analyze the meme and decide: 1=hateful, 0=not hateful."
img/09563.png,1,0,0,"Does this meme contain hate speech or offensive content? Answer 1=yes, 0=no."
img/09563.png,1,0,0,"Evaluate the meme’s image and text together. Is it hateful? Output only 1 for hateful, 0 for not."
img/09563.png,1,0,0,"Look at both the image and the caption. If the meme expresses hate or stereotypes, reply 1. Otherwise reply 0."
img/09563.png,1,0,0,"Does the meme promote hate, discrimination, or offensive stereotypes? Respond with 1 if yes, 0 if no."
img/09563.png,1,1,1,Is the meme offensive or hateful when considering both modalities? Return only 1 or 0.
img/09563.png,1,1,1,"Classify this meme: 1 = hateful or offensive, 0 = not hateful. Output only the digit."
img/09563.png,1,1,1,"Does the meme contain harmful or derogatory content? Answer with a single digit: 1 for yes, 0 for no."
img/72048.png,1,0,0,"Is this meme hateful? Answer 1 for hateful, 0 for not hateful."
img/72048.png,1,0,0,"Considering both the image and the text, is this meme offensive? 1=yes, 0=no."
img/72048.png,1,1,1=hateful,"Analyze the meme and decide: 1=hateful, 0=not hateful."
img/72048.png,1,0,0,"Does this meme contain hate speech or offensive content? Answer 1=yes, 0=no."
img/72048.png,1,0,0,"Evaluate the meme’s image and text together. Is it hateful? Output only 1 for hateful, 0 for not."
img/72048.png,1,0,0,"Look at both the image and the caption. If the meme expresses hate or stereotypes, reply 1. Otherwise reply 0."
img/72048.png,1,0,0,"Does the meme promote hate, discrimination, or offensive stereotypes? Respond with 1 if yes, 0 if no."
img/72048.png,1,0,0,Is the meme offensive or hateful when considering both modalities? Return only 1 or 0.
img/72048.png,1,1,1,"Classify this meme: 1 = hateful or offensive, 0 = not hateful. Output only the digit."
img/72048.png,1,0,0,"Does the meme contain harmful or derogatory content? Answer with a single digit: 1 for yes, 0 for no."
img/49826.png,1,1,This meme is not hateful.,"Is this meme hateful? Answer 1 for hateful, 0 for not hateful."
img/49826.png,1,0,0=no.,"Considering both the image and the text, is this meme offensive? 1=yes, 0=no."
img/49826.png,1,1,1=hateful,"Analyze the meme and decide: 1=hateful, 0=not hateful."
img/49826.png,1,0,No.,"Does this meme contain hate speech or offensive content? Answer 1=yes, 0=no."
img/49826.png,1,0,0,"Evaluate the meme’s image and text together. Is it hateful? Output only 1 for hateful, 0 for not."
img/49826.png,1,0,0,"Look at both the image and the caption. If the meme expresses hate or stereotypes, reply 1. Otherwise reply 0."
img/49826.png,1,0,0,"Does the meme promote hate, discrimination, or offensive stereotypes? Respond with 1 if yes, 0 if no."
img/49826.png,1,1,The meme is offensive when considering both modalities.,Is the meme offensive or hateful when considering both modalities? Return only 1 or 0.
img/49826.png,1,1,1,"Classify this meme: 1 = hateful or offensive, 0 = not hateful. Output only the digit."
img/49826.png,1,1,1,"Does the meme contain harmful or derogatory content? Answer with a single digit: 1 for yes, 0 for no."
img/26453.png,1,0,0,"Is this meme hateful? Answer 1 for hateful, 0 for not hateful."
img/26453.png,1,1,1,"Considering both the image and the text, is this meme offensive? 1=yes, 0=no."
img/26453.png,1,1,1=hateful,"Analyze the meme and decide: 1=hateful, 0=not hateful."
img/26453.png,1,0,No,"Does this meme contain hate speech or offensive content? Answer 1=yes, 0=no."
img/26453.png,1,0,0,"Evaluate the meme’s image and text together. Is it hateful? Output only 1 for hateful, 0 for not."
img/26453.png,1,0,0,"Look at both the image and the caption. If the meme expresses hate or stereotypes, reply 1. Otherwise reply 0."
img/26453.png,1,0,0,"Does the meme promote hate, discrimination, or offensive stereotypes? Respond with 1 if yes, 0 if no."
img/26453.png,1,1,1,Is the meme offensive or hateful when considering both modalities? Return only 1 or 0.
img/26453.png,1,1,1,"Classify this meme: 1 = hateful or offensive, 0 = not hateful. Output only the digit."
img/26453.png,1,1,1,"Does the meme contain harmful or derogatory content? Answer with a single digit: 1 for yes, 0 for no."
img/12650.png,1,1,This meme is not hateful.,"Is this meme hateful? Answer 1 for hateful, 0 for not hateful."
img/12650.png,1,1,This meme is offensive.,"Considering both the image and the text, is this meme offensive? 1=yes, 0=no."
img/12650.png,1,1,0=not hateful,"Analyze the meme and decide: 1=hateful, 0=not hateful."
img/12650.png,1,0,0=no,"Does this meme contain hate speech or offensive content? Answer 1=yes, 0=no."
img/12650.png,1,0,0,"Evaluate the meme’s image and text together. Is it hateful? Output only 1 for hateful, 0 for not."
img/12650.png,1,0,0,"Look at both the image and the caption. If the meme expresses hate or stereotypes, reply 1. Otherwise reply 0."
img/12650.png,1,1,1,"Does the meme promote hate, discrimination, or offensive stereotypes? Respond with 1 if yes, 0 if no."
img/12650.png,1,1,"The meme is offensive and hateful when considering both modalities. It uses transphobic language and imagery to make a derogatory comment about two individuals, Caitlyn Jenner and Sophia Hutchins, based on their gender identity. The use of the term",Is the meme offensive or hateful when considering both modalities? Return only 1 or 0.
img/12650.png,1,1,1,"Classify this meme: 1 = hateful or offensive, 0 = not hateful. Output only the digit."
img/12650.png,1,1,1,"Does the meme contain harmful or derogatory content? Answer with a single digit: 1 for yes, 0 for no."
img/02568.png,1,1,This meme is not hateful.,"Is this meme hateful? Answer 1 for hateful, 0 for not hateful."
img/02568.png,1,1,1,"Considering both the image and the text, is this meme offensive? 1=yes, 0=no."
img/02568.png,1,1,1=hateful,"Analyze the meme and decide: 1=hateful, 0=not hateful."
img/02568.png,1,0,No,"Does this meme contain hate speech or offensive content? Answer 1=yes, 0=no."
img/02568.png,1,0,0,"Evaluate the meme’s image and text together. Is it hateful? Output only 1 for hateful, 0 for not."
img/02568.png,1,1,1,"Look at both the image and the caption. If the meme expresses hate or stereotypes, reply 1. Otherwise reply 0."
img/02568.png,1,0,0,"Does the meme promote hate, discrimination, or offensive stereotypes? Respond with 1 if yes, 0 if no."
img/02568.png,1,1,1,Is the meme offensive or hateful when considering both modalities? Return only 1 or 0.
img/02568.png,1,1,1,"Classify this meme: 1 = hateful or offensive, 0 = not hateful. Output only the digit."
img/02568.png,1,1,1,"Does the meme contain harmful or derogatory content? Answer with a single digit: 1 for yes, 0 for no."
img/83954.png,1,1,This meme is not hateful.,"Is this meme hateful? Answer 1 for hateful, 0 for not hateful."
img/83954.png,1,0,0,"Considering both the image and the text, is this meme offensive? 1=yes, 0=no."
img/83954.png,1,1,1=hateful,"Analyze the meme and decide: 1=hateful, 0=not hateful."
img/83954.png,1,1,This meme contains offensive content and hate speech.,"Does this meme contain hate speech or offensive content? Answer 1=yes, 0=no."
img/83954.png,1,0,0,"Evaluate the meme’s image and text together. Is it hateful? Output only 1 for hateful, 0 for not."
img/83954.png,1,0,0,"Look at both the image and the caption. If the meme expresses hate or stereotypes, reply 1. Otherwise reply 0."
img/83954.png,1,0,0,"Does the meme promote hate, discrimination, or offensive stereotypes? Respond with 1 if yes, 0 if no."
img/83954.png,1,0,0,Is the meme offensive or hateful when considering both modalities? Return only 1 or 0.
img/83954.png,1,1,1,"Classify this meme: 1 = hateful or offensive, 0 = not hateful. Output only the digit."
img/83954.png,1,0,0,"Does the meme contain harmful or derogatory content? Answer with a single digit: 1 for yes, 0 for no."
img/24316.png,1,0,0,"Is this meme hateful? Answer 1 for hateful, 0 for not hateful."
img/24316.png,1,1,1,"Considering both the image and the text, is this meme offensive? 1=yes, 0=no."
img/24316.png,1,1,1=hateful,"Analyze the meme and decide: 1=hateful, 0=not hateful."
img/24316.png,1,0,0,"Does this meme contain hate speech or offensive content? Answer 1=yes, 0=no."
img/24316.png,1,0,0,"Evaluate the meme’s image and text together. Is it hateful? Output only 1 for hateful, 0 for not."
img/24316.png,1,0,0,"Look at both the image and the caption. If the meme expresses hate or stereotypes, reply 1. Otherwise reply 0."
img/24316.png,1,0,0,"Does the meme promote hate, discrimination, or offensive stereotypes? Respond with 1 if yes, 0 if no."
img/24316.png,1,1,1,Is the meme offensive or hateful when considering both modalities? Return only 1 or 0.
img/24316.png,1,1,1,"Classify this meme: 1 = hateful or offensive, 0 = not hateful. Output only the digit."
img/24316.png,1,1,1,"Does the meme contain harmful or derogatory content? Answer with a single digit: 1 for yes, 0 for no."
img/62035.png,1,0,0,"Is this meme hateful? Answer 1 for hateful, 0 for not hateful."
img/62035.png,1,1,1,"Considering both the image and the text, is this meme offensive? 1=yes, 0=no."
img/62035.png,1,1,1=hateful,"Analyze the meme and decide: 1=hateful, 0=not hateful."
img/62035.png,1,0,0,"Does this meme contain hate speech or offensive content? Answer 1=yes, 0=no."
img/62035.png,1,0,0,"Evaluate the meme’s image and text together. Is it hateful? Output only 1 for hateful, 0 for not."
img/62035.png,1,0,0,"Look at both the image and the caption. If the meme expresses hate or stereotypes, reply 1. Otherwise reply 0."
img/62035.png,1,0,0,"Does the meme promote hate, discrimination, or offensive stereotypes? Respond with 1 if yes, 0 if no."
img/62035.png,1,1,1,Is the meme offensive or hateful when considering both modalities? Return only 1 or 0.
img/62035.png,1,1,1,"Classify this meme: 1 = hateful or offensive, 0 = not hateful. Output only the digit."
img/62035.png,1,1,1,"Does the meme contain harmful or derogatory content? Answer with a single digit: 1 for yes, 0 for no."
img/65342.png,1,1,This meme is not hateful.,"Is this meme hateful? Answer 1 for hateful, 0 for not hateful."
img/65342.png,1,1,"This meme is offensive as it combines images of a military aircraft and a religious gathering, and uses language that is disrespectful and insensitive. The text ""grab your pitchfork and meet at the barn"" is a play on words that implies a violent and","Considering both the image and the text, is this meme offensive? 1=yes, 0=no."
img/65342.png,1,1,1=hateful,"Analyze the meme and decide: 1=hateful, 0=not hateful."
img/65342.png,1,0,No.,"Does this meme contain hate speech or offensive content? Answer 1=yes, 0=no."
img/65342.png,1,0,0,"Evaluate the meme’s image and text together. Is it hateful? Output only 1 for hateful, 0 for not."
img/65342.png,1,0,0,"Look at both the image and the caption. If the meme expresses hate or stereotypes, reply 1. Otherwise reply 0."
img/65342.png,1,0,0,"Does the meme promote hate, discrimination, or offensive stereotypes? Respond with 1 if yes, 0 if no."
img/65342.png,1,1,1,Is the meme offensive or hateful when considering both modalities? Return only 1 or 0.
img/65342.png,1,1,1,"Classify this meme: 1 = hateful or offensive, 0 = not hateful. Output only the digit."
img/65342.png,1,0,0,"Does the meme contain harmful or derogatory content? Answer with a single digit: 1 for yes, 0 for no."
img/92058.png,1,0,0,"Is this meme hateful? Answer 1 for hateful, 0 for not hateful."
img/92058.png,1,0,0,"Considering both the image and the text, is this meme offensive? 1=yes, 0=no."
img/92058.png,1,1,1,"Analyze the meme and decide: 1=hateful, 0=not hateful."
img/92058.png,1,0,0,"Does this meme contain hate speech or offensive content? Answer 1=yes, 0=no."
img/92058.png,1,0,0,"Evaluate the meme’s image and text together. Is it hateful? Output only 1 for hateful, 0 for not."
img/92058.png,1,0,0,"Look at both the image and the caption. If the meme expresses hate or stereotypes, reply 1. Otherwise reply 0."
img/92058.png,1,0,0,"Does the meme promote hate, discrimination, or offensive stereotypes? Respond with 1 if yes, 0 if no."
img/92058.png,1,0,0,Is the meme offensive or hateful when considering both modalities? Return only 1 or 0.
img/92058.png,1,1,1,"Classify this meme: 1 = hateful or offensive, 0 = not hateful. Output only the digit."
img/92058.png,1,1,1,"Does the meme contain harmful or derogatory content? Answer with a single digit: 1 for yes, 0 for no."
img/58672.png,1,1,1,"Is this meme hateful? Answer 1 for hateful, 0 for not hateful."
img/58672.png,1,1,1,"Considering both the image and the text, is this meme offensive? 1=yes, 0=no."
img/58672.png,1,1,1=hateful,"Analyze the meme and decide: 1=hateful, 0=not hateful."
img/58672.png,1,1,Yes,"Does this meme contain hate speech or offensive content? Answer 1=yes, 0=no."
img/58672.png,1,1,1,"Evaluate the meme’s image and text together. Is it hateful? Output only 1 for hateful, 0 for not."
img/58672.png,1,1,1,"Look at both the image and the caption. If the meme expresses hate or stereotypes, reply 1. Otherwise reply 0."
img/58672.png,1,1,1,"Does the meme promote hate, discrimination, or offensive stereotypes? Respond with 1 if yes, 0 if no."
img/58672.png,1,1,1,Is the meme offensive or hateful when considering both modalities? Return only 1 or 0.
img/58672.png,1,1,1,"Classify this meme: 1 = hateful or offensive, 0 = not hateful. Output only the digit."
img/58672.png,1,1,1,"Does the meme contain harmful or derogatory content? Answer with a single digit: 1 for yes, 0 for no."
img/54069.png,1,1,1,"Is this meme hateful? Answer 1 for hateful, 0 for not hateful."
img/54069.png,1,1,1,"Considering both the image and the text, is this meme offensive? 1=yes, 0=no."
img/54069.png,1,1,1,"Analyze the meme and decide: 1=hateful, 0=not hateful."
img/54069.png,1,0,No,"Does this meme contain hate speech or offensive content? Answer 1=yes, 0=no."
img/54069.png,1,0,0,"Evaluate the meme’s image and text together. Is it hateful? Output only 1 for hateful, 0 for not."
img/54069.png,1,0,0,"Look at both the image and the caption. If the meme expresses hate or stereotypes, reply 1. Otherwise reply 0."
img/54069.png,1,0,0,"Does the meme promote hate, discrimination, or offensive stereotypes? Respond with 1 if yes, 0 if no."
img/54069.png,1,1,"The meme is offensive and hateful when considering both modalities. It uses a photo of concentration camp prisoners to make a joke about running out of gas, which is disrespectful and insensitive to the victims of genocide. The use of the phrase ""full gas",Is the meme offensive or hateful when considering both modalities? Return only 1 or 0.
img/54069.png,1,1,1,"Classify this meme: 1 = hateful or offensive, 0 = not hateful. Output only the digit."
img/54069.png,1,1,1,"Does the meme contain harmful or derogatory content? Answer with a single digit: 1 for yes, 0 for no."
img/91586.png,1,0,0,"Is this meme hateful? Answer 1 for hateful, 0 for not hateful."
img/91586.png,1,0,0,"Considering both the image and the text, is this meme offensive? 1=yes, 0=no."
img/91586.png,1,1,1=hateful,"Analyze the meme and decide: 1=hateful, 0=not hateful."
img/91586.png,1,0,0,"Does this meme contain hate speech or offensive content? Answer 1=yes, 0=no."
img/91586.png,1,0,0,"Evaluate the meme’s image and text together. Is it hateful? Output only 1 for hateful, 0 for not."
img/91586.png,1,0,0,"Look at both the image and the caption. If the meme expresses hate or stereotypes, reply 1. Otherwise reply 0."
img/91586.png,1,0,0,"Does the meme promote hate, discrimination, or offensive stereotypes? Respond with 1 if yes, 0 if no."
img/91586.png,1,0,0,Is the meme offensive or hateful when considering both modalities? Return only 1 or 0.
img/91586.png,1,1,1,"Classify this meme: 1 = hateful or offensive, 0 = not hateful. Output only the digit."
img/91586.png,1,0,0,"Does the meme contain harmful or derogatory content? Answer with a single digit: 1 for yes, 0 for no."
img/87130.png,1,0,0,"Is this meme hateful? Answer 1 for hateful, 0 for not hateful."
img/87130.png,1,0,0,"Considering both the image and the text, is this meme offensive? 1=yes, 0=no."
img/87130.png,1,1,1,"Analyze the meme and decide: 1=hateful, 0=not hateful."
img/87130.png,1,0,0,"Does this meme contain hate speech or offensive content? Answer 1=yes, 0=no."
img/87130.png,1,0,0,"Evaluate the meme’s image and text together. Is it hateful? Output only 1 for hateful, 0 for not."
img/87130.png,1,0,0,"Look at both the image and the caption. If the meme expresses hate or stereotypes, reply 1. Otherwise reply 0."
img/87130.png,1,0,0,"Does the meme promote hate, discrimination, or offensive stereotypes? Respond with 1 if yes, 0 if no."
img/87130.png,1,1,1,Is the meme offensive or hateful when considering both modalities? Return only 1 or 0.
img/87130.png,1,1,1,"Classify this meme: 1 = hateful or offensive, 0 = not hateful. Output only the digit."
img/87130.png,1,0,0,"Does the meme contain harmful or derogatory content? Answer with a single digit: 1 for yes, 0 for no."
img/95640.png,1,1,This meme is not hateful.,"Is this meme hateful? Answer 1 for hateful, 0 for not hateful."
img/95640.png,1,0,0=no,"Considering both the image and the text, is this meme offensive? 1=yes, 0=no."
img/95640.png,1,1,1,"Analyze the meme and decide: 1=hateful, 0=not hateful."
img/95640.png,1,0,No,"Does this meme contain hate speech or offensive content? Answer 1=yes, 0=no."
img/95640.png,1,0,0,"Evaluate the meme’s image and text together. Is it hateful? Output only 1 for hateful, 0 for not."
img/95640.png,1,0,0,"Look at both the image and the caption. If the meme expresses hate or stereotypes, reply 1. Otherwise reply 0."
img/95640.png,1,0,0,"Does the meme promote hate, discrimination, or offensive stereotypes? Respond with 1 if yes, 0 if no."
img/95640.png,1,0,0,Is the meme offensive or hateful when considering both modalities? Return only 1 or 0.
img/95640.png,1,1,1,"Classify this meme: 1 = hateful or offensive, 0 = not hateful. Output only the digit."
img/95640.png,1,1,1,"Does the meme contain harmful or derogatory content? Answer with a single digit: 1 for yes, 0 for no."
img/47819.png,1,0,0,"Is this meme hateful? Answer 1 for hateful, 0 for not hateful."
img/47819.png,1,0,0,"Considering both the image and the text, is this meme offensive? 1=yes, 0=no."
img/47819.png,1,1,1,"Analyze the meme and decide: 1=hateful, 0=not hateful."
img/47819.png,1,0,0,"Does this meme contain hate speech or offensive content? Answer 1=yes, 0=no."
img/47819.png,1,0,0,"Evaluate the meme’s image and text together. Is it hateful? Output only 1 for hateful, 0 for not."
img/47819.png,1,0,0,"Look at both the image and the caption. If the meme expresses hate or stereotypes, reply 1. Otherwise reply 0."
img/47819.png,1,0,0,"Does the meme promote hate, discrimination, or offensive stereotypes? Respond with 1 if yes, 0 if no."
img/47819.png,1,0,0,Is the meme offensive or hateful when considering both modalities? Return only 1 or 0.
img/47819.png,1,1,1,"Classify this meme: 1 = hateful or offensive, 0 = not hateful. Output only the digit."
img/47819.png,1,0,0,"Does the meme contain harmful or derogatory content? Answer with a single digit: 1 for yes, 0 for no."
img/59140.png,1,0,0,"Is this meme hateful? Answer 1 for hateful, 0 for not hateful."
img/59140.png,1,1,1,"Considering both the image and the text, is this meme offensive? 1=yes, 0=no."
img/59140.png,1,1,1=hateful,"Analyze the meme and decide: 1=hateful, 0=not hateful."
img/59140.png,1,0,0,"Does this meme contain hate speech or offensive content? Answer 1=yes, 0=no."
img/59140.png,1,0,0,"Evaluate the meme’s image and text together. Is it hateful? Output only 1 for hateful, 0 for not."
img/59140.png,1,0,0,"Look at both the image and the caption. If the meme expresses hate or stereotypes, reply 1. Otherwise reply 0."
img/59140.png,1,0,0,"Does the meme promote hate, discrimination, or offensive stereotypes? Respond with 1 if yes, 0 if no."
img/59140.png,1,0,0,Is the meme offensive or hateful when considering both modalities? Return only 1 or 0.
img/59140.png,1,1,1,"Classify this meme: 1 = hateful or offensive, 0 = not hateful. Output only the digit."
img/59140.png,1,1,1,"Does the meme contain harmful or derogatory content? Answer with a single digit: 1 for yes, 0 for no."
img/13647.png,1,0,0,"Is this meme hateful? Answer 1 for hateful, 0 for not hateful."
img/13647.png,1,0,0,"Considering both the image and the text, is this meme offensive? 1=yes, 0=no."
img/13647.png,1,1,1=hateful,"Analyze the meme and decide: 1=hateful, 0=not hateful."
img/13647.png,1,0,0,"Does this meme contain hate speech or offensive content? Answer 1=yes, 0=no."
img/13647.png,1,0,0,"Evaluate the meme’s image and text together. Is it hateful? Output only 1 for hateful, 0 for not."
img/13647.png,1,0,0,"Look at both the image and the caption. If the meme expresses hate or stereotypes, reply 1. Otherwise reply 0."
img/13647.png,1,0,0,"Does the meme promote hate, discrimination, or offensive stereotypes? Respond with 1 if yes, 0 if no."
img/13647.png,1,1,1,Is the meme offensive or hateful when considering both modalities? Return only 1 or 0.
img/13647.png,1,1,1,"Classify this meme: 1 = hateful or offensive, 0 = not hateful. Output only the digit."
img/13647.png,1,1,1,"Does the meme contain harmful or derogatory content? Answer with a single digit: 1 for yes, 0 for no."
img/65832.png,1,1,This meme is not hateful.,"Is this meme hateful? Answer 1 for hateful, 0 for not hateful."
img/65832.png,1,0,0,"Considering both the image and the text, is this meme offensive? 1=yes, 0=no."
img/65832.png,1,0,0,"Analyze the meme and decide: 1=hateful, 0=not hateful."
img/65832.png,1,0,0,"Does this meme contain hate speech or offensive content? Answer 1=yes, 0=no."
img/65832.png,1,0,0,"Evaluate the meme’s image and text together. Is it hateful? Output only 1 for hateful, 0 for not."
img/65832.png,1,0,0,"Look at both the image and the caption. If the meme expresses hate or stereotypes, reply 1. Otherwise reply 0."
img/65832.png,1,0,0,"Does the meme promote hate, discrimination, or offensive stereotypes? Respond with 1 if yes, 0 if no."
img/65832.png,1,0,0,Is the meme offensive or hateful when considering both modalities? Return only 1 or 0.
img/65832.png,1,1,1,"Classify this meme: 1 = hateful or offensive, 0 = not hateful. Output only the digit."
img/65832.png,1,0,0,"Does the meme contain harmful or derogatory content? Answer with a single digit: 1 for yes, 0 for no."
img/57621.png,1,1,1,"Is this meme hateful? Answer 1 for hateful, 0 for not hateful."
img/57621.png,1,1,1,"Considering both the image and the text, is this meme offensive? 1=yes, 0=no."
img/57621.png,1,1,1,"Analyze the meme and decide: 1=hateful, 0=not hateful."
img/57621.png,1,1,1,"Does this meme contain hate speech or offensive content? Answer 1=yes, 0=no."
img/57621.png,1,1,1,"Evaluate the meme’s image and text together. Is it hateful? Output only 1 for hateful, 0 for not."
img/57621.png,1,0,0,"Look at both the image and the caption. If the meme expresses hate or stereotypes, reply 1. Otherwise reply 0."
img/57621.png,1,0,0,"Does the meme promote hate, discrimination, or offensive stereotypes? Respond with 1 if yes, 0 if no."
img/57621.png,1,1,1,Is the meme offensive or hateful when considering both modalities? Return only 1 or 0.
img/57621.png,1,1,1,"Classify this meme: 1 = hateful or offensive, 0 = not hateful. Output only the digit."
img/57621.png,1,1,1,"Does the meme contain harmful or derogatory content? Answer with a single digit: 1 for yes, 0 for no."
img/40982.png,1,0,0,"Is this meme hateful? Answer 1 for hateful, 0 for not hateful."
img/40982.png,1,0,0,"Considering both the image and the text, is this meme offensive? 1=yes, 0=no."
img/40982.png,1,0,0,"Analyze the meme and decide: 1=hateful, 0=not hateful."
img/40982.png,1,0,0,"Does this meme contain hate speech or offensive content? Answer 1=yes, 0=no."
img/40982.png,1,0,0,"Evaluate the meme’s image and text together. Is it hateful? Output only 1 for hateful, 0 for not."
img/40982.png,1,0,0,"Look at both the image and the caption. If the meme expresses hate or stereotypes, reply 1. Otherwise reply 0."
img/40982.png,1,0,0,"Does the meme promote hate, discrimination, or offensive stereotypes? Respond with 1 if yes, 0 if no."
img/40982.png,1,0,0,Is the meme offensive or hateful when considering both modalities? Return only 1 or 0.
img/40982.png,1,0,0,"Classify this meme: 1 = hateful or offensive, 0 = not hateful. Output only the digit."
img/40982.png,1,0,0,"Does the meme contain harmful or derogatory content? Answer with a single digit: 1 for yes, 0 for no."
img/43275.png,1,0,0,"Is this meme hateful? Answer 1 for hateful, 0 for not hateful."
img/43275.png,1,1,1,"Considering both the image and the text, is this meme offensive? 1=yes, 0=no."
img/43275.png,1,1,1=hateful,"Analyze the meme and decide: 1=hateful, 0=not hateful."
img/43275.png,1,0,0,"Does this meme contain hate speech or offensive content? Answer 1=yes, 0=no."
img/43275.png,1,0,0,"Evaluate the meme’s image and text together. Is it hateful? Output only 1 for hateful, 0 for not."
img/43275.png,1,0,0,"Look at both the image and the caption. If the meme expresses hate or stereotypes, reply 1. Otherwise reply 0."
img/43275.png,1,0,0,"Does the meme promote hate, discrimination, or offensive stereotypes? Respond with 1 if yes, 0 if no."
img/43275.png,1,1,1,Is the meme offensive or hateful when considering both modalities? Return only 1 or 0.
img/43275.png,1,1,1,"Classify this meme: 1 = hateful or offensive, 0 = not hateful. Output only the digit."
img/43275.png,1,1,1,"Does the meme contain harmful or derogatory content? Answer with a single digit: 1 for yes, 0 for no."
img/12973.png,1,1,This meme is not hateful.,"Is this meme hateful? Answer 1 for hateful, 0 for not hateful."
img/12973.png,1,0,0,"Considering both the image and the text, is this meme offensive? 1=yes, 0=no."
img/12973.png,1,1,1=hateful,"Analyze the meme and decide: 1=hateful, 0=not hateful."
img/12973.png,1,0,0,"Does this meme contain hate speech or offensive content? Answer 1=yes, 0=no."
img/12973.png,1,0,0,"Evaluate the meme’s image and text together. Is it hateful? Output only 1 for hateful, 0 for not."
img/12973.png,1,0,0,"Look at both the image and the caption. If the meme expresses hate or stereotypes, reply 1. Otherwise reply 0."
img/12973.png,1,0,0,"Does the meme promote hate, discrimination, or offensive stereotypes? Respond with 1 if yes, 0 if no."
img/12973.png,1,0,0,Is the meme offensive or hateful when considering both modalities? Return only 1 or 0.
img/12973.png,1,1,1,"Classify this meme: 1 = hateful or offensive, 0 = not hateful. Output only the digit."
img/12973.png,1,0,0,"Does the meme contain harmful or derogatory content? Answer with a single digit: 1 for yes, 0 for no."
img/74350.png,1,1,This meme is not hateful.,"Is this meme hateful? Answer 1 for hateful, 0 for not hateful."
img/74350.png,1,1,1,"Considering both the image and the text, is this meme offensive? 1=yes, 0=no."
img/74350.png,1,1,1=hateful,"Analyze the meme and decide: 1=hateful, 0=not hateful."
img/74350.png,1,1,Yes.,"Does this meme contain hate speech or offensive content? Answer 1=yes, 0=no."
img/74350.png,1,1,1,"Evaluate the meme’s image and text together. Is it hateful? Output only 1 for hateful, 0 for not."
img/74350.png,1,0,0,"Look at both the image and the caption. If the meme expresses hate or stereotypes, reply 1. Otherwise reply 0."
img/74350.png,1,1,1,"Does the meme promote hate, discrimination, or offensive stereotypes? Respond with 1 if yes, 0 if no."
img/74350.png,1,1,1,Is the meme offensive or hateful when considering both modalities? Return only 1 or 0.
img/74350.png,1,1,1,"Classify this meme: 1 = hateful or offensive, 0 = not hateful. Output only the digit."
img/74350.png,1,1,1,"Does the meme contain harmful or derogatory content? Answer with a single digit: 1 for yes, 0 for no."
img/02478.png,1,1,"This meme can be considered hateful because it uses offensive language and makes a violent suggestion. The use of the word ""whitey"" is considered racist and disrespectful. Additionally, the suggestion to ""kill"" someone is harmful and dangerous. Therefore, the","Is this meme hateful? Answer 1 for hateful, 0 for not hateful."
img/02478.png,1,1,1,"Considering both the image and the text, is this meme offensive? 1=yes, 0=no."
img/02478.png,1,1,1=hateful,"Analyze the meme and decide: 1=hateful, 0=not hateful."
img/02478.png,1,1,Yes.,"Does this meme contain hate speech or offensive content? Answer 1=yes, 0=no."
img/02478.png,1,0,0,"Evaluate the meme’s image and text together. Is it hateful? Output only 1 for hateful, 0 for not."
img/02478.png,1,0,0,"Look at both the image and the caption. If the meme expresses hate or stereotypes, reply 1. Otherwise reply 0."
img/02478.png,1,1,1,"Does the meme promote hate, discrimination, or offensive stereotypes? Respond with 1 if yes, 0 if no."
img/02478.png,1,1,1,Is the meme offensive or hateful when considering both modalities? Return only 1 or 0.
img/02478.png,1,1,1,"Classify this meme: 1 = hateful or offensive, 0 = not hateful. Output only the digit."
img/02478.png,1,1,1,"Does the meme contain harmful or derogatory content? Answer with a single digit: 1 for yes, 0 for no."
img/51607.png,1,1,This meme is not hateful.,"Is this meme hateful? Answer 1 for hateful, 0 for not hateful."
img/51607.png,1,1,1,"Considering both the image and the text, is this meme offensive? 1=yes, 0=no."
img/51607.png,1,1,1=hateful,"Analyze the meme and decide: 1=hateful, 0=not hateful."
img/51607.png,1,1,1=yes,"Does this meme contain hate speech or offensive content? Answer 1=yes, 0=no."
img/51607.png,1,0,0,"Evaluate the meme’s image and text together. Is it hateful? Output only 1 for hateful, 0 for not."
img/51607.png,1,0,0,"Look at both the image and the caption. If the meme expresses hate or stereotypes, reply 1. Otherwise reply 0."
img/51607.png,1,0,0,"Does the meme promote hate, discrimination, or offensive stereotypes? Respond with 1 if yes, 0 if no."
img/51607.png,1,1,1,Is the meme offensive or hateful when considering both modalities? Return only 1 or 0.
img/51607.png,1,1,1,"Classify this meme: 1 = hateful or offensive, 0 = not hateful. Output only the digit."
img/51607.png,1,1,1,"Does the meme contain harmful or derogatory content? Answer with a single digit: 1 for yes, 0 for no."
img/65403.png,1,1,1,"Is this meme hateful? Answer 1 for hateful, 0 for not hateful."
img/65403.png,1,1,1,"Considering both the image and the text, is this meme offensive? 1=yes, 0=no."
img/65403.png,1,1,1=hateful,"Analyze the meme and decide: 1=hateful, 0=not hateful."
img/65403.png,1,0,No.,"Does this meme contain hate speech or offensive content? Answer 1=yes, 0=no."
img/65403.png,1,0,0,"Evaluate the meme’s image and text together. Is it hateful? Output only 1 for hateful, 0 for not."
img/65403.png,1,0,0,"Look at both the image and the caption. If the meme expresses hate or stereotypes, reply 1. Otherwise reply 0."
img/65403.png,1,0,0,"Does the meme promote hate, discrimination, or offensive stereotypes? Respond with 1 if yes, 0 if no."
img/65403.png,1,1,1,Is the meme offensive or hateful when considering both modalities? Return only 1 or 0.
img/65403.png,1,1,1,"Classify this meme: 1 = hateful or offensive, 0 = not hateful. Output only the digit."
img/65403.png,1,1,1,"Does the meme contain harmful or derogatory content? Answer with a single digit: 1 for yes, 0 for no."
img/29750.png,1,1,1,"Is this meme hateful? Answer 1 for hateful, 0 for not hateful."
img/29750.png,1,1,1,"Considering both the image and the text, is this meme offensive? 1=yes, 0=no."
img/29750.png,1,1,1,"Analyze the meme and decide: 1=hateful, 0=not hateful."
img/29750.png,1,1,1=yes,"Does this meme contain hate speech or offensive content? Answer 1=yes, 0=no."
img/29750.png,1,1,1,"Evaluate the meme’s image and text together. Is it hateful? Output only 1 for hateful, 0 for not."
img/29750.png,1,1,1,"Look at both the image and the caption. If the meme expresses hate or stereotypes, reply 1. Otherwise reply 0."
img/29750.png,1,1,1,"Does the meme promote hate, discrimination, or offensive stereotypes? Respond with 1 if yes, 0 if no."
img/29750.png,1,1,1,Is the meme offensive or hateful when considering both modalities? Return only 1 or 0.
img/29750.png,1,1,1,"Classify this meme: 1 = hateful or offensive, 0 = not hateful. Output only the digit."
img/29750.png,1,1,1,"Does the meme contain harmful or derogatory content? Answer with a single digit: 1 for yes, 0 for no."
img/26547.png,1,0,0,"Is this meme hateful? Answer 1 for hateful, 0 for not hateful."
img/26547.png,1,0,0,"Considering both the image and the text, is this meme offensive? 1=yes, 0=no."
img/26547.png,1,0,0,"Analyze the meme and decide: 1=hateful, 0=not hateful."
img/26547.png,1,0,0,"Does this meme contain hate speech or offensive content? Answer 1=yes, 0=no."
img/26547.png,1,0,0,"Evaluate the meme’s image and text together. Is it hateful? Output only 1 for hateful, 0 for not."
img/26547.png,1,0,0,"Look at both the image and the caption. If the meme expresses hate or stereotypes, reply 1. Otherwise reply 0."
img/26547.png,1,0,0,"Does the meme promote hate, discrimination, or offensive stereotypes? Respond with 1 if yes, 0 if no."
img/26547.png,1,0,0,Is the meme offensive or hateful when considering both modalities? Return only 1 or 0.
img/26547.png,1,1,1,"Classify this meme: 1 = hateful or offensive, 0 = not hateful. Output only the digit."
img/26547.png,1,0,0,"Does the meme contain harmful or derogatory content? Answer with a single digit: 1 for yes, 0 for no."
img/02143.png,1,1,1,"Is this meme hateful? Answer 1 for hateful, 0 for not hateful."
img/02143.png,1,1,1,"Considering both the image and the text, is this meme offensive? 1=yes, 0=no."
img/02143.png,1,1,1=hateful,"Analyze the meme and decide: 1=hateful, 0=not hateful."
img/02143.png,1,1,Yes,"Does this meme contain hate speech or offensive content? Answer 1=yes, 0=no."
img/02143.png,1,1,1,"Evaluate the meme’s image and text together. Is it hateful? Output only 1 for hateful, 0 for not."
img/02143.png,1,1,1,"Look at both the image and the caption. If the meme expresses hate or stereotypes, reply 1. Otherwise reply 0."
img/02143.png,1,1,1,"Does the meme promote hate, discrimination, or offensive stereotypes? Respond with 1 if yes, 0 if no."
img/02143.png,1,1,1,Is the meme offensive or hateful when considering both modalities? Return only 1 or 0.
img/02143.png,1,1,1,"Classify this meme: 1 = hateful or offensive, 0 = not hateful. Output only the digit."
img/02143.png,1,1,1,"Does the meme contain harmful or derogatory content? Answer with a single digit: 1 for yes, 0 for no."
img/68192.png,1,0,0,"Is this meme hateful? Answer 1 for hateful, 0 for not hateful."
img/68192.png,1,0,0=no,"Considering both the image and the text, is this meme offensive? 1=yes, 0=no."
img/68192.png,1,1,1=hateful,"Analyze the meme and decide: 1=hateful, 0=not hateful."
img/68192.png,1,0,No,"Does this meme contain hate speech or offensive content? Answer 1=yes, 0=no."
img/68192.png,1,0,0,"Evaluate the meme’s image and text together. Is it hateful? Output only 1 for hateful, 0 for not."
img/68192.png,1,0,0,"Look at both the image and the caption. If the meme expresses hate or stereotypes, reply 1. Otherwise reply 0."
img/68192.png,1,0,0,"Does the meme promote hate, discrimination, or offensive stereotypes? Respond with 1 if yes, 0 if no."
img/68192.png,1,0,0,Is the meme offensive or hateful when considering both modalities? Return only 1 or 0.
img/68192.png,1,1,1,"Classify this meme: 1 = hateful or offensive, 0 = not hateful. Output only the digit."
img/68192.png,1,0,0,"Does the meme contain harmful or derogatory content? Answer with a single digit: 1 for yes, 0 for no."
img/52603.png,1,0,0,"Is this meme hateful? Answer 1 for hateful, 0 for not hateful."
img/52603.png,1,0,0,"Considering both the image and the text, is this meme offensive? 1=yes, 0=no."
img/52603.png,1,1,1,"Analyze the meme and decide: 1=hateful, 0=not hateful."
img/52603.png,1,0,0,"Does this meme contain hate speech or offensive content? Answer 1=yes, 0=no."
img/52603.png,1,0,0,"Evaluate the meme’s image and text together. Is it hateful? Output only 1 for hateful, 0 for not."
img/52603.png,1,0,0,"Look at both the image and the caption. If the meme expresses hate or stereotypes, reply 1. Otherwise reply 0."
img/52603.png,1,0,0,"Does the meme promote hate, discrimination, or offensive stereotypes? Respond with 1 if yes, 0 if no."
img/52603.png,1,1,The meme is considered offensive when considering both modalities.,Is the meme offensive or hateful when considering both modalities? Return only 1 or 0.
img/52603.png,1,1,1,"Classify this meme: 1 = hateful or offensive, 0 = not hateful. Output only the digit."
img/52603.png,1,0,0,"Does the meme contain harmful or derogatory content? Answer with a single digit: 1 for yes, 0 for no."
img/05349.png,0,0,0,"Is this meme hateful? Answer 1 for hateful, 0 for not hateful."
img/05349.png,0,0,0,"Considering both the image and the text, is this meme offensive? 1=yes, 0=no."
img/05349.png,0,1,0=not hateful,"Analyze the meme and decide: 1=hateful, 0=not hateful."
img/05349.png,0,0,0,"Does this meme contain hate speech or offensive content? Answer 1=yes, 0=no."
img/05349.png,0,0,0,"Evaluate the meme’s image and text together. Is it hateful? Output only 1 for hateful, 0 for not."
img/05349.png,0,0,0,"Look at both the image and the caption. If the meme expresses hate or stereotypes, reply 1. Otherwise reply 0."
img/05349.png,0,0,0,"Does the meme promote hate, discrimination, or offensive stereotypes? Respond with 1 if yes, 0 if no."
img/05349.png,0,0,0,Is the meme offensive or hateful when considering both modalities? Return only 1 or 0.
img/05349.png,0,0,0,"Classify this meme: 1 = hateful or offensive, 0 = not hateful. Output only the digit."
img/05349.png,0,0,0,"Does the meme contain harmful or derogatory content? Answer with a single digit: 1 for yes, 0 for no."
img/06491.png,1,1,1,"Is this meme hateful? Answer 1 for hateful, 0 for not hateful."
img/06491.png,1,1,1,"Considering both the image and the text, is this meme offensive? 1=yes, 0=no."
img/06491.png,1,1,1=hateful,"Analyze the meme and decide: 1=hateful, 0=not hateful."
img/06491.png,1,0,0=no,"Does this meme contain hate speech or offensive content? Answer 1=yes, 0=no."
img/06491.png,1,0,0,"Evaluate the meme’s image and text together. Is it hateful? Output only 1 for hateful, 0 for not."
img/06491.png,1,0,0,"Look at both the image and the caption. If the meme expresses hate or stereotypes, reply 1. Otherwise reply 0."
img/06491.png,1,1,1,"Does the meme promote hate, discrimination, or offensive stereotypes? Respond with 1 if yes, 0 if no."
img/06491.png,1,1,"The meme is offensive when considering both modalities. It uses a trans person in a negative and dehumanizing way, and it also uses explicit language (""tranny for sale"") that is derogatory and disrespectful. Therefore, the overall sentiment of",Is the meme offensive or hateful when considering both modalities? Return only 1 or 0.
img/06491.png,1,1,1,"Classify this meme: 1 = hateful or offensive, 0 = not hateful. Output only the digit."
img/06491.png,1,1,1,"Does the meme contain harmful or derogatory content? Answer with a single digit: 1 for yes, 0 for no."
img/74013.png,1,0,0,"Is this meme hateful? Answer 1 for hateful, 0 for not hateful."
img/74013.png,1,0,0=no,"Considering both the image and the text, is this meme offensive? 1=yes, 0=no."
img/74013.png,1,1,1=hateful,"Analyze the meme and decide: 1=hateful, 0=not hateful."
img/74013.png,1,0,0,"Does this meme contain hate speech or offensive content? Answer 1=yes, 0=no."
img/74013.png,1,0,0,"Evaluate the meme’s image and text together. Is it hateful? Output only 1 for hateful, 0 for not."
img/74013.png,1,0,0,"Look at both the image and the caption. If the meme expresses hate or stereotypes, reply 1. Otherwise reply 0."
img/74013.png,1,0,0,"Does the meme promote hate, discrimination, or offensive stereotypes? Respond with 1 if yes, 0 if no."
img/74013.png,1,1,1,Is the meme offensive or hateful when considering both modalities? Return only 1 or 0.
img/74013.png,1,1,1,"Classify this meme: 1 = hateful or offensive, 0 = not hateful. Output only the digit."
img/74013.png,1,1,1,"Does the meme contain harmful or derogatory content? Answer with a single digit: 1 for yes, 0 for no."
img/27485.png,1,0,0,"Is this meme hateful? Answer 1 for hateful, 0 for not hateful."
img/27485.png,1,1,1,"Considering both the image and the text, is this meme offensive? 1=yes, 0=no."
img/27485.png,1,1,1,"Analyze the meme and decide: 1=hateful, 0=not hateful."
img/27485.png,1,1,1,"Does this meme contain hate speech or offensive content? Answer 1=yes, 0=no."
img/27485.png,1,0,0,"Evaluate the meme’s image and text together. Is it hateful? Output only 1 for hateful, 0 for not."
img/27485.png,1,0,0,"Look at both the image and the caption. If the meme expresses hate or stereotypes, reply 1. Otherwise reply 0."
img/27485.png,1,0,0,"Does the meme promote hate, discrimination, or offensive stereotypes? Respond with 1 if yes, 0 if no."
img/27485.png,1,1,1,Is the meme offensive or hateful when considering both modalities? Return only 1 or 0.
img/27485.png,1,1,1,"Classify this meme: 1 = hateful or offensive, 0 = not hateful. Output only the digit."
img/27485.png,1,0,0,"Does the meme contain harmful or derogatory content? Answer with a single digit: 1 for yes, 0 for no."
img/13026.png,1,1,1,"Is this meme hateful? Answer 1 for hateful, 0 for not hateful."
img/13026.png,1,1,1,"Considering both the image and the text, is this meme offensive? 1=yes, 0=no."
img/13026.png,1,1,1=hateful,"Analyze the meme and decide: 1=hateful, 0=not hateful."
img/13026.png,1,1,Yes.,"Does this meme contain hate speech or offensive content? Answer 1=yes, 0=no."
img/13026.png,1,1,1,"Evaluate the meme’s image and text together. Is it hateful? Output only 1 for hateful, 0 for not."
img/13026.png,1,1,1,"Look at both the image and the caption. If the meme expresses hate or stereotypes, reply 1. Otherwise reply 0."
img/13026.png,1,1,1,"Does the meme promote hate, discrimination, or offensive stereotypes? Respond with 1 if yes, 0 if no."
img/13026.png,1,1,1,Is the meme offensive or hateful when considering both modalities? Return only 1 or 0.
img/13026.png,1,1,1,"Classify this meme: 1 = hateful or offensive, 0 = not hateful. Output only the digit."
img/13026.png,1,1,1,"Does the meme contain harmful or derogatory content? Answer with a single digit: 1 for yes, 0 for no."
img/17265.png,0,0,0,"Is this meme hateful? Answer 1 for hateful, 0 for not hateful."
img/17265.png,0,0,0,"Considering both the image and the text, is this meme offensive? 1=yes, 0=no."
img/17265.png,0,1,0=not hateful,"Analyze the meme and decide: 1=hateful, 0=not hateful."
img/17265.png,0,0,0=no,"Does this meme contain hate speech or offensive content? Answer 1=yes, 0=no."
img/17265.png,0,0,0,"Evaluate the meme’s image and text together. Is it hateful? Output only 1 for hateful, 0 for not."
img/17265.png,0,0,0,"Look at both the image and the caption. If the meme expresses hate or stereotypes, reply 1. Otherwise reply 0."
img/17265.png,0,0,0,"Does the meme promote hate, discrimination, or offensive stereotypes? Respond with 1 if yes, 0 if no."
img/17265.png,0,0,0,Is the meme offensive or hateful when considering both modalities? Return only 1 or 0.
img/17265.png,0,1,1,"Classify this meme: 1 = hateful or offensive, 0 = not hateful. Output only the digit."
img/17265.png,0,0,0,"Does the meme contain harmful or derogatory content? Answer with a single digit: 1 for yes, 0 for no."
img/91405.png,0,1,1,"Is this meme hateful? Answer 1 for hateful, 0 for not hateful."
img/91405.png,0,1,"Yes, this meme is offensive. It makes light of a serious issue and portrays Ilhan Omar, a Muslim woman, in a negative and disrespectful way. It also promotes harmful stereotypes and discrimination against women and members of the Muslim community.","Considering both the image and the text, is this meme offensive? 1=yes, 0=no."
img/91405.png,0,1,1=hateful,"Analyze the meme and decide: 1=hateful, 0=not hateful."
img/91405.png,0,1,Yes.,"Does this meme contain hate speech or offensive content? Answer 1=yes, 0=no."
img/91405.png,0,1,1,"Evaluate the meme’s image and text together. Is it hateful? Output only 1 for hateful, 0 for not."
img/91405.png,0,0,0,"Look at both the image and the caption. If the meme expresses hate or stereotypes, reply 1. Otherwise reply 0."
img/91405.png,0,1,1,"Does the meme promote hate, discrimination, or offensive stereotypes? Respond with 1 if yes, 0 if no."
img/91405.png,0,1,1,Is the meme offensive or hateful when considering both modalities? Return only 1 or 0.
img/91405.png,0,1,1,"Classify this meme: 1 = hateful or offensive, 0 = not hateful. Output only the digit."
img/91405.png,0,1,1,"Does the meme contain harmful or derogatory content? Answer with a single digit: 1 for yes, 0 for no."
img/14026.png,1,1,This meme is not hateful.,"Is this meme hateful? Answer 1 for hateful, 0 for not hateful."
img/14026.png,1,1,1,"Considering both the image and the text, is this meme offensive? 1=yes, 0=no."
img/14026.png,1,1,1=hateful,"Analyze the meme and decide: 1=hateful, 0=not hateful."
img/14026.png,1,0,0,"Does this meme contain hate speech or offensive content? Answer 1=yes, 0=no."
img/14026.png,1,0,0,"Evaluate the meme’s image and text together. Is it hateful? Output only 1 for hateful, 0 for not."
img/14026.png,1,0,0,"Look at both the image and the caption. If the meme expresses hate or stereotypes, reply 1. Otherwise reply 0."
img/14026.png,1,0,0,"Does the meme promote hate, discrimination, or offensive stereotypes? Respond with 1 if yes, 0 if no."
img/14026.png,1,1,1,Is the meme offensive or hateful when considering both modalities? Return only 1 or 0.
img/14026.png,1,1,1,"Classify this meme: 1 = hateful or offensive, 0 = not hateful. Output only the digit."
img/14026.png,1,1,1,"Does the meme contain harmful or derogatory content? Answer with a single digit: 1 for yes, 0 for no."
img/18945.png,1,1,1,"Is this meme hateful? Answer 1 for hateful, 0 for not hateful."
img/18945.png,1,1,1,"Considering both the image and the text, is this meme offensive? 1=yes, 0=no."
img/18945.png,1,1,1,"Analyze the meme and decide: 1=hateful, 0=not hateful."
img/18945.png,1,0,0=no,"Does this meme contain hate speech or offensive content? Answer 1=yes, 0=no."
img/18945.png,1,0,0,"Evaluate the meme’s image and text together. Is it hateful? Output only 1 for hateful, 0 for not."
img/18945.png,1,0,0,"Look at both the image and the caption. If the meme expresses hate or stereotypes, reply 1. Otherwise reply 0."
img/18945.png,1,0,0,"Does the meme promote hate, discrimination, or offensive stereotypes? Respond with 1 if yes, 0 if no."
img/18945.png,1,1,1,Is the meme offensive or hateful when considering both modalities? Return only 1 or 0.
img/18945.png,1,1,1,"Classify this meme: 1 = hateful or offensive, 0 = not hateful. Output only the digit."
img/18945.png,1,1,1,"Does the meme contain harmful or derogatory content? Answer with a single digit: 1 for yes, 0 for no."
img/83920.png,1,0,0,"Is this meme hateful? Answer 1 for hateful, 0 for not hateful."
img/83920.png,1,0,0,"Considering both the image and the text, is this meme offensive? 1=yes, 0=no."
img/83920.png,1,0,0,"Analyze the meme and decide: 1=hateful, 0=not hateful."
img/83920.png,1,0,0,"Does this meme contain hate speech or offensive content? Answer 1=yes, 0=no."
img/83920.png,1,0,0,"Evaluate the meme’s image and text together. Is it hateful? Output only 1 for hateful, 0 for not."
img/83920.png,1,0,0,"Look at both the image and the caption. If the meme expresses hate or stereotypes, reply 1. Otherwise reply 0."
img/83920.png,1,0,0,"Does the meme promote hate, discrimination, or offensive stereotypes? Respond with 1 if yes, 0 if no."
img/83920.png,1,0,0,Is the meme offensive or hateful when considering both modalities? Return only 1 or 0.
img/83920.png,1,1,1,"Classify this meme: 1 = hateful or offensive, 0 = not hateful. Output only the digit."
img/83920.png,1,0,0,"Does the meme contain harmful or derogatory content? Answer with a single digit: 1 for yes, 0 for no."
img/83497.png,0,1,This meme is not hateful.,"Is this meme hateful? Answer 1 for hateful, 0 for not hateful."
img/83497.png,0,0,0,"Considering both the image and the text, is this meme offensive? 1=yes, 0=no."
img/83497.png,0,1,1=hateful,"Analyze the meme and decide: 1=hateful, 0=not hateful."
img/83497.png,0,0,0,"Does this meme contain hate speech or offensive content? Answer 1=yes, 0=no."
img/83497.png,0,0,0,"Evaluate the meme’s image and text together. Is it hateful? Output only 1 for hateful, 0 for not."
img/83497.png,0,0,0,"Look at both the image and the caption. If the meme expresses hate or stereotypes, reply 1. Otherwise reply 0."
img/83497.png,0,0,0,"Does the meme promote hate, discrimination, or offensive stereotypes? Respond with 1 if yes, 0 if no."
img/83497.png,0,1,1,Is the meme offensive or hateful when considering both modalities? Return only 1 or 0.
img/83497.png,0,1,1,"Classify this meme: 1 = hateful or offensive, 0 = not hateful. Output only the digit."
img/83497.png,0,1,1,"Does the meme contain harmful or derogatory content? Answer with a single digit: 1 for yes, 0 for no."
img/04569.png,0,0,0,"Is this meme hateful? Answer 1 for hateful, 0 for not hateful."
img/04569.png,0,0,0,"Considering both the image and the text, is this meme offensive? 1=yes, 0=no."
img/04569.png,0,1,1=hateful,"Analyze the meme and decide: 1=hateful, 0=not hateful."
img/04569.png,0,0,No,"Does this meme contain hate speech or offensive content? Answer 1=yes, 0=no."
img/04569.png,0,0,0,"Evaluate the meme’s image and text together. Is it hateful? Output only 1 for hateful, 0 for not."
img/04569.png,0,0,0,"Look at both the image and the caption. If the meme expresses hate or stereotypes, reply 1. Otherwise reply 0."
img/04569.png,0,0,0,"Does the meme promote hate, discrimination, or offensive stereotypes? Respond with 1 if yes, 0 if no."
img/04569.png,0,0,0,Is the meme offensive or hateful when considering both modalities? Return only 1 or 0.
img/04569.png,0,1,1,"Classify this meme: 1 = hateful or offensive, 0 = not hateful. Output only the digit."
img/04569.png,0,0,0,"Does the meme contain harmful or derogatory content? Answer with a single digit: 1 for yes, 0 for no."
img/39607.png,1,1,This meme is not hateful.,"Is this meme hateful? Answer 1 for hateful, 0 for not hateful."
img/39607.png,1,1,"Yes, this meme is offensive. It uses a black and white photo of Adolf Hitler and Benito Mussolini to make a joke about their actions during World War II, specifically the Holocaust and other atrocities. The use of the word ""baster","Considering both the image and the text, is this meme offensive? 1=yes, 0=no."
img/39607.png,1,1,1=hateful,"Analyze the meme and decide: 1=hateful, 0=not hateful."
img/39607.png,1,1,Yes.,"Does this meme contain hate speech or offensive content? Answer 1=yes, 0=no."
img/39607.png,1,0,0,"Evaluate the meme’s image and text together. Is it hateful? Output only 1 for hateful, 0 for not."
img/39607.png,1,1,1,"Look at both the image and the caption. If the meme expresses hate or stereotypes, reply 1. Otherwise reply 0."
img/39607.png,1,0,0,"Does the meme promote hate, discrimination, or offensive stereotypes? Respond with 1 if yes, 0 if no."
img/39607.png,1,1,1,Is the meme offensive or hateful when considering both modalities? Return only 1 or 0.
img/39607.png,1,1,1,"Classify this meme: 1 = hateful or offensive, 0 = not hateful. Output only the digit."
img/39607.png,1,1,1,"Does the meme contain harmful or derogatory content? Answer with a single digit: 1 for yes, 0 for no."
img/09715.png,1,0,0,"Is this meme hateful? Answer 1 for hateful, 0 for not hateful."
img/09715.png,1,1,1,"Considering both the image and the text, is this meme offensive? 1=yes, 0=no."
img/09715.png,1,1,1=hateful,"Analyze the meme and decide: 1=hateful, 0=not hateful."
img/09715.png,1,0,No.,"Does this meme contain hate speech or offensive content? Answer 1=yes, 0=no."
img/09715.png,1,0,0,"Evaluate the meme’s image and text together. Is it hateful? Output only 1 for hateful, 0 for not."
img/09715.png,1,0,0,"Look at both the image and the caption. If the meme expresses hate or stereotypes, reply 1. Otherwise reply 0."
img/09715.png,1,0,0,"Does the meme promote hate, discrimination, or offensive stereotypes? Respond with 1 if yes, 0 if no."
img/09715.png,1,1,"The meme is offensive when considering both modalities. It uses a dog as a prop to make a joke about selling landmines disguised as prayer mats, which is insensitive and disrespectful to those affected by landmine explosions. Additionally, the phrase """,Is the meme offensive or hateful when considering both modalities? Return only 1 or 0.
img/09715.png,1,1,1,"Classify this meme: 1 = hateful or offensive, 0 = not hateful. Output only the digit."
img/09715.png,1,1,1,"Does the meme contain harmful or derogatory content? Answer with a single digit: 1 for yes, 0 for no."
img/01925.png,1,0,0,"Is this meme hateful? Answer 1 for hateful, 0 for not hateful."
img/01925.png,1,0,0=no,"Considering both the image and the text, is this meme offensive? 1=yes, 0=no."
img/01925.png,1,1,1=hateful,"Analyze the meme and decide: 1=hateful, 0=not hateful."
img/01925.png,1,0,0,"Does this meme contain hate speech or offensive content? Answer 1=yes, 0=no."
img/01925.png,1,0,0,"Evaluate the meme’s image and text together. Is it hateful? Output only 1 for hateful, 0 for not."
img/01925.png,1,1,1,"Look at both the image and the caption. If the meme expresses hate or stereotypes, reply 1. Otherwise reply 0."
img/01925.png,1,0,0,"Does the meme promote hate, discrimination, or offensive stereotypes? Respond with 1 if yes, 0 if no."
img/01925.png,1,1,1,Is the meme offensive or hateful when considering both modalities? Return only 1 or 0.
img/01925.png,1,1,1,"Classify this meme: 1 = hateful or offensive, 0 = not hateful. Output only the digit."
img/01925.png,1,1,1,"Does the meme contain harmful or derogatory content? Answer with a single digit: 1 for yes, 0 for no."
img/94813.png,0,0,0,"Is this meme hateful? Answer 1 for hateful, 0 for not hateful."
img/94813.png,0,0,0=no,"Considering both the image and the text, is this meme offensive? 1=yes, 0=no."
img/94813.png,0,1,1=hateful,"Analyze the meme and decide: 1=hateful, 0=not hateful."
img/94813.png,0,0,0=no,"Does this meme contain hate speech or offensive content? Answer 1=yes, 0=no."
img/94813.png,0,0,0,"Evaluate the meme’s image and text together. Is it hateful? Output only 1 for hateful, 0 for not."
img/94813.png,0,0,0,"Look at both the image and the caption. If the meme expresses hate or stereotypes, reply 1. Otherwise reply 0."
img/94813.png,0,0,0,"Does the meme promote hate, discrimination, or offensive stereotypes? Respond with 1 if yes, 0 if no."
img/94813.png,0,0,0,Is the meme offensive or hateful when considering both modalities? Return only 1 or 0.
img/94813.png,0,0,0,"Classify this meme: 1 = hateful or offensive, 0 = not hateful. Output only the digit."
img/94813.png,0,0,0,"Does the meme contain harmful or derogatory content? Answer with a single digit: 1 for yes, 0 for no."
img/29437.png,1,1,This meme is not hateful.,"Is this meme hateful? Answer 1 for hateful, 0 for not hateful."
img/29437.png,1,0,0,"Considering both the image and the text, is this meme offensive? 1=yes, 0=no."
img/29437.png,1,1,1=hateful,"Analyze the meme and decide: 1=hateful, 0=not hateful."
img/29437.png,1,0,0,"Does this meme contain hate speech or offensive content? Answer 1=yes, 0=no."
img/29437.png,1,0,0,"Evaluate the meme’s image and text together. Is it hateful? Output only 1 for hateful, 0 for not."
img/29437.png,1,0,0,"Look at both the image and the caption. If the meme expresses hate or stereotypes, reply 1. Otherwise reply 0."
img/29437.png,1,0,0,"Does the meme promote hate, discrimination, or offensive stereotypes? Respond with 1 if yes, 0 if no."
img/29437.png,1,0,0,Is the meme offensive or hateful when considering both modalities? Return only 1 or 0.
img/29437.png,1,1,1,"Classify this meme: 1 = hateful or offensive, 0 = not hateful. Output only the digit."
img/29437.png,1,0,0,"Does the meme contain harmful or derogatory content? Answer with a single digit: 1 for yes, 0 for no."
img/95038.png,0,1,1,"Is this meme hateful? Answer 1 for hateful, 0 for not hateful."
img/95038.png,0,1,1,"Considering both the image and the text, is this meme offensive? 1=yes, 0=no."
img/95038.png,0,1,1=hateful,"Analyze the meme and decide: 1=hateful, 0=not hateful."
img/95038.png,0,0,0,"Does this meme contain hate speech or offensive content? Answer 1=yes, 0=no."
img/95038.png,0,0,0,"Evaluate the meme’s image and text together. Is it hateful? Output only 1 for hateful, 0 for not."
img/95038.png,0,0,0,"Look at both the image and the caption. If the meme expresses hate or stereotypes, reply 1. Otherwise reply 0."
img/95038.png,0,0,0,"Does the meme promote hate, discrimination, or offensive stereotypes? Respond with 1 if yes, 0 if no."
img/95038.png,0,1,1,Is the meme offensive or hateful when considering both modalities? Return only 1 or 0.
img/95038.png,0,1,1,"Classify this meme: 1 = hateful or offensive, 0 = not hateful. Output only the digit."
img/95038.png,0,1,1,"Does the meme contain harmful or derogatory content? Answer with a single digit: 1 for yes, 0 for no."
img/64891.png,1,0,0,"Is this meme hateful? Answer 1 for hateful, 0 for not hateful."
img/64891.png,1,0,0,"Considering both the image and the text, is this meme offensive? 1=yes, 0=no."
img/64891.png,1,1,1=hateful,"Analyze the meme and decide: 1=hateful, 0=not hateful."
img/64891.png,1,0,No.,"Does this meme contain hate speech or offensive content? Answer 1=yes, 0=no."
img/64891.png,1,0,0,"Evaluate the meme’s image and text together. Is it hateful? Output only 1 for hateful, 0 for not."
img/64891.png,1,0,0,"Look at both the image and the caption. If the meme expresses hate or stereotypes, reply 1. Otherwise reply 0."
img/64891.png,1,0,0,"Does the meme promote hate, discrimination, or offensive stereotypes? Respond with 1 if yes, 0 if no."
img/64891.png,1,1,1,Is the meme offensive or hateful when considering both modalities? Return only 1 or 0.
img/64891.png,1,1,1,"Classify this meme: 1 = hateful or offensive, 0 = not hateful. Output only the digit."
img/64891.png,1,1,1,"Does the meme contain harmful or derogatory content? Answer with a single digit: 1 for yes, 0 for no."
img/63280.png,1,1,This meme is not hateful.,"Is this meme hateful? Answer 1 for hateful, 0 for not hateful."
img/63280.png,1,0,0=no.,"Considering both the image and the text, is this meme offensive? 1=yes, 0=no."
img/63280.png,1,1,1=hateful,"Analyze the meme and decide: 1=hateful, 0=not hateful."
img/63280.png,1,0,No.,"Does this meme contain hate speech or offensive content? Answer 1=yes, 0=no."
img/63280.png,1,0,0,"Evaluate the meme’s image and text together. Is it hateful? Output only 1 for hateful, 0 for not."
img/63280.png,1,0,0,"Look at both the image and the caption. If the meme expresses hate or stereotypes, reply 1. Otherwise reply 0."
img/63280.png,1,1,1,"Does the meme promote hate, discrimination, or offensive stereotypes? Respond with 1 if yes, 0 if no."
img/63280.png,1,1,1,Is the meme offensive or hateful when considering both modalities? Return only 1 or 0.
img/63280.png,1,1,1,"Classify this meme: 1 = hateful or offensive, 0 = not hateful. Output only the digit."
img/63280.png,1,1,1,"Does the meme contain harmful or derogatory content? Answer with a single digit: 1 for yes, 0 for no."
img/17682.png,1,1,1,"Is this meme hateful? Answer 1 for hateful, 0 for not hateful."
img/17682.png,1,1,1,"Considering both the image and the text, is this meme offensive? 1=yes, 0=no."
img/17682.png,1,1,1=hateful,"Analyze the meme and decide: 1=hateful, 0=not hateful."
img/17682.png,1,1,Yes.,"Does this meme contain hate speech or offensive content? Answer 1=yes, 0=no."
img/17682.png,1,1,1,"Evaluate the meme’s image and text together. Is it hateful? Output only 1 for hateful, 0 for not."
img/17682.png,1,1,1,"Look at both the image and the caption. If the meme expresses hate or stereotypes, reply 1. Otherwise reply 0."
img/17682.png,1,1,1,"Does the meme promote hate, discrimination, or offensive stereotypes? Respond with 1 if yes, 0 if no."
img/17682.png,1,1,1,Is the meme offensive or hateful when considering both modalities? Return only 1 or 0.
img/17682.png,1,1,1,"Classify this meme: 1 = hateful or offensive, 0 = not hateful. Output only the digit."
img/17682.png,1,1,1,"Does the meme contain harmful or derogatory content? Answer with a single digit: 1 for yes, 0 for no."
img/84510.png,1,1,This meme is not hateful.,"Is this meme hateful? Answer 1 for hateful, 0 for not hateful."
img/84510.png,1,1,1=yes,"Considering both the image and the text, is this meme offensive? 1=yes, 0=no."
img/84510.png,1,1,1=hateful,"Analyze the meme and decide: 1=hateful, 0=not hateful."
img/84510.png,1,0,No.,"Does this meme contain hate speech or offensive content? Answer 1=yes, 0=no."
img/84510.png,1,0,0,"Evaluate the meme’s image and text together. Is it hateful? Output only 1 for hateful, 0 for not."
img/84510.png,1,0,0,"Look at both the image and the caption. If the meme expresses hate or stereotypes, reply 1. Otherwise reply 0."
img/84510.png,1,0,0,"Does the meme promote hate, discrimination, or offensive stereotypes? Respond with 1 if yes, 0 if no."
img/84510.png,1,1,"The meme is offensive when considering both modalities. It makes light of child abuse and exploitation, and the bartender's response is inappropriate and inappropriate. Therefore, the overall sentiment of the meme is negative.",Is the meme offensive or hateful when considering both modalities? Return only 1 or 0.
img/84510.png,1,1,1,"Classify this meme: 1 = hateful or offensive, 0 = not hateful. Output only the digit."
img/84510.png,1,1,1,"Does the meme contain harmful or derogatory content? Answer with a single digit: 1 for yes, 0 for no."
img/28690.png,0,0,0,"Is this meme hateful? Answer 1 for hateful, 0 for not hateful."
img/28690.png,0,0,0,"Considering both the image and the text, is this meme offensive? 1=yes, 0=no."
img/28690.png,0,1,1,"Analyze the meme and decide: 1=hateful, 0=not hateful."
img/28690.png,0,0,0,"Does this meme contain hate speech or offensive content? Answer 1=yes, 0=no."
img/28690.png,0,0,0,"Evaluate the meme’s image and text together. Is it hateful? Output only 1 for hateful, 0 for not."
img/28690.png,0,0,0,"Look at both the image and the caption. If the meme expresses hate or stereotypes, reply 1. Otherwise reply 0."
img/28690.png,0,0,0,"Does the meme promote hate, discrimination, or offensive stereotypes? Respond with 1 if yes, 0 if no."
img/28690.png,0,1,1,Is the meme offensive or hateful when considering both modalities? Return only 1 or 0.
img/28690.png,0,1,1,"Classify this meme: 1 = hateful or offensive, 0 = not hateful. Output only the digit."
img/28690.png,0,0,0,"Does the meme contain harmful or derogatory content? Answer with a single digit: 1 for yes, 0 for no."
img/03567.png,1,1,This meme is not hateful.,"Is this meme hateful? Answer 1 for hateful, 0 for not hateful."
img/03567.png,1,0,0=no.,"Considering both the image and the text, is this meme offensive? 1=yes, 0=no."
img/03567.png,1,1,1=hateful,"Analyze the meme and decide: 1=hateful, 0=not hateful."
img/03567.png,1,0,No,"Does this meme contain hate speech or offensive content? Answer 1=yes, 0=no."
img/03567.png,1,0,0,"Evaluate the meme’s image and text together. Is it hateful? Output only 1 for hateful, 0 for not."
img/03567.png,1,0,0,"Look at both the image and the caption. If the meme expresses hate or stereotypes, reply 1. Otherwise reply 0."
img/03567.png,1,0,0,"Does the meme promote hate, discrimination, or offensive stereotypes? Respond with 1 if yes, 0 if no."
img/03567.png,1,0,0,Is the meme offensive or hateful when considering both modalities? Return only 1 or 0.
img/03567.png,1,1,1,"Classify this meme: 1 = hateful or offensive, 0 = not hateful. Output only the digit."
img/03567.png,1,0,0,"Does the meme contain harmful or derogatory content? Answer with a single digit: 1 for yes, 0 for no."
img/95830.png,1,1,1,"Is this meme hateful? Answer 1 for hateful, 0 for not hateful."
img/95830.png,1,0,0,"Considering both the image and the text, is this meme offensive? 1=yes, 0=no."
img/95830.png,1,1,1=hateful,"Analyze the meme and decide: 1=hateful, 0=not hateful."
img/95830.png,1,0,0,"Does this meme contain hate speech or offensive content? Answer 1=yes, 0=no."
img/95830.png,1,1,1,"Evaluate the meme’s image and text together. Is it hateful? Output only 1 for hateful, 0 for not."
img/95830.png,1,0,0,"Look at both the image and the caption. If the meme expresses hate or stereotypes, reply 1. Otherwise reply 0."
img/95830.png,1,0,0,"Does the meme promote hate, discrimination, or offensive stereotypes? Respond with 1 if yes, 0 if no."
img/95830.png,1,1,1,Is the meme offensive or hateful when considering both modalities? Return only 1 or 0.
img/95830.png,1,1,1,"Classify this meme: 1 = hateful or offensive, 0 = not hateful. Output only the digit."
img/95830.png,1,0,0,"Does the meme contain harmful or derogatory content? Answer with a single digit: 1 for yes, 0 for no."
img/29873.png,1,1,1,"Is this meme hateful? Answer 1 for hateful, 0 for not hateful."
img/29873.png,1,1,1,"Considering both the image and the text, is this meme offensive? 1=yes, 0=no."
img/29873.png,1,1,1=hateful,"Analyze the meme and decide: 1=hateful, 0=not hateful."
img/29873.png,1,0,0,"Does this meme contain hate speech or offensive content? Answer 1=yes, 0=no."
img/29873.png,1,1,1,"Evaluate the meme’s image and text together. Is it hateful? Output only 1 for hateful, 0 for not."
img/29873.png,1,1,1,"Look at both the image and the caption. If the meme expresses hate or stereotypes, reply 1. Otherwise reply 0."
img/29873.png,1,1,1,"Does the meme promote hate, discrimination, or offensive stereotypes? Respond with 1 if yes, 0 if no."
img/29873.png,1,1,1,Is the meme offensive or hateful when considering both modalities? Return only 1 or 0.
img/29873.png,1,1,1,"Classify this meme: 1 = hateful or offensive, 0 = not hateful. Output only the digit."
img/29873.png,1,1,1,"Does the meme contain harmful or derogatory content? Answer with a single digit: 1 for yes, 0 for no."
img/70953.png,1,1,This meme is not hateful.,"Is this meme hateful? Answer 1 for hateful, 0 for not hateful."
img/70953.png,1,1,"This meme is offensive because it uses a stereotypical image of Jewish people wearing black hats and beards to suggest that they are chosen by God, which is a common anti-Semitic trope. Additionally, the text implies that the Jewish people wrote a book","Considering both the image and the text, is this meme offensive? 1=yes, 0=no."
img/70953.png,1,1,1=hateful,"Analyze the meme and decide: 1=hateful, 0=not hateful."
img/70953.png,1,0,No.,"Does this meme contain hate speech or offensive content? Answer 1=yes, 0=no."
img/70953.png,1,0,0,"Evaluate the meme’s image and text together. Is it hateful? Output only 1 for hateful, 0 for not."
img/70953.png,1,0,0,"Look at both the image and the caption. If the meme expresses hate or stereotypes, reply 1. Otherwise reply 0."
img/70953.png,1,0,0,"Does the meme promote hate, discrimination, or offensive stereotypes? Respond with 1 if yes, 0 if no."
img/70953.png,1,1,1,Is the meme offensive or hateful when considering both modalities? Return only 1 or 0.
img/70953.png,1,1,1,"Classify this meme: 1 = hateful or offensive, 0 = not hateful. Output only the digit."
img/70953.png,1,0,0,"Does the meme contain harmful or derogatory content? Answer with a single digit: 1 for yes, 0 for no."
img/56124.png,0,0,0,"Is this meme hateful? Answer 1 for hateful, 0 for not hateful."
img/56124.png,0,0,0,"Considering both the image and the text, is this meme offensive? 1=yes, 0=no."
img/56124.png,0,1,1=hateful,"Analyze the meme and decide: 1=hateful, 0=not hateful."
img/56124.png,0,0,0,"Does this meme contain hate speech or offensive content? Answer 1=yes, 0=no."
img/56124.png,0,0,0,"Evaluate the meme’s image and text together. Is it hateful? Output only 1 for hateful, 0 for not."
img/56124.png,0,0,0,"Look at both the image and the caption. If the meme expresses hate or stereotypes, reply 1. Otherwise reply 0."
img/56124.png,0,0,0,"Does the meme promote hate, discrimination, or offensive stereotypes? Respond with 1 if yes, 0 if no."
img/56124.png,0,0,0,Is the meme offensive or hateful when considering both modalities? Return only 1 or 0.
img/56124.png,0,1,1,"Classify this meme: 1 = hateful or offensive, 0 = not hateful. Output only the digit."
img/56124.png,0,0,0,"Does the meme contain harmful or derogatory content? Answer with a single digit: 1 for yes, 0 for no."
img/10386.png,1,1,This meme is not hateful.,"Is this meme hateful? Answer 1 for hateful, 0 for not hateful."
img/10386.png,1,0,0,"Considering both the image and the text, is this meme offensive? 1=yes, 0=no."
img/10386.png,1,1,1,"Analyze the meme and decide: 1=hateful, 0=not hateful."
img/10386.png,1,0,0.,"Does this meme contain hate speech or offensive content? Answer 1=yes, 0=no."
img/10386.png,1,0,0,"Evaluate the meme’s image and text together. Is it hateful? Output only 1 for hateful, 0 for not."
img/10386.png,1,0,0,"Look at both the image and the caption. If the meme expresses hate or stereotypes, reply 1. Otherwise reply 0."
img/10386.png,1,0,0,"Does the meme promote hate, discrimination, or offensive stereotypes? Respond with 1 if yes, 0 if no."
img/10386.png,1,0,0,Is the meme offensive or hateful when considering both modalities? Return only 1 or 0.
img/10386.png,1,1,1,"Classify this meme: 1 = hateful or offensive, 0 = not hateful. Output only the digit."
img/10386.png,1,1,1,"Does the meme contain harmful or derogatory content? Answer with a single digit: 1 for yes, 0 for no."
img/19530.png,1,0,0,"Is this meme hateful? Answer 1 for hateful, 0 for not hateful."
img/19530.png,1,0,0,"Considering both the image and the text, is this meme offensive? 1=yes, 0=no."
img/19530.png,1,1,1=hateful,"Analyze the meme and decide: 1=hateful, 0=not hateful."
img/19530.png,1,0,0,"Does this meme contain hate speech or offensive content? Answer 1=yes, 0=no."
img/19530.png,1,0,0,"Evaluate the meme’s image and text together. Is it hateful? Output only 1 for hateful, 0 for not."
img/19530.png,1,0,0,"Look at both the image and the caption. If the meme expresses hate or stereotypes, reply 1. Otherwise reply 0."
img/19530.png,1,0,0,"Does the meme promote hate, discrimination, or offensive stereotypes? Respond with 1 if yes, 0 if no."
img/19530.png,1,0,0,Is the meme offensive or hateful when considering both modalities? Return only 1 or 0.
img/19530.png,1,1,1,"Classify this meme: 1 = hateful or offensive, 0 = not hateful. Output only the digit."
img/19530.png,1,0,0,"Does the meme contain harmful or derogatory content? Answer with a single digit: 1 for yes, 0 for no."
img/94185.png,1,0,0,"Is this meme hateful? Answer 1 for hateful, 0 for not hateful."
img/94185.png,1,0,0=no,"Considering both the image and the text, is this meme offensive? 1=yes, 0=no."
img/94185.png,1,1,1=hateful,"Analyze the meme and decide: 1=hateful, 0=not hateful."
img/94185.png,1,0,No.,"Does this meme contain hate speech or offensive content? Answer 1=yes, 0=no."
img/94185.png,1,0,0,"Evaluate the meme’s image and text together. Is it hateful? Output only 1 for hateful, 0 for not."
img/94185.png,1,0,0,"Look at both the image and the caption. If the meme expresses hate or stereotypes, reply 1. Otherwise reply 0."
img/94185.png,1,0,0,"Does the meme promote hate, discrimination, or offensive stereotypes? Respond with 1 if yes, 0 if no."
img/94185.png,1,0,0,Is the meme offensive or hateful when considering both modalities? Return only 1 or 0.
img/94185.png,1,1,1,"Classify this meme: 1 = hateful or offensive, 0 = not hateful. Output only the digit."
img/94185.png,1,0,0,"Does the meme contain harmful or derogatory content? Answer with a single digit: 1 for yes, 0 for no."
img/48370.png,1,1,1,"Is this meme hateful? Answer 1 for hateful, 0 for not hateful."
img/48370.png,1,1,1,"Considering both the image and the text, is this meme offensive? 1=yes, 0=no."
img/48370.png,1,1,1=hateful,"Analyze the meme and decide: 1=hateful, 0=not hateful."
img/48370.png,1,0,No,"Does this meme contain hate speech or offensive content? Answer 1=yes, 0=no."
img/48370.png,1,1,1,"Evaluate the meme’s image and text together. Is it hateful? Output only 1 for hateful, 0 for not."
img/48370.png,1,0,0,"Look at both the image and the caption. If the meme expresses hate or stereotypes, reply 1. Otherwise reply 0."
img/48370.png,1,0,0,"Does the meme promote hate, discrimination, or offensive stereotypes? Respond with 1 if yes, 0 if no."
img/48370.png,1,1,1,Is the meme offensive or hateful when considering both modalities? Return only 1 or 0.
img/48370.png,1,1,1,"Classify this meme: 1 = hateful or offensive, 0 = not hateful. Output only the digit."
img/48370.png,1,1,1,"Does the meme contain harmful or derogatory content? Answer with a single digit: 1 for yes, 0 for no."
img/74058.png,0,1,1,"Is this meme hateful? Answer 1 for hateful, 0 for not hateful."
img/74058.png,0,1,1=yes,"Considering both the image and the text, is this meme offensive? 1=yes, 0=no."
img/74058.png,0,1,1=hateful,"Analyze the meme and decide: 1=hateful, 0=not hateful."
img/74058.png,0,0,No,"Does this meme contain hate speech or offensive content? Answer 1=yes, 0=no."
img/74058.png,0,1,1,"Evaluate the meme’s image and text together. Is it hateful? Output only 1 for hateful, 0 for not."
img/74058.png,0,1,1,"Look at both the image and the caption. If the meme expresses hate or stereotypes, reply 1. Otherwise reply 0."
img/74058.png,0,1,1,"Does the meme promote hate, discrimination, or offensive stereotypes? Respond with 1 if yes, 0 if no."
img/74058.png,0,1,1,Is the meme offensive or hateful when considering both modalities? Return only 1 or 0.
img/74058.png,0,1,1,"Classify this meme: 1 = hateful or offensive, 0 = not hateful. Output only the digit."
img/74058.png,0,1,1,"Does the meme contain harmful or derogatory content? Answer with a single digit: 1 for yes, 0 for no."
img/45062.png,0,1,1,"Is this meme hateful? Answer 1 for hateful, 0 for not hateful."
img/45062.png,0,1,1,"Considering both the image and the text, is this meme offensive? 1=yes, 0=no."
img/45062.png,0,1,1,"Analyze the meme and decide: 1=hateful, 0=not hateful."
img/45062.png,0,0,No,"Does this meme contain hate speech or offensive content? Answer 1=yes, 0=no."
img/45062.png,0,0,0,"Evaluate the meme’s image and text together. Is it hateful? Output only 1 for hateful, 0 for not."
img/45062.png,0,0,0,"Look at both the image and the caption. If the meme expresses hate or stereotypes, reply 1. Otherwise reply 0."
img/45062.png,0,0,0,"Does the meme promote hate, discrimination, or offensive stereotypes? Respond with 1 if yes, 0 if no."
img/45062.png,0,1,1,Is the meme offensive or hateful when considering both modalities? Return only 1 or 0.
img/45062.png,0,1,1,"Classify this meme: 1 = hateful or offensive, 0 = not hateful. Output only the digit."
img/45062.png,0,1,1,"Does the meme contain harmful or derogatory content? Answer with a single digit: 1 for yes, 0 for no."
img/94170.png,0,0,0,"Is this meme hateful? Answer 1 for hateful, 0 for not hateful."
img/94170.png,0,0,0,"Considering both the image and the text, is this meme offensive? 1=yes, 0=no."
img/94170.png,0,1,1,"Analyze the meme and decide: 1=hateful, 0=not hateful."
img/94170.png,0,0,0,"Does this meme contain hate speech or offensive content? Answer 1=yes, 0=no."
img/94170.png,0,0,0,"Evaluate the meme’s image and text together. Is it hateful? Output only 1 for hateful, 0 for not."
img/94170.png,0,0,0,"Look at both the image and the caption. If the meme expresses hate or stereotypes, reply 1. Otherwise reply 0."
img/94170.png,0,0,0,"Does the meme promote hate, discrimination, or offensive stereotypes? Respond with 1 if yes, 0 if no."
img/94170.png,0,0,0,Is the meme offensive or hateful when considering both modalities? Return only 1 or 0.
img/94170.png,0,1,1,"Classify this meme: 1 = hateful or offensive, 0 = not hateful. Output only the digit."
img/94170.png,0,0,0,"Does the meme contain harmful or derogatory content? Answer with a single digit: 1 for yes, 0 for no."
img/04538.png,0,0,0,"Is this meme hateful? Answer 1 for hateful, 0 for not hateful."
img/04538.png,0,0,0,"Considering both the image and the text, is this meme offensive? 1=yes, 0=no."
img/04538.png,0,1,0=not hateful,"Analyze the meme and decide: 1=hateful, 0=not hateful."
img/04538.png,0,0,0,"Does this meme contain hate speech or offensive content? Answer 1=yes, 0=no."
img/04538.png,0,0,0,"Evaluate the meme’s image and text together. Is it hateful? Output only 1 for hateful, 0 for not."
img/04538.png,0,0,0,"Look at both the image and the caption. If the meme expresses hate or stereotypes, reply 1. Otherwise reply 0."
img/04538.png,0,0,0,"Does the meme promote hate, discrimination, or offensive stereotypes? Respond with 1 if yes, 0 if no."
img/04538.png,0,0,0,Is the meme offensive or hateful when considering both modalities? Return only 1 or 0.
img/04538.png,0,1,1,"Classify this meme: 1 = hateful or offensive, 0 = not hateful. Output only the digit."
img/04538.png,0,0,0,"Does the meme contain harmful or derogatory content? Answer with a single digit: 1 for yes, 0 for no."
img/83946.png,1,1,This meme is not hateful.,"Is this meme hateful? Answer 1 for hateful, 0 for not hateful."
img/83946.png,1,1,1,"Considering both the image and the text, is this meme offensive? 1=yes, 0=no."
img/83946.png,1,1,1=hateful,"Analyze the meme and decide: 1=hateful, 0=not hateful."
img/83946.png,1,0,No.,"Does this meme contain hate speech or offensive content? Answer 1=yes, 0=no."
img/83946.png,1,0,0,"Evaluate the meme’s image and text together. Is it hateful? Output only 1 for hateful, 0 for not."
img/83946.png,1,0,0,"Look at both the image and the caption. If the meme expresses hate or stereotypes, reply 1. Otherwise reply 0."
img/83946.png,1,0,0,"Does the meme promote hate, discrimination, or offensive stereotypes? Respond with 1 if yes, 0 if no."
img/83946.png,1,1,1,Is the meme offensive or hateful when considering both modalities? Return only 1 or 0.
img/83946.png,1,1,1,"Classify this meme: 1 = hateful or offensive, 0 = not hateful. Output only the digit."
img/83946.png,1,1,1,"Does the meme contain harmful or derogatory content? Answer with a single digit: 1 for yes, 0 for no."
img/68127.png,0,0,0,"Is this meme hateful? Answer 1 for hateful, 0 for not hateful."
img/68127.png,0,1,1,"Considering both the image and the text, is this meme offensive? 1=yes, 0=no."
img/68127.png,0,1,1,"Analyze the meme and decide: 1=hateful, 0=not hateful."
img/68127.png,0,0,0,"Does this meme contain hate speech or offensive content? Answer 1=yes, 0=no."
img/68127.png,0,0,0,"Evaluate the meme’s image and text together. Is it hateful? Output only 1 for hateful, 0 for not."
img/68127.png,0,1,1,"Look at both the image and the caption. If the meme expresses hate or stereotypes, reply 1. Otherwise reply 0."
img/68127.png,0,0,0,"Does the meme promote hate, discrimination, or offensive stereotypes? Respond with 1 if yes, 0 if no."
img/68127.png,0,1,1,Is the meme offensive or hateful when considering both modalities? Return only 1 or 0.
img/68127.png,0,1,1,"Classify this meme: 1 = hateful or offensive, 0 = not hateful. Output only the digit."
img/68127.png,0,1,1,"Does the meme contain harmful or derogatory content? Answer with a single digit: 1 for yes, 0 for no."
img/97453.png,0,1,This meme is not hateful.,"Is this meme hateful? Answer 1 for hateful, 0 for not hateful."
img/97453.png,0,1,"0, as the meme does not contain any offensive content.","Considering both the image and the text, is this meme offensive? 1=yes, 0=no."
img/97453.png,0,1,1=hateful,"Analyze the meme and decide: 1=hateful, 0=not hateful."
img/97453.png,0,0,No,"Does this meme contain hate speech or offensive content? Answer 1=yes, 0=no."
img/97453.png,0,0,0,"Evaluate the meme’s image and text together. Is it hateful? Output only 1 for hateful, 0 for not."
img/97453.png,0,0,0,"Look at both the image and the caption. If the meme expresses hate or stereotypes, reply 1. Otherwise reply 0."
img/97453.png,0,0,0,"Does the meme promote hate, discrimination, or offensive stereotypes? Respond with 1 if yes, 0 if no."
img/97453.png,0,0,0,Is the meme offensive or hateful when considering both modalities? Return only 1 or 0.
img/97453.png,0,1,1,"Classify this meme: 1 = hateful or offensive, 0 = not hateful. Output only the digit."
img/97453.png,0,0,0,"Does the meme contain harmful or derogatory content? Answer with a single digit: 1 for yes, 0 for no."
img/39578.png,1,1,Hateful.,"Is this meme hateful? Answer 1 for hateful, 0 for not hateful."
img/39578.png,1,0,0,"Considering both the image and the text, is this meme offensive? 1=yes, 0=no."
img/39578.png,1,1,1=hateful,"Analyze the meme and decide: 1=hateful, 0=not hateful."
img/39578.png,1,0,No,"Does this meme contain hate speech or offensive content? Answer 1=yes, 0=no."
img/39578.png,1,0,0,"Evaluate the meme’s image and text together. Is it hateful? Output only 1 for hateful, 0 for not."
img/39578.png,1,0,0,"Look at both the image and the caption. If the meme expresses hate or stereotypes, reply 1. Otherwise reply 0."
img/39578.png,1,0,0,"Does the meme promote hate, discrimination, or offensive stereotypes? Respond with 1 if yes, 0 if no."
img/39578.png,1,1,1,Is the meme offensive or hateful when considering both modalities? Return only 1 or 0.
img/39578.png,1,1,1,"Classify this meme: 1 = hateful or offensive, 0 = not hateful. Output only the digit."
img/39578.png,1,1,1,"Does the meme contain harmful or derogatory content? Answer with a single digit: 1 for yes, 0 for no."
img/49360.png,0,1,1,"Is this meme hateful? Answer 1 for hateful, 0 for not hateful."
img/49360.png,0,1,1,"Considering both the image and the text, is this meme offensive? 1=yes, 0=no."
img/49360.png,0,1,1=hateful,"Analyze the meme and decide: 1=hateful, 0=not hateful."
img/49360.png,0,0,No.,"Does this meme contain hate speech or offensive content? Answer 1=yes, 0=no."
img/49360.png,0,0,0,"Evaluate the meme’s image and text together. Is it hateful? Output only 1 for hateful, 0 for not."
img/49360.png,0,0,0,"Look at both the image and the caption. If the meme expresses hate or stereotypes, reply 1. Otherwise reply 0."
img/49360.png,0,0,0,"Does the meme promote hate, discrimination, or offensive stereotypes? Respond with 1 if yes, 0 if no."
img/49360.png,0,1,1,Is the meme offensive or hateful when considering both modalities? Return only 1 or 0.
img/49360.png,0,1,1,"Classify this meme: 1 = hateful or offensive, 0 = not hateful. Output only the digit."
img/49360.png,0,1,1,"Does the meme contain harmful or derogatory content? Answer with a single digit: 1 for yes, 0 for no."
img/87034.png,0,0,0,"Is this meme hateful? Answer 1 for hateful, 0 for not hateful."
img/87034.png,0,0,0,"Considering both the image and the text, is this meme offensive? 1=yes, 0=no."
img/87034.png,0,1,1,"Analyze the meme and decide: 1=hateful, 0=not hateful."
img/87034.png,0,0,0,"Does this meme contain hate speech or offensive content? Answer 1=yes, 0=no."
img/87034.png,0,0,0,"Evaluate the meme’s image and text together. Is it hateful? Output only 1 for hateful, 0 for not."
img/87034.png,0,0,0,"Look at both the image and the caption. If the meme expresses hate or stereotypes, reply 1. Otherwise reply 0."
img/87034.png,0,0,0,"Does the meme promote hate, discrimination, or offensive stereotypes? Respond with 1 if yes, 0 if no."
img/87034.png,0,0,0,Is the meme offensive or hateful when considering both modalities? Return only 1 or 0.
img/87034.png,0,1,1,"Classify this meme: 1 = hateful or offensive, 0 = not hateful. Output only the digit."
img/87034.png,0,0,0,"Does the meme contain harmful or derogatory content? Answer with a single digit: 1 for yes, 0 for no."
img/06123.png,1,0,0,"Is this meme hateful? Answer 1 for hateful, 0 for not hateful."
img/06123.png,1,0,0=no,"Considering both the image and the text, is this meme offensive? 1=yes, 0=no."
img/06123.png,1,1,0=not hateful,"Analyze the meme and decide: 1=hateful, 0=not hateful."
img/06123.png,1,0,0,"Does this meme contain hate speech or offensive content? Answer 1=yes, 0=no."
img/06123.png,1,0,0,"Evaluate the meme’s image and text together. Is it hateful? Output only 1 for hateful, 0 for not."
img/06123.png,1,1,1,"Look at both the image and the caption. If the meme expresses hate or stereotypes, reply 1. Otherwise reply 0."
img/06123.png,1,0,0,"Does the meme promote hate, discrimination, or offensive stereotypes? Respond with 1 if yes, 0 if no."
img/06123.png,1,0,0,Is the meme offensive or hateful when considering both modalities? Return only 1 or 0.
img/06123.png,1,1,1,"Classify this meme: 1 = hateful or offensive, 0 = not hateful. Output only the digit."
img/06123.png,1,0,0,"Does the meme contain harmful or derogatory content? Answer with a single digit: 1 for yes, 0 for no."
img/17028.png,1,0,0,"Is this meme hateful? Answer 1 for hateful, 0 for not hateful."
img/17028.png,1,1,1,"Considering both the image and the text, is this meme offensive? 1=yes, 0=no."
img/17028.png,1,1,1=hateful,"Analyze the meme and decide: 1=hateful, 0=not hateful."
img/17028.png,1,0,0,"Does this meme contain hate speech or offensive content? Answer 1=yes, 0=no."
img/17028.png,1,0,0,"Evaluate the meme’s image and text together. Is it hateful? Output only 1 for hateful, 0 for not."
img/17028.png,1,0,0,"Look at both the image and the caption. If the meme expresses hate or stereotypes, reply 1. Otherwise reply 0."
img/17028.png,1,0,0,"Does the meme promote hate, discrimination, or offensive stereotypes? Respond with 1 if yes, 0 if no."
img/17028.png,1,1,1,Is the meme offensive or hateful when considering both modalities? Return only 1 or 0.
img/17028.png,1,1,1,"Classify this meme: 1 = hateful or offensive, 0 = not hateful. Output only the digit."
img/17028.png,1,0,0,"Does the meme contain harmful or derogatory content? Answer with a single digit: 1 for yes, 0 for no."
img/42903.png,0,1,1,"Is this meme hateful? Answer 1 for hateful, 0 for not hateful."
img/42903.png,0,1,1,"Considering both the image and the text, is this meme offensive? 1=yes, 0=no."
img/42903.png,0,1,1=hateful,"Analyze the meme and decide: 1=hateful, 0=not hateful."
img/42903.png,0,0,0,"Does this meme contain hate speech or offensive content? Answer 1=yes, 0=no."
img/42903.png,0,0,0,"Evaluate the meme’s image and text together. Is it hateful? Output only 1 for hateful, 0 for not."
img/42903.png,0,1,1,"Look at both the image and the caption. If the meme expresses hate or stereotypes, reply 1. Otherwise reply 0."
img/42903.png,0,1,1,"Does the meme promote hate, discrimination, or offensive stereotypes? Respond with 1 if yes, 0 if no."
img/42903.png,0,1,1,Is the meme offensive or hateful when considering both modalities? Return only 1 or 0.
img/42903.png,0,1,1,"Classify this meme: 1 = hateful or offensive, 0 = not hateful. Output only the digit."
img/42903.png,0,1,1,"Does the meme contain harmful or derogatory content? Answer with a single digit: 1 for yes, 0 for no."
img/71680.png,1,1,1,"Is this meme hateful? Answer 1 for hateful, 0 for not hateful."
img/71680.png,1,1,1=yes,"Considering both the image and the text, is this meme offensive? 1=yes, 0=no."
img/71680.png,1,1,1,"Analyze the meme and decide: 1=hateful, 0=not hateful."
img/71680.png,1,0,0=no,"Does this meme contain hate speech or offensive content? Answer 1=yes, 0=no."
img/71680.png,1,0,0,"Evaluate the meme’s image and text together. Is it hateful? Output only 1 for hateful, 0 for not."
img/71680.png,1,1,1,"Look at both the image and the caption. If the meme expresses hate or stereotypes, reply 1. Otherwise reply 0."
img/71680.png,1,1,1,"Does the meme promote hate, discrimination, or offensive stereotypes? Respond with 1 if yes, 0 if no."
img/71680.png,1,1,"The text ""muslim strip club"" is placed over an image of a herd of goats. The use of goats in this context may be considered offensive or insensitive, as it can be seen as making light of Islamic culture or beliefs. Therefore,",Is the meme offensive or hateful when considering both modalities? Return only 1 or 0.
img/71680.png,1,1,1,"Classify this meme: 1 = hateful or offensive, 0 = not hateful. Output only the digit."
img/71680.png,1,1,1,"Does the meme contain harmful or derogatory content? Answer with a single digit: 1 for yes, 0 for no."
img/24135.png,0,1,1,"Is this meme hateful? Answer 1 for hateful, 0 for not hateful."
img/24135.png,0,1,1,"Considering both the image and the text, is this meme offensive? 1=yes, 0=no."
img/24135.png,0,1,1=hateful,"Analyze the meme and decide: 1=hateful, 0=not hateful."
img/24135.png,0,1,1=yes,"Does this meme contain hate speech or offensive content? Answer 1=yes, 0=no."
img/24135.png,0,0,0,"Evaluate the meme’s image and text together. Is it hateful? Output only 1 for hateful, 0 for not."
img/24135.png,0,1,1,"Look at both the image and the caption. If the meme expresses hate or stereotypes, reply 1. Otherwise reply 0."
img/24135.png,0,0,0,"Does the meme promote hate, discrimination, or offensive stereotypes? Respond with 1 if yes, 0 if no."
img/24135.png,0,1,1,Is the meme offensive or hateful when considering both modalities? Return only 1 or 0.
img/24135.png,0,1,1,"Classify this meme: 1 = hateful or offensive, 0 = not hateful. Output only the digit."
img/24135.png,0,1,1,"Does the meme contain harmful or derogatory content? Answer with a single digit: 1 for yes, 0 for no."
img/32875.png,0,0,0,"Is this meme hateful? Answer 1 for hateful, 0 for not hateful."
img/32875.png,0,0,0,"Considering both the image and the text, is this meme offensive? 1=yes, 0=no."
img/32875.png,0,1,1=hateful,"Analyze the meme and decide: 1=hateful, 0=not hateful."
img/32875.png,0,0,0,"Does this meme contain hate speech or offensive content? Answer 1=yes, 0=no."
img/32875.png,0,0,0,"Evaluate the meme’s image and text together. Is it hateful? Output only 1 for hateful, 0 for not."
img/32875.png,0,0,0,"Look at both the image and the caption. If the meme expresses hate or stereotypes, reply 1. Otherwise reply 0."
img/32875.png,0,0,0,"Does the meme promote hate, discrimination, or offensive stereotypes? Respond with 1 if yes, 0 if no."
img/32875.png,0,0,0,Is the meme offensive or hateful when considering both modalities? Return only 1 or 0.
img/32875.png,0,1,1,"Classify this meme: 1 = hateful or offensive, 0 = not hateful. Output only the digit."
img/32875.png,0,0,0,"Does the meme contain harmful or derogatory content? Answer with a single digit: 1 for yes, 0 for no."
img/79085.png,1,0,0,"Is this meme hateful? Answer 1 for hateful, 0 for not hateful."
img/79085.png,1,0,0=no,"Considering both the image and the text, is this meme offensive? 1=yes, 0=no."
img/79085.png,1,1,1,"Analyze the meme and decide: 1=hateful, 0=not hateful."
img/79085.png,1,0,0,"Does this meme contain hate speech or offensive content? Answer 1=yes, 0=no."
img/79085.png,1,0,0,"Evaluate the meme’s image and text together. Is it hateful? Output only 1 for hateful, 0 for not."
img/79085.png,1,0,0,"Look at both the image and the caption. If the meme expresses hate or stereotypes, reply 1. Otherwise reply 0."
img/79085.png,1,0,0,"Does the meme promote hate, discrimination, or offensive stereotypes? Respond with 1 if yes, 0 if no."
img/79085.png,1,0,0,Is the meme offensive or hateful when considering both modalities? Return only 1 or 0.
img/79085.png,1,0,0,"Classify this meme: 1 = hateful or offensive, 0 = not hateful. Output only the digit."
img/79085.png,1,0,0,"Does the meme contain harmful or derogatory content? Answer with a single digit: 1 for yes, 0 for no."
img/61872.png,1,1,This meme is not hateful.,"Is this meme hateful? Answer 1 for hateful, 0 for not hateful."
img/61872.png,1,1,1,"Considering both the image and the text, is this meme offensive? 1=yes, 0=no."
img/61872.png,1,1,1,"Analyze the meme and decide: 1=hateful, 0=not hateful."
img/61872.png,1,0,No,"Does this meme contain hate speech or offensive content? Answer 1=yes, 0=no."
img/61872.png,1,0,0,"Evaluate the meme’s image and text together. Is it hateful? Output only 1 for hateful, 0 for not."
img/61872.png,1,0,0,"Look at both the image and the caption. If the meme expresses hate or stereotypes, reply 1. Otherwise reply 0."
img/61872.png,1,0,0,"Does the meme promote hate, discrimination, or offensive stereotypes? Respond with 1 if yes, 0 if no."
img/61872.png,1,0,The meme is not offensive or hateful when considering both modalities.,Is the meme offensive or hateful when considering both modalities? Return only 1 or 0.
img/61872.png,1,1,1,"Classify this meme: 1 = hateful or offensive, 0 = not hateful. Output only the digit."
img/61872.png,1,1,1,"Does the meme contain harmful or derogatory content? Answer with a single digit: 1 for yes, 0 for no."
img/30579.png,0,1,1,"Is this meme hateful? Answer 1 for hateful, 0 for not hateful."
img/30579.png,0,1,1=yes,"Considering both the image and the text, is this meme offensive? 1=yes, 0=no."
img/30579.png,0,1,1=hateful,"Analyze the meme and decide: 1=hateful, 0=not hateful."
img/30579.png,0,1,"Yes, the meme contains hate speech with the text ""white power!"", which is an offensive and racist statement.","Does this meme contain hate speech or offensive content? Answer 1=yes, 0=no."
img/30579.png,0,1,1,"Evaluate the meme’s image and text together. Is it hateful? Output only 1 for hateful, 0 for not."
img/30579.png,0,1,1,"Look at both the image and the caption. If the meme expresses hate or stereotypes, reply 1. Otherwise reply 0."
img/30579.png,0,1,1,"Does the meme promote hate, discrimination, or offensive stereotypes? Respond with 1 if yes, 0 if no."
img/30579.png,0,1,1,Is the meme offensive or hateful when considering both modalities? Return only 1 or 0.
img/30579.png,0,1,1,"Classify this meme: 1 = hateful or offensive, 0 = not hateful. Output only the digit."
img/30579.png,0,1,1,"Does the meme contain harmful or derogatory content? Answer with a single digit: 1 for yes, 0 for no."
img/62504.png,0,1,"This meme is not hateful. The text is a play on words, using the phrase ""we've taken this country"" from the context of the Daleks from the TV show Doctor Who, and replacing it with ""this country"" to refer to","Is this meme hateful? Answer 1 for hateful, 0 for not hateful."
img/62504.png,0,1,1,"Considering both the image and the text, is this meme offensive? 1=yes, 0=no."
img/62504.png,0,1,1=hateful,"Analyze the meme and decide: 1=hateful, 0=not hateful."
img/62504.png,0,1,1=yes,"Does this meme contain hate speech or offensive content? Answer 1=yes, 0=no."
img/62504.png,0,0,0,"Evaluate the meme’s image and text together. Is it hateful? Output only 1 for hateful, 0 for not."
img/62504.png,0,0,0,"Look at both the image and the caption. If the meme expresses hate or stereotypes, reply 1. Otherwise reply 0."
img/62504.png,0,0,0,"Does the meme promote hate, discrimination, or offensive stereotypes? Respond with 1 if yes, 0 if no."
img/62504.png,0,1,"The meme is offensive and hateful when considering both modalities. It uses offensive language and promotes violence towards a specific group, which is inappropriate and disrespectful.",Is the meme offensive or hateful when considering both modalities? Return only 1 or 0.
img/62504.png,0,1,1,"Classify this meme: 1 = hateful or offensive, 0 = not hateful. Output only the digit."
img/62504.png,0,1,1,"Does the meme contain harmful or derogatory content? Answer with a single digit: 1 for yes, 0 for no."
img/43810.png,1,1,This meme is not hateful.,"Is this meme hateful? Answer 1 for hateful, 0 for not hateful."
img/43810.png,1,0,0,"Considering both the image and the text, is this meme offensive? 1=yes, 0=no."
img/43810.png,1,1,1=hateful,"Analyze the meme and decide: 1=hateful, 0=not hateful."
img/43810.png,1,0,0,"Does this meme contain hate speech or offensive content? Answer 1=yes, 0=no."
img/43810.png,1,0,0,"Evaluate the meme’s image and text together. Is it hateful? Output only 1 for hateful, 0 for not."
img/43810.png,1,0,0,"Look at both the image and the caption. If the meme expresses hate or stereotypes, reply 1. Otherwise reply 0."
img/43810.png,1,0,0,"Does the meme promote hate, discrimination, or offensive stereotypes? Respond with 1 if yes, 0 if no."
img/43810.png,1,0,0,Is the meme offensive or hateful when considering both modalities? Return only 1 or 0.
img/43810.png,1,1,1,"Classify this meme: 1 = hateful or offensive, 0 = not hateful. Output only the digit."
img/43810.png,1,0,0,"Does the meme contain harmful or derogatory content? Answer with a single digit: 1 for yes, 0 for no."
img/19730.png,1,0,0,"Is this meme hateful? Answer 1 for hateful, 0 for not hateful."
img/19730.png,1,0,0,"Considering both the image and the text, is this meme offensive? 1=yes, 0=no."
img/19730.png,1,1,1=hateful,"Analyze the meme and decide: 1=hateful, 0=not hateful."
img/19730.png,1,0,0,"Does this meme contain hate speech or offensive content? Answer 1=yes, 0=no."
img/19730.png,1,0,0,"Evaluate the meme’s image and text together. Is it hateful? Output only 1 for hateful, 0 for not."
img/19730.png,1,0,0,"Look at both the image and the caption. If the meme expresses hate or stereotypes, reply 1. Otherwise reply 0."
img/19730.png,1,0,0,"Does the meme promote hate, discrimination, or offensive stereotypes? Respond with 1 if yes, 0 if no."
img/19730.png,1,0,0,Is the meme offensive or hateful when considering both modalities? Return only 1 or 0.
img/19730.png,1,1,1,"Classify this meme: 1 = hateful or offensive, 0 = not hateful. Output only the digit."
img/19730.png,1,1,1,"Does the meme contain harmful or derogatory content? Answer with a single digit: 1 for yes, 0 for no."
img/37420.png,0,1,1,"Is this meme hateful? Answer 1 for hateful, 0 for not hateful."
img/37420.png,0,0,0,"Considering both the image and the text, is this meme offensive? 1=yes, 0=no."
img/37420.png,0,1,1=hateful,"Analyze the meme and decide: 1=hateful, 0=not hateful."
img/37420.png,0,0,No,"Does this meme contain hate speech or offensive content? Answer 1=yes, 0=no."
img/37420.png,0,0,0,"Evaluate the meme’s image and text together. Is it hateful? Output only 1 for hateful, 0 for not."
img/37420.png,0,0,0,"Look at both the image and the caption. If the meme expresses hate or stereotypes, reply 1. Otherwise reply 0."
img/37420.png,0,0,0,"Does the meme promote hate, discrimination, or offensive stereotypes? Respond with 1 if yes, 0 if no."
img/37420.png,0,1,1,Is the meme offensive or hateful when considering both modalities? Return only 1 or 0.
img/37420.png,0,1,1,"Classify this meme: 1 = hateful or offensive, 0 = not hateful. Output only the digit."
img/37420.png,0,1,1,"Does the meme contain harmful or derogatory content? Answer with a single digit: 1 for yes, 0 for no."
img/82509.png,0,1,1,"Is this meme hateful? Answer 1 for hateful, 0 for not hateful."
img/82509.png,0,1,"Yes, the meme is offensive.","Considering both the image and the text, is this meme offensive? 1=yes, 0=no."
img/82509.png,0,1,1=hateful,"Analyze the meme and decide: 1=hateful, 0=not hateful."
img/82509.png,0,1,1,"Does this meme contain hate speech or offensive content? Answer 1=yes, 0=no."
img/82509.png,0,0,0,"Evaluate the meme’s image and text together. Is it hateful? Output only 1 for hateful, 0 for not."
img/82509.png,0,0,0,"Look at both the image and the caption. If the meme expresses hate or stereotypes, reply 1. Otherwise reply 0."
img/82509.png,0,0,0,"Does the meme promote hate, discrimination, or offensive stereotypes? Respond with 1 if yes, 0 if no."
img/82509.png,0,1,1,Is the meme offensive or hateful when considering both modalities? Return only 1 or 0.
img/82509.png,0,1,1,"Classify this meme: 1 = hateful or offensive, 0 = not hateful. Output only the digit."
img/82509.png,0,1,1,"Does the meme contain harmful or derogatory content? Answer with a single digit: 1 for yes, 0 for no."
img/96284.png,1,1,1,"Is this meme hateful? Answer 1 for hateful, 0 for not hateful."
img/96284.png,1,1,1,"Considering both the image and the text, is this meme offensive? 1=yes, 0=no."
img/96284.png,1,1,1=hateful,"Analyze the meme and decide: 1=hateful, 0=not hateful."
img/96284.png,1,0,0=no,"Does this meme contain hate speech or offensive content? Answer 1=yes, 0=no."
img/96284.png,1,0,0,"Evaluate the meme’s image and text together. Is it hateful? Output only 1 for hateful, 0 for not."
img/96284.png,1,0,0,"Look at both the image and the caption. If the meme expresses hate or stereotypes, reply 1. Otherwise reply 0."
img/96284.png,1,0,0,"Does the meme promote hate, discrimination, or offensive stereotypes? Respond with 1 if yes, 0 if no."
img/96284.png,1,1,1,Is the meme offensive or hateful when considering both modalities? Return only 1 or 0.
img/96284.png,1,1,1,"Classify this meme: 1 = hateful or offensive, 0 = not hateful. Output only the digit."
img/96284.png,1,1,1,"Does the meme contain harmful or derogatory content? Answer with a single digit: 1 for yes, 0 for no."
img/97068.png,1,1,This meme is not hateful.,"Is this meme hateful? Answer 1 for hateful, 0 for not hateful."
img/97068.png,1,1,1,"Considering both the image and the text, is this meme offensive? 1=yes, 0=no."
img/97068.png,1,1,1=hateful,"Analyze the meme and decide: 1=hateful, 0=not hateful."
img/97068.png,1,0,No.,"Does this meme contain hate speech or offensive content? Answer 1=yes, 0=no."
img/97068.png,1,0,0,"Evaluate the meme’s image and text together. Is it hateful? Output only 1 for hateful, 0 for not."
img/97068.png,1,1,1,"Look at both the image and the caption. If the meme expresses hate or stereotypes, reply 1. Otherwise reply 0."
img/97068.png,1,0,0,"Does the meme promote hate, discrimination, or offensive stereotypes? Respond with 1 if yes, 0 if no."
img/97068.png,1,1,"The meme is offensive when considering both modalities. It features a photograph of Adolf Hitler with the caption ""these hitler jokes are rude anne frankly i don't care,"" which is disrespectful and inappropriate. Additionally, the use of the ""Anne",Is the meme offensive or hateful when considering both modalities? Return only 1 or 0.
img/97068.png,1,1,1,"Classify this meme: 1 = hateful or offensive, 0 = not hateful. Output only the digit."
img/97068.png,1,1,1,"Does the meme contain harmful or derogatory content? Answer with a single digit: 1 for yes, 0 for no."
img/03214.png,0,1,This meme is not hateful.,"Is this meme hateful? Answer 1 for hateful, 0 for not hateful."
img/03214.png,0,1,1=yes,"Considering both the image and the text, is this meme offensive? 1=yes, 0=no."
img/03214.png,0,1,1=hateful,"Analyze the meme and decide: 1=hateful, 0=not hateful."
img/03214.png,0,0,No.,"Does this meme contain hate speech or offensive content? Answer 1=yes, 0=no."
img/03214.png,0,0,0,"Evaluate the meme’s image and text together. Is it hateful? Output only 1 for hateful, 0 for not."
img/03214.png,0,0,0,"Look at both the image and the caption. If the meme expresses hate or stereotypes, reply 1. Otherwise reply 0."
img/03214.png,0,0,No.,"Does the meme promote hate, discrimination, or offensive stereotypes? Respond with 1 if yes, 0 if no."
img/03214.png,0,1,"The meme is offensive when considering both modalities. It makes light of child trafficking and exploitation, which is a serious issue. Additionally, it implies that the person being referred to as a ""nice 12-year-old"" is a potential object",Is the meme offensive or hateful when considering both modalities? Return only 1 or 0.
img/03214.png,0,1,1,"Classify this meme: 1 = hateful or offensive, 0 = not hateful. Output only the digit."
img/03214.png,0,1,1,"Does the meme contain harmful or derogatory content? Answer with a single digit: 1 for yes, 0 for no."
img/23810.png,1,0,0,"Is this meme hateful? Answer 1 for hateful, 0 for not hateful."
img/23810.png,1,0,0=no.,"Considering both the image and the text, is this meme offensive? 1=yes, 0=no."
img/23810.png,1,1,1,"Analyze the meme and decide: 1=hateful, 0=not hateful."
img/23810.png,1,0,0=no,"Does this meme contain hate speech or offensive content? Answer 1=yes, 0=no."
img/23810.png,1,0,0,"Evaluate the meme’s image and text together. Is it hateful? Output only 1 for hateful, 0 for not."
img/23810.png,1,0,0,"Look at both the image and the caption. If the meme expresses hate or stereotypes, reply 1. Otherwise reply 0."
img/23810.png,1,0,0,"Does the meme promote hate, discrimination, or offensive stereotypes? Respond with 1 if yes, 0 if no."
img/23810.png,1,1,1,Is the meme offensive or hateful when considering both modalities? Return only 1 or 0.
img/23810.png,1,1,1,"Classify this meme: 1 = hateful or offensive, 0 = not hateful. Output only the digit."
img/23810.png,1,0,0,"Does the meme contain harmful or derogatory content? Answer with a single digit: 1 for yes, 0 for no."
img/91836.png,1,1,1,"Is this meme hateful? Answer 1 for hateful, 0 for not hateful."
img/91836.png,1,1,1,"Considering both the image and the text, is this meme offensive? 1=yes, 0=no."
img/91836.png,1,1,1=hateful,"Analyze the meme and decide: 1=hateful, 0=not hateful."
img/91836.png,1,0,0,"Does this meme contain hate speech or offensive content? Answer 1=yes, 0=no."
img/91836.png,1,0,0,"Evaluate the meme’s image and text together. Is it hateful? Output only 1 for hateful, 0 for not."
img/91836.png,1,0,0,"Look at both the image and the caption. If the meme expresses hate or stereotypes, reply 1. Otherwise reply 0."
img/91836.png,1,0,0,"Does the meme promote hate, discrimination, or offensive stereotypes? Respond with 1 if yes, 0 if no."
img/91836.png,1,1,1,Is the meme offensive or hateful when considering both modalities? Return only 1 or 0.
img/91836.png,1,1,1,"Classify this meme: 1 = hateful or offensive, 0 = not hateful. Output only the digit."
img/91836.png,1,1,1,"Does the meme contain harmful or derogatory content? Answer with a single digit: 1 for yes, 0 for no."
img/05126.png,1,1,1,"Is this meme hateful? Answer 1 for hateful, 0 for not hateful."
img/05126.png,1,1,1,"Considering both the image and the text, is this meme offensive? 1=yes, 0=no."
img/05126.png,1,1,1=hateful,"Analyze the meme and decide: 1=hateful, 0=not hateful."
img/05126.png,1,0,0,"Does this meme contain hate speech or offensive content? Answer 1=yes, 0=no."
img/05126.png,1,0,0,"Evaluate the meme’s image and text together. Is it hateful? Output only 1 for hateful, 0 for not."
img/05126.png,1,0,0,"Look at both the image and the caption. If the meme expresses hate or stereotypes, reply 1. Otherwise reply 0."
img/05126.png,1,0,0,"Does the meme promote hate, discrimination, or offensive stereotypes? Respond with 1 if yes, 0 if no."
img/05126.png,1,1,1,Is the meme offensive or hateful when considering both modalities? Return only 1 or 0.
img/05126.png,1,1,1,"Classify this meme: 1 = hateful or offensive, 0 = not hateful. Output only the digit."
img/05126.png,1,1,1,"Does the meme contain harmful or derogatory content? Answer with a single digit: 1 for yes, 0 for no."
img/76092.png,0,0,0,"Is this meme hateful? Answer 1 for hateful, 0 for not hateful."
img/76092.png,0,0,0,"Considering both the image and the text, is this meme offensive? 1=yes, 0=no."
img/76092.png,0,1,1,"Analyze the meme and decide: 1=hateful, 0=not hateful."
img/76092.png,0,0,0,"Does this meme contain hate speech or offensive content? Answer 1=yes, 0=no."
img/76092.png,0,0,0,"Evaluate the meme’s image and text together. Is it hateful? Output only 1 for hateful, 0 for not."
img/76092.png,0,0,0,"Look at both the image and the caption. If the meme expresses hate or stereotypes, reply 1. Otherwise reply 0."
img/76092.png,0,0,0,"Does the meme promote hate, discrimination, or offensive stereotypes? Respond with 1 if yes, 0 if no."
img/76092.png,0,0,0,Is the meme offensive or hateful when considering both modalities? Return only 1 or 0.
img/76092.png,0,1,1,"Classify this meme: 1 = hateful or offensive, 0 = not hateful. Output only the digit."
img/76092.png,0,0,0,"Does the meme contain harmful or derogatory content? Answer with a single digit: 1 for yes, 0 for no."
img/64072.png,1,1,This meme is not hateful.,"Is this meme hateful? Answer 1 for hateful, 0 for not hateful."
img/64072.png,1,1,"Yes, this meme is offensive.","Considering both the image and the text, is this meme offensive? 1=yes, 0=no."
img/64072.png,1,1,1=hateful,"Analyze the meme and decide: 1=hateful, 0=not hateful."
img/64072.png,1,1,Yes.,"Does this meme contain hate speech or offensive content? Answer 1=yes, 0=no."
img/64072.png,1,1,1,"Evaluate the meme’s image and text together. Is it hateful? Output only 1 for hateful, 0 for not."
img/64072.png,1,0,0,"Look at both the image and the caption. If the meme expresses hate or stereotypes, reply 1. Otherwise reply 0."
img/64072.png,1,0,0,"Does the meme promote hate, discrimination, or offensive stereotypes? Respond with 1 if yes, 0 if no."
img/64072.png,1,1,1,Is the meme offensive or hateful when considering both modalities? Return only 1 or 0.
img/64072.png,1,1,1,"Classify this meme: 1 = hateful or offensive, 0 = not hateful. Output only the digit."
img/64072.png,1,1,1,"Does the meme contain harmful or derogatory content? Answer with a single digit: 1 for yes, 0 for no."
img/91058.png,1,1,1,"Is this meme hateful? Answer 1 for hateful, 0 for not hateful."
img/91058.png,1,1,1,"Considering both the image and the text, is this meme offensive? 1=yes, 0=no."
img/91058.png,1,1,1=hateful,"Analyze the meme and decide: 1=hateful, 0=not hateful."
img/91058.png,1,1,"Yes, the meme contains hate speech and offensive content as it makes a joke about Hitler and his invasion of Poland, which is a sensitive and offensive topic.","Does this meme contain hate speech or offensive content? Answer 1=yes, 0=no."
img/91058.png,1,1,1,"Evaluate the meme’s image and text together. Is it hateful? Output only 1 for hateful, 0 for not."
img/91058.png,1,1,1,"Look at both the image and the caption. If the meme expresses hate or stereotypes, reply 1. Otherwise reply 0."
img/91058.png,1,1,1,"Does the meme promote hate, discrimination, or offensive stereotypes? Respond with 1 if yes, 0 if no."
img/91058.png,1,1,1,Is the meme offensive or hateful when considering both modalities? Return only 1 or 0.
img/91058.png,1,1,1,"Classify this meme: 1 = hateful or offensive, 0 = not hateful. Output only the digit."
img/91058.png,1,1,1,"Does the meme contain harmful or derogatory content? Answer with a single digit: 1 for yes, 0 for no."
img/21643.png,0,0,0,"Is this meme hateful? Answer 1 for hateful, 0 for not hateful."
img/21643.png,0,1,1,"Considering both the image and the text, is this meme offensive? 1=yes, 0=no."
img/21643.png,0,1,1,"Analyze the meme and decide: 1=hateful, 0=not hateful."
img/21643.png,0,0,0,"Does this meme contain hate speech or offensive content? Answer 1=yes, 0=no."
img/21643.png,0,0,0,"Evaluate the meme’s image and text together. Is it hateful? Output only 1 for hateful, 0 for not."
img/21643.png,0,1,1,"Look at both the image and the caption. If the meme expresses hate or stereotypes, reply 1. Otherwise reply 0."
img/21643.png,0,0,0,"Does the meme promote hate, discrimination, or offensive stereotypes? Respond with 1 if yes, 0 if no."
img/21643.png,0,1,1,Is the meme offensive or hateful when considering both modalities? Return only 1 or 0.
img/21643.png,0,1,1,"Classify this meme: 1 = hateful or offensive, 0 = not hateful. Output only the digit."
img/21643.png,0,1,1,"Does the meme contain harmful or derogatory content? Answer with a single digit: 1 for yes, 0 for no."
img/19523.png,0,1,"This meme is not hateful. The text reads ""they see them rollin.... they hating..."" which implies that the person riding the bike with a cat is being laughed at or disliked, but it does not promote hate towards any particular group.","Is this meme hateful? Answer 1 for hateful, 0 for not hateful."
img/19523.png,0,0,0=no,"Considering both the image and the text, is this meme offensive? 1=yes, 0=no."
img/19523.png,0,1,1=hateful,"Analyze the meme and decide: 1=hateful, 0=not hateful."
img/19523.png,0,0,0,"Does this meme contain hate speech or offensive content? Answer 1=yes, 0=no."
img/19523.png,0,0,0,"Evaluate the meme’s image and text together. Is it hateful? Output only 1 for hateful, 0 for not."
img/19523.png,0,1,1,"Look at both the image and the caption. If the meme expresses hate or stereotypes, reply 1. Otherwise reply 0."
img/19523.png,0,0,0,"Does the meme promote hate, discrimination, or offensive stereotypes? Respond with 1 if yes, 0 if no."
img/19523.png,0,1,1,Is the meme offensive or hateful when considering both modalities? Return only 1 or 0.
img/19523.png,0,1,1,"Classify this meme: 1 = hateful or offensive, 0 = not hateful. Output only the digit."
img/19523.png,0,0,0,"Does the meme contain harmful or derogatory content? Answer with a single digit: 1 for yes, 0 for no."
img/32691.png,1,1,1,"Is this meme hateful? Answer 1 for hateful, 0 for not hateful."
img/32691.png,1,1,1,"Considering both the image and the text, is this meme offensive? 1=yes, 0=no."
img/32691.png,1,1,1,"Analyze the meme and decide: 1=hateful, 0=not hateful."
img/32691.png,1,1,1,"Does this meme contain hate speech or offensive content? Answer 1=yes, 0=no."
img/32691.png,1,1,1,"Evaluate the meme’s image and text together. Is it hateful? Output only 1 for hateful, 0 for not."
img/32691.png,1,0,0,"Look at both the image and the caption. If the meme expresses hate or stereotypes, reply 1. Otherwise reply 0."
img/32691.png,1,0,0,"Does the meme promote hate, discrimination, or offensive stereotypes? Respond with 1 if yes, 0 if no."
img/32691.png,1,1,1,Is the meme offensive or hateful when considering both modalities? Return only 1 or 0.
img/32691.png,1,1,1,"Classify this meme: 1 = hateful or offensive, 0 = not hateful. Output only the digit."
img/32691.png,1,1,1,"Does the meme contain harmful or derogatory content? Answer with a single digit: 1 for yes, 0 for no."
img/87169.png,1,1,1,"Is this meme hateful? Answer 1 for hateful, 0 for not hateful."
img/87169.png,1,1,1,"Considering both the image and the text, is this meme offensive? 1=yes, 0=no."
img/87169.png,1,1,1,"Analyze the meme and decide: 1=hateful, 0=not hateful."
img/87169.png,1,0,No,"Does this meme contain hate speech or offensive content? Answer 1=yes, 0=no."
img/87169.png,1,0,0,"Evaluate the meme’s image and text together. Is it hateful? Output only 1 for hateful, 0 for not."
img/87169.png,1,1,1,"Look at both the image and the caption. If the meme expresses hate or stereotypes, reply 1. Otherwise reply 0."
img/87169.png,1,1,1,"Does the meme promote hate, discrimination, or offensive stereotypes? Respond with 1 if yes, 0 if no."
img/87169.png,1,1,1,Is the meme offensive or hateful when considering both modalities? Return only 1 or 0.
img/87169.png,1,1,1,"Classify this meme: 1 = hateful or offensive, 0 = not hateful. Output only the digit."
img/87169.png,1,1,1,"Does the meme contain harmful or derogatory content? Answer with a single digit: 1 for yes, 0 for no."
img/92738.png,1,0,0,"Is this meme hateful? Answer 1 for hateful, 0 for not hateful."
img/92738.png,1,0,0,"Considering both the image and the text, is this meme offensive? 1=yes, 0=no."
img/92738.png,1,1,1=hateful,"Analyze the meme and decide: 1=hateful, 0=not hateful."
img/92738.png,1,0,0,"Does this meme contain hate speech or offensive content? Answer 1=yes, 0=no."
img/92738.png,1,0,0,"Evaluate the meme’s image and text together. Is it hateful? Output only 1 for hateful, 0 for not."
img/92738.png,1,0,0,"Look at both the image and the caption. If the meme expresses hate or stereotypes, reply 1. Otherwise reply 0."
img/92738.png,1,0,0,"Does the meme promote hate, discrimination, or offensive stereotypes? Respond with 1 if yes, 0 if no."
img/92738.png,1,0,0,Is the meme offensive or hateful when considering both modalities? Return only 1 or 0.
img/92738.png,1,1,1,"Classify this meme: 1 = hateful or offensive, 0 = not hateful. Output only the digit."
img/92738.png,1,0,0,"Does the meme contain harmful or derogatory content? Answer with a single digit: 1 for yes, 0 for no."
img/53027.png,0,0,0,"Is this meme hateful? Answer 1 for hateful, 0 for not hateful."
img/53027.png,0,0,0,"Considering both the image and the text, is this meme offensive? 1=yes, 0=no."
img/53027.png,0,0,0,"Analyze the meme and decide: 1=hateful, 0=not hateful."
img/53027.png,0,0,0,"Does this meme contain hate speech or offensive content? Answer 1=yes, 0=no."
img/53027.png,0,0,0,"Evaluate the meme’s image and text together. Is it hateful? Output only 1 for hateful, 0 for not."
img/53027.png,0,0,0,"Look at both the image and the caption. If the meme expresses hate or stereotypes, reply 1. Otherwise reply 0."
img/53027.png,0,0,0,"Does the meme promote hate, discrimination, or offensive stereotypes? Respond with 1 if yes, 0 if no."
img/53027.png,0,0,0,Is the meme offensive or hateful when considering both modalities? Return only 1 or 0.
img/53027.png,0,0,0,"Classify this meme: 1 = hateful or offensive, 0 = not hateful. Output only the digit."
img/53027.png,0,0,0,"Does the meme contain harmful or derogatory content? Answer with a single digit: 1 for yes, 0 for no."
img/27195.png,0,0,0,"Is this meme hateful? Answer 1 for hateful, 0 for not hateful."
img/27195.png,0,0,0,"Considering both the image and the text, is this meme offensive? 1=yes, 0=no."
img/27195.png,0,1,1,"Analyze the meme and decide: 1=hateful, 0=not hateful."
img/27195.png,0,0,0,"Does this meme contain hate speech or offensive content? Answer 1=yes, 0=no."
img/27195.png,0,0,0,"Evaluate the meme’s image and text together. Is it hateful? Output only 1 for hateful, 0 for not."
img/27195.png,0,0,0,"Look at both the image and the caption. If the meme expresses hate or stereotypes, reply 1. Otherwise reply 0."
img/27195.png,0,0,0,"Does the meme promote hate, discrimination, or offensive stereotypes? Respond with 1 if yes, 0 if no."
img/27195.png,0,0,0,Is the meme offensive or hateful when considering both modalities? Return only 1 or 0.
img/27195.png,0,1,1,"Classify this meme: 1 = hateful or offensive, 0 = not hateful. Output only the digit."
img/27195.png,0,0,0,"Does the meme contain harmful or derogatory content? Answer with a single digit: 1 for yes, 0 for no."
img/43910.png,1,1,1,"Is this meme hateful? Answer 1 for hateful, 0 for not hateful."
img/43910.png,1,1,1,"Considering both the image and the text, is this meme offensive? 1=yes, 0=no."
img/43910.png,1,1,1=hateful,"Analyze the meme and decide: 1=hateful, 0=not hateful."
img/43910.png,1,0,No,"Does this meme contain hate speech or offensive content? Answer 1=yes, 0=no."
img/43910.png,1,0,0,"Evaluate the meme’s image and text together. Is it hateful? Output only 1 for hateful, 0 for not."
img/43910.png,1,0,0,"Look at both the image and the caption. If the meme expresses hate or stereotypes, reply 1. Otherwise reply 0."
img/43910.png,1,0,0,"Does the meme promote hate, discrimination, or offensive stereotypes? Respond with 1 if yes, 0 if no."
img/43910.png,1,1,1,Is the meme offensive or hateful when considering both modalities? Return only 1 or 0.
img/43910.png,1,1,1,"Classify this meme: 1 = hateful or offensive, 0 = not hateful. Output only the digit."
img/43910.png,1,1,1,"Does the meme contain harmful or derogatory content? Answer with a single digit: 1 for yes, 0 for no."
img/05213.png,0,0,0,"Is this meme hateful? Answer 1 for hateful, 0 for not hateful."
img/05213.png,0,1,1,"Considering both the image and the text, is this meme offensive? 1=yes, 0=no."
img/05213.png,0,1,1=hateful,"Analyze the meme and decide: 1=hateful, 0=not hateful."
img/05213.png,0,0,No.,"Does this meme contain hate speech or offensive content? Answer 1=yes, 0=no."
img/05213.png,0,0,0,"Evaluate the meme’s image and text together. Is it hateful? Output only 1 for hateful, 0 for not."
img/05213.png,0,0,0,"Look at both the image and the caption. If the meme expresses hate or stereotypes, reply 1. Otherwise reply 0."
img/05213.png,0,0,0,"Does the meme promote hate, discrimination, or offensive stereotypes? Respond with 1 if yes, 0 if no."
img/05213.png,0,1,1,Is the meme offensive or hateful when considering both modalities? Return only 1 or 0.
img/05213.png,0,1,1,"Classify this meme: 1 = hateful or offensive, 0 = not hateful. Output only the digit."
img/05213.png,0,1,1,"Does the meme contain harmful or derogatory content? Answer with a single digit: 1 for yes, 0 for no."
img/73945.png,0,1,1,"Is this meme hateful? Answer 1 for hateful, 0 for not hateful."
img/73945.png,0,1,1,"Considering both the image and the text, is this meme offensive? 1=yes, 0=no."
img/73945.png,0,1,1,"Analyze the meme and decide: 1=hateful, 0=not hateful."
img/73945.png,0,0,0,"Does this meme contain hate speech or offensive content? Answer 1=yes, 0=no."
img/73945.png,0,1,1,"Evaluate the meme’s image and text together. Is it hateful? Output only 1 for hateful, 0 for not."
img/73945.png,0,1,1,"Look at both the image and the caption. If the meme expresses hate or stereotypes, reply 1. Otherwise reply 0."
img/73945.png,0,0,0,"Does the meme promote hate, discrimination, or offensive stereotypes? Respond with 1 if yes, 0 if no."
img/73945.png,0,1,1,Is the meme offensive or hateful when considering both modalities? Return only 1 or 0.
img/73945.png,0,1,1,"Classify this meme: 1 = hateful or offensive, 0 = not hateful. Output only the digit."
img/73945.png,0,1,1,"Does the meme contain harmful or derogatory content? Answer with a single digit: 1 for yes, 0 for no."
img/56207.png,1,0,0,"Is this meme hateful? Answer 1 for hateful, 0 for not hateful."
img/56207.png,1,0,0,"Considering both the image and the text, is this meme offensive? 1=yes, 0=no."
img/56207.png,1,1,1=hateful,"Analyze the meme and decide: 1=hateful, 0=not hateful."
img/56207.png,1,0,0,"Does this meme contain hate speech or offensive content? Answer 1=yes, 0=no."
img/56207.png,1,0,0,"Evaluate the meme’s image and text together. Is it hateful? Output only 1 for hateful, 0 for not."
img/56207.png,1,0,0,"Look at both the image and the caption. If the meme expresses hate or stereotypes, reply 1. Otherwise reply 0."
img/56207.png,1,0,0,"Does the meme promote hate, discrimination, or offensive stereotypes? Respond with 1 if yes, 0 if no."
img/56207.png,1,0,0,Is the meme offensive or hateful when considering both modalities? Return only 1 or 0.
img/56207.png,1,1,1,"Classify this meme: 1 = hateful or offensive, 0 = not hateful. Output only the digit."
img/56207.png,1,0,0,"Does the meme contain harmful or derogatory content? Answer with a single digit: 1 for yes, 0 for no."
img/68459.png,1,0,0,"Is this meme hateful? Answer 1 for hateful, 0 for not hateful."
img/68459.png,1,0,0,"Considering both the image and the text, is this meme offensive? 1=yes, 0=no."
img/68459.png,1,1,1=hateful,"Analyze the meme and decide: 1=hateful, 0=not hateful."
img/68459.png,1,0,0=no,"Does this meme contain hate speech or offensive content? Answer 1=yes, 0=no."
img/68459.png,1,0,0,"Evaluate the meme’s image and text together. Is it hateful? Output only 1 for hateful, 0 for not."
img/68459.png,1,0,0,"Look at both the image and the caption. If the meme expresses hate or stereotypes, reply 1. Otherwise reply 0."
img/68459.png,1,0,0,"Does the meme promote hate, discrimination, or offensive stereotypes? Respond with 1 if yes, 0 if no."
img/68459.png,1,0,0,Is the meme offensive or hateful when considering both modalities? Return only 1 or 0.
img/68459.png,1,1,1,"Classify this meme: 1 = hateful or offensive, 0 = not hateful. Output only the digit."
img/68459.png,1,0,0,"Does the meme contain harmful or derogatory content? Answer with a single digit: 1 for yes, 0 for no."
img/63175.png,0,0,0,"Is this meme hateful? Answer 1 for hateful, 0 for not hateful."
img/63175.png,0,1,1,"Considering both the image and the text, is this meme offensive? 1=yes, 0=no."
img/63175.png,0,1,"The text in the meme is not hateful. However, the image of the woman smiling and the phrase ""oh my god, skittles"" may be considered offensive or inappropriate for some people. It is important to consider the context and audience when","Analyze the meme and decide: 1=hateful, 0=not hateful."
img/63175.png,0,0,No,"Does this meme contain hate speech or offensive content? Answer 1=yes, 0=no."
img/63175.png,0,0,0,"Evaluate the meme’s image and text together. Is it hateful? Output only 1 for hateful, 0 for not."
img/63175.png,0,0,0,"Look at both the image and the caption. If the meme expresses hate or stereotypes, reply 1. Otherwise reply 0."
img/63175.png,0,0,0,"Does the meme promote hate, discrimination, or offensive stereotypes? Respond with 1 if yes, 0 if no."
img/63175.png,0,1,1,Is the meme offensive or hateful when considering both modalities? Return only 1 or 0.
img/63175.png,0,1,1,"Classify this meme: 1 = hateful or offensive, 0 = not hateful. Output only the digit."
img/63175.png,0,1,1,"Does the meme contain harmful or derogatory content? Answer with a single digit: 1 for yes, 0 for no."
img/82945.png,0,0,0,"Is this meme hateful? Answer 1 for hateful, 0 for not hateful."
img/82945.png,0,0,0,"Considering both the image and the text, is this meme offensive? 1=yes, 0=no."
img/82945.png,0,1,1=hateful,"Analyze the meme and decide: 1=hateful, 0=not hateful."
img/82945.png,0,0,0,"Does this meme contain hate speech or offensive content? Answer 1=yes, 0=no."
img/82945.png,0,0,0,"Evaluate the meme’s image and text together. Is it hateful? Output only 1 for hateful, 0 for not."
img/82945.png,0,1,1,"Look at both the image and the caption. If the meme expresses hate or stereotypes, reply 1. Otherwise reply 0."
img/82945.png,0,0,0,"Does the meme promote hate, discrimination, or offensive stereotypes? Respond with 1 if yes, 0 if no."
img/82945.png,0,1,1,Is the meme offensive or hateful when considering both modalities? Return only 1 or 0.
img/82945.png,0,1,1,"Classify this meme: 1 = hateful or offensive, 0 = not hateful. Output only the digit."
img/82945.png,0,1,1,"Does the meme contain harmful or derogatory content? Answer with a single digit: 1 for yes, 0 for no."
img/34975.png,0,1,This meme is not hateful.,"Is this meme hateful? Answer 1 for hateful, 0 for not hateful."
img/34975.png,0,1,This meme is offensive.,"Considering both the image and the text, is this meme offensive? 1=yes, 0=no."
img/34975.png,0,1,1=hateful,"Analyze the meme and decide: 1=hateful, 0=not hateful."
img/34975.png,0,0,No.,"Does this meme contain hate speech or offensive content? Answer 1=yes, 0=no."
img/34975.png,0,0,0,"Evaluate the meme’s image and text together. Is it hateful? Output only 1 for hateful, 0 for not."
img/34975.png,0,0,0,"Look at both the image and the caption. If the meme expresses hate or stereotypes, reply 1. Otherwise reply 0."
img/34975.png,0,0,0,"Does the meme promote hate, discrimination, or offensive stereotypes? Respond with 1 if yes, 0 if no."
img/34975.png,0,1,1,Is the meme offensive or hateful when considering both modalities? Return only 1 or 0.
img/34975.png,0,1,1,"Classify this meme: 1 = hateful or offensive, 0 = not hateful. Output only the digit."
img/34975.png,0,1,1,"Does the meme contain harmful or derogatory content? Answer with a single digit: 1 for yes, 0 for no."
img/61973.png,1,1,This meme is not hateful.,"Is this meme hateful? Answer 1 for hateful, 0 for not hateful."
img/61973.png,1,1,1,"Considering both the image and the text, is this meme offensive? 1=yes, 0=no."
img/61973.png,1,1,1=hateful,"Analyze the meme and decide: 1=hateful, 0=not hateful."
img/61973.png,1,0,No.,"Does this meme contain hate speech or offensive content? Answer 1=yes, 0=no."
img/61973.png,1,0,0,"Evaluate the meme’s image and text together. Is it hateful? Output only 1 for hateful, 0 for not."
img/61973.png,1,0,0,"Look at both the image and the caption. If the meme expresses hate or stereotypes, reply 1. Otherwise reply 0."
img/61973.png,1,0,0,"Does the meme promote hate, discrimination, or offensive stereotypes? Respond with 1 if yes, 0 if no."
img/61973.png,1,1,"The meme is offensive and hateful when considering both modalities. It makes light of alcoholism and necrophilia, which are serious issues that should be taken seriously. The use of the phrase ""cold one"" is also disrespectful and insensitive to people",Is the meme offensive or hateful when considering both modalities? Return only 1 or 0.
img/61973.png,1,1,1,"Classify this meme: 1 = hateful or offensive, 0 = not hateful. Output only the digit."
img/61973.png,1,1,1,"Does the meme contain harmful or derogatory content? Answer with a single digit: 1 for yes, 0 for no."
img/16420.png,0,1,This meme is not hateful.,"Is this meme hateful? Answer 1 for hateful, 0 for not hateful."
img/16420.png,0,0,0.,"Considering both the image and the text, is this meme offensive? 1=yes, 0=no."
img/16420.png,0,1,1=hateful,"Analyze the meme and decide: 1=hateful, 0=not hateful."
img/16420.png,0,0,0=no,"Does this meme contain hate speech or offensive content? Answer 1=yes, 0=no."
img/16420.png,0,0,0,"Evaluate the meme’s image and text together. Is it hateful? Output only 1 for hateful, 0 for not."
img/16420.png,0,0,0,"Look at both the image and the caption. If the meme expresses hate or stereotypes, reply 1. Otherwise reply 0."
img/16420.png,0,0,0,"Does the meme promote hate, discrimination, or offensive stereotypes? Respond with 1 if yes, 0 if no."
img/16420.png,0,0,0,Is the meme offensive or hateful when considering both modalities? Return only 1 or 0.
img/16420.png,0,1,1,"Classify this meme: 1 = hateful or offensive, 0 = not hateful. Output only the digit."
img/16420.png,0,0,0,"Does the meme contain harmful or derogatory content? Answer with a single digit: 1 for yes, 0 for no."
img/73069.png,1,1,1,"Is this meme hateful? Answer 1 for hateful, 0 for not hateful."
img/73069.png,1,0,0,"Considering both the image and the text, is this meme offensive? 1=yes, 0=no."
img/73069.png,1,1,1=hateful,"Analyze the meme and decide: 1=hateful, 0=not hateful."
img/73069.png,1,0,0,"Does this meme contain hate speech or offensive content? Answer 1=yes, 0=no."
img/73069.png,1,0,0,"Evaluate the meme’s image and text together. Is it hateful? Output only 1 for hateful, 0 for not."
img/73069.png,1,1,1,"Look at both the image and the caption. If the meme expresses hate or stereotypes, reply 1. Otherwise reply 0."
img/73069.png,1,0,0,"Does the meme promote hate, discrimination, or offensive stereotypes? Respond with 1 if yes, 0 if no."
img/73069.png,1,1,1,Is the meme offensive or hateful when considering both modalities? Return only 1 or 0.
img/73069.png,1,1,1,"Classify this meme: 1 = hateful or offensive, 0 = not hateful. Output only the digit."
img/73069.png,1,1,1,"Does the meme contain harmful or derogatory content? Answer with a single digit: 1 for yes, 0 for no."
img/47056.png,1,1,1,"Is this meme hateful? Answer 1 for hateful, 0 for not hateful."
img/47056.png,1,1,1,"Considering both the image and the text, is this meme offensive? 1=yes, 0=no."
img/47056.png,1,1,1=hateful,"Analyze the meme and decide: 1=hateful, 0=not hateful."
img/47056.png,1,1,Yes.,"Does this meme contain hate speech or offensive content? Answer 1=yes, 0=no."
img/47056.png,1,1,1,"Evaluate the meme’s image and text together. Is it hateful? Output only 1 for hateful, 0 for not."
img/47056.png,1,1,1,"Look at both the image and the caption. If the meme expresses hate or stereotypes, reply 1. Otherwise reply 0."
img/47056.png,1,1,1,"Does the meme promote hate, discrimination, or offensive stereotypes? Respond with 1 if yes, 0 if no."
img/47056.png,1,1,1,Is the meme offensive or hateful when considering both modalities? Return only 1 or 0.
img/47056.png,1,1,1,"Classify this meme: 1 = hateful or offensive, 0 = not hateful. Output only the digit."
img/47056.png,1,1,1,"Does the meme contain harmful or derogatory content? Answer with a single digit: 1 for yes, 0 for no."
img/56428.png,0,0,0,"Is this meme hateful? Answer 1 for hateful, 0 for not hateful."
img/56428.png,0,0,0,"Considering both the image and the text, is this meme offensive? 1=yes, 0=no."
img/56428.png,0,1,1,"Analyze the meme and decide: 1=hateful, 0=not hateful."
img/56428.png,0,0,No,"Does this meme contain hate speech or offensive content? Answer 1=yes, 0=no."
img/56428.png,0,0,0,"Evaluate the meme’s image and text together. Is it hateful? Output only 1 for hateful, 0 for not."
img/56428.png,0,0,0,"Look at both the image and the caption. If the meme expresses hate or stereotypes, reply 1. Otherwise reply 0."
img/56428.png,0,0,0,"Does the meme promote hate, discrimination, or offensive stereotypes? Respond with 1 if yes, 0 if no."
img/56428.png,0,1,1,Is the meme offensive or hateful when considering both modalities? Return only 1 or 0.
img/56428.png,0,1,1,"Classify this meme: 1 = hateful or offensive, 0 = not hateful. Output only the digit."
img/56428.png,0,1,1,"Does the meme contain harmful or derogatory content? Answer with a single digit: 1 for yes, 0 for no."
img/54206.png,0,1,1,"Is this meme hateful? Answer 1 for hateful, 0 for not hateful."
img/54206.png,0,1,1,"Considering both the image and the text, is this meme offensive? 1=yes, 0=no."
img/54206.png,0,1,1=hateful,"Analyze the meme and decide: 1=hateful, 0=not hateful."
img/54206.png,0,1,Yes.,"Does this meme contain hate speech or offensive content? Answer 1=yes, 0=no."
img/54206.png,0,0,0,"Evaluate the meme’s image and text together. Is it hateful? Output only 1 for hateful, 0 for not."
img/54206.png,0,1,1,"Look at both the image and the caption. If the meme expresses hate or stereotypes, reply 1. Otherwise reply 0."
img/54206.png,0,0,0,"Does the meme promote hate, discrimination, or offensive stereotypes? Respond with 1 if yes, 0 if no."
img/54206.png,0,1,1,Is the meme offensive or hateful when considering both modalities? Return only 1 or 0.
img/54206.png,0,1,1,"Classify this meme: 1 = hateful or offensive, 0 = not hateful. Output only the digit."
img/54206.png,0,1,1,"Does the meme contain harmful or derogatory content? Answer with a single digit: 1 for yes, 0 for no."
img/93172.png,0,1,1,"Is this meme hateful? Answer 1 for hateful, 0 for not hateful."
img/93172.png,0,1,1,"Considering both the image and the text, is this meme offensive? 1=yes, 0=no."
img/93172.png,0,1,1,"Analyze the meme and decide: 1=hateful, 0=not hateful."
img/93172.png,0,0,0=no,"Does this meme contain hate speech or offensive content? Answer 1=yes, 0=no."
img/93172.png,0,1,1,"Evaluate the meme’s image and text together. Is it hateful? Output only 1 for hateful, 0 for not."
img/93172.png,0,1,1,"Look at both the image and the caption. If the meme expresses hate or stereotypes, reply 1. Otherwise reply 0."
img/93172.png,0,0,0,"Does the meme promote hate, discrimination, or offensive stereotypes? Respond with 1 if yes, 0 if no."
img/93172.png,0,1,1,Is the meme offensive or hateful when considering both modalities? Return only 1 or 0.
img/93172.png,0,1,1,"Classify this meme: 1 = hateful or offensive, 0 = not hateful. Output only the digit."
img/93172.png,0,1,1,"Does the meme contain harmful or derogatory content? Answer with a single digit: 1 for yes, 0 for no."
img/56980.png,0,1,This meme is not hateful.,"Is this meme hateful? Answer 1 for hateful, 0 for not hateful."
img/56980.png,0,0,0,"Considering both the image and the text, is this meme offensive? 1=yes, 0=no."
img/56980.png,0,1,1=hateful,"Analyze the meme and decide: 1=hateful, 0=not hateful."
img/56980.png,0,0,0,"Does this meme contain hate speech or offensive content? Answer 1=yes, 0=no."
img/56980.png,0,0,0,"Evaluate the meme’s image and text together. Is it hateful? Output only 1 for hateful, 0 for not."
img/56980.png,0,0,0,"Look at both the image and the caption. If the meme expresses hate or stereotypes, reply 1. Otherwise reply 0."
img/56980.png,0,0,0,"Does the meme promote hate, discrimination, or offensive stereotypes? Respond with 1 if yes, 0 if no."
img/56980.png,0,0,0,Is the meme offensive or hateful when considering both modalities? Return only 1 or 0.
img/56980.png,0,1,1,"Classify this meme: 1 = hateful or offensive, 0 = not hateful. Output only the digit."
img/56980.png,0,0,0,"Does the meme contain harmful or derogatory content? Answer with a single digit: 1 for yes, 0 for no."
img/79615.png,0,0,0,"Is this meme hateful? Answer 1 for hateful, 0 for not hateful."
img/79615.png,0,0,0,"Considering both the image and the text, is this meme offensive? 1=yes, 0=no."
img/79615.png,0,1,1=hateful,"Analyze the meme and decide: 1=hateful, 0=not hateful."
img/79615.png,0,0,0,"Does this meme contain hate speech or offensive content? Answer 1=yes, 0=no."
img/79615.png,0,0,0,"Evaluate the meme’s image and text together. Is it hateful? Output only 1 for hateful, 0 for not."
img/79615.png,0,0,0,"Look at both the image and the caption. If the meme expresses hate or stereotypes, reply 1. Otherwise reply 0."
img/79615.png,0,0,0,"Does the meme promote hate, discrimination, or offensive stereotypes? Respond with 1 if yes, 0 if no."
img/79615.png,0,1,1,Is the meme offensive or hateful when considering both modalities? Return only 1 or 0.
img/79615.png,0,1,1,"Classify this meme: 1 = hateful or offensive, 0 = not hateful. Output only the digit."
img/79615.png,0,0,0,"Does the meme contain harmful or derogatory content? Answer with a single digit: 1 for yes, 0 for no."
img/38047.png,0,1,This meme is not hateful.,"Is this meme hateful? Answer 1 for hateful, 0 for not hateful."
img/38047.png,0,1,"This meme can be considered offensive as it uses a derogatory term ""stupid bitch"" which is considered offensive to women. Additionally, the text ""is not a race"" does not make the meme any less offensive as it does not address the","Considering both the image and the text, is this meme offensive? 1=yes, 0=no."
img/38047.png,0,1,1=hateful,"Analyze the meme and decide: 1=hateful, 0=not hateful."
img/38047.png,0,1,"Yes, this meme contains hate speech as it uses the term ""stupid bitch,"" which is offensive and disrespectful.","Does this meme contain hate speech or offensive content? Answer 1=yes, 0=no."
img/38047.png,0,1,1,"Evaluate the meme’s image and text together. Is it hateful? Output only 1 for hateful, 0 for not."
img/38047.png,0,0,0,"Look at both the image and the caption. If the meme expresses hate or stereotypes, reply 1. Otherwise reply 0."
img/38047.png,0,1,1,"Does the meme promote hate, discrimination, or offensive stereotypes? Respond with 1 if yes, 0 if no."
img/38047.png,0,1,The meme is offensive and hateful when considering both modalities.,Is the meme offensive or hateful when considering both modalities? Return only 1 or 0.
img/38047.png,0,1,1,"Classify this meme: 1 = hateful or offensive, 0 = not hateful. Output only the digit."
img/38047.png,0,1,1,"Does the meme contain harmful or derogatory content? Answer with a single digit: 1 for yes, 0 for no."
img/94560.png,1,0,0,"Is this meme hateful? Answer 1 for hateful, 0 for not hateful."
img/94560.png,1,0,0=no,"Considering both the image and the text, is this meme offensive? 1=yes, 0=no."
img/94560.png,1,1,0=not hateful,"Analyze the meme and decide: 1=hateful, 0=not hateful."
img/94560.png,1,0,0,"Does this meme contain hate speech or offensive content? Answer 1=yes, 0=no."
img/94560.png,1,0,0,"Evaluate the meme’s image and text together. Is it hateful? Output only 1 for hateful, 0 for not."
img/94560.png,1,0,0,"Look at both the image and the caption. If the meme expresses hate or stereotypes, reply 1. Otherwise reply 0."
img/94560.png,1,0,0,"Does the meme promote hate, discrimination, or offensive stereotypes? Respond with 1 if yes, 0 if no."
img/94560.png,1,0,0,Is the meme offensive or hateful when considering both modalities? Return only 1 or 0.
img/94560.png,1,1,1,"Classify this meme: 1 = hateful or offensive, 0 = not hateful. Output only the digit."
img/94560.png,1,0,0,"Does the meme contain harmful or derogatory content? Answer with a single digit: 1 for yes, 0 for no."
img/96250.png,0,1,This meme is not hateful.,"Is this meme hateful? Answer 1 for hateful, 0 for not hateful."
img/96250.png,0,0,0,"Considering both the image and the text, is this meme offensive? 1=yes, 0=no."
img/96250.png,0,0,0,"Analyze the meme and decide: 1=hateful, 0=not hateful."
img/96250.png,0,0,0=no,"Does this meme contain hate speech or offensive content? Answer 1=yes, 0=no."
img/96250.png,0,0,0,"Evaluate the meme’s image and text together. Is it hateful? Output only 1 for hateful, 0 for not."
img/96250.png,0,0,0,"Look at both the image and the caption. If the meme expresses hate or stereotypes, reply 1. Otherwise reply 0."
img/96250.png,0,0,0,"Does the meme promote hate, discrimination, or offensive stereotypes? Respond with 1 if yes, 0 if no."
img/96250.png,0,0,0,Is the meme offensive or hateful when considering both modalities? Return only 1 or 0.
img/96250.png,0,1,1,"Classify this meme: 1 = hateful or offensive, 0 = not hateful. Output only the digit."
img/96250.png,0,0,0,"Does the meme contain harmful or derogatory content? Answer with a single digit: 1 for yes, 0 for no."
img/28951.png,0,1,1,"Is this meme hateful? Answer 1 for hateful, 0 for not hateful."
img/28951.png,0,1,1,"Considering both the image and the text, is this meme offensive? 1=yes, 0=no."
img/28951.png,0,1,1=hateful,"Analyze the meme and decide: 1=hateful, 0=not hateful."
img/28951.png,0,0,0,"Does this meme contain hate speech or offensive content? Answer 1=yes, 0=no."
img/28951.png,0,0,0,"Evaluate the meme’s image and text together. Is it hateful? Output only 1 for hateful, 0 for not."
img/28951.png,0,0,0,"Look at both the image and the caption. If the meme expresses hate or stereotypes, reply 1. Otherwise reply 0."
img/28951.png,0,1,1,"Does the meme promote hate, discrimination, or offensive stereotypes? Respond with 1 if yes, 0 if no."
img/28951.png,0,1,1,Is the meme offensive or hateful when considering both modalities? Return only 1 or 0.
img/28951.png,0,1,1,"Classify this meme: 1 = hateful or offensive, 0 = not hateful. Output only the digit."
img/28951.png,0,1,1,"Does the meme contain harmful or derogatory content? Answer with a single digit: 1 for yes, 0 for no."
img/27614.png,0,0,0,"Is this meme hateful? Answer 1 for hateful, 0 for not hateful."
img/27614.png,0,0,0,"Considering both the image and the text, is this meme offensive? 1=yes, 0=no."
img/27614.png,0,1,1,"Analyze the meme and decide: 1=hateful, 0=not hateful."
img/27614.png,0,0,0,"Does this meme contain hate speech or offensive content? Answer 1=yes, 0=no."
img/27614.png,0,0,0,"Evaluate the meme’s image and text together. Is it hateful? Output only 1 for hateful, 0 for not."
img/27614.png,0,0,0,"Look at both the image and the caption. If the meme expresses hate or stereotypes, reply 1. Otherwise reply 0."
img/27614.png,0,0,0,"Does the meme promote hate, discrimination, or offensive stereotypes? Respond with 1 if yes, 0 if no."
img/27614.png,0,1,1,Is the meme offensive or hateful when considering both modalities? Return only 1 or 0.
img/27614.png,0,1,1,"Classify this meme: 1 = hateful or offensive, 0 = not hateful. Output only the digit."
img/27614.png,0,1,1,"Does the meme contain harmful or derogatory content? Answer with a single digit: 1 for yes, 0 for no."
img/04857.png,1,1,This meme is not hateful.,"Is this meme hateful? Answer 1 for hateful, 0 for not hateful."
img/04857.png,1,1,"Yes, this meme is offensive. The image of Ilhan Omar with the caption ""even the dumb jews know that! trump is a racist"" is based on a stereotype that suggests all Jews are dumb and implies that they are easily influenced by","Considering both the image and the text, is this meme offensive? 1=yes, 0=no."
img/04857.png,1,1,1=hateful,"Analyze the meme and decide: 1=hateful, 0=not hateful."
img/04857.png,1,0,0,"Does this meme contain hate speech or offensive content? Answer 1=yes, 0=no."
img/04857.png,1,0,0,"Evaluate the meme’s image and text together. Is it hateful? Output only 1 for hateful, 0 for not."
img/04857.png,1,0,0,"Look at both the image and the caption. If the meme expresses hate or stereotypes, reply 1. Otherwise reply 0."
img/04857.png,1,0,0,"Does the meme promote hate, discrimination, or offensive stereotypes? Respond with 1 if yes, 0 if no."
img/04857.png,1,1,1,Is the meme offensive or hateful when considering both modalities? Return only 1 or 0.
img/04857.png,1,1,1,"Classify this meme: 1 = hateful or offensive, 0 = not hateful. Output only the digit."
img/04857.png,1,1,1,"Does the meme contain harmful or derogatory content? Answer with a single digit: 1 for yes, 0 for no."
img/79603.png,1,1,1,"Is this meme hateful? Answer 1 for hateful, 0 for not hateful."
img/79603.png,1,1,1,"Considering both the image and the text, is this meme offensive? 1=yes, 0=no."
img/79603.png,1,1,1=hateful,"Analyze the meme and decide: 1=hateful, 0=not hateful."
img/79603.png,1,1,Yes,"Does this meme contain hate speech or offensive content? Answer 1=yes, 0=no."
img/79603.png,1,1,1,"Evaluate the meme’s image and text together. Is it hateful? Output only 1 for hateful, 0 for not."
img/79603.png,1,1,1,"Look at both the image and the caption. If the meme expresses hate or stereotypes, reply 1. Otherwise reply 0."
img/79603.png,1,1,1,"Does the meme promote hate, discrimination, or offensive stereotypes? Respond with 1 if yes, 0 if no."
img/79603.png,1,1,1,Is the meme offensive or hateful when considering both modalities? Return only 1 or 0.
img/79603.png,1,1,1,"Classify this meme: 1 = hateful or offensive, 0 = not hateful. Output only the digit."
img/79603.png,1,1,1,"Does the meme contain harmful or derogatory content? Answer with a single digit: 1 for yes, 0 for no."
img/26985.png,1,0,0,"Is this meme hateful? Answer 1 for hateful, 0 for not hateful."
img/26985.png,1,0,0=no,"Considering both the image and the text, is this meme offensive? 1=yes, 0=no."
img/26985.png,1,1,1,"Analyze the meme and decide: 1=hateful, 0=not hateful."
img/26985.png,1,0,0,"Does this meme contain hate speech or offensive content? Answer 1=yes, 0=no."
img/26985.png,1,0,0,"Evaluate the meme’s image and text together. Is it hateful? Output only 1 for hateful, 0 for not."
img/26985.png,1,0,0,"Look at both the image and the caption. If the meme expresses hate or stereotypes, reply 1. Otherwise reply 0."
img/26985.png,1,0,0,"Does the meme promote hate, discrimination, or offensive stereotypes? Respond with 1 if yes, 0 if no."
img/26985.png,1,0,0,Is the meme offensive or hateful when considering both modalities? Return only 1 or 0.
img/26985.png,1,1,1,"Classify this meme: 1 = hateful or offensive, 0 = not hateful. Output only the digit."
img/26985.png,1,0,0,"Does the meme contain harmful or derogatory content? Answer with a single digit: 1 for yes, 0 for no."
img/14873.png,1,0,0,"Is this meme hateful? Answer 1 for hateful, 0 for not hateful."
img/14873.png,1,0,0,"Considering both the image and the text, is this meme offensive? 1=yes, 0=no."
img/14873.png,1,1,1=hateful,"Analyze the meme and decide: 1=hateful, 0=not hateful."
img/14873.png,1,0,No,"Does this meme contain hate speech or offensive content? Answer 1=yes, 0=no."
img/14873.png,1,0,0,"Evaluate the meme’s image and text together. Is it hateful? Output only 1 for hateful, 0 for not."
img/14873.png,1,0,0,"Look at both the image and the caption. If the meme expresses hate or stereotypes, reply 1. Otherwise reply 0."
img/14873.png,1,0,0,"Does the meme promote hate, discrimination, or offensive stereotypes? Respond with 1 if yes, 0 if no."
img/14873.png,1,0,0,Is the meme offensive or hateful when considering both modalities? Return only 1 or 0.
img/14873.png,1,1,1,"Classify this meme: 1 = hateful or offensive, 0 = not hateful. Output only the digit."
img/14873.png,1,0,0,"Does the meme contain harmful or derogatory content? Answer with a single digit: 1 for yes, 0 for no."
img/54893.png,0,0,0,"Is this meme hateful? Answer 1 for hateful, 0 for not hateful."
img/54893.png,0,0,0,"Considering both the image and the text, is this meme offensive? 1=yes, 0=no."
img/54893.png,0,1,1=hateful,"Analyze the meme and decide: 1=hateful, 0=not hateful."
img/54893.png,0,0,0,"Does this meme contain hate speech or offensive content? Answer 1=yes, 0=no."
img/54893.png,0,0,0,"Evaluate the meme’s image and text together. Is it hateful? Output only 1 for hateful, 0 for not."
img/54893.png,0,0,0,"Look at both the image and the caption. If the meme expresses hate or stereotypes, reply 1. Otherwise reply 0."
img/54893.png,0,0,0,"Does the meme promote hate, discrimination, or offensive stereotypes? Respond with 1 if yes, 0 if no."
img/54893.png,0,1,1,Is the meme offensive or hateful when considering both modalities? Return only 1 or 0.
img/54893.png,0,1,1,"Classify this meme: 1 = hateful or offensive, 0 = not hateful. Output only the digit."
img/54893.png,0,0,0,"Does the meme contain harmful or derogatory content? Answer with a single digit: 1 for yes, 0 for no."
img/48236.png,0,0,0,"Is this meme hateful? Answer 1 for hateful, 0 for not hateful."
img/48236.png,0,1,1,"Considering both the image and the text, is this meme offensive? 1=yes, 0=no."
img/48236.png,0,1,1=hateful,"Analyze the meme and decide: 1=hateful, 0=not hateful."
img/48236.png,0,0,0,"Does this meme contain hate speech or offensive content? Answer 1=yes, 0=no."
img/48236.png,0,0,0,"Evaluate the meme’s image and text together. Is it hateful? Output only 1 for hateful, 0 for not."
img/48236.png,0,0,0,"Look at both the image and the caption. If the meme expresses hate or stereotypes, reply 1. Otherwise reply 0."
img/48236.png,0,0,0,"Does the meme promote hate, discrimination, or offensive stereotypes? Respond with 1 if yes, 0 if no."
img/48236.png,0,1,1,Is the meme offensive or hateful when considering both modalities? Return only 1 or 0.
img/48236.png,0,1,1,"Classify this meme: 1 = hateful or offensive, 0 = not hateful. Output only the digit."
img/48236.png,0,0,0,"Does the meme contain harmful or derogatory content? Answer with a single digit: 1 for yes, 0 for no."
img/74908.png,0,1,This meme is not hateful.,"Is this meme hateful? Answer 1 for hateful, 0 for not hateful."
img/74908.png,0,0,0,"Considering both the image and the text, is this meme offensive? 1=yes, 0=no."
img/74908.png,0,1,1,"Analyze the meme and decide: 1=hateful, 0=not hateful."
img/74908.png,0,0,No,"Does this meme contain hate speech or offensive content? Answer 1=yes, 0=no."
img/74908.png,0,0,0,"Evaluate the meme’s image and text together. Is it hateful? Output only 1 for hateful, 0 for not."
img/74908.png,0,1,1,"Look at both the image and the caption. If the meme expresses hate or stereotypes, reply 1. Otherwise reply 0."
img/74908.png,0,0,0,"Does the meme promote hate, discrimination, or offensive stereotypes? Respond with 1 if yes, 0 if no."
img/74908.png,0,0,0,Is the meme offensive or hateful when considering both modalities? Return only 1 or 0.
img/74908.png,0,1,1,"Classify this meme: 1 = hateful or offensive, 0 = not hateful. Output only the digit."
img/74908.png,0,1,1,"Does the meme contain harmful or derogatory content? Answer with a single digit: 1 for yes, 0 for no."
img/96472.png,1,1,1,"Is this meme hateful? Answer 1 for hateful, 0 for not hateful."
img/96472.png,1,1,1=yes,"Considering both the image and the text, is this meme offensive? 1=yes, 0=no."
img/96472.png,1,1,1=hateful,"Analyze the meme and decide: 1=hateful, 0=not hateful."
img/96472.png,1,1,"Yes, the meme contains hate speech as it promotes white supremacy and racism.","Does this meme contain hate speech or offensive content? Answer 1=yes, 0=no."
img/96472.png,1,1,1,"Evaluate the meme’s image and text together. Is it hateful? Output only 1 for hateful, 0 for not."
img/96472.png,1,1,1,"Look at both the image and the caption. If the meme expresses hate or stereotypes, reply 1. Otherwise reply 0."
img/96472.png,1,1,1,"Does the meme promote hate, discrimination, or offensive stereotypes? Respond with 1 if yes, 0 if no."
img/96472.png,1,1,1,Is the meme offensive or hateful when considering both modalities? Return only 1 or 0.
img/96472.png,1,1,1,"Classify this meme: 1 = hateful or offensive, 0 = not hateful. Output only the digit."
img/96472.png,1,1,1,"Does the meme contain harmful or derogatory content? Answer with a single digit: 1 for yes, 0 for no."
img/89430.png,0,0,0,"Is this meme hateful? Answer 1 for hateful, 0 for not hateful."
img/89430.png,0,0,0,"Considering both the image and the text, is this meme offensive? 1=yes, 0=no."
img/89430.png,0,1,1=hateful,"Analyze the meme and decide: 1=hateful, 0=not hateful."
img/89430.png,0,0,0,"Does this meme contain hate speech or offensive content? Answer 1=yes, 0=no."
img/89430.png,0,0,0,"Evaluate the meme’s image and text together. Is it hateful? Output only 1 for hateful, 0 for not."
img/89430.png,0,0,0,"Look at both the image and the caption. If the meme expresses hate or stereotypes, reply 1. Otherwise reply 0."
img/89430.png,0,0,0,"Does the meme promote hate, discrimination, or offensive stereotypes? Respond with 1 if yes, 0 if no."
img/89430.png,0,0,0,Is the meme offensive or hateful when considering both modalities? Return only 1 or 0.
img/89430.png,0,1,1,"Classify this meme: 1 = hateful or offensive, 0 = not hateful. Output only the digit."
img/89430.png,0,0,0,"Does the meme contain harmful or derogatory content? Answer with a single digit: 1 for yes, 0 for no."
img/76921.png,1,0,0,"Is this meme hateful? Answer 1 for hateful, 0 for not hateful."
img/76921.png,1,0,0,"Considering both the image and the text, is this meme offensive? 1=yes, 0=no."
img/76921.png,1,1,1=hateful,"Analyze the meme and decide: 1=hateful, 0=not hateful."
img/76921.png,1,0,0,"Does this meme contain hate speech or offensive content? Answer 1=yes, 0=no."
img/76921.png,1,0,0,"Evaluate the meme’s image and text together. Is it hateful? Output only 1 for hateful, 0 for not."
img/76921.png,1,1,1,"Look at both the image and the caption. If the meme expresses hate or stereotypes, reply 1. Otherwise reply 0."
img/76921.png,1,0,0,"Does the meme promote hate, discrimination, or offensive stereotypes? Respond with 1 if yes, 0 if no."
img/76921.png,1,1,1,Is the meme offensive or hateful when considering both modalities? Return only 1 or 0.
img/76921.png,1,1,1,"Classify this meme: 1 = hateful or offensive, 0 = not hateful. Output only the digit."
img/76921.png,1,1,1,"Does the meme contain harmful or derogatory content? Answer with a single digit: 1 for yes, 0 for no."
img/68409.png,1,0,0,"Is this meme hateful? Answer 1 for hateful, 0 for not hateful."
img/68409.png,1,0,0,"Considering both the image and the text, is this meme offensive? 1=yes, 0=no."
img/68409.png,1,1,1=hateful,"Analyze the meme and decide: 1=hateful, 0=not hateful."
img/68409.png,1,0,0,"Does this meme contain hate speech or offensive content? Answer 1=yes, 0=no."
img/68409.png,1,0,0,"Evaluate the meme’s image and text together. Is it hateful? Output only 1 for hateful, 0 for not."
img/68409.png,1,0,0,"Look at both the image and the caption. If the meme expresses hate or stereotypes, reply 1. Otherwise reply 0."
img/68409.png,1,0,0,"Does the meme promote hate, discrimination, or offensive stereotypes? Respond with 1 if yes, 0 if no."
img/68409.png,1,0,0,Is the meme offensive or hateful when considering both modalities? Return only 1 or 0.
img/68409.png,1,1,1,"Classify this meme: 1 = hateful or offensive, 0 = not hateful. Output only the digit."
img/68409.png,1,0,0,"Does the meme contain harmful or derogatory content? Answer with a single digit: 1 for yes, 0 for no."
img/16354.png,1,1,1,"Is this meme hateful? Answer 1 for hateful, 0 for not hateful."
img/16354.png,1,1,1,"Considering both the image and the text, is this meme offensive? 1=yes, 0=no."
img/16354.png,1,1,1=hateful,"Analyze the meme and decide: 1=hateful, 0=not hateful."
img/16354.png,1,1,1,"Does this meme contain hate speech or offensive content? Answer 1=yes, 0=no."
img/16354.png,1,1,1,"Evaluate the meme’s image and text together. Is it hateful? Output only 1 for hateful, 0 for not."
img/16354.png,1,0,0,"Look at both the image and the caption. If the meme expresses hate or stereotypes, reply 1. Otherwise reply 0."
img/16354.png,1,0,0,"Does the meme promote hate, discrimination, or offensive stereotypes? Respond with 1 if yes, 0 if no."
img/16354.png,1,1,1,Is the meme offensive or hateful when considering both modalities? Return only 1 or 0.
img/16354.png,1,1,1,"Classify this meme: 1 = hateful or offensive, 0 = not hateful. Output only the digit."
img/16354.png,1,1,1,"Does the meme contain harmful or derogatory content? Answer with a single digit: 1 for yes, 0 for no."
img/69548.png,1,0,0,"Is this meme hateful? Answer 1 for hateful, 0 for not hateful."
img/69548.png,1,0,0,"Considering both the image and the text, is this meme offensive? 1=yes, 0=no."
img/69548.png,1,0,0,"Analyze the meme and decide: 1=hateful, 0=not hateful."
img/69548.png,1,0,0,"Does this meme contain hate speech or offensive content? Answer 1=yes, 0=no."
img/69548.png,1,0,0,"Evaluate the meme’s image and text together. Is it hateful? Output only 1 for hateful, 0 for not."
img/69548.png,1,0,0,"Look at both the image and the caption. If the meme expresses hate or stereotypes, reply 1. Otherwise reply 0."
img/69548.png,1,0,0,"Does the meme promote hate, discrimination, or offensive stereotypes? Respond with 1 if yes, 0 if no."
img/69548.png,1,0,0,Is the meme offensive or hateful when considering both modalities? Return only 1 or 0.
img/69548.png,1,0,0,"Classify this meme: 1 = hateful or offensive, 0 = not hateful. Output only the digit."
img/69548.png,1,0,0,"Does the meme contain harmful or derogatory content? Answer with a single digit: 1 for yes, 0 for no."
img/01456.png,1,1,This meme is not hateful.,"Is this meme hateful? Answer 1 for hateful, 0 for not hateful."
img/01456.png,1,1,1,"Considering both the image and the text, is this meme offensive? 1=yes, 0=no."
img/01456.png,1,1,1=hateful,"Analyze the meme and decide: 1=hateful, 0=not hateful."
img/01456.png,1,0,No.,"Does this meme contain hate speech or offensive content? Answer 1=yes, 0=no."
img/01456.png,1,0,0,"Evaluate the meme’s image and text together. Is it hateful? Output only 1 for hateful, 0 for not."
img/01456.png,1,1,1,"Look at both the image and the caption. If the meme expresses hate or stereotypes, reply 1. Otherwise reply 0."
img/01456.png,1,0,0,"Does the meme promote hate, discrimination, or offensive stereotypes? Respond with 1 if yes, 0 if no."
img/01456.png,1,1,1,Is the meme offensive or hateful when considering both modalities? Return only 1 or 0.
img/01456.png,1,1,1,"Classify this meme: 1 = hateful or offensive, 0 = not hateful. Output only the digit."
img/01456.png,1,1,1,"Does the meme contain harmful or derogatory content? Answer with a single digit: 1 for yes, 0 for no."
img/17950.png,0,1,This meme is not hateful.,"Is this meme hateful? Answer 1 for hateful, 0 for not hateful."
img/17950.png,0,0,0,"Considering both the image and the text, is this meme offensive? 1=yes, 0=no."
img/17950.png,0,1,1=hateful,"Analyze the meme and decide: 1=hateful, 0=not hateful."
img/17950.png,0,0,0,"Does this meme contain hate speech or offensive content? Answer 1=yes, 0=no."
img/17950.png,0,0,0,"Evaluate the meme’s image and text together. Is it hateful? Output only 1 for hateful, 0 for not."
img/17950.png,0,0,0,"Look at both the image and the caption. If the meme expresses hate or stereotypes, reply 1. Otherwise reply 0."
img/17950.png,0,0,0,"Does the meme promote hate, discrimination, or offensive stereotypes? Respond with 1 if yes, 0 if no."
img/17950.png,0,1,1,Is the meme offensive or hateful when considering both modalities? Return only 1 or 0.
img/17950.png,0,1,1,"Classify this meme: 1 = hateful or offensive, 0 = not hateful. Output only the digit."
img/17950.png,0,0,0,"Does the meme contain harmful or derogatory content? Answer with a single digit: 1 for yes, 0 for no."
img/76295.png,0,1,1,"Is this meme hateful? Answer 1 for hateful, 0 for not hateful."
img/76295.png,0,1,1,"Considering both the image and the text, is this meme offensive? 1=yes, 0=no."
img/76295.png,0,1,1=hateful,"Analyze the meme and decide: 1=hateful, 0=not hateful."
img/76295.png,0,0,0=no,"Does this meme contain hate speech or offensive content? Answer 1=yes, 0=no."
img/76295.png,0,1,1,"Evaluate the meme’s image and text together. Is it hateful? Output only 1 for hateful, 0 for not."
img/76295.png,0,0,0,"Look at both the image and the caption. If the meme expresses hate or stereotypes, reply 1. Otherwise reply 0."
img/76295.png,0,1,1,"Does the meme promote hate, discrimination, or offensive stereotypes? Respond with 1 if yes, 0 if no."
img/76295.png,0,1,1,Is the meme offensive or hateful when considering both modalities? Return only 1 or 0.
img/76295.png,0,1,1,"Classify this meme: 1 = hateful or offensive, 0 = not hateful. Output only the digit."
img/76295.png,0,1,1,"Does the meme contain harmful or derogatory content? Answer with a single digit: 1 for yes, 0 for no."
img/42580.png,1,1,1,"Is this meme hateful? Answer 1 for hateful, 0 for not hateful."
img/42580.png,1,1,1,"Considering both the image and the text, is this meme offensive? 1=yes, 0=no."
img/42580.png,1,1,1=hateful,"Analyze the meme and decide: 1=hateful, 0=not hateful."
img/42580.png,1,0,No.,"Does this meme contain hate speech or offensive content? Answer 1=yes, 0=no."
img/42580.png,1,0,0,"Evaluate the meme’s image and text together. Is it hateful? Output only 1 for hateful, 0 for not."
img/42580.png,1,0,0,"Look at both the image and the caption. If the meme expresses hate or stereotypes, reply 1. Otherwise reply 0."
img/42580.png,1,0,0,"Does the meme promote hate, discrimination, or offensive stereotypes? Respond with 1 if yes, 0 if no."
img/42580.png,1,1,1,Is the meme offensive or hateful when considering both modalities? Return only 1 or 0.
img/42580.png,1,1,1,"Classify this meme: 1 = hateful or offensive, 0 = not hateful. Output only the digit."
img/42580.png,1,1,1,"Does the meme contain harmful or derogatory content? Answer with a single digit: 1 for yes, 0 for no."
img/96180.png,1,0,0,"Is this meme hateful? Answer 1 for hateful, 0 for not hateful."
img/96180.png,1,0,0,"Considering both the image and the text, is this meme offensive? 1=yes, 0=no."
img/96180.png,1,0,0,"Analyze the meme and decide: 1=hateful, 0=not hateful."
img/96180.png,1,0,0,"Does this meme contain hate speech or offensive content? Answer 1=yes, 0=no."
img/96180.png,1,0,0,"Evaluate the meme’s image and text together. Is it hateful? Output only 1 for hateful, 0 for not."
img/96180.png,1,0,0,"Look at both the image and the caption. If the meme expresses hate or stereotypes, reply 1. Otherwise reply 0."
img/96180.png,1,0,0,"Does the meme promote hate, discrimination, or offensive stereotypes? Respond with 1 if yes, 0 if no."
img/96180.png,1,0,0,Is the meme offensive or hateful when considering both modalities? Return only 1 or 0.
img/96180.png,1,1,1,"Classify this meme: 1 = hateful or offensive, 0 = not hateful. Output only the digit."
img/96180.png,1,0,0,"Does the meme contain harmful or derogatory content? Answer with a single digit: 1 for yes, 0 for no."
img/98701.png,1,1,This meme is not hateful.,"Is this meme hateful? Answer 1 for hateful, 0 for not hateful."
img/98701.png,1,0,0=no.,"Considering both the image and the text, is this meme offensive? 1=yes, 0=no."
img/98701.png,1,1,0=not hateful,"Analyze the meme and decide: 1=hateful, 0=not hateful."
img/98701.png,1,0,0=no,"Does this meme contain hate speech or offensive content? Answer 1=yes, 0=no."
img/98701.png,1,0,0,"Evaluate the meme’s image and text together. Is it hateful? Output only 1 for hateful, 0 for not."
img/98701.png,1,0,0,"Look at both the image and the caption. If the meme expresses hate or stereotypes, reply 1. Otherwise reply 0."
img/98701.png,1,0,0,"Does the meme promote hate, discrimination, or offensive stereotypes? Respond with 1 if yes, 0 if no."
img/98701.png,1,0,0,Is the meme offensive or hateful when considering both modalities? Return only 1 or 0.
img/98701.png,1,0,0,"Classify this meme: 1 = hateful or offensive, 0 = not hateful. Output only the digit."
img/98701.png,1,0,0,"Does the meme contain harmful or derogatory content? Answer with a single digit: 1 for yes, 0 for no."
img/15243.png,0,0,0,"Is this meme hateful? Answer 1 for hateful, 0 for not hateful."
img/15243.png,0,0,0,"Considering both the image and the text, is this meme offensive? 1=yes, 0=no."
img/15243.png,0,1,1,"Analyze the meme and decide: 1=hateful, 0=not hateful."
img/15243.png,0,0,0,"Does this meme contain hate speech or offensive content? Answer 1=yes, 0=no."
img/15243.png,0,0,0,"Evaluate the meme’s image and text together. Is it hateful? Output only 1 for hateful, 0 for not."
img/15243.png,0,0,0,"Look at both the image and the caption. If the meme expresses hate or stereotypes, reply 1. Otherwise reply 0."
img/15243.png,0,0,0,"Does the meme promote hate, discrimination, or offensive stereotypes? Respond with 1 if yes, 0 if no."
img/15243.png,0,0,0,Is the meme offensive or hateful when considering both modalities? Return only 1 or 0.
img/15243.png,0,1,1,"Classify this meme: 1 = hateful or offensive, 0 = not hateful. Output only the digit."
img/15243.png,0,0,0,"Does the meme contain harmful or derogatory content? Answer with a single digit: 1 for yes, 0 for no."
img/41058.png,0,0,0,"Is this meme hateful? Answer 1 for hateful, 0 for not hateful."
img/41058.png,0,0,0,"Considering both the image and the text, is this meme offensive? 1=yes, 0=no."
img/41058.png,0,1,1,"Analyze the meme and decide: 1=hateful, 0=not hateful."
img/41058.png,0,0,No,"Does this meme contain hate speech or offensive content? Answer 1=yes, 0=no."
img/41058.png,0,0,0,"Evaluate the meme’s image and text together. Is it hateful? Output only 1 for hateful, 0 for not."
img/41058.png,0,0,0,"Look at both the image and the caption. If the meme expresses hate or stereotypes, reply 1. Otherwise reply 0."
img/41058.png,0,0,0,"Does the meme promote hate, discrimination, or offensive stereotypes? Respond with 1 if yes, 0 if no."
img/41058.png,0,0,0,Is the meme offensive or hateful when considering both modalities? Return only 1 or 0.
img/41058.png,0,1,1,"Classify this meme: 1 = hateful or offensive, 0 = not hateful. Output only the digit."
img/41058.png,0,0,0,"Does the meme contain harmful or derogatory content? Answer with a single digit: 1 for yes, 0 for no."
img/62375.png,1,1,1,"Is this meme hateful? Answer 1 for hateful, 0 for not hateful."
img/62375.png,1,1,1,"Considering both the image and the text, is this meme offensive? 1=yes, 0=no."
img/62375.png,1,1,1=hateful,"Analyze the meme and decide: 1=hateful, 0=not hateful."
img/62375.png,1,1,1,"Does this meme contain hate speech or offensive content? Answer 1=yes, 0=no."
img/62375.png,1,1,1,"Evaluate the meme’s image and text together. Is it hateful? Output only 1 for hateful, 0 for not."
img/62375.png,1,0,0,"Look at both the image and the caption. If the meme expresses hate or stereotypes, reply 1. Otherwise reply 0."
img/62375.png,1,1,1,"Does the meme promote hate, discrimination, or offensive stereotypes? Respond with 1 if yes, 0 if no."
img/62375.png,1,1,1,Is the meme offensive or hateful when considering both modalities? Return only 1 or 0.
img/62375.png,1,1,1,"Classify this meme: 1 = hateful or offensive, 0 = not hateful. Output only the digit."
img/62375.png,1,1,1,"Does the meme contain harmful or derogatory content? Answer with a single digit: 1 for yes, 0 for no."
img/63507.png,0,1,1,"Is this meme hateful? Answer 1 for hateful, 0 for not hateful."
img/63507.png,0,0,0,"Considering both the image and the text, is this meme offensive? 1=yes, 0=no."
img/63507.png,0,1,1=hateful,"Analyze the meme and decide: 1=hateful, 0=not hateful."
img/63507.png,0,0,0=no,"Does this meme contain hate speech or offensive content? Answer 1=yes, 0=no."
img/63507.png,0,0,0,"Evaluate the meme’s image and text together. Is it hateful? Output only 1 for hateful, 0 for not."
img/63507.png,0,0,0,"Look at both the image and the caption. If the meme expresses hate or stereotypes, reply 1. Otherwise reply 0."
img/63507.png,0,0,0,"Does the meme promote hate, discrimination, or offensive stereotypes? Respond with 1 if yes, 0 if no."
img/63507.png,0,1,1,Is the meme offensive or hateful when considering both modalities? Return only 1 or 0.
img/63507.png,0,1,1,"Classify this meme: 1 = hateful or offensive, 0 = not hateful. Output only the digit."
img/63507.png,0,0,0,"Does the meme contain harmful or derogatory content? Answer with a single digit: 1 for yes, 0 for no."
img/31208.png,1,0,0,"Is this meme hateful? Answer 1 for hateful, 0 for not hateful."
img/31208.png,1,0,0,"Considering both the image and the text, is this meme offensive? 1=yes, 0=no."
img/31208.png,1,1,1=hateful,"Analyze the meme and decide: 1=hateful, 0=not hateful."
img/31208.png,1,0,0,"Does this meme contain hate speech or offensive content? Answer 1=yes, 0=no."
img/31208.png,1,0,0,"Evaluate the meme’s image and text together. Is it hateful? Output only 1 for hateful, 0 for not."
img/31208.png,1,0,0,"Look at both the image and the caption. If the meme expresses hate or stereotypes, reply 1. Otherwise reply 0."
img/31208.png,1,0,0,"Does the meme promote hate, discrimination, or offensive stereotypes? Respond with 1 if yes, 0 if no."
img/31208.png,1,1,1,Is the meme offensive or hateful when considering both modalities? Return only 1 or 0.
img/31208.png,1,1,1,"Classify this meme: 1 = hateful or offensive, 0 = not hateful. Output only the digit."
img/31208.png,1,0,0,"Does the meme contain harmful or derogatory content? Answer with a single digit: 1 for yes, 0 for no."
img/62319.png,1,1,This meme is not hateful.,"Is this meme hateful? Answer 1 for hateful, 0 for not hateful."
img/62319.png,1,1,1,"Considering both the image and the text, is this meme offensive? 1=yes, 0=no."
img/62319.png,1,1,1=hateful,"Analyze the meme and decide: 1=hateful, 0=not hateful."
img/62319.png,1,0,No.,"Does this meme contain hate speech or offensive content? Answer 1=yes, 0=no."
img/62319.png,1,0,0,"Evaluate the meme’s image and text together. Is it hateful? Output only 1 for hateful, 0 for not."
img/62319.png,1,0,0,"Look at both the image and the caption. If the meme expresses hate or stereotypes, reply 1. Otherwise reply 0."
img/62319.png,1,0,0,"Does the meme promote hate, discrimination, or offensive stereotypes? Respond with 1 if yes, 0 if no."
img/62319.png,1,1,1 (offensive),Is the meme offensive or hateful when considering both modalities? Return only 1 or 0.
img/62319.png,1,1,1,"Classify this meme: 1 = hateful or offensive, 0 = not hateful. Output only the digit."
img/62319.png,1,1,1,"Does the meme contain harmful or derogatory content? Answer with a single digit: 1 for yes, 0 for no."
img/68253.png,1,1,This meme is not hateful.,"Is this meme hateful? Answer 1 for hateful, 0 for not hateful."
img/68253.png,1,0,0=no.,"Considering both the image and the text, is this meme offensive? 1=yes, 0=no."
img/68253.png,1,1,1=hateful,"Analyze the meme and decide: 1=hateful, 0=not hateful."
img/68253.png,1,0,No.,"Does this meme contain hate speech or offensive content? Answer 1=yes, 0=no."
img/68253.png,1,0,0,"Evaluate the meme’s image and text together. Is it hateful? Output only 1 for hateful, 0 for not."
img/68253.png,1,0,0,"Look at both the image and the caption. If the meme expresses hate or stereotypes, reply 1. Otherwise reply 0."
img/68253.png,1,0,No,"Does the meme promote hate, discrimination, or offensive stereotypes? Respond with 1 if yes, 0 if no."
img/68253.png,1,1,1,Is the meme offensive or hateful when considering both modalities? Return only 1 or 0.
img/68253.png,1,1,1,"Classify this meme: 1 = hateful or offensive, 0 = not hateful. Output only the digit."
img/68253.png,1,1,1,"Does the meme contain harmful or derogatory content? Answer with a single digit: 1 for yes, 0 for no."
img/34687.png,1,0,0,"Is this meme hateful? Answer 1 for hateful, 0 for not hateful."
img/34687.png,1,0,0,"Considering both the image and the text, is this meme offensive? 1=yes, 0=no."
img/34687.png,1,1,1,"Analyze the meme and decide: 1=hateful, 0=not hateful."
img/34687.png,1,0,0,"Does this meme contain hate speech or offensive content? Answer 1=yes, 0=no."
img/34687.png,1,0,0,"Evaluate the meme’s image and text together. Is it hateful? Output only 1 for hateful, 0 for not."
img/34687.png,1,0,0,"Look at both the image and the caption. If the meme expresses hate or stereotypes, reply 1. Otherwise reply 0."
img/34687.png,1,0,0,"Does the meme promote hate, discrimination, or offensive stereotypes? Respond with 1 if yes, 0 if no."
img/34687.png,1,0,0,Is the meme offensive or hateful when considering both modalities? Return only 1 or 0.
img/34687.png,1,1,1,"Classify this meme: 1 = hateful or offensive, 0 = not hateful. Output only the digit."
img/34687.png,1,0,0,"Does the meme contain harmful or derogatory content? Answer with a single digit: 1 for yes, 0 for no."
img/34209.png,0,0,0,"Is this meme hateful? Answer 1 for hateful, 0 for not hateful."
img/34209.png,0,1,1,"Considering both the image and the text, is this meme offensive? 1=yes, 0=no."
img/34209.png,0,1,1=hateful,"Analyze the meme and decide: 1=hateful, 0=not hateful."
img/34209.png,0,0,No.,"Does this meme contain hate speech or offensive content? Answer 1=yes, 0=no."
img/34209.png,0,0,0,"Evaluate the meme’s image and text together. Is it hateful? Output only 1 for hateful, 0 for not."
img/34209.png,0,0,0,"Look at both the image and the caption. If the meme expresses hate or stereotypes, reply 1. Otherwise reply 0."
img/34209.png,0,0,0,"Does the meme promote hate, discrimination, or offensive stereotypes? Respond with 1 if yes, 0 if no."
img/34209.png,0,1,1,Is the meme offensive or hateful when considering both modalities? Return only 1 or 0.
img/34209.png,0,1,1,"Classify this meme: 1 = hateful or offensive, 0 = not hateful. Output only the digit."
img/34209.png,0,0,0,"Does the meme contain harmful or derogatory content? Answer with a single digit: 1 for yes, 0 for no."
img/39827.png,1,1,1,"Is this meme hateful? Answer 1 for hateful, 0 for not hateful."
img/39827.png,1,1,"Yes, the meme is offensive.","Considering both the image and the text, is this meme offensive? 1=yes, 0=no."
img/39827.png,1,1,1=hateful,"Analyze the meme and decide: 1=hateful, 0=not hateful."
img/39827.png,1,1,"Yes, this meme contains hate speech as it promotes the eviction of a group of people from the country.","Does this meme contain hate speech or offensive content? Answer 1=yes, 0=no."
img/39827.png,1,1,1,"Evaluate the meme’s image and text together. Is it hateful? Output only 1 for hateful, 0 for not."
img/39827.png,1,0,0,"Look at both the image and the caption. If the meme expresses hate or stereotypes, reply 1. Otherwise reply 0."
img/39827.png,1,1,1,"Does the meme promote hate, discrimination, or offensive stereotypes? Respond with 1 if yes, 0 if no."
img/39827.png,1,1,1,Is the meme offensive or hateful when considering both modalities? Return only 1 or 0.
img/39827.png,1,1,1,"Classify this meme: 1 = hateful or offensive, 0 = not hateful. Output only the digit."
img/39827.png,1,1,1,"Does the meme contain harmful or derogatory content? Answer with a single digit: 1 for yes, 0 for no."
img/46920.png,1,0,0,"Is this meme hateful? Answer 1 for hateful, 0 for not hateful."
img/46920.png,1,1,1,"Considering both the image and the text, is this meme offensive? 1=yes, 0=no."
img/46920.png,1,1,1=hateful,"Analyze the meme and decide: 1=hateful, 0=not hateful."
img/46920.png,1,0,No,"Does this meme contain hate speech or offensive content? Answer 1=yes, 0=no."
img/46920.png,1,0,0,"Evaluate the meme’s image and text together. Is it hateful? Output only 1 for hateful, 0 for not."
img/46920.png,1,0,0,"Look at both the image and the caption. If the meme expresses hate or stereotypes, reply 1. Otherwise reply 0."
img/46920.png,1,0,0,"Does the meme promote hate, discrimination, or offensive stereotypes? Respond with 1 if yes, 0 if no."
img/46920.png,1,1,1,Is the meme offensive or hateful when considering both modalities? Return only 1 or 0.
img/46920.png,1,1,1,"Classify this meme: 1 = hateful or offensive, 0 = not hateful. Output only the digit."
img/46920.png,1,1,1,"Does the meme contain harmful or derogatory content? Answer with a single digit: 1 for yes, 0 for no."
img/84273.png,0,1,This meme is not hateful.,"Is this meme hateful? Answer 1 for hateful, 0 for not hateful."
img/84273.png,0,0,0,"Considering both the image and the text, is this meme offensive? 1=yes, 0=no."
img/84273.png,0,1,1=hateful,"Analyze the meme and decide: 1=hateful, 0=not hateful."
img/84273.png,0,0,0,"Does this meme contain hate speech or offensive content? Answer 1=yes, 0=no."
img/84273.png,0,0,0,"Evaluate the meme’s image and text together. Is it hateful? Output only 1 for hateful, 0 for not."
img/84273.png,0,0,0,"Look at both the image and the caption. If the meme expresses hate or stereotypes, reply 1. Otherwise reply 0."
img/84273.png,0,0,0,"Does the meme promote hate, discrimination, or offensive stereotypes? Respond with 1 if yes, 0 if no."
img/84273.png,0,0,0,Is the meme offensive or hateful when considering both modalities? Return only 1 or 0.
img/84273.png,0,1,1,"Classify this meme: 1 = hateful or offensive, 0 = not hateful. Output only the digit."
img/84273.png,0,0,0,"Does the meme contain harmful or derogatory content? Answer with a single digit: 1 for yes, 0 for no."
img/39018.png,0,0,0,"Is this meme hateful? Answer 1 for hateful, 0 for not hateful."
img/39018.png,0,1,1,"Considering both the image and the text, is this meme offensive? 1=yes, 0=no."
img/39018.png,0,1,1=hateful,"Analyze the meme and decide: 1=hateful, 0=not hateful."
img/39018.png,0,0,No,"Does this meme contain hate speech or offensive content? Answer 1=yes, 0=no."
img/39018.png,0,0,0,"Evaluate the meme’s image and text together. Is it hateful? Output only 1 for hateful, 0 for not."
img/39018.png,0,0,0,"Look at both the image and the caption. If the meme expresses hate or stereotypes, reply 1. Otherwise reply 0."
img/39018.png,0,0,0,"Does the meme promote hate, discrimination, or offensive stereotypes? Respond with 1 if yes, 0 if no."
img/39018.png,0,1,1,Is the meme offensive or hateful when considering both modalities? Return only 1 or 0.
img/39018.png,0,1,1,"Classify this meme: 1 = hateful or offensive, 0 = not hateful. Output only the digit."
img/39018.png,0,1,1,"Does the meme contain harmful or derogatory content? Answer with a single digit: 1 for yes, 0 for no."
img/54780.png,1,1,This meme is not hateful.,"Is this meme hateful? Answer 1 for hateful, 0 for not hateful."
img/54780.png,1,0,0,"Considering both the image and the text, is this meme offensive? 1=yes, 0=no."
img/54780.png,1,1,0=not hateful,"Analyze the meme and decide: 1=hateful, 0=not hateful."
img/54780.png,1,0,0=no,"Does this meme contain hate speech or offensive content? Answer 1=yes, 0=no."
img/54780.png,1,0,0,"Evaluate the meme’s image and text together. Is it hateful? Output only 1 for hateful, 0 for not."
img/54780.png,1,0,0,"Look at both the image and the caption. If the meme expresses hate or stereotypes, reply 1. Otherwise reply 0."
img/54780.png,1,0,0,"Does the meme promote hate, discrimination, or offensive stereotypes? Respond with 1 if yes, 0 if no."
img/54780.png,1,0,0,Is the meme offensive or hateful when considering both modalities? Return only 1 or 0.
img/54780.png,1,0,0,"Classify this meme: 1 = hateful or offensive, 0 = not hateful. Output only the digit."
img/54780.png,1,0,0,"Does the meme contain harmful or derogatory content? Answer with a single digit: 1 for yes, 0 for no."
img/69150.png,1,0,0,"Is this meme hateful? Answer 1 for hateful, 0 for not hateful."
img/69150.png,1,1,1,"Considering both the image and the text, is this meme offensive? 1=yes, 0=no."
img/69150.png,1,1,1=hateful,"Analyze the meme and decide: 1=hateful, 0=not hateful."
img/69150.png,1,0,No.,"Does this meme contain hate speech or offensive content? Answer 1=yes, 0=no."
img/69150.png,1,0,0,"Evaluate the meme’s image and text together. Is it hateful? Output only 1 for hateful, 0 for not."
img/69150.png,1,0,0,"Look at both the image and the caption. If the meme expresses hate or stereotypes, reply 1. Otherwise reply 0."
img/69150.png,1,0,0,"Does the meme promote hate, discrimination, or offensive stereotypes? Respond with 1 if yes, 0 if no."
img/69150.png,1,1,1,Is the meme offensive or hateful when considering both modalities? Return only 1 or 0.
img/69150.png,1,1,1,"Classify this meme: 1 = hateful or offensive, 0 = not hateful. Output only the digit."
img/69150.png,1,1,1,"Does the meme contain harmful or derogatory content? Answer with a single digit: 1 for yes, 0 for no."
img/29843.png,0,1,1,"Is this meme hateful? Answer 1 for hateful, 0 for not hateful."
img/29843.png,0,0,0,"Considering both the image and the text, is this meme offensive? 1=yes, 0=no."
img/29843.png,0,1,1=hateful,"Analyze the meme and decide: 1=hateful, 0=not hateful."
img/29843.png,0,0,No,"Does this meme contain hate speech or offensive content? Answer 1=yes, 0=no."
img/29843.png,0,0,0,"Evaluate the meme’s image and text together. Is it hateful? Output only 1 for hateful, 0 for not."
img/29843.png,0,1,1,"Look at both the image and the caption. If the meme expresses hate or stereotypes, reply 1. Otherwise reply 0."
img/29843.png,0,1,1,"Does the meme promote hate, discrimination, or offensive stereotypes? Respond with 1 if yes, 0 if no."
img/29843.png,0,1,1,Is the meme offensive or hateful when considering both modalities? Return only 1 or 0.
img/29843.png,0,1,1,"Classify this meme: 1 = hateful or offensive, 0 = not hateful. Output only the digit."
img/29843.png,0,1,1,"Does the meme contain harmful or derogatory content? Answer with a single digit: 1 for yes, 0 for no."
img/19385.png,0,1,1,"Is this meme hateful? Answer 1 for hateful, 0 for not hateful."
img/19385.png,0,1,1,"Considering both the image and the text, is this meme offensive? 1=yes, 0=no."
img/19385.png,0,1,1,"Analyze the meme and decide: 1=hateful, 0=not hateful."
img/19385.png,0,1,"Yes, this meme contains hate speech and offensive content.","Does this meme contain hate speech or offensive content? Answer 1=yes, 0=no."
img/19385.png,0,1,1,"Evaluate the meme’s image and text together. Is it hateful? Output only 1 for hateful, 0 for not."
img/19385.png,0,1,1,"Look at both the image and the caption. If the meme expresses hate or stereotypes, reply 1. Otherwise reply 0."
img/19385.png,0,1,1,"Does the meme promote hate, discrimination, or offensive stereotypes? Respond with 1 if yes, 0 if no."
img/19385.png,0,1,1,Is the meme offensive or hateful when considering both modalities? Return only 1 or 0.
img/19385.png,0,1,1,"Classify this meme: 1 = hateful or offensive, 0 = not hateful. Output only the digit."
img/19385.png,0,1,1,"Does the meme contain harmful or derogatory content? Answer with a single digit: 1 for yes, 0 for no."
img/64510.png,0,0,0,"Is this meme hateful? Answer 1 for hateful, 0 for not hateful."
img/64510.png,0,0,0,"Considering both the image and the text, is this meme offensive? 1=yes, 0=no."
img/64510.png,0,1,1,"Analyze the meme and decide: 1=hateful, 0=not hateful."
img/64510.png,0,0,No.,"Does this meme contain hate speech or offensive content? Answer 1=yes, 0=no."
img/64510.png,0,0,0,"Evaluate the meme’s image and text together. Is it hateful? Output only 1 for hateful, 0 for not."
img/64510.png,0,0,0,"Look at both the image and the caption. If the meme expresses hate or stereotypes, reply 1. Otherwise reply 0."
img/64510.png,0,0,0,"Does the meme promote hate, discrimination, or offensive stereotypes? Respond with 1 if yes, 0 if no."
img/64510.png,0,1,1,Is the meme offensive or hateful when considering both modalities? Return only 1 or 0.
img/64510.png,0,1,1,"Classify this meme: 1 = hateful or offensive, 0 = not hateful. Output only the digit."
img/64510.png,0,0,0,"Does the meme contain harmful or derogatory content? Answer with a single digit: 1 for yes, 0 for no."
img/47103.png,0,0,0,"Is this meme hateful? Answer 1 for hateful, 0 for not hateful."
img/47103.png,0,0,0,"Considering both the image and the text, is this meme offensive? 1=yes, 0=no."
img/47103.png,0,1,1=hateful,"Analyze the meme and decide: 1=hateful, 0=not hateful."
img/47103.png,0,0,No.,"Does this meme contain hate speech or offensive content? Answer 1=yes, 0=no."
img/47103.png,0,0,0,"Evaluate the meme’s image and text together. Is it hateful? Output only 1 for hateful, 0 for not."
img/47103.png,0,0,0,"Look at both the image and the caption. If the meme expresses hate or stereotypes, reply 1. Otherwise reply 0."
img/47103.png,0,0,0,"Does the meme promote hate, discrimination, or offensive stereotypes? Respond with 1 if yes, 0 if no."
img/47103.png,0,1,1,Is the meme offensive or hateful when considering both modalities? Return only 1 or 0.
img/47103.png,0,1,1,"Classify this meme: 1 = hateful or offensive, 0 = not hateful. Output only the digit."
img/47103.png,0,0,0,"Does the meme contain harmful or derogatory content? Answer with a single digit: 1 for yes, 0 for no."
img/61038.png,0,0,0,"Is this meme hateful? Answer 1 for hateful, 0 for not hateful."
img/61038.png,0,0,0=no,"Considering both the image and the text, is this meme offensive? 1=yes, 0=no."
img/61038.png,0,1,1=hateful,"Analyze the meme and decide: 1=hateful, 0=not hateful."
img/61038.png,0,0,0,"Does this meme contain hate speech or offensive content? Answer 1=yes, 0=no."
img/61038.png,0,0,0,"Evaluate the meme’s image and text together. Is it hateful? Output only 1 for hateful, 0 for not."
img/61038.png,0,0,0,"Look at both the image and the caption. If the meme expresses hate or stereotypes, reply 1. Otherwise reply 0."
img/61038.png,0,0,0,"Does the meme promote hate, discrimination, or offensive stereotypes? Respond with 1 if yes, 0 if no."
img/61038.png,0,0,0,Is the meme offensive or hateful when considering both modalities? Return only 1 or 0.
img/61038.png,0,1,1,"Classify this meme: 1 = hateful or offensive, 0 = not hateful. Output only the digit."
img/61038.png,0,0,0,"Does the meme contain harmful or derogatory content? Answer with a single digit: 1 for yes, 0 for no."
img/71620.png,1,0,0,"Is this meme hateful? Answer 1 for hateful, 0 for not hateful."
img/71620.png,1,0,0,"Considering both the image and the text, is this meme offensive? 1=yes, 0=no."
img/71620.png,1,1,1,"Analyze the meme and decide: 1=hateful, 0=not hateful."
img/71620.png,1,0,0=no,"Does this meme contain hate speech or offensive content? Answer 1=yes, 0=no."
img/71620.png,1,0,0,"Evaluate the meme’s image and text together. Is it hateful? Output only 1 for hateful, 0 for not."
img/71620.png,1,0,0,"Look at both the image and the caption. If the meme expresses hate or stereotypes, reply 1. Otherwise reply 0."
img/71620.png,1,0,0,"Does the meme promote hate, discrimination, or offensive stereotypes? Respond with 1 if yes, 0 if no."
img/71620.png,1,0,0,Is the meme offensive or hateful when considering both modalities? Return only 1 or 0.
img/71620.png,1,0,0,"Classify this meme: 1 = hateful or offensive, 0 = not hateful. Output only the digit."
img/71620.png,1,0,0,"Does the meme contain harmful or derogatory content? Answer with a single digit: 1 for yes, 0 for no."
img/91602.png,0,0,0,"Is this meme hateful? Answer 1 for hateful, 0 for not hateful."
img/91602.png,0,0,0,"Considering both the image and the text, is this meme offensive? 1=yes, 0=no."
img/91602.png,0,1,1,"Analyze the meme and decide: 1=hateful, 0=not hateful."
img/91602.png,0,0,0,"Does this meme contain hate speech or offensive content? Answer 1=yes, 0=no."
img/91602.png,0,0,0,"Evaluate the meme’s image and text together. Is it hateful? Output only 1 for hateful, 0 for not."
img/91602.png,0,1,1,"Look at both the image and the caption. If the meme expresses hate or stereotypes, reply 1. Otherwise reply 0."
img/91602.png,0,0,0,"Does the meme promote hate, discrimination, or offensive stereotypes? Respond with 1 if yes, 0 if no."
img/91602.png,0,0,0,Is the meme offensive or hateful when considering both modalities? Return only 1 or 0.
img/91602.png,0,1,1,"Classify this meme: 1 = hateful or offensive, 0 = not hateful. Output only the digit."
img/91602.png,0,0,0,"Does the meme contain harmful or derogatory content? Answer with a single digit: 1 for yes, 0 for no."
img/30145.png,0,1,This meme is not hateful.,"Is this meme hateful? Answer 1 for hateful, 0 for not hateful."
img/30145.png,0,0,0,"Considering both the image and the text, is this meme offensive? 1=yes, 0=no."
img/30145.png,0,1,1=hateful,"Analyze the meme and decide: 1=hateful, 0=not hateful."
img/30145.png,0,1,0; the meme does not contain hate speech or offensive content.,"Does this meme contain hate speech or offensive content? Answer 1=yes, 0=no."
img/30145.png,0,0,0,"Evaluate the meme’s image and text together. Is it hateful? Output only 1 for hateful, 0 for not."
img/30145.png,0,0,0,"Look at both the image and the caption. If the meme expresses hate or stereotypes, reply 1. Otherwise reply 0."
img/30145.png,0,0,0,"Does the meme promote hate, discrimination, or offensive stereotypes? Respond with 1 if yes, 0 if no."
img/30145.png,0,1,1,Is the meme offensive or hateful when considering both modalities? Return only 1 or 0.
img/30145.png,0,1,1,"Classify this meme: 1 = hateful or offensive, 0 = not hateful. Output only the digit."
img/30145.png,0,0,0,"Does the meme contain harmful or derogatory content? Answer with a single digit: 1 for yes, 0 for no."
img/91756.png,1,0,0,"Is this meme hateful? Answer 1 for hateful, 0 for not hateful."
img/91756.png,1,0,0,"Considering both the image and the text, is this meme offensive? 1=yes, 0=no."
img/91756.png,1,0,0,"Analyze the meme and decide: 1=hateful, 0=not hateful."
img/91756.png,1,0,0=no,"Does this meme contain hate speech or offensive content? Answer 1=yes, 0=no."
img/91756.png,1,0,0,"Evaluate the meme’s image and text together. Is it hateful? Output only 1 for hateful, 0 for not."
img/91756.png,1,1,1,"Look at both the image and the caption. If the meme expresses hate or stereotypes, reply 1. Otherwise reply 0."
img/91756.png,1,0,0,"Does the meme promote hate, discrimination, or offensive stereotypes? Respond with 1 if yes, 0 if no."
img/91756.png,1,0,"The meme is not offensive or hateful when considering both modalities. It is a light-hearted and inclusive meme that uses humor to highlight the differences between the two words ""abnormal"" and ""normal"". The use of two women of different ethnicities",Is the meme offensive or hateful when considering both modalities? Return only 1 or 0.
img/91756.png,1,1,1,"Classify this meme: 1 = hateful or offensive, 0 = not hateful. Output only the digit."
img/91756.png,1,0,0,"Does the meme contain harmful or derogatory content? Answer with a single digit: 1 for yes, 0 for no."
img/63745.png,1,1,Hateful.,"Is this meme hateful? Answer 1 for hateful, 0 for not hateful."
img/63745.png,1,1,1,"Considering both the image and the text, is this meme offensive? 1=yes, 0=no."
img/63745.png,1,1,1=hateful,"Analyze the meme and decide: 1=hateful, 0=not hateful."
img/63745.png,1,0,No.,"Does this meme contain hate speech or offensive content? Answer 1=yes, 0=no."
img/63745.png,1,1,1,"Evaluate the meme’s image and text together. Is it hateful? Output only 1 for hateful, 0 for not."
img/63745.png,1,0,0,"Look at both the image and the caption. If the meme expresses hate or stereotypes, reply 1. Otherwise reply 0."
img/63745.png,1,0,0,"Does the meme promote hate, discrimination, or offensive stereotypes? Respond with 1 if yes, 0 if no."
img/63745.png,1,1,1,Is the meme offensive or hateful when considering both modalities? Return only 1 or 0.
img/63745.png,1,1,1,"Classify this meme: 1 = hateful or offensive, 0 = not hateful. Output only the digit."
img/63745.png,1,1,1,"Does the meme contain harmful or derogatory content? Answer with a single digit: 1 for yes, 0 for no."
img/47162.png,1,0,0,"Is this meme hateful? Answer 1 for hateful, 0 for not hateful."
img/47162.png,1,0,0,"Considering both the image and the text, is this meme offensive? 1=yes, 0=no."
img/47162.png,1,1,1=hateful,"Analyze the meme and decide: 1=hateful, 0=not hateful."
img/47162.png,1,0,0,"Does this meme contain hate speech or offensive content? Answer 1=yes, 0=no."
img/47162.png,1,0,0,"Evaluate the meme’s image and text together. Is it hateful? Output only 1 for hateful, 0 for not."
img/47162.png,1,0,0,"Look at both the image and the caption. If the meme expresses hate or stereotypes, reply 1. Otherwise reply 0."
img/47162.png,1,0,0,"Does the meme promote hate, discrimination, or offensive stereotypes? Respond with 1 if yes, 0 if no."
img/47162.png,1,0,0,Is the meme offensive or hateful when considering both modalities? Return only 1 or 0.
img/47162.png,1,1,1,"Classify this meme: 1 = hateful or offensive, 0 = not hateful. Output only the digit."
img/47162.png,1,0,0,"Does the meme contain harmful or derogatory content? Answer with a single digit: 1 for yes, 0 for no."
img/59806.png,0,0,0,"Is this meme hateful? Answer 1 for hateful, 0 for not hateful."
img/59806.png,0,0,0,"Considering both the image and the text, is this meme offensive? 1=yes, 0=no."
img/59806.png,0,1,1=hateful,"Analyze the meme and decide: 1=hateful, 0=not hateful."
img/59806.png,0,0,0,"Does this meme contain hate speech or offensive content? Answer 1=yes, 0=no."
img/59806.png,0,0,0,"Evaluate the meme’s image and text together. Is it hateful? Output only 1 for hateful, 0 for not."
img/59806.png,0,0,0,"Look at both the image and the caption. If the meme expresses hate or stereotypes, reply 1. Otherwise reply 0."
img/59806.png,0,0,0,"Does the meme promote hate, discrimination, or offensive stereotypes? Respond with 1 if yes, 0 if no."
img/59806.png,0,1,1,Is the meme offensive or hateful when considering both modalities? Return only 1 or 0.
img/59806.png,0,1,1,"Classify this meme: 1 = hateful or offensive, 0 = not hateful. Output only the digit."
img/59806.png,0,0,0,"Does the meme contain harmful or derogatory content? Answer with a single digit: 1 for yes, 0 for no."
img/07135.png,1,1,This meme is not hateful.,"Is this meme hateful? Answer 1 for hateful, 0 for not hateful."
img/07135.png,1,0,0,"Considering both the image and the text, is this meme offensive? 1=yes, 0=no."
img/07135.png,1,1,1=hateful,"Analyze the meme and decide: 1=hateful, 0=not hateful."
img/07135.png,1,0,No.,"Does this meme contain hate speech or offensive content? Answer 1=yes, 0=no."
img/07135.png,1,0,0,"Evaluate the meme’s image and text together. Is it hateful? Output only 1 for hateful, 0 for not."
img/07135.png,1,0,0,"Look at both the image and the caption. If the meme expresses hate or stereotypes, reply 1. Otherwise reply 0."
img/07135.png,1,0,0,"Does the meme promote hate, discrimination, or offensive stereotypes? Respond with 1 if yes, 0 if no."
img/07135.png,1,0,0,Is the meme offensive or hateful when considering both modalities? Return only 1 or 0.
img/07135.png,1,1,1,"Classify this meme: 1 = hateful or offensive, 0 = not hateful. Output only the digit."
img/07135.png,1,0,0,"Does the meme contain harmful or derogatory content? Answer with a single digit: 1 for yes, 0 for no."
img/35497.png,0,0,0,"Is this meme hateful? Answer 1 for hateful, 0 for not hateful."
img/35497.png,0,0,0,"Considering both the image and the text, is this meme offensive? 1=yes, 0=no."
img/35497.png,0,1,1=hateful,"Analyze the meme and decide: 1=hateful, 0=not hateful."
img/35497.png,0,0,0,"Does this meme contain hate speech or offensive content? Answer 1=yes, 0=no."
img/35497.png,0,0,0,"Evaluate the meme’s image and text together. Is it hateful? Output only 1 for hateful, 0 for not."
img/35497.png,0,0,0,"Look at both the image and the caption. If the meme expresses hate or stereotypes, reply 1. Otherwise reply 0."
img/35497.png,0,0,0,"Does the meme promote hate, discrimination, or offensive stereotypes? Respond with 1 if yes, 0 if no."
img/35497.png,0,1,1,Is the meme offensive or hateful when considering both modalities? Return only 1 or 0.
img/35497.png,0,1,1,"Classify this meme: 1 = hateful or offensive, 0 = not hateful. Output only the digit."
img/35497.png,0,0,0,"Does the meme contain harmful or derogatory content? Answer with a single digit: 1 for yes, 0 for no."
img/84362.png,0,0,0,"Is this meme hateful? Answer 1 for hateful, 0 for not hateful."
img/84362.png,0,0,0,"Considering both the image and the text, is this meme offensive? 1=yes, 0=no."
img/84362.png,0,1,1,"Analyze the meme and decide: 1=hateful, 0=not hateful."
img/84362.png,0,0,0,"Does this meme contain hate speech or offensive content? Answer 1=yes, 0=no."
img/84362.png,0,0,0,"Evaluate the meme’s image and text together. Is it hateful? Output only 1 for hateful, 0 for not."
img/84362.png,0,1,1,"Look at both the image and the caption. If the meme expresses hate or stereotypes, reply 1. Otherwise reply 0."
img/84362.png,0,0,0,"Does the meme promote hate, discrimination, or offensive stereotypes? Respond with 1 if yes, 0 if no."
img/84362.png,0,0,0,Is the meme offensive or hateful when considering both modalities? Return only 1 or 0.
img/84362.png,0,1,1,"Classify this meme: 1 = hateful or offensive, 0 = not hateful. Output only the digit."
img/84362.png,0,0,0,"Does the meme contain harmful or derogatory content? Answer with a single digit: 1 for yes, 0 for no."
img/84015.png,1,0,0,"Is this meme hateful? Answer 1 for hateful, 0 for not hateful."
img/84015.png,1,0,0,"Considering both the image and the text, is this meme offensive? 1=yes, 0=no."
img/84015.png,1,0,0,"Analyze the meme and decide: 1=hateful, 0=not hateful."
img/84015.png,1,0,0,"Does this meme contain hate speech or offensive content? Answer 1=yes, 0=no."
img/84015.png,1,0,0,"Evaluate the meme’s image and text together. Is it hateful? Output only 1 for hateful, 0 for not."
img/84015.png,1,0,0,"Look at both the image and the caption. If the meme expresses hate or stereotypes, reply 1. Otherwise reply 0."
img/84015.png,1,0,0,"Does the meme promote hate, discrimination, or offensive stereotypes? Respond with 1 if yes, 0 if no."
img/84015.png,1,0,0,Is the meme offensive or hateful when considering both modalities? Return only 1 or 0.
img/84015.png,1,1,1,"Classify this meme: 1 = hateful or offensive, 0 = not hateful. Output only the digit."
img/84015.png,1,0,0,"Does the meme contain harmful or derogatory content? Answer with a single digit: 1 for yes, 0 for no."
img/87251.png,0,0,0,"Is this meme hateful? Answer 1 for hateful, 0 for not hateful."
img/87251.png,0,0,0,"Considering both the image and the text, is this meme offensive? 1=yes, 0=no."
img/87251.png,0,1,1=hateful,"Analyze the meme and decide: 1=hateful, 0=not hateful."
img/87251.png,0,0,No,"Does this meme contain hate speech or offensive content? Answer 1=yes, 0=no."
img/87251.png,0,0,0,"Evaluate the meme’s image and text together. Is it hateful? Output only 1 for hateful, 0 for not."
img/87251.png,0,0,0,"Look at both the image and the caption. If the meme expresses hate or stereotypes, reply 1. Otherwise reply 0."
img/87251.png,0,0,0,"Does the meme promote hate, discrimination, or offensive stereotypes? Respond with 1 if yes, 0 if no."
img/87251.png,0,1,1,Is the meme offensive or hateful when considering both modalities? Return only 1 or 0.
img/87251.png,0,1,1,"Classify this meme: 1 = hateful or offensive, 0 = not hateful. Output only the digit."
img/87251.png,0,0,0,"Does the meme contain harmful or derogatory content? Answer with a single digit: 1 for yes, 0 for no."
img/82590.png,1,1,Hateful.,"Is this meme hateful? Answer 1 for hateful, 0 for not hateful."
img/82590.png,1,1,1=yes,"Considering both the image and the text, is this meme offensive? 1=yes, 0=no."
img/82590.png,1,1,1=hateful,"Analyze the meme and decide: 1=hateful, 0=not hateful."
img/82590.png,1,1,Yes.,"Does this meme contain hate speech or offensive content? Answer 1=yes, 0=no."
img/82590.png,1,1,1,"Evaluate the meme’s image and text together. Is it hateful? Output only 1 for hateful, 0 for not."
img/82590.png,1,0,0,"Look at both the image and the caption. If the meme expresses hate or stereotypes, reply 1. Otherwise reply 0."
img/82590.png,1,0,0,"Does the meme promote hate, discrimination, or offensive stereotypes? Respond with 1 if yes, 0 if no."
img/82590.png,1,1,1,Is the meme offensive or hateful when considering both modalities? Return only 1 or 0.
img/82590.png,1,1,1,"Classify this meme: 1 = hateful or offensive, 0 = not hateful. Output only the digit."
img/82590.png,1,1,1,"Does the meme contain harmful or derogatory content? Answer with a single digit: 1 for yes, 0 for no."
img/59738.png,1,1,This meme is not hateful.,"Is this meme hateful? Answer 1 for hateful, 0 for not hateful."
img/59738.png,1,0,0,"Considering both the image and the text, is this meme offensive? 1=yes, 0=no."
img/59738.png,1,1,1=hateful,"Analyze the meme and decide: 1=hateful, 0=not hateful."
img/59738.png,1,0,0,"Does this meme contain hate speech or offensive content? Answer 1=yes, 0=no."
img/59738.png,1,0,0,"Evaluate the meme’s image and text together. Is it hateful? Output only 1 for hateful, 0 for not."
img/59738.png,1,1,1,"Look at both the image and the caption. If the meme expresses hate or stereotypes, reply 1. Otherwise reply 0."
img/59738.png,1,0,0,"Does the meme promote hate, discrimination, or offensive stereotypes? Respond with 1 if yes, 0 if no."
img/59738.png,1,1,"The meme is offensive when considering both modalities. It uses offensive language and makes a comparison between refugees and an alien (e.t.) in a negative way, suggesting that learning English and wanting to go home makes the alien more human-like. This",Is the meme offensive or hateful when considering both modalities? Return only 1 or 0.
img/59738.png,1,1,1,"Classify this meme: 1 = hateful or offensive, 0 = not hateful. Output only the digit."
img/59738.png,1,0,0,"Does the meme contain harmful or derogatory content? Answer with a single digit: 1 for yes, 0 for no."
img/35470.png,0,0,0,"Is this meme hateful? Answer 1 for hateful, 0 for not hateful."
img/35470.png,0,0,0,"Considering both the image and the text, is this meme offensive? 1=yes, 0=no."
img/35470.png,0,1,1=hateful,"Analyze the meme and decide: 1=hateful, 0=not hateful."
img/35470.png,0,0,0,"Does this meme contain hate speech or offensive content? Answer 1=yes, 0=no."
img/35470.png,0,0,0,"Evaluate the meme’s image and text together. Is it hateful? Output only 1 for hateful, 0 for not."
img/35470.png,0,0,0,"Look at both the image and the caption. If the meme expresses hate or stereotypes, reply 1. Otherwise reply 0."
img/35470.png,0,0,0,"Does the meme promote hate, discrimination, or offensive stereotypes? Respond with 1 if yes, 0 if no."
img/35470.png,0,0,0,Is the meme offensive or hateful when considering both modalities? Return only 1 or 0.
img/35470.png,0,1,1,"Classify this meme: 1 = hateful or offensive, 0 = not hateful. Output only the digit."
img/35470.png,0,0,0,"Does the meme contain harmful or derogatory content? Answer with a single digit: 1 for yes, 0 for no."
img/72061.png,1,0,0,"Is this meme hateful? Answer 1 for hateful, 0 for not hateful."
img/72061.png,1,0,0,"Considering both the image and the text, is this meme offensive? 1=yes, 0=no."
img/72061.png,1,1,1=hateful,"Analyze the meme and decide: 1=hateful, 0=not hateful."
img/72061.png,1,0,0,"Does this meme contain hate speech or offensive content? Answer 1=yes, 0=no."
img/72061.png,1,0,0,"Evaluate the meme’s image and text together. Is it hateful? Output only 1 for hateful, 0 for not."
img/72061.png,1,0,0,"Look at both the image and the caption. If the meme expresses hate or stereotypes, reply 1. Otherwise reply 0."
img/72061.png,1,0,0,"Does the meme promote hate, discrimination, or offensive stereotypes? Respond with 1 if yes, 0 if no."
img/72061.png,1,0,0,Is the meme offensive or hateful when considering both modalities? Return only 1 or 0.
img/72061.png,1,1,1,"Classify this meme: 1 = hateful or offensive, 0 = not hateful. Output only the digit."
img/72061.png,1,0,0,"Does the meme contain harmful or derogatory content? Answer with a single digit: 1 for yes, 0 for no."
img/03524.png,1,1,1,"Is this meme hateful? Answer 1 for hateful, 0 for not hateful."
img/03524.png,1,1,"Yes, the meme is offensive.","Considering both the image and the text, is this meme offensive? 1=yes, 0=no."
img/03524.png,1,1,1=hateful,"Analyze the meme and decide: 1=hateful, 0=not hateful."
img/03524.png,1,1,"Yes, the text in the meme suggests that terrorists can easily enter the country, which may be considered offensive or inappropriate.","Does this meme contain hate speech or offensive content? Answer 1=yes, 0=no."
img/03524.png,1,1,1,"Evaluate the meme’s image and text together. Is it hateful? Output only 1 for hateful, 0 for not."
img/03524.png,1,0,0,"Look at both the image and the caption. If the meme expresses hate or stereotypes, reply 1. Otherwise reply 0."
img/03524.png,1,0,0,"Does the meme promote hate, discrimination, or offensive stereotypes? Respond with 1 if yes, 0 if no."
img/03524.png,1,1,1,Is the meme offensive or hateful when considering both modalities? Return only 1 or 0.
img/03524.png,1,1,1,"Classify this meme: 1 = hateful or offensive, 0 = not hateful. Output only the digit."
img/03524.png,1,1,1,"Does the meme contain harmful or derogatory content? Answer with a single digit: 1 for yes, 0 for no."
img/86170.png,1,0,0,"Is this meme hateful? Answer 1 for hateful, 0 for not hateful."
img/86170.png,1,1,"This meme is likely offensive to many people, as it uses a historical symbol of racism and prejudice to make a joke about ""keeping thieves out."" The Ku Klux Klan is a white supremacist organization that has engaged in violence and intimidation against people of","Considering both the image and the text, is this meme offensive? 1=yes, 0=no."
img/86170.png,1,1,1=hateful,"Analyze the meme and decide: 1=hateful, 0=not hateful."
img/86170.png,1,0,0,"Does this meme contain hate speech or offensive content? Answer 1=yes, 0=no."
img/86170.png,1,0,0,"Evaluate the meme’s image and text together. Is it hateful? Output only 1 for hateful, 0 for not."
img/86170.png,1,0,0,"Look at both the image and the caption. If the meme expresses hate or stereotypes, reply 1. Otherwise reply 0."
img/86170.png,1,0,0,"Does the meme promote hate, discrimination, or offensive stereotypes? Respond with 1 if yes, 0 if no."
img/86170.png,1,1,"The meme is offensive and hateful when considering both modalities. It uses racist imagery and language to make a point, which is inappropriate and disrespectful. The use of the Ku Klux Klan as a symbol in the meme is particularly offensive and should be",Is the meme offensive or hateful when considering both modalities? Return only 1 or 0.
img/86170.png,1,1,1,"Classify this meme: 1 = hateful or offensive, 0 = not hateful. Output only the digit."
img/86170.png,1,1,1,"Does the meme contain harmful or derogatory content? Answer with a single digit: 1 for yes, 0 for no."
img/50841.png,0,1,1,"Is this meme hateful? Answer 1 for hateful, 0 for not hateful."
img/50841.png,0,1,"Yes, the meme is offensive as it depicts a dead animal on the street and suggests killing all animals, which is not appropriate or respectful.","Considering both the image and the text, is this meme offensive? 1=yes, 0=no."
img/50841.png,0,1,1=hateful,"Analyze the meme and decide: 1=hateful, 0=not hateful."
img/50841.png,0,1,Yes.,"Does this meme contain hate speech or offensive content? Answer 1=yes, 0=no."
img/50841.png,0,1,1,"Evaluate the meme’s image and text together. Is it hateful? Output only 1 for hateful, 0 for not."
img/50841.png,0,1,1,"Look at both the image and the caption. If the meme expresses hate or stereotypes, reply 1. Otherwise reply 0."
img/50841.png,0,1,1,"Does the meme promote hate, discrimination, or offensive stereotypes? Respond with 1 if yes, 0 if no."
img/50841.png,0,1,1,Is the meme offensive or hateful when considering both modalities? Return only 1 or 0.
img/50841.png,0,1,1,"Classify this meme: 1 = hateful or offensive, 0 = not hateful. Output only the digit."
img/50841.png,0,1,1,"Does the meme contain harmful or derogatory content? Answer with a single digit: 1 for yes, 0 for no."
img/46087.png,0,1,This meme is not hateful.,"Is this meme hateful? Answer 1 for hateful, 0 for not hateful."
img/46087.png,0,1,"Yes, this meme is offensive.","Considering both the image and the text, is this meme offensive? 1=yes, 0=no."
img/46087.png,0,1,1=hateful,"Analyze the meme and decide: 1=hateful, 0=not hateful."
img/46087.png,0,1,"Yes, this meme contains hate speech as it suggests harm and harm towards a specific individual.","Does this meme contain hate speech or offensive content? Answer 1=yes, 0=no."
img/46087.png,0,1,1,"Evaluate the meme’s image and text together. Is it hateful? Output only 1 for hateful, 0 for not."
img/46087.png,0,1,1,"Look at both the image and the caption. If the meme expresses hate or stereotypes, reply 1. Otherwise reply 0."
img/46087.png,0,1,1,"Does the meme promote hate, discrimination, or offensive stereotypes? Respond with 1 if yes, 0 if no."
img/46087.png,0,1,1,Is the meme offensive or hateful when considering both modalities? Return only 1 or 0.
img/46087.png,0,1,1,"Classify this meme: 1 = hateful or offensive, 0 = not hateful. Output only the digit."
img/46087.png,0,1,1,"Does the meme contain harmful or derogatory content? Answer with a single digit: 1 for yes, 0 for no."
img/42058.png,0,0,0,"Is this meme hateful? Answer 1 for hateful, 0 for not hateful."
img/42058.png,0,0,0=no,"Considering both the image and the text, is this meme offensive? 1=yes, 0=no."
img/42058.png,0,1,1=hateful,"Analyze the meme and decide: 1=hateful, 0=not hateful."
img/42058.png,0,0,No,"Does this meme contain hate speech or offensive content? Answer 1=yes, 0=no."
img/42058.png,0,0,0,"Evaluate the meme’s image and text together. Is it hateful? Output only 1 for hateful, 0 for not."
img/42058.png,0,0,0,"Look at both the image and the caption. If the meme expresses hate or stereotypes, reply 1. Otherwise reply 0."
img/42058.png,0,0,0,"Does the meme promote hate, discrimination, or offensive stereotypes? Respond with 1 if yes, 0 if no."
img/42058.png,0,1,1,Is the meme offensive or hateful when considering both modalities? Return only 1 or 0.
img/42058.png,0,1,1,"Classify this meme: 1 = hateful or offensive, 0 = not hateful. Output only the digit."
img/42058.png,0,0,0,"Does the meme contain harmful or derogatory content? Answer with a single digit: 1 for yes, 0 for no."
img/01967.png,0,0,0,"Is this meme hateful? Answer 1 for hateful, 0 for not hateful."
img/01967.png,0,0,0,"Considering both the image and the text, is this meme offensive? 1=yes, 0=no."
img/01967.png,0,1,1,"Analyze the meme and decide: 1=hateful, 0=not hateful."
img/01967.png,0,0,0=no,"Does this meme contain hate speech or offensive content? Answer 1=yes, 0=no."
img/01967.png,0,0,0,"Evaluate the meme’s image and text together. Is it hateful? Output only 1 for hateful, 0 for not."
img/01967.png,0,0,0,"Look at both the image and the caption. If the meme expresses hate or stereotypes, reply 1. Otherwise reply 0."
img/01967.png,0,0,0,"Does the meme promote hate, discrimination, or offensive stereotypes? Respond with 1 if yes, 0 if no."
img/01967.png,0,0,0,Is the meme offensive or hateful when considering both modalities? Return only 1 or 0.
img/01967.png,0,1,1,"Classify this meme: 1 = hateful or offensive, 0 = not hateful. Output only the digit."
img/01967.png,0,0,0,"Does the meme contain harmful or derogatory content? Answer with a single digit: 1 for yes, 0 for no."
img/54930.png,1,1,This meme is not hateful.,"Is this meme hateful? Answer 1 for hateful, 0 for not hateful."
img/54930.png,1,0,0=no.,"Considering both the image and the text, is this meme offensive? 1=yes, 0=no."
img/54930.png,1,1,1=hateful,"Analyze the meme and decide: 1=hateful, 0=not hateful."
img/54930.png,1,0,No.,"Does this meme contain hate speech or offensive content? Answer 1=yes, 0=no."
img/54930.png,1,0,0,"Evaluate the meme’s image and text together. Is it hateful? Output only 1 for hateful, 0 for not."
img/54930.png,1,0,0,"Look at both the image and the caption. If the meme expresses hate or stereotypes, reply 1. Otherwise reply 0."
img/54930.png,1,0,0,"Does the meme promote hate, discrimination, or offensive stereotypes? Respond with 1 if yes, 0 if no."
img/54930.png,1,1,1,Is the meme offensive or hateful when considering both modalities? Return only 1 or 0.
img/54930.png,1,1,1,"Classify this meme: 1 = hateful or offensive, 0 = not hateful. Output only the digit."
img/54930.png,1,1,1,"Does the meme contain harmful or derogatory content? Answer with a single digit: 1 for yes, 0 for no."
img/38076.png,1,1,This meme is not hateful.,"Is this meme hateful? Answer 1 for hateful, 0 for not hateful."
img/38076.png,1,1,"Yes, this meme is offensive.","Considering both the image and the text, is this meme offensive? 1=yes, 0=no."
img/38076.png,1,1,1=hateful,"Analyze the meme and decide: 1=hateful, 0=not hateful."
img/38076.png,1,0,No.,"Does this meme contain hate speech or offensive content? Answer 1=yes, 0=no."
img/38076.png,1,0,0,"Evaluate the meme’s image and text together. Is it hateful? Output only 1 for hateful, 0 for not."
img/38076.png,1,0,0,"Look at both the image and the caption. If the meme expresses hate or stereotypes, reply 1. Otherwise reply 0."
img/38076.png,1,0,No,"Does the meme promote hate, discrimination, or offensive stereotypes? Respond with 1 if yes, 0 if no."
img/38076.png,1,1,"The meme is offensive when considering both modalities. It uses derogatory language to describe someone's sexual orientation and includes a gay stereotype, which is hurtful and offensive to many people. The use of the word ""squirter"" is also",Is the meme offensive or hateful when considering both modalities? Return only 1 or 0.
img/38076.png,1,1,1,"Classify this meme: 1 = hateful or offensive, 0 = not hateful. Output only the digit."
img/38076.png,1,1,1,"Does the meme contain harmful or derogatory content? Answer with a single digit: 1 for yes, 0 for no."
img/38910.png,1,0,0,"Is this meme hateful? Answer 1 for hateful, 0 for not hateful."
img/38910.png,1,0,0=no,"Considering both the image and the text, is this meme offensive? 1=yes, 0=no."
img/38910.png,1,0,0,"Analyze the meme and decide: 1=hateful, 0=not hateful."
img/38910.png,1,0,No.,"Does this meme contain hate speech or offensive content? Answer 1=yes, 0=no."
img/38910.png,1,0,0,"Evaluate the meme’s image and text together. Is it hateful? Output only 1 for hateful, 0 for not."
img/38910.png,1,0,0,"Look at both the image and the caption. If the meme expresses hate or stereotypes, reply 1. Otherwise reply 0."
img/38910.png,1,0,0,"Does the meme promote hate, discrimination, or offensive stereotypes? Respond with 1 if yes, 0 if no."
img/38910.png,1,0,0,Is the meme offensive or hateful when considering both modalities? Return only 1 or 0.
img/38910.png,1,1,1,"Classify this meme: 1 = hateful or offensive, 0 = not hateful. Output only the digit."
img/38910.png,1,0,0,"Does the meme contain harmful or derogatory content? Answer with a single digit: 1 for yes, 0 for no."
img/06723.png,1,0,0,"Is this meme hateful? Answer 1 for hateful, 0 for not hateful."
img/06723.png,1,0,0,"Considering both the image and the text, is this meme offensive? 1=yes, 0=no."
img/06723.png,1,1,1,"Analyze the meme and decide: 1=hateful, 0=not hateful."
img/06723.png,1,0,0,"Does this meme contain hate speech or offensive content? Answer 1=yes, 0=no."
img/06723.png,1,0,0,"Evaluate the meme’s image and text together. Is it hateful? Output only 1 for hateful, 0 for not."
img/06723.png,1,0,0,"Look at both the image and the caption. If the meme expresses hate or stereotypes, reply 1. Otherwise reply 0."
img/06723.png,1,0,0,"Does the meme promote hate, discrimination, or offensive stereotypes? Respond with 1 if yes, 0 if no."
img/06723.png,1,0,0,Is the meme offensive or hateful when considering both modalities? Return only 1 or 0.
img/06723.png,1,1,1,"Classify this meme: 1 = hateful or offensive, 0 = not hateful. Output only the digit."
img/06723.png,1,0,0,"Does the meme contain harmful or derogatory content? Answer with a single digit: 1 for yes, 0 for no."
img/02157.png,1,0,0,"Is this meme hateful? Answer 1 for hateful, 0 for not hateful."
img/02157.png,1,0,0,"Considering both the image and the text, is this meme offensive? 1=yes, 0=no."
img/02157.png,1,1,1=hateful,"Analyze the meme and decide: 1=hateful, 0=not hateful."
img/02157.png,1,0,0,"Does this meme contain hate speech or offensive content? Answer 1=yes, 0=no."
img/02157.png,1,0,0,"Evaluate the meme’s image and text together. Is it hateful? Output only 1 for hateful, 0 for not."
img/02157.png,1,0,0,"Look at both the image and the caption. If the meme expresses hate or stereotypes, reply 1. Otherwise reply 0."
img/02157.png,1,0,0,"Does the meme promote hate, discrimination, or offensive stereotypes? Respond with 1 if yes, 0 if no."
img/02157.png,1,0,0,Is the meme offensive or hateful when considering both modalities? Return only 1 or 0.
img/02157.png,1,0,0,"Classify this meme: 1 = hateful or offensive, 0 = not hateful. Output only the digit."
img/02157.png,1,1,1,"Does the meme contain harmful or derogatory content? Answer with a single digit: 1 for yes, 0 for no."
img/62948.png,1,1,This meme is not hateful.,"Is this meme hateful? Answer 1 for hateful, 0 for not hateful."
img/62948.png,1,0,0,"Considering both the image and the text, is this meme offensive? 1=yes, 0=no."
img/62948.png,1,1,1=hateful,"Analyze the meme and decide: 1=hateful, 0=not hateful."
img/62948.png,1,0,No.,"Does this meme contain hate speech or offensive content? Answer 1=yes, 0=no."
img/62948.png,1,0,0,"Evaluate the meme’s image and text together. Is it hateful? Output only 1 for hateful, 0 for not."
img/62948.png,1,0,0,"Look at both the image and the caption. If the meme expresses hate or stereotypes, reply 1. Otherwise reply 0."
img/62948.png,1,0,0,"Does the meme promote hate, discrimination, or offensive stereotypes? Respond with 1 if yes, 0 if no."
img/62948.png,1,0,0,Is the meme offensive or hateful when considering both modalities? Return only 1 or 0.
img/62948.png,1,1,1,"Classify this meme: 1 = hateful or offensive, 0 = not hateful. Output only the digit."
img/62948.png,1,1,1,"Does the meme contain harmful or derogatory content? Answer with a single digit: 1 for yes, 0 for no."
img/21075.png,0,0,0,"Is this meme hateful? Answer 1 for hateful, 0 for not hateful."
img/21075.png,0,0,This meme is not offensive.,"Considering both the image and the text, is this meme offensive? 1=yes, 0=no."
img/21075.png,0,1,1=hateful,"Analyze the meme and decide: 1=hateful, 0=not hateful."
img/21075.png,0,0,0,"Does this meme contain hate speech or offensive content? Answer 1=yes, 0=no."
img/21075.png,0,0,0,"Evaluate the meme’s image and text together. Is it hateful? Output only 1 for hateful, 0 for not."
img/21075.png,0,0,0,"Look at both the image and the caption. If the meme expresses hate or stereotypes, reply 1. Otherwise reply 0."
img/21075.png,0,0,0,"Does the meme promote hate, discrimination, or offensive stereotypes? Respond with 1 if yes, 0 if no."
img/21075.png,0,0,0,Is the meme offensive or hateful when considering both modalities? Return only 1 or 0.
img/21075.png,0,1,1,"Classify this meme: 1 = hateful or offensive, 0 = not hateful. Output only the digit."
img/21075.png,0,0,0,"Does the meme contain harmful or derogatory content? Answer with a single digit: 1 for yes, 0 for no."
img/73601.png,1,1,This meme is not hateful.,"Is this meme hateful? Answer 1 for hateful, 0 for not hateful."
img/73601.png,1,1,1,"Considering both the image and the text, is this meme offensive? 1=yes, 0=no."
img/73601.png,1,1,1=hateful,"Analyze the meme and decide: 1=hateful, 0=not hateful."
img/73601.png,1,0,0,"Does this meme contain hate speech or offensive content? Answer 1=yes, 0=no."
img/73601.png,1,0,0,"Evaluate the meme’s image and text together. Is it hateful? Output only 1 for hateful, 0 for not."
img/73601.png,1,0,0,"Look at both the image and the caption. If the meme expresses hate or stereotypes, reply 1. Otherwise reply 0."
img/73601.png,1,0,0,"Does the meme promote hate, discrimination, or offensive stereotypes? Respond with 1 if yes, 0 if no."
img/73601.png,1,1,The meme is offensive when considering both modalities. It uses a racial stereotype and perpetuates harmful language by suggesting that being white is equivalent to stealing a bike. The use of black paint on the hands also adds to the offensive nature of the meme,Is the meme offensive or hateful when considering both modalities? Return only 1 or 0.
img/73601.png,1,1,1,"Classify this meme: 1 = hateful or offensive, 0 = not hateful. Output only the digit."
img/73601.png,1,1,1,"Does the meme contain harmful or derogatory content? Answer with a single digit: 1 for yes, 0 for no."
img/32579.png,0,0,0,"Is this meme hateful? Answer 1 for hateful, 0 for not hateful."
img/32579.png,0,1,1,"Considering both the image and the text, is this meme offensive? 1=yes, 0=no."
img/32579.png,0,1,1=hateful,"Analyze the meme and decide: 1=hateful, 0=not hateful."
img/32579.png,0,0,No.,"Does this meme contain hate speech or offensive content? Answer 1=yes, 0=no."
img/32579.png,0,0,0,"Evaluate the meme’s image and text together. Is it hateful? Output only 1 for hateful, 0 for not."
img/32579.png,0,0,0,"Look at both the image and the caption. If the meme expresses hate or stereotypes, reply 1. Otherwise reply 0."
img/32579.png,0,0,0,"Does the meme promote hate, discrimination, or offensive stereotypes? Respond with 1 if yes, 0 if no."
img/32579.png,0,1,1,Is the meme offensive or hateful when considering both modalities? Return only 1 or 0.
img/32579.png,0,1,1,"Classify this meme: 1 = hateful or offensive, 0 = not hateful. Output only the digit."
img/32579.png,0,1,1,"Does the meme contain harmful or derogatory content? Answer with a single digit: 1 for yes, 0 for no."
img/21567.png,1,0,0,"Is this meme hateful? Answer 1 for hateful, 0 for not hateful."
img/21567.png,1,0,0=no,"Considering both the image and the text, is this meme offensive? 1=yes, 0=no."
img/21567.png,1,0,0,"Analyze the meme and decide: 1=hateful, 0=not hateful."
img/21567.png,1,0,0,"Does this meme contain hate speech or offensive content? Answer 1=yes, 0=no."
img/21567.png,1,0,0,"Evaluate the meme’s image and text together. Is it hateful? Output only 1 for hateful, 0 for not."
img/21567.png,1,0,0,"Look at both the image and the caption. If the meme expresses hate or stereotypes, reply 1. Otherwise reply 0."
img/21567.png,1,0,0,"Does the meme promote hate, discrimination, or offensive stereotypes? Respond with 1 if yes, 0 if no."
img/21567.png,1,0,0,Is the meme offensive or hateful when considering both modalities? Return only 1 or 0.
img/21567.png,1,1,1,"Classify this meme: 1 = hateful or offensive, 0 = not hateful. Output only the digit."
img/21567.png,1,0,0,"Does the meme contain harmful or derogatory content? Answer with a single digit: 1 for yes, 0 for no."
img/01765.png,1,1,1 (hateful),"Is this meme hateful? Answer 1 for hateful, 0 for not hateful."
img/01765.png,1,1,1=yes,"Considering both the image and the text, is this meme offensive? 1=yes, 0=no."
img/01765.png,1,1,1=hateful,"Analyze the meme and decide: 1=hateful, 0=not hateful."
img/01765.png,1,1,"Yes, this meme contains offensive content and hate speech.","Does this meme contain hate speech or offensive content? Answer 1=yes, 0=no."
img/01765.png,1,1,1,"Evaluate the meme’s image and text together. Is it hateful? Output only 1 for hateful, 0 for not."
img/01765.png,1,1,1,"Look at both the image and the caption. If the meme expresses hate or stereotypes, reply 1. Otherwise reply 0."
img/01765.png,1,1,1,"Does the meme promote hate, discrimination, or offensive stereotypes? Respond with 1 if yes, 0 if no."
img/01765.png,1,1,1,Is the meme offensive or hateful when considering both modalities? Return only 1 or 0.
img/01765.png,1,1,1,"Classify this meme: 1 = hateful or offensive, 0 = not hateful. Output only the digit."
img/01765.png,1,1,1,"Does the meme contain harmful or derogatory content? Answer with a single digit: 1 for yes, 0 for no."
img/53172.png,0,0,0,"Is this meme hateful? Answer 1 for hateful, 0 for not hateful."
img/53172.png,0,0,0,"Considering both the image and the text, is this meme offensive? 1=yes, 0=no."
img/53172.png,0,1,1=hateful,"Analyze the meme and decide: 1=hateful, 0=not hateful."
img/53172.png,0,0,0,"Does this meme contain hate speech or offensive content? Answer 1=yes, 0=no."
img/53172.png,0,0,0,"Evaluate the meme’s image and text together. Is it hateful? Output only 1 for hateful, 0 for not."
img/53172.png,0,0,0,"Look at both the image and the caption. If the meme expresses hate or stereotypes, reply 1. Otherwise reply 0."
img/53172.png,0,0,0,"Does the meme promote hate, discrimination, or offensive stereotypes? Respond with 1 if yes, 0 if no."
img/53172.png,0,0,0,Is the meme offensive or hateful when considering both modalities? Return only 1 or 0.
img/53172.png,0,1,1,"Classify this meme: 1 = hateful or offensive, 0 = not hateful. Output only the digit."
img/53172.png,0,0,0,"Does the meme contain harmful or derogatory content? Answer with a single digit: 1 for yes, 0 for no."
img/32568.png,1,0,0,"Is this meme hateful? Answer 1 for hateful, 0 for not hateful."
img/32568.png,1,1,1,"Considering both the image and the text, is this meme offensive? 1=yes, 0=no."
img/32568.png,1,1,1=hateful,"Analyze the meme and decide: 1=hateful, 0=not hateful."
img/32568.png,1,0,0,"Does this meme contain hate speech or offensive content? Answer 1=yes, 0=no."
img/32568.png,1,0,0,"Evaluate the meme’s image and text together. Is it hateful? Output only 1 for hateful, 0 for not."
img/32568.png,1,0,0,"Look at both the image and the caption. If the meme expresses hate or stereotypes, reply 1. Otherwise reply 0."
img/32568.png,1,0,0,"Does the meme promote hate, discrimination, or offensive stereotypes? Respond with 1 if yes, 0 if no."
img/32568.png,1,1,1,Is the meme offensive or hateful when considering both modalities? Return only 1 or 0.
img/32568.png,1,1,1,"Classify this meme: 1 = hateful or offensive, 0 = not hateful. Output only the digit."
img/32568.png,1,1,1,"Does the meme contain harmful or derogatory content? Answer with a single digit: 1 for yes, 0 for no."
img/01742.png,0,0,0,"Is this meme hateful? Answer 1 for hateful, 0 for not hateful."
img/01742.png,0,0,0,"Considering both the image and the text, is this meme offensive? 1=yes, 0=no."
img/01742.png,0,1,1,"Analyze the meme and decide: 1=hateful, 0=not hateful."
img/01742.png,0,0,0,"Does this meme contain hate speech or offensive content? Answer 1=yes, 0=no."
img/01742.png,0,0,0,"Evaluate the meme’s image and text together. Is it hateful? Output only 1 for hateful, 0 for not."
img/01742.png,0,0,0,"Look at both the image and the caption. If the meme expresses hate or stereotypes, reply 1. Otherwise reply 0."
img/01742.png,0,0,0,"Does the meme promote hate, discrimination, or offensive stereotypes? Respond with 1 if yes, 0 if no."
img/01742.png,0,0,0,Is the meme offensive or hateful when considering both modalities? Return only 1 or 0.
img/01742.png,0,1,1,"Classify this meme: 1 = hateful or offensive, 0 = not hateful. Output only the digit."
img/01742.png,0,0,0,"Does the meme contain harmful or derogatory content? Answer with a single digit: 1 for yes, 0 for no."
img/56098.png,1,1,This meme is not hateful.,"Is this meme hateful? Answer 1 for hateful, 0 for not hateful."
img/56098.png,1,1,This meme is offensive.,"Considering both the image and the text, is this meme offensive? 1=yes, 0=no."
img/56098.png,1,1,1=hateful,"Analyze the meme and decide: 1=hateful, 0=not hateful."
img/56098.png,1,0,No.,"Does this meme contain hate speech or offensive content? Answer 1=yes, 0=no."
img/56098.png,1,0,0,"Evaluate the meme’s image and text together. Is it hateful? Output only 1 for hateful, 0 for not."
img/56098.png,1,0,0,"Look at both the image and the caption. If the meme expresses hate or stereotypes, reply 1. Otherwise reply 0."
img/56098.png,1,0,0,"Does the meme promote hate, discrimination, or offensive stereotypes? Respond with 1 if yes, 0 if no."
img/56098.png,1,1,The meme is offensive and hateful when considering both modalities.,Is the meme offensive or hateful when considering both modalities? Return only 1 or 0.
img/56098.png,1,1,1,"Classify this meme: 1 = hateful or offensive, 0 = not hateful. Output only the digit."
img/56098.png,1,0,0,"Does the meme contain harmful or derogatory content? Answer with a single digit: 1 for yes, 0 for no."
img/78612.png,0,0,0,"Is this meme hateful? Answer 1 for hateful, 0 for not hateful."
img/78612.png,0,1,1,"Considering both the image and the text, is this meme offensive? 1=yes, 0=no."
img/78612.png,0,1,1=hateful,"Analyze the meme and decide: 1=hateful, 0=not hateful."
img/78612.png,0,0,No,"Does this meme contain hate speech or offensive content? Answer 1=yes, 0=no."
img/78612.png,0,0,0,"Evaluate the meme’s image and text together. Is it hateful? Output only 1 for hateful, 0 for not."
img/78612.png,0,0,0,"Look at both the image and the caption. If the meme expresses hate or stereotypes, reply 1. Otherwise reply 0."
img/78612.png,0,0,0,"Does the meme promote hate, discrimination, or offensive stereotypes? Respond with 1 if yes, 0 if no."
img/78612.png,0,1,1,Is the meme offensive or hateful when considering both modalities? Return only 1 or 0.
img/78612.png,0,1,1,"Classify this meme: 1 = hateful or offensive, 0 = not hateful. Output only the digit."
img/78612.png,0,1,1,"Does the meme contain harmful or derogatory content? Answer with a single digit: 1 for yes, 0 for no."
img/34018.png,1,1,1,"Is this meme hateful? Answer 1 for hateful, 0 for not hateful."
img/34018.png,1,1,1,"Considering both the image and the text, is this meme offensive? 1=yes, 0=no."
img/34018.png,1,1,1=hateful,"Analyze the meme and decide: 1=hateful, 0=not hateful."
img/34018.png,1,1,Yes,"Does this meme contain hate speech or offensive content? Answer 1=yes, 0=no."
img/34018.png,1,1,1,"Evaluate the meme’s image and text together. Is it hateful? Output only 1 for hateful, 0 for not."
img/34018.png,1,1,1,"Look at both the image and the caption. If the meme expresses hate or stereotypes, reply 1. Otherwise reply 0."
img/34018.png,1,1,1,"Does the meme promote hate, discrimination, or offensive stereotypes? Respond with 1 if yes, 0 if no."
img/34018.png,1,1,1,Is the meme offensive or hateful when considering both modalities? Return only 1 or 0.
img/34018.png,1,1,1,"Classify this meme: 1 = hateful or offensive, 0 = not hateful. Output only the digit."
img/34018.png,1,1,1,"Does the meme contain harmful or derogatory content? Answer with a single digit: 1 for yes, 0 for no."
img/53609.png,0,0,0,"Is this meme hateful? Answer 1 for hateful, 0 for not hateful."
img/53609.png,0,1,1,"Considering both the image and the text, is this meme offensive? 1=yes, 0=no."
img/53609.png,0,1,1=hateful,"Analyze the meme and decide: 1=hateful, 0=not hateful."
img/53609.png,0,0,0,"Does this meme contain hate speech or offensive content? Answer 1=yes, 0=no."
img/53609.png,0,0,0,"Evaluate the meme’s image and text together. Is it hateful? Output only 1 for hateful, 0 for not."
img/53609.png,0,0,0,"Look at both the image and the caption. If the meme expresses hate or stereotypes, reply 1. Otherwise reply 0."
img/53609.png,0,0,0,"Does the meme promote hate, discrimination, or offensive stereotypes? Respond with 1 if yes, 0 if no."
img/53609.png,0,0,0,Is the meme offensive or hateful when considering both modalities? Return only 1 or 0.
img/53609.png,0,1,1,"Classify this meme: 1 = hateful or offensive, 0 = not hateful. Output only the digit."
img/53609.png,0,0,0,"Does the meme contain harmful or derogatory content? Answer with a single digit: 1 for yes, 0 for no."
img/89362.png,1,1,1,"Is this meme hateful? Answer 1 for hateful, 0 for not hateful."
img/89362.png,1,0,0=no,"Considering both the image and the text, is this meme offensive? 1=yes, 0=no."
img/89362.png,1,1,1=hateful,"Analyze the meme and decide: 1=hateful, 0=not hateful."
img/89362.png,1,0,0,"Does this meme contain hate speech or offensive content? Answer 1=yes, 0=no."
img/89362.png,1,0,0,"Evaluate the meme’s image and text together. Is it hateful? Output only 1 for hateful, 0 for not."
img/89362.png,1,0,0,"Look at both the image and the caption. If the meme expresses hate or stereotypes, reply 1. Otherwise reply 0."
img/89362.png,1,0,0,"Does the meme promote hate, discrimination, or offensive stereotypes? Respond with 1 if yes, 0 if no."
img/89362.png,1,1,1,Is the meme offensive or hateful when considering both modalities? Return only 1 or 0.
img/89362.png,1,1,1,"Classify this meme: 1 = hateful or offensive, 0 = not hateful. Output only the digit."
img/89362.png,1,1,1,"Does the meme contain harmful or derogatory content? Answer with a single digit: 1 for yes, 0 for no."
img/80426.png,1,0,0,"Is this meme hateful? Answer 1 for hateful, 0 for not hateful."
img/80426.png,1,0,0,"Considering both the image and the text, is this meme offensive? 1=yes, 0=no."
img/80426.png,1,1,1,"Analyze the meme and decide: 1=hateful, 0=not hateful."
img/80426.png,1,0,0,"Does this meme contain hate speech or offensive content? Answer 1=yes, 0=no."
img/80426.png,1,0,0,"Evaluate the meme’s image and text together. Is it hateful? Output only 1 for hateful, 0 for not."
img/80426.png,1,1,1,"Look at both the image and the caption. If the meme expresses hate or stereotypes, reply 1. Otherwise reply 0."
img/80426.png,1,0,0,"Does the meme promote hate, discrimination, or offensive stereotypes? Respond with 1 if yes, 0 if no."
img/80426.png,1,0,0,Is the meme offensive or hateful when considering both modalities? Return only 1 or 0.
img/80426.png,1,1,1,"Classify this meme: 1 = hateful or offensive, 0 = not hateful. Output only the digit."
img/80426.png,1,0,0,"Does the meme contain harmful or derogatory content? Answer with a single digit: 1 for yes, 0 for no."
img/83045.png,1,0,0,"Is this meme hateful? Answer 1 for hateful, 0 for not hateful."
img/83045.png,1,0,0,"Considering both the image and the text, is this meme offensive? 1=yes, 0=no."
img/83045.png,1,1,1=hateful,"Analyze the meme and decide: 1=hateful, 0=not hateful."
img/83045.png,1,0,0,"Does this meme contain hate speech or offensive content? Answer 1=yes, 0=no."
img/83045.png,1,0,0,"Evaluate the meme’s image and text together. Is it hateful? Output only 1 for hateful, 0 for not."
img/83045.png,1,0,0,"Look at both the image and the caption. If the meme expresses hate or stereotypes, reply 1. Otherwise reply 0."
img/83045.png,1,0,0,"Does the meme promote hate, discrimination, or offensive stereotypes? Respond with 1 if yes, 0 if no."
img/83045.png,1,0,0,Is the meme offensive or hateful when considering both modalities? Return only 1 or 0.
img/83045.png,1,1,1,"Classify this meme: 1 = hateful or offensive, 0 = not hateful. Output only the digit."
img/83045.png,1,0,0,"Does the meme contain harmful or derogatory content? Answer with a single digit: 1 for yes, 0 for no."
img/61503.png,0,0,0,"Is this meme hateful? Answer 1 for hateful, 0 for not hateful."
img/61503.png,0,1,1,"Considering both the image and the text, is this meme offensive? 1=yes, 0=no."
img/61503.png,0,1,1=hateful,"Analyze the meme and decide: 1=hateful, 0=not hateful."
img/61503.png,0,0,0,"Does this meme contain hate speech or offensive content? Answer 1=yes, 0=no."
img/61503.png,0,0,0,"Evaluate the meme’s image and text together. Is it hateful? Output only 1 for hateful, 0 for not."
img/61503.png,0,0,0,"Look at both the image and the caption. If the meme expresses hate or stereotypes, reply 1. Otherwise reply 0."
img/61503.png,0,0,0,"Does the meme promote hate, discrimination, or offensive stereotypes? Respond with 1 if yes, 0 if no."
img/61503.png,0,1,1,Is the meme offensive or hateful when considering both modalities? Return only 1 or 0.
img/61503.png,0,1,1,"Classify this meme: 1 = hateful or offensive, 0 = not hateful. Output only the digit."
img/61503.png,0,1,1,"Does the meme contain harmful or derogatory content? Answer with a single digit: 1 for yes, 0 for no."
img/41890.png,1,1,1,"Is this meme hateful? Answer 1 for hateful, 0 for not hateful."
img/41890.png,1,1,1=yes,"Considering both the image and the text, is this meme offensive? 1=yes, 0=no."
img/41890.png,1,1,1,"Analyze the meme and decide: 1=hateful, 0=not hateful."
img/41890.png,1,1,"Yes, the text ""house of pedophile"" in the meme may be considered offensive to some people, especially those who have been victims of pedophiles or have strong negative feelings towards pedophiles. Therefore, the answer is 1 (","Does this meme contain hate speech or offensive content? Answer 1=yes, 0=no."
img/41890.png,1,0,0,"Evaluate the meme’s image and text together. Is it hateful? Output only 1 for hateful, 0 for not."
img/41890.png,1,1,1,"Look at both the image and the caption. If the meme expresses hate or stereotypes, reply 1. Otherwise reply 0."
img/41890.png,1,1,1,"Does the meme promote hate, discrimination, or offensive stereotypes? Respond with 1 if yes, 0 if no."
img/41890.png,1,1,1,Is the meme offensive or hateful when considering both modalities? Return only 1 or 0.
img/41890.png,1,1,1,"Classify this meme: 1 = hateful or offensive, 0 = not hateful. Output only the digit."
img/41890.png,1,1,1,"Does the meme contain harmful or derogatory content? Answer with a single digit: 1 for yes, 0 for no."
img/52091.png,1,1,This meme is not hateful.,"Is this meme hateful? Answer 1 for hateful, 0 for not hateful."
img/52091.png,1,1,1=yes,"Considering both the image and the text, is this meme offensive? 1=yes, 0=no."
img/52091.png,1,1,1=hateful,"Analyze the meme and decide: 1=hateful, 0=not hateful."
img/52091.png,1,0,0,"Does this meme contain hate speech or offensive content? Answer 1=yes, 0=no."
img/52091.png,1,0,0,"Evaluate the meme’s image and text together. Is it hateful? Output only 1 for hateful, 0 for not."
img/52091.png,1,0,0,"Look at both the image and the caption. If the meme expresses hate or stereotypes, reply 1. Otherwise reply 0."
img/52091.png,1,0,0,"Does the meme promote hate, discrimination, or offensive stereotypes? Respond with 1 if yes, 0 if no."
img/52091.png,1,1,1,Is the meme offensive or hateful when considering both modalities? Return only 1 or 0.
img/52091.png,1,1,1,"Classify this meme: 1 = hateful or offensive, 0 = not hateful. Output only the digit."
img/52091.png,1,1,1,"Does the meme contain harmful or derogatory content? Answer with a single digit: 1 for yes, 0 for no."
img/24396.png,1,1,This meme is not hateful.,"Is this meme hateful? Answer 1 for hateful, 0 for not hateful."
img/24396.png,1,1,1,"Considering both the image and the text, is this meme offensive? 1=yes, 0=no."
img/24396.png,1,1,1=hateful,"Analyze the meme and decide: 1=hateful, 0=not hateful."
img/24396.png,1,0,0,"Does this meme contain hate speech or offensive content? Answer 1=yes, 0=no."
img/24396.png,1,0,0,"Evaluate the meme’s image and text together. Is it hateful? Output only 1 for hateful, 0 for not."
img/24396.png,1,0,0,"Look at both the image and the caption. If the meme expresses hate or stereotypes, reply 1. Otherwise reply 0."
img/24396.png,1,1,1,"Does the meme promote hate, discrimination, or offensive stereotypes? Respond with 1 if yes, 0 if no."
img/24396.png,1,1,1,Is the meme offensive or hateful when considering both modalities? Return only 1 or 0.
img/24396.png,1,1,1,"Classify this meme: 1 = hateful or offensive, 0 = not hateful. Output only the digit."
img/24396.png,1,1,1,"Does the meme contain harmful or derogatory content? Answer with a single digit: 1 for yes, 0 for no."
img/72168.png,1,1,This meme is not hateful.,"Is this meme hateful? Answer 1 for hateful, 0 for not hateful."
img/72168.png,1,0,0,"Considering both the image and the text, is this meme offensive? 1=yes, 0=no."
img/72168.png,1,1,1,"Analyze the meme and decide: 1=hateful, 0=not hateful."
img/72168.png,1,0,0,"Does this meme contain hate speech or offensive content? Answer 1=yes, 0=no."
img/72168.png,1,0,0,"Evaluate the meme’s image and text together. Is it hateful? Output only 1 for hateful, 0 for not."
img/72168.png,1,0,0,"Look at both the image and the caption. If the meme expresses hate or stereotypes, reply 1. Otherwise reply 0."
img/72168.png,1,0,0,"Does the meme promote hate, discrimination, or offensive stereotypes? Respond with 1 if yes, 0 if no."
img/72168.png,1,0,0,Is the meme offensive or hateful when considering both modalities? Return only 1 or 0.
img/72168.png,1,1,1,"Classify this meme: 1 = hateful or offensive, 0 = not hateful. Output only the digit."
img/72168.png,1,0,0,"Does the meme contain harmful or derogatory content? Answer with a single digit: 1 for yes, 0 for no."
img/85761.png,1,0,0,"Is this meme hateful? Answer 1 for hateful, 0 for not hateful."
img/85761.png,1,0,0=no,"Considering both the image and the text, is this meme offensive? 1=yes, 0=no."
img/85761.png,1,1,0=not hateful,"Analyze the meme and decide: 1=hateful, 0=not hateful."
img/85761.png,1,0,0,"Does this meme contain hate speech or offensive content? Answer 1=yes, 0=no."
img/85761.png,1,0,0,"Evaluate the meme’s image and text together. Is it hateful? Output only 1 for hateful, 0 for not."
img/85761.png,1,0,0,"Look at both the image and the caption. If the meme expresses hate or stereotypes, reply 1. Otherwise reply 0."
img/85761.png,1,0,0,"Does the meme promote hate, discrimination, or offensive stereotypes? Respond with 1 if yes, 0 if no."
img/85761.png,1,0,0,Is the meme offensive or hateful when considering both modalities? Return only 1 or 0.
img/85761.png,1,0,0,"Classify this meme: 1 = hateful or offensive, 0 = not hateful. Output only the digit."
img/85761.png,1,0,0,"Does the meme contain harmful or derogatory content? Answer with a single digit: 1 for yes, 0 for no."
img/35719.png,0,0,0,"Is this meme hateful? Answer 1 for hateful, 0 for not hateful."
img/35719.png,0,0,0.,"Considering both the image and the text, is this meme offensive? 1=yes, 0=no."
img/35719.png,0,1,0=not hateful,"Analyze the meme and decide: 1=hateful, 0=not hateful."
img/35719.png,0,0,0,"Does this meme contain hate speech or offensive content? Answer 1=yes, 0=no."
img/35719.png,0,0,0,"Evaluate the meme’s image and text together. Is it hateful? Output only 1 for hateful, 0 for not."
img/35719.png,0,0,0,"Look at both the image and the caption. If the meme expresses hate or stereotypes, reply 1. Otherwise reply 0."
img/35719.png,0,0,0,"Does the meme promote hate, discrimination, or offensive stereotypes? Respond with 1 if yes, 0 if no."
img/35719.png,0,0,0,Is the meme offensive or hateful when considering both modalities? Return only 1 or 0.
img/35719.png,0,0,0,"Classify this meme: 1 = hateful or offensive, 0 = not hateful. Output only the digit."
img/35719.png,0,0,0,"Does the meme contain harmful or derogatory content? Answer with a single digit: 1 for yes, 0 for no."
img/90256.png,1,0,0,"Is this meme hateful? Answer 1 for hateful, 0 for not hateful."
img/90256.png,1,0,0,"Considering both the image and the text, is this meme offensive? 1=yes, 0=no."
img/90256.png,1,1,1=hateful,"Analyze the meme and decide: 1=hateful, 0=not hateful."
img/90256.png,1,0,No,"Does this meme contain hate speech or offensive content? Answer 1=yes, 0=no."
img/90256.png,1,0,0,"Evaluate the meme’s image and text together. Is it hateful? Output only 1 for hateful, 0 for not."
img/90256.png,1,0,0,"Look at both the image and the caption. If the meme expresses hate or stereotypes, reply 1. Otherwise reply 0."
img/90256.png,1,0,0,"Does the meme promote hate, discrimination, or offensive stereotypes? Respond with 1 if yes, 0 if no."
img/90256.png,1,0,0,Is the meme offensive or hateful when considering both modalities? Return only 1 or 0.
img/90256.png,1,1,1,"Classify this meme: 1 = hateful or offensive, 0 = not hateful. Output only the digit."
img/90256.png,1,0,0,"Does the meme contain harmful or derogatory content? Answer with a single digit: 1 for yes, 0 for no."
img/20984.png,0,1,1,"Is this meme hateful? Answer 1 for hateful, 0 for not hateful."
img/20984.png,0,1,1,"Considering both the image and the text, is this meme offensive? 1=yes, 0=no."
img/20984.png,0,1,1=hateful,"Analyze the meme and decide: 1=hateful, 0=not hateful."
img/20984.png,0,0,0,"Does this meme contain hate speech or offensive content? Answer 1=yes, 0=no."
img/20984.png,0,0,0,"Evaluate the meme’s image and text together. Is it hateful? Output only 1 for hateful, 0 for not."
img/20984.png,0,0,0,"Look at both the image and the caption. If the meme expresses hate or stereotypes, reply 1. Otherwise reply 0."
img/20984.png,0,0,0,"Does the meme promote hate, discrimination, or offensive stereotypes? Respond with 1 if yes, 0 if no."
img/20984.png,0,1,1,Is the meme offensive or hateful when considering both modalities? Return only 1 or 0.
img/20984.png,0,1,1,"Classify this meme: 1 = hateful or offensive, 0 = not hateful. Output only the digit."
img/20984.png,0,1,1,"Does the meme contain harmful or derogatory content? Answer with a single digit: 1 for yes, 0 for no."
img/95086.png,1,1,1,"Is this meme hateful? Answer 1 for hateful, 0 for not hateful."
img/95086.png,1,1,"Yes, this meme is offensive.","Considering both the image and the text, is this meme offensive? 1=yes, 0=no."
img/95086.png,1,1,1=hateful,"Analyze the meme and decide: 1=hateful, 0=not hateful."
img/95086.png,1,1,Yes.,"Does this meme contain hate speech or offensive content? Answer 1=yes, 0=no."
img/95086.png,1,1,1,"Evaluate the meme’s image and text together. Is it hateful? Output only 1 for hateful, 0 for not."
img/95086.png,1,0,0,"Look at both the image and the caption. If the meme expresses hate or stereotypes, reply 1. Otherwise reply 0."
img/95086.png,1,1,1,"Does the meme promote hate, discrimination, or offensive stereotypes? Respond with 1 if yes, 0 if no."
img/95086.png,1,1,1,Is the meme offensive or hateful when considering both modalities? Return only 1 or 0.
img/95086.png,1,1,1,"Classify this meme: 1 = hateful or offensive, 0 = not hateful. Output only the digit."
img/95086.png,1,1,1,"Does the meme contain harmful or derogatory content? Answer with a single digit: 1 for yes, 0 for no."
img/49028.png,0,0,0,"Is this meme hateful? Answer 1 for hateful, 0 for not hateful."
img/49028.png,0,0,0,"Considering both the image and the text, is this meme offensive? 1=yes, 0=no."
img/49028.png,0,1,1,"Analyze the meme and decide: 1=hateful, 0=not hateful."
img/49028.png,0,0,0,"Does this meme contain hate speech or offensive content? Answer 1=yes, 0=no."
img/49028.png,0,0,0,"Evaluate the meme’s image and text together. Is it hateful? Output only 1 for hateful, 0 for not."
img/49028.png,0,0,0,"Look at both the image and the caption. If the meme expresses hate or stereotypes, reply 1. Otherwise reply 0."
img/49028.png,0,0,0,"Does the meme promote hate, discrimination, or offensive stereotypes? Respond with 1 if yes, 0 if no."
img/49028.png,0,0,0,Is the meme offensive or hateful when considering both modalities? Return only 1 or 0.
img/49028.png,0,1,1,"Classify this meme: 1 = hateful or offensive, 0 = not hateful. Output only the digit."
img/49028.png,0,0,0,"Does the meme contain harmful or derogatory content? Answer with a single digit: 1 for yes, 0 for no."
img/18356.png,0,0,0,"Is this meme hateful? Answer 1 for hateful, 0 for not hateful."
img/18356.png,0,0,0,"Considering both the image and the text, is this meme offensive? 1=yes, 0=no."
img/18356.png,0,1,1=hateful,"Analyze the meme and decide: 1=hateful, 0=not hateful."
img/18356.png,0,0,0,"Does this meme contain hate speech or offensive content? Answer 1=yes, 0=no."
img/18356.png,0,0,0,"Evaluate the meme’s image and text together. Is it hateful? Output only 1 for hateful, 0 for not."
img/18356.png,0,0,0,"Look at both the image and the caption. If the meme expresses hate or stereotypes, reply 1. Otherwise reply 0."
img/18356.png,0,0,0,"Does the meme promote hate, discrimination, or offensive stereotypes? Respond with 1 if yes, 0 if no."
img/18356.png,0,1,1,Is the meme offensive or hateful when considering both modalities? Return only 1 or 0.
img/18356.png,0,1,1,"Classify this meme: 1 = hateful or offensive, 0 = not hateful. Output only the digit."
img/18356.png,0,1,1,"Does the meme contain harmful or derogatory content? Answer with a single digit: 1 for yes, 0 for no."
img/52634.png,0,0,0,"Is this meme hateful? Answer 1 for hateful, 0 for not hateful."
img/52634.png,0,1,1,"Considering both the image and the text, is this meme offensive? 1=yes, 0=no."
img/52634.png,0,1,1=hateful,"Analyze the meme and decide: 1=hateful, 0=not hateful."
img/52634.png,0,0,0,"Does this meme contain hate speech or offensive content? Answer 1=yes, 0=no."
img/52634.png,0,0,0,"Evaluate the meme’s image and text together. Is it hateful? Output only 1 for hateful, 0 for not."
img/52634.png,0,0,0,"Look at both the image and the caption. If the meme expresses hate or stereotypes, reply 1. Otherwise reply 0."
img/52634.png,0,0,0,"Does the meme promote hate, discrimination, or offensive stereotypes? Respond with 1 if yes, 0 if no."
img/52634.png,0,1,1,Is the meme offensive or hateful when considering both modalities? Return only 1 or 0.
img/52634.png,0,1,1,"Classify this meme: 1 = hateful or offensive, 0 = not hateful. Output only the digit."
img/52634.png,0,1,1,"Does the meme contain harmful or derogatory content? Answer with a single digit: 1 for yes, 0 for no."
img/80512.png,1,1,1,"Is this meme hateful? Answer 1 for hateful, 0 for not hateful."
img/80512.png,1,0,0=no,"Considering both the image and the text, is this meme offensive? 1=yes, 0=no."
img/80512.png,1,1,1,"Analyze the meme and decide: 1=hateful, 0=not hateful."
img/80512.png,1,0,0,"Does this meme contain hate speech or offensive content? Answer 1=yes, 0=no."
img/80512.png,1,0,0,"Evaluate the meme’s image and text together. Is it hateful? Output only 1 for hateful, 0 for not."
img/80512.png,1,0,0,"Look at both the image and the caption. If the meme expresses hate or stereotypes, reply 1. Otherwise reply 0."
img/80512.png,1,0,0,"Does the meme promote hate, discrimination, or offensive stereotypes? Respond with 1 if yes, 0 if no."
img/80512.png,1,1,1,Is the meme offensive or hateful when considering both modalities? Return only 1 or 0.
img/80512.png,1,1,1,"Classify this meme: 1 = hateful or offensive, 0 = not hateful. Output only the digit."
img/80512.png,1,1,1,"Does the meme contain harmful or derogatory content? Answer with a single digit: 1 for yes, 0 for no."
img/62703.png,0,0,0,"Is this meme hateful? Answer 1 for hateful, 0 for not hateful."
img/62703.png,0,0,0,"Considering both the image and the text, is this meme offensive? 1=yes, 0=no."
img/62703.png,0,1,1=hateful,"Analyze the meme and decide: 1=hateful, 0=not hateful."
img/62703.png,0,0,0=no,"Does this meme contain hate speech or offensive content? Answer 1=yes, 0=no."
img/62703.png,0,0,0,"Evaluate the meme’s image and text together. Is it hateful? Output only 1 for hateful, 0 for not."
img/62703.png,0,0,0,"Look at both the image and the caption. If the meme expresses hate or stereotypes, reply 1. Otherwise reply 0."
img/62703.png,0,0,0,"Does the meme promote hate, discrimination, or offensive stereotypes? Respond with 1 if yes, 0 if no."
img/62703.png,0,1,1,Is the meme offensive or hateful when considering both modalities? Return only 1 or 0.
img/62703.png,0,1,1,"Classify this meme: 1 = hateful or offensive, 0 = not hateful. Output only the digit."
img/62703.png,0,1,1,"Does the meme contain harmful or derogatory content? Answer with a single digit: 1 for yes, 0 for no."
img/95176.png,0,1,This meme is not hateful.,"Is this meme hateful? Answer 1 for hateful, 0 for not hateful."
img/95176.png,0,0,0,"Considering both the image and the text, is this meme offensive? 1=yes, 0=no."
img/95176.png,0,1,1=hateful,"Analyze the meme and decide: 1=hateful, 0=not hateful."
img/95176.png,0,0,0,"Does this meme contain hate speech or offensive content? Answer 1=yes, 0=no."
img/95176.png,0,0,0,"Evaluate the meme’s image and text together. Is it hateful? Output only 1 for hateful, 0 for not."
img/95176.png,0,0,0,"Look at both the image and the caption. If the meme expresses hate or stereotypes, reply 1. Otherwise reply 0."
img/95176.png,0,0,0,"Does the meme promote hate, discrimination, or offensive stereotypes? Respond with 1 if yes, 0 if no."
img/95176.png,0,0,"The meme is not offensive or hateful when considering both modalities. It is a political commentary on the silence of a specific individual, rather than targeting a specific group. However, it is important to note that the use of certain words or symbols in",Is the meme offensive or hateful when considering both modalities? Return only 1 or 0.
img/95176.png,0,1,1,"Classify this meme: 1 = hateful or offensive, 0 = not hateful. Output only the digit."
img/95176.png,0,0,0,"Does the meme contain harmful or derogatory content? Answer with a single digit: 1 for yes, 0 for no."
img/27384.png,0,0,0,"Is this meme hateful? Answer 1 for hateful, 0 for not hateful."
img/27384.png,0,1,1,"Considering both the image and the text, is this meme offensive? 1=yes, 0=no."
img/27384.png,0,1,1=hateful,"Analyze the meme and decide: 1=hateful, 0=not hateful."
img/27384.png,0,0,0,"Does this meme contain hate speech or offensive content? Answer 1=yes, 0=no."
img/27384.png,0,0,0,"Evaluate the meme’s image and text together. Is it hateful? Output only 1 for hateful, 0 for not."
img/27384.png,0,0,0,"Look at both the image and the caption. If the meme expresses hate or stereotypes, reply 1. Otherwise reply 0."
img/27384.png,0,0,0,"Does the meme promote hate, discrimination, or offensive stereotypes? Respond with 1 if yes, 0 if no."
img/27384.png,0,1,1,Is the meme offensive or hateful when considering both modalities? Return only 1 or 0.
img/27384.png,0,1,1,"Classify this meme: 1 = hateful or offensive, 0 = not hateful. Output only the digit."
img/27384.png,0,1,1,"Does the meme contain harmful or derogatory content? Answer with a single digit: 1 for yes, 0 for no."
img/82437.png,1,0,0,"Is this meme hateful? Answer 1 for hateful, 0 for not hateful."
img/82437.png,1,0,0,"Considering both the image and the text, is this meme offensive? 1=yes, 0=no."
img/82437.png,1,0,0,"Analyze the meme and decide: 1=hateful, 0=not hateful."
img/82437.png,1,0,0,"Does this meme contain hate speech or offensive content? Answer 1=yes, 0=no."
img/82437.png,1,0,0,"Evaluate the meme’s image and text together. Is it hateful? Output only 1 for hateful, 0 for not."
img/82437.png,1,0,0,"Look at both the image and the caption. If the meme expresses hate or stereotypes, reply 1. Otherwise reply 0."
img/82437.png,1,0,0,"Does the meme promote hate, discrimination, or offensive stereotypes? Respond with 1 if yes, 0 if no."
img/82437.png,1,0,0,Is the meme offensive or hateful when considering both modalities? Return only 1 or 0.
img/82437.png,1,1,1,"Classify this meme: 1 = hateful or offensive, 0 = not hateful. Output only the digit."
img/82437.png,1,0,0,"Does the meme contain harmful or derogatory content? Answer with a single digit: 1 for yes, 0 for no."
img/26943.png,1,0,0,"Is this meme hateful? Answer 1 for hateful, 0 for not hateful."
img/26943.png,1,0,0,"Considering both the image and the text, is this meme offensive? 1=yes, 0=no."
img/26943.png,1,1,1=hateful,"Analyze the meme and decide: 1=hateful, 0=not hateful."
img/26943.png,1,0,0,"Does this meme contain hate speech or offensive content? Answer 1=yes, 0=no."
img/26943.png,1,0,0,"Evaluate the meme’s image and text together. Is it hateful? Output only 1 for hateful, 0 for not."
img/26943.png,1,0,0,"Look at both the image and the caption. If the meme expresses hate or stereotypes, reply 1. Otherwise reply 0."
img/26943.png,1,0,0,"Does the meme promote hate, discrimination, or offensive stereotypes? Respond with 1 if yes, 0 if no."
img/26943.png,1,0,0,Is the meme offensive or hateful when considering both modalities? Return only 1 or 0.
img/26943.png,1,0,0,"Classify this meme: 1 = hateful or offensive, 0 = not hateful. Output only the digit."
img/26943.png,1,0,0,"Does the meme contain harmful or derogatory content? Answer with a single digit: 1 for yes, 0 for no."
img/09152.png,0,0,0,"Is this meme hateful? Answer 1 for hateful, 0 for not hateful."
img/09152.png,0,0,0,"Considering both the image and the text, is this meme offensive? 1=yes, 0=no."
img/09152.png,0,1,1,"Analyze the meme and decide: 1=hateful, 0=not hateful."
img/09152.png,0,0,0,"Does this meme contain hate speech or offensive content? Answer 1=yes, 0=no."
img/09152.png,0,0,0,"Evaluate the meme’s image and text together. Is it hateful? Output only 1 for hateful, 0 for not."
img/09152.png,0,0,0,"Look at both the image and the caption. If the meme expresses hate or stereotypes, reply 1. Otherwise reply 0."
img/09152.png,0,0,0,"Does the meme promote hate, discrimination, or offensive stereotypes? Respond with 1 if yes, 0 if no."
img/09152.png,0,0,0,Is the meme offensive or hateful when considering both modalities? Return only 1 or 0.
img/09152.png,0,1,1,"Classify this meme: 1 = hateful or offensive, 0 = not hateful. Output only the digit."
img/09152.png,0,0,0,"Does the meme contain harmful or derogatory content? Answer with a single digit: 1 for yes, 0 for no."
img/07429.png,1,1,1,"Is this meme hateful? Answer 1 for hateful, 0 for not hateful."
img/07429.png,1,1,1,"Considering both the image and the text, is this meme offensive? 1=yes, 0=no."
img/07429.png,1,1,1,"Analyze the meme and decide: 1=hateful, 0=not hateful."
img/07429.png,1,1,Yes.,"Does this meme contain hate speech or offensive content? Answer 1=yes, 0=no."
img/07429.png,1,1,1,"Evaluate the meme’s image and text together. Is it hateful? Output only 1 for hateful, 0 for not."
img/07429.png,1,1,1,"Look at both the image and the caption. If the meme expresses hate or stereotypes, reply 1. Otherwise reply 0."
img/07429.png,1,1,1,"Does the meme promote hate, discrimination, or offensive stereotypes? Respond with 1 if yes, 0 if no."
img/07429.png,1,1,1,Is the meme offensive or hateful when considering both modalities? Return only 1 or 0.
img/07429.png,1,1,1,"Classify this meme: 1 = hateful or offensive, 0 = not hateful. Output only the digit."
img/07429.png,1,1,1,"Does the meme contain harmful or derogatory content? Answer with a single digit: 1 for yes, 0 for no."
img/75639.png,1,1,1,"Is this meme hateful? Answer 1 for hateful, 0 for not hateful."
img/75639.png,1,1,"0=no. The meme does not contain any offensive content and does not make any derogatory remarks about any particular country. It simply uses the image of a person praying on a blue carpet with the text ""changing every single country it touches,"" which","Considering both the image and the text, is this meme offensive? 1=yes, 0=no."
img/75639.png,1,1,1=hateful,"Analyze the meme and decide: 1=hateful, 0=not hateful."
img/75639.png,1,0,0=no,"Does this meme contain hate speech or offensive content? Answer 1=yes, 0=no."
img/75639.png,1,0,0,"Evaluate the meme’s image and text together. Is it hateful? Output only 1 for hateful, 0 for not."
img/75639.png,1,0,0,"Look at both the image and the caption. If the meme expresses hate or stereotypes, reply 1. Otherwise reply 0."
img/75639.png,1,0,0,"Does the meme promote hate, discrimination, or offensive stereotypes? Respond with 1 if yes, 0 if no."
img/75639.png,1,0,0,Is the meme offensive or hateful when considering both modalities? Return only 1 or 0.
img/75639.png,1,1,1,"Classify this meme: 1 = hateful or offensive, 0 = not hateful. Output only the digit."
img/75639.png,1,0,0,"Does the meme contain harmful or derogatory content? Answer with a single digit: 1 for yes, 0 for no."
img/46812.png,0,0,0,"Is this meme hateful? Answer 1 for hateful, 0 for not hateful."
img/46812.png,0,0,0,"Considering both the image and the text, is this meme offensive? 1=yes, 0=no."
img/46812.png,0,0,0,"Analyze the meme and decide: 1=hateful, 0=not hateful."
img/46812.png,0,0,0,"Does this meme contain hate speech or offensive content? Answer 1=yes, 0=no."
img/46812.png,0,0,0,"Evaluate the meme’s image and text together. Is it hateful? Output only 1 for hateful, 0 for not."
img/46812.png,0,0,0,"Look at both the image and the caption. If the meme expresses hate or stereotypes, reply 1. Otherwise reply 0."
img/46812.png,0,0,0,"Does the meme promote hate, discrimination, or offensive stereotypes? Respond with 1 if yes, 0 if no."
img/46812.png,0,0,0,Is the meme offensive or hateful when considering both modalities? Return only 1 or 0.
img/46812.png,0,1,1,"Classify this meme: 1 = hateful or offensive, 0 = not hateful. Output only the digit."
img/46812.png,0,0,0,"Does the meme contain harmful or derogatory content? Answer with a single digit: 1 for yes, 0 for no."
img/63827.png,1,1,This meme is not hateful.,"Is this meme hateful? Answer 1 for hateful, 0 for not hateful."
img/63827.png,1,0,0,"Considering both the image and the text, is this meme offensive? 1=yes, 0=no."
img/63827.png,1,1,1,"Analyze the meme and decide: 1=hateful, 0=not hateful."
img/63827.png,1,0,0,"Does this meme contain hate speech or offensive content? Answer 1=yes, 0=no."
img/63827.png,1,0,0,"Evaluate the meme’s image and text together. Is it hateful? Output only 1 for hateful, 0 for not."
img/63827.png,1,0,0,"Look at both the image and the caption. If the meme expresses hate or stereotypes, reply 1. Otherwise reply 0."
img/63827.png,1,0,0,"Does the meme promote hate, discrimination, or offensive stereotypes? Respond with 1 if yes, 0 if no."
img/63827.png,1,0,0,Is the meme offensive or hateful when considering both modalities? Return only 1 or 0.
img/63827.png,1,1,1,"Classify this meme: 1 = hateful or offensive, 0 = not hateful. Output only the digit."
img/63827.png,1,0,0,"Does the meme contain harmful or derogatory content? Answer with a single digit: 1 for yes, 0 for no."
img/41276.png,1,0,0,"Is this meme hateful? Answer 1 for hateful, 0 for not hateful."
img/41276.png,1,0,0,"Considering both the image and the text, is this meme offensive? 1=yes, 0=no."
img/41276.png,1,1,1,"Analyze the meme and decide: 1=hateful, 0=not hateful."
img/41276.png,1,0,0,"Does this meme contain hate speech or offensive content? Answer 1=yes, 0=no."
img/41276.png,1,0,0,"Evaluate the meme’s image and text together. Is it hateful? Output only 1 for hateful, 0 for not."
img/41276.png,1,0,0,"Look at both the image and the caption. If the meme expresses hate or stereotypes, reply 1. Otherwise reply 0."
img/41276.png,1,0,0,"Does the meme promote hate, discrimination, or offensive stereotypes? Respond with 1 if yes, 0 if no."
img/41276.png,1,0,0,Is the meme offensive or hateful when considering both modalities? Return only 1 or 0.
img/41276.png,1,1,1,"Classify this meme: 1 = hateful or offensive, 0 = not hateful. Output only the digit."
img/41276.png,1,0,0,"Does the meme contain harmful or derogatory content? Answer with a single digit: 1 for yes, 0 for no."
img/56413.png,1,1,1,"Is this meme hateful? Answer 1 for hateful, 0 for not hateful."
img/56413.png,1,1,1,"Considering both the image and the text, is this meme offensive? 1=yes, 0=no."
img/56413.png,1,1,1=hateful,"Analyze the meme and decide: 1=hateful, 0=not hateful."
img/56413.png,1,1,Yes.,"Does this meme contain hate speech or offensive content? Answer 1=yes, 0=no."
img/56413.png,1,1,1,"Evaluate the meme’s image and text together. Is it hateful? Output only 1 for hateful, 0 for not."
img/56413.png,1,1,1,"Look at both the image and the caption. If the meme expresses hate or stereotypes, reply 1. Otherwise reply 0."
img/56413.png,1,1,1,"Does the meme promote hate, discrimination, or offensive stereotypes? Respond with 1 if yes, 0 if no."
img/56413.png,1,1,1,Is the meme offensive or hateful when considering both modalities? Return only 1 or 0.
img/56413.png,1,1,1,"Classify this meme: 1 = hateful or offensive, 0 = not hateful. Output only the digit."
img/56413.png,1,1,1,"Does the meme contain harmful or derogatory content? Answer with a single digit: 1 for yes, 0 for no."
img/69512.png,0,0,0,"Is this meme hateful? Answer 1 for hateful, 0 for not hateful."
img/69512.png,0,0,0,"Considering both the image and the text, is this meme offensive? 1=yes, 0=no."
img/69512.png,0,1,1=hateful,"Analyze the meme and decide: 1=hateful, 0=not hateful."
img/69512.png,0,0,0=no,"Does this meme contain hate speech or offensive content? Answer 1=yes, 0=no."
img/69512.png,0,0,0,"Evaluate the meme’s image and text together. Is it hateful? Output only 1 for hateful, 0 for not."
img/69512.png,0,0,0,"Look at both the image and the caption. If the meme expresses hate or stereotypes, reply 1. Otherwise reply 0."
img/69512.png,0,0,0,"Does the meme promote hate, discrimination, or offensive stereotypes? Respond with 1 if yes, 0 if no."
img/69512.png,0,0,0,Is the meme offensive or hateful when considering both modalities? Return only 1 or 0.
img/69512.png,0,1,1,"Classify this meme: 1 = hateful or offensive, 0 = not hateful. Output only the digit."
img/69512.png,0,1,1,"Does the meme contain harmful or derogatory content? Answer with a single digit: 1 for yes, 0 for no."
img/43175.png,1,1,This meme is not hateful.,"Is this meme hateful? Answer 1 for hateful, 0 for not hateful."
img/43175.png,1,0,0,"Considering both the image and the text, is this meme offensive? 1=yes, 0=no."
img/43175.png,1,1,1=hateful,"Analyze the meme and decide: 1=hateful, 0=not hateful."
img/43175.png,1,0,No.,"Does this meme contain hate speech or offensive content? Answer 1=yes, 0=no."
img/43175.png,1,0,0,"Evaluate the meme’s image and text together. Is it hateful? Output only 1 for hateful, 0 for not."
img/43175.png,1,0,0,"Look at both the image and the caption. If the meme expresses hate or stereotypes, reply 1. Otherwise reply 0."
img/43175.png,1,0,0,"Does the meme promote hate, discrimination, or offensive stereotypes? Respond with 1 if yes, 0 if no."
img/43175.png,1,0,0,Is the meme offensive or hateful when considering both modalities? Return only 1 or 0.
img/43175.png,1,1,1,"Classify this meme: 1 = hateful or offensive, 0 = not hateful. Output only the digit."
img/43175.png,1,1,1,"Does the meme contain harmful or derogatory content? Answer with a single digit: 1 for yes, 0 for no."
img/54129.png,0,0,0,"Is this meme hateful? Answer 1 for hateful, 0 for not hateful."
img/54129.png,0,0,0,"Considering both the image and the text, is this meme offensive? 1=yes, 0=no."
img/54129.png,0,1,1,"Analyze the meme and decide: 1=hateful, 0=not hateful."
img/54129.png,0,0,0,"Does this meme contain hate speech or offensive content? Answer 1=yes, 0=no."
img/54129.png,0,0,0,"Evaluate the meme’s image and text together. Is it hateful? Output only 1 for hateful, 0 for not."
img/54129.png,0,0,0,"Look at both the image and the caption. If the meme expresses hate or stereotypes, reply 1. Otherwise reply 0."
img/54129.png,0,0,0,"Does the meme promote hate, discrimination, or offensive stereotypes? Respond with 1 if yes, 0 if no."
img/54129.png,0,0,0,Is the meme offensive or hateful when considering both modalities? Return only 1 or 0.
img/54129.png,0,1,1,"Classify this meme: 1 = hateful or offensive, 0 = not hateful. Output only the digit."
img/54129.png,0,0,0,"Does the meme contain harmful or derogatory content? Answer with a single digit: 1 for yes, 0 for no."
img/23645.png,1,1,This meme is not hateful.,"Is this meme hateful? Answer 1 for hateful, 0 for not hateful."
img/23645.png,1,0,0,"Considering both the image and the text, is this meme offensive? 1=yes, 0=no."
img/23645.png,1,1,1=hateful,"Analyze the meme and decide: 1=hateful, 0=not hateful."
img/23645.png,1,0,0,"Does this meme contain hate speech or offensive content? Answer 1=yes, 0=no."
img/23645.png,1,0,0,"Evaluate the meme’s image and text together. Is it hateful? Output only 1 for hateful, 0 for not."
img/23645.png,1,0,0,"Look at both the image and the caption. If the meme expresses hate or stereotypes, reply 1. Otherwise reply 0."
img/23645.png,1,0,0,"Does the meme promote hate, discrimination, or offensive stereotypes? Respond with 1 if yes, 0 if no."
img/23645.png,1,0,0,Is the meme offensive or hateful when considering both modalities? Return only 1 or 0.
img/23645.png,1,1,1,"Classify this meme: 1 = hateful or offensive, 0 = not hateful. Output only the digit."
img/23645.png,1,1,1,"Does the meme contain harmful or derogatory content? Answer with a single digit: 1 for yes, 0 for no."
img/89425.png,1,0,0,"Is this meme hateful? Answer 1 for hateful, 0 for not hateful."
img/89425.png,1,0,0=no,"Considering both the image and the text, is this meme offensive? 1=yes, 0=no."
img/89425.png,1,1,1=hateful,"Analyze the meme and decide: 1=hateful, 0=not hateful."
img/89425.png,1,0,0=no,"Does this meme contain hate speech or offensive content? Answer 1=yes, 0=no."
img/89425.png,1,0,0,"Evaluate the meme’s image and text together. Is it hateful? Output only 1 for hateful, 0 for not."
img/89425.png,1,0,0,"Look at both the image and the caption. If the meme expresses hate or stereotypes, reply 1. Otherwise reply 0."
img/89425.png,1,0,0,"Does the meme promote hate, discrimination, or offensive stereotypes? Respond with 1 if yes, 0 if no."
img/89425.png,1,0,0,Is the meme offensive or hateful when considering both modalities? Return only 1 or 0.
img/89425.png,1,1,1,"Classify this meme: 1 = hateful or offensive, 0 = not hateful. Output only the digit."
img/89425.png,1,1,1,"Does the meme contain harmful or derogatory content? Answer with a single digit: 1 for yes, 0 for no."
img/16923.png,1,1,1,"Is this meme hateful? Answer 1 for hateful, 0 for not hateful."
img/16923.png,1,1,1=yes,"Considering both the image and the text, is this meme offensive? 1=yes, 0=no."
img/16923.png,1,1,1=hateful,"Analyze the meme and decide: 1=hateful, 0=not hateful."
img/16923.png,1,1,1=yes,"Does this meme contain hate speech or offensive content? Answer 1=yes, 0=no."
img/16923.png,1,1,1,"Evaluate the meme’s image and text together. Is it hateful? Output only 1 for hateful, 0 for not."
img/16923.png,1,1,1,"Look at both the image and the caption. If the meme expresses hate or stereotypes, reply 1. Otherwise reply 0."
img/16923.png,1,1,1,"Does the meme promote hate, discrimination, or offensive stereotypes? Respond with 1 if yes, 0 if no."
img/16923.png,1,1,1,Is the meme offensive or hateful when considering both modalities? Return only 1 or 0.
img/16923.png,1,1,1,"Classify this meme: 1 = hateful or offensive, 0 = not hateful. Output only the digit."
img/16923.png,1,1,1,"Does the meme contain harmful or derogatory content? Answer with a single digit: 1 for yes, 0 for no."
img/04769.png,1,1,1,"Is this meme hateful? Answer 1 for hateful, 0 for not hateful."
img/04769.png,1,1,1,"Considering both the image and the text, is this meme offensive? 1=yes, 0=no."
img/04769.png,1,1,1,"Analyze the meme and decide: 1=hateful, 0=not hateful."
img/04769.png,1,1,Yes,"Does this meme contain hate speech or offensive content? Answer 1=yes, 0=no."
img/04769.png,1,0,0,"Evaluate the meme’s image and text together. Is it hateful? Output only 1 for hateful, 0 for not."
img/04769.png,1,0,0,"Look at both the image and the caption. If the meme expresses hate or stereotypes, reply 1. Otherwise reply 0."
img/04769.png,1,1,1,"Does the meme promote hate, discrimination, or offensive stereotypes? Respond with 1 if yes, 0 if no."
img/04769.png,1,1,1,Is the meme offensive or hateful when considering both modalities? Return only 1 or 0.
img/04769.png,1,1,1,"Classify this meme: 1 = hateful or offensive, 0 = not hateful. Output only the digit."
img/04769.png,1,1,1,"Does the meme contain harmful or derogatory content? Answer with a single digit: 1 for yes, 0 for no."
img/69815.png,1,1,1,"Is this meme hateful? Answer 1 for hateful, 0 for not hateful."
img/69815.png,1,1,1,"Considering both the image and the text, is this meme offensive? 1=yes, 0=no."
img/69815.png,1,1,1=hateful,"Analyze the meme and decide: 1=hateful, 0=not hateful."
img/69815.png,1,0,0,"Does this meme contain hate speech or offensive content? Answer 1=yes, 0=no."
img/69815.png,1,0,0,"Evaluate the meme’s image and text together. Is it hateful? Output only 1 for hateful, 0 for not."
img/69815.png,1,0,0,"Look at both the image and the caption. If the meme expresses hate or stereotypes, reply 1. Otherwise reply 0."
img/69815.png,1,0,0,"Does the meme promote hate, discrimination, or offensive stereotypes? Respond with 1 if yes, 0 if no."
img/69815.png,1,1,1,Is the meme offensive or hateful when considering both modalities? Return only 1 or 0.
img/69815.png,1,1,1,"Classify this meme: 1 = hateful or offensive, 0 = not hateful. Output only the digit."
img/69815.png,1,1,1,"Does the meme contain harmful or derogatory content? Answer with a single digit: 1 for yes, 0 for no."
img/91468.png,0,0,0,"Is this meme hateful? Answer 1 for hateful, 0 for not hateful."
img/91468.png,0,1,1,"Considering both the image and the text, is this meme offensive? 1=yes, 0=no."
img/91468.png,0,1,1,"Analyze the meme and decide: 1=hateful, 0=not hateful."
img/91468.png,0,0,0,"Does this meme contain hate speech or offensive content? Answer 1=yes, 0=no."
img/91468.png,0,0,0,"Evaluate the meme’s image and text together. Is it hateful? Output only 1 for hateful, 0 for not."
img/91468.png,0,0,0,"Look at both the image and the caption. If the meme expresses hate or stereotypes, reply 1. Otherwise reply 0."
img/91468.png,0,0,0,"Does the meme promote hate, discrimination, or offensive stereotypes? Respond with 1 if yes, 0 if no."
img/91468.png,0,1,1,Is the meme offensive or hateful when considering both modalities? Return only 1 or 0.
img/91468.png,0,1,1,"Classify this meme: 1 = hateful or offensive, 0 = not hateful. Output only the digit."
img/91468.png,0,1,1,"Does the meme contain harmful or derogatory content? Answer with a single digit: 1 for yes, 0 for no."
img/52104.png,0,0,0,"Is this meme hateful? Answer 1 for hateful, 0 for not hateful."
img/52104.png,0,0,0,"Considering both the image and the text, is this meme offensive? 1=yes, 0=no."
img/52104.png,0,1,1,"Analyze the meme and decide: 1=hateful, 0=not hateful."
img/52104.png,0,0,No.,"Does this meme contain hate speech or offensive content? Answer 1=yes, 0=no."
img/52104.png,0,0,0,"Evaluate the meme’s image and text together. Is it hateful? Output only 1 for hateful, 0 for not."
img/52104.png,0,0,0,"Look at both the image and the caption. If the meme expresses hate or stereotypes, reply 1. Otherwise reply 0."
img/52104.png,0,0,0,"Does the meme promote hate, discrimination, or offensive stereotypes? Respond with 1 if yes, 0 if no."
img/52104.png,0,0,0,Is the meme offensive or hateful when considering both modalities? Return only 1 or 0.
img/52104.png,0,1,1,"Classify this meme: 1 = hateful or offensive, 0 = not hateful. Output only the digit."
img/52104.png,0,0,0,"Does the meme contain harmful or derogatory content? Answer with a single digit: 1 for yes, 0 for no."
img/52031.png,0,1,This meme is not hateful. The text is a play on words and does not contain any offensive or discriminatory content.,"Is this meme hateful? Answer 1 for hateful, 0 for not hateful."
img/52031.png,0,1,1,"Considering both the image and the text, is this meme offensive? 1=yes, 0=no."
img/52031.png,0,1,1=hateful,"Analyze the meme and decide: 1=hateful, 0=not hateful."
img/52031.png,0,0,0,"Does this meme contain hate speech or offensive content? Answer 1=yes, 0=no."
img/52031.png,0,0,0,"Evaluate the meme’s image and text together. Is it hateful? Output only 1 for hateful, 0 for not."
img/52031.png,0,0,0,"Look at both the image and the caption. If the meme expresses hate or stereotypes, reply 1. Otherwise reply 0."
img/52031.png,0,0,0,"Does the meme promote hate, discrimination, or offensive stereotypes? Respond with 1 if yes, 0 if no."
img/52031.png,0,1,"The meme is offensive when considering both modalities. It features an image of Mike Tyson with the caption ""theriously?? that's methed up!"", which implies that someone is under the influence of methamphetamine. This is a derogatory and offensive",Is the meme offensive or hateful when considering both modalities? Return only 1 or 0.
img/52031.png,0,1,1,"Classify this meme: 1 = hateful or offensive, 0 = not hateful. Output only the digit."
img/52031.png,0,1,1,"Does the meme contain harmful or derogatory content? Answer with a single digit: 1 for yes, 0 for no."
img/08795.png,0,0,0,"Is this meme hateful? Answer 1 for hateful, 0 for not hateful."
img/08795.png,0,0,0,"Considering both the image and the text, is this meme offensive? 1=yes, 0=no."
img/08795.png,0,1,1=hateful,"Analyze the meme and decide: 1=hateful, 0=not hateful."
img/08795.png,0,0,0,"Does this meme contain hate speech or offensive content? Answer 1=yes, 0=no."
img/08795.png,0,0,0,"Evaluate the meme’s image and text together. Is it hateful? Output only 1 for hateful, 0 for not."
img/08795.png,0,0,0,"Look at both the image and the caption. If the meme expresses hate or stereotypes, reply 1. Otherwise reply 0."
img/08795.png,0,0,0,"Does the meme promote hate, discrimination, or offensive stereotypes? Respond with 1 if yes, 0 if no."
img/08795.png,0,1,"The meme is offensive when considering both modalities. It uses a racial stereotype to make a joke about working in the oil field, which is inappropriate and disrespectful. The use of black paint on the hands also reinforces the negative stereotype and perpetuates harmful",Is the meme offensive or hateful when considering both modalities? Return only 1 or 0.
img/08795.png,0,1,1,"Classify this meme: 1 = hateful or offensive, 0 = not hateful. Output only the digit."
img/08795.png,0,1,1,"Does the meme contain harmful or derogatory content? Answer with a single digit: 1 for yes, 0 for no."
img/50317.png,1,1,1,"Is this meme hateful? Answer 1 for hateful, 0 for not hateful."
img/50317.png,1,1,1,"Considering both the image and the text, is this meme offensive? 1=yes, 0=no."
img/50317.png,1,1,1=hateful,"Analyze the meme and decide: 1=hateful, 0=not hateful."
img/50317.png,1,1,"Yes, this meme contains hate speech and offensive content. It uses derogatory language to describe people of color and implies that they are not qualified to hold political office. This type of content is not appropriate and should be avoided.","Does this meme contain hate speech or offensive content? Answer 1=yes, 0=no."
img/50317.png,1,1,1,"Evaluate the meme’s image and text together. Is it hateful? Output only 1 for hateful, 0 for not."
img/50317.png,1,1,1,"Look at both the image and the caption. If the meme expresses hate or stereotypes, reply 1. Otherwise reply 0."
img/50317.png,1,1,1,"Does the meme promote hate, discrimination, or offensive stereotypes? Respond with 1 if yes, 0 if no."
img/50317.png,1,1,1,Is the meme offensive or hateful when considering both modalities? Return only 1 or 0.
img/50317.png,1,1,1,"Classify this meme: 1 = hateful or offensive, 0 = not hateful. Output only the digit."
img/50317.png,1,1,1,"Does the meme contain harmful or derogatory content? Answer with a single digit: 1 for yes, 0 for no."
img/73914.png,1,0,0,"Is this meme hateful? Answer 1 for hateful, 0 for not hateful."
img/73914.png,1,0,0,"Considering both the image and the text, is this meme offensive? 1=yes, 0=no."
img/73914.png,1,1,1=hateful,"Analyze the meme and decide: 1=hateful, 0=not hateful."
img/73914.png,1,0,0,"Does this meme contain hate speech or offensive content? Answer 1=yes, 0=no."
img/73914.png,1,0,0,"Evaluate the meme’s image and text together. Is it hateful? Output only 1 for hateful, 0 for not."
img/73914.png,1,0,0,"Look at both the image and the caption. If the meme expresses hate or stereotypes, reply 1. Otherwise reply 0."
img/73914.png,1,0,0,"Does the meme promote hate, discrimination, or offensive stereotypes? Respond with 1 if yes, 0 if no."
img/73914.png,1,1,1,Is the meme offensive or hateful when considering both modalities? Return only 1 or 0.
img/73914.png,1,1,1,"Classify this meme: 1 = hateful or offensive, 0 = not hateful. Output only the digit."
img/73914.png,1,1,1,"Does the meme contain harmful or derogatory content? Answer with a single digit: 1 for yes, 0 for no."
img/03197.png,1,0,0,"Is this meme hateful? Answer 1 for hateful, 0 for not hateful."
img/03197.png,1,0,0=no,"Considering both the image and the text, is this meme offensive? 1=yes, 0=no."
img/03197.png,1,1,0=not hateful,"Analyze the meme and decide: 1=hateful, 0=not hateful."
img/03197.png,1,0,0,"Does this meme contain hate speech or offensive content? Answer 1=yes, 0=no."
img/03197.png,1,0,0,"Evaluate the meme’s image and text together. Is it hateful? Output only 1 for hateful, 0 for not."
img/03197.png,1,0,0,"Look at both the image and the caption. If the meme expresses hate or stereotypes, reply 1. Otherwise reply 0."
img/03197.png,1,0,0,"Does the meme promote hate, discrimination, or offensive stereotypes? Respond with 1 if yes, 0 if no."
img/03197.png,1,0,0,Is the meme offensive or hateful when considering both modalities? Return only 1 or 0.
img/03197.png,1,1,1,"Classify this meme: 1 = hateful or offensive, 0 = not hateful. Output only the digit."
img/03197.png,1,0,0,"Does the meme contain harmful or derogatory content? Answer with a single digit: 1 for yes, 0 for no."
img/49621.png,0,1,This meme is not hateful.,"Is this meme hateful? Answer 1 for hateful, 0 for not hateful."
img/49621.png,0,0,0,"Considering both the image and the text, is this meme offensive? 1=yes, 0=no."
img/49621.png,0,1,1,"Analyze the meme and decide: 1=hateful, 0=not hateful."
img/49621.png,0,0,0,"Does this meme contain hate speech or offensive content? Answer 1=yes, 0=no."
img/49621.png,0,0,0,"Evaluate the meme’s image and text together. Is it hateful? Output only 1 for hateful, 0 for not."
img/49621.png,0,0,0,"Look at both the image and the caption. If the meme expresses hate or stereotypes, reply 1. Otherwise reply 0."
img/49621.png,0,0,0,"Does the meme promote hate, discrimination, or offensive stereotypes? Respond with 1 if yes, 0 if no."
img/49621.png,0,0,0,Is the meme offensive or hateful when considering both modalities? Return only 1 or 0.
img/49621.png,0,1,1,"Classify this meme: 1 = hateful or offensive, 0 = not hateful. Output only the digit."
img/49621.png,0,0,0,"Does the meme contain harmful or derogatory content? Answer with a single digit: 1 for yes, 0 for no."
img/68530.png,1,1,This meme is not hateful.,"Is this meme hateful? Answer 1 for hateful, 0 for not hateful."
img/68530.png,1,0,0,"Considering both the image and the text, is this meme offensive? 1=yes, 0=no."
img/68530.png,1,1,0=not hateful,"Analyze the meme and decide: 1=hateful, 0=not hateful."
img/68530.png,1,0,0,"Does this meme contain hate speech or offensive content? Answer 1=yes, 0=no."
img/68530.png,1,0,0,"Evaluate the meme’s image and text together. Is it hateful? Output only 1 for hateful, 0 for not."
img/68530.png,1,0,0,"Look at both the image and the caption. If the meme expresses hate or stereotypes, reply 1. Otherwise reply 0."
img/68530.png,1,0,0,"Does the meme promote hate, discrimination, or offensive stereotypes? Respond with 1 if yes, 0 if no."
img/68530.png,1,0,0,Is the meme offensive or hateful when considering both modalities? Return only 1 or 0.
img/68530.png,1,1,1,"Classify this meme: 1 = hateful or offensive, 0 = not hateful. Output only the digit."
img/68530.png,1,0,0,"Does the meme contain harmful or derogatory content? Answer with a single digit: 1 for yes, 0 for no."
img/98547.png,0,1,1,"Is this meme hateful? Answer 1 for hateful, 0 for not hateful."
img/98547.png,0,0,0=no.,"Considering both the image and the text, is this meme offensive? 1=yes, 0=no."
img/98547.png,0,1,1=hateful,"Analyze the meme and decide: 1=hateful, 0=not hateful."
img/98547.png,0,0,No.,"Does this meme contain hate speech or offensive content? Answer 1=yes, 0=no."
img/98547.png,0,0,0,"Evaluate the meme’s image and text together. Is it hateful? Output only 1 for hateful, 0 for not."
img/98547.png,0,1,1,"Look at both the image and the caption. If the meme expresses hate or stereotypes, reply 1. Otherwise reply 0."
img/98547.png,0,0,0,"Does the meme promote hate, discrimination, or offensive stereotypes? Respond with 1 if yes, 0 if no."
img/98547.png,0,1,1,Is the meme offensive or hateful when considering both modalities? Return only 1 or 0.
img/98547.png,0,1,1,"Classify this meme: 1 = hateful or offensive, 0 = not hateful. Output only the digit."
img/98547.png,0,1,1,"Does the meme contain harmful or derogatory content? Answer with a single digit: 1 for yes, 0 for no."
img/03519.png,1,1,This meme is not hateful.,"Is this meme hateful? Answer 1 for hateful, 0 for not hateful."
img/03519.png,1,0,0,"Considering both the image and the text, is this meme offensive? 1=yes, 0=no."
img/03519.png,1,1,1=hateful,"Analyze the meme and decide: 1=hateful, 0=not hateful."
img/03519.png,1,0,0=no,"Does this meme contain hate speech or offensive content? Answer 1=yes, 0=no."
img/03519.png,1,0,0,"Evaluate the meme’s image and text together. Is it hateful? Output only 1 for hateful, 0 for not."
img/03519.png,1,0,0,"Look at both the image and the caption. If the meme expresses hate or stereotypes, reply 1. Otherwise reply 0."
img/03519.png,1,0,0,"Does the meme promote hate, discrimination, or offensive stereotypes? Respond with 1 if yes, 0 if no."
img/03519.png,1,0,0,Is the meme offensive or hateful when considering both modalities? Return only 1 or 0.
img/03519.png,1,1,1,"Classify this meme: 1 = hateful or offensive, 0 = not hateful. Output only the digit."
img/03519.png,1,0,0,"Does the meme contain harmful or derogatory content? Answer with a single digit: 1 for yes, 0 for no."
img/43698.png,0,0,0,"Is this meme hateful? Answer 1 for hateful, 0 for not hateful."
img/43698.png,0,0,0,"Considering both the image and the text, is this meme offensive? 1=yes, 0=no."
img/43698.png,0,1,1=hateful,"Analyze the meme and decide: 1=hateful, 0=not hateful."
img/43698.png,0,0,0,"Does this meme contain hate speech or offensive content? Answer 1=yes, 0=no."
img/43698.png,0,0,0,"Evaluate the meme’s image and text together. Is it hateful? Output only 1 for hateful, 0 for not."
img/43698.png,0,0,0,"Look at both the image and the caption. If the meme expresses hate or stereotypes, reply 1. Otherwise reply 0."
img/43698.png,0,0,0,"Does the meme promote hate, discrimination, or offensive stereotypes? Respond with 1 if yes, 0 if no."
img/43698.png,0,1,1,Is the meme offensive or hateful when considering both modalities? Return only 1 or 0.
img/43698.png,0,1,1,"Classify this meme: 1 = hateful or offensive, 0 = not hateful. Output only the digit."
img/43698.png,0,0,0,"Does the meme contain harmful or derogatory content? Answer with a single digit: 1 for yes, 0 for no."
img/84756.png,1,0,0,"Is this meme hateful? Answer 1 for hateful, 0 for not hateful."
img/84756.png,1,0,0,"Considering both the image and the text, is this meme offensive? 1=yes, 0=no."
img/84756.png,1,1,1,"Analyze the meme and decide: 1=hateful, 0=not hateful."
img/84756.png,1,0,0,"Does this meme contain hate speech or offensive content? Answer 1=yes, 0=no."
img/84756.png,1,0,0,"Evaluate the meme’s image and text together. Is it hateful? Output only 1 for hateful, 0 for not."
img/84756.png,1,0,0,"Look at both the image and the caption. If the meme expresses hate or stereotypes, reply 1. Otherwise reply 0."
img/84756.png,1,0,0,"Does the meme promote hate, discrimination, or offensive stereotypes? Respond with 1 if yes, 0 if no."
img/84756.png,1,0,0,Is the meme offensive or hateful when considering both modalities? Return only 1 or 0.
img/84756.png,1,1,1,"Classify this meme: 1 = hateful or offensive, 0 = not hateful. Output only the digit."
img/84756.png,1,0,0,"Does the meme contain harmful or derogatory content? Answer with a single digit: 1 for yes, 0 for no."
img/93051.png,0,0,0,"Is this meme hateful? Answer 1 for hateful, 0 for not hateful."
img/93051.png,0,0,0,"Considering both the image and the text, is this meme offensive? 1=yes, 0=no."
img/93051.png,0,1,1=hateful,"Analyze the meme and decide: 1=hateful, 0=not hateful."
img/93051.png,0,0,0,"Does this meme contain hate speech or offensive content? Answer 1=yes, 0=no."
img/93051.png,0,0,0,"Evaluate the meme’s image and text together. Is it hateful? Output only 1 for hateful, 0 for not."
img/93051.png,0,0,0,"Look at both the image and the caption. If the meme expresses hate or stereotypes, reply 1. Otherwise reply 0."
img/93051.png,0,0,0,"Does the meme promote hate, discrimination, or offensive stereotypes? Respond with 1 if yes, 0 if no."
img/93051.png,0,0,0,Is the meme offensive or hateful when considering both modalities? Return only 1 or 0.
img/93051.png,0,0,0,"Classify this meme: 1 = hateful or offensive, 0 = not hateful. Output only the digit."
img/93051.png,0,0,0,"Does the meme contain harmful or derogatory content? Answer with a single digit: 1 for yes, 0 for no."
img/68257.png,0,0,0,"Is this meme hateful? Answer 1 for hateful, 0 for not hateful."
img/68257.png,0,0,0.,"Considering both the image and the text, is this meme offensive? 1=yes, 0=no."
img/68257.png,0,0,0,"Analyze the meme and decide: 1=hateful, 0=not hateful."
img/68257.png,0,0,0,"Does this meme contain hate speech or offensive content? Answer 1=yes, 0=no."
img/68257.png,0,0,0,"Evaluate the meme’s image and text together. Is it hateful? Output only 1 for hateful, 0 for not."
img/68257.png,0,0,0,"Look at both the image and the caption. If the meme expresses hate or stereotypes, reply 1. Otherwise reply 0."
img/68257.png,0,0,0,"Does the meme promote hate, discrimination, or offensive stereotypes? Respond with 1 if yes, 0 if no."
img/68257.png,0,0,0,Is the meme offensive or hateful when considering both modalities? Return only 1 or 0.
img/68257.png,0,1,1,"Classify this meme: 1 = hateful or offensive, 0 = not hateful. Output only the digit."
img/68257.png,0,0,0,"Does the meme contain harmful or derogatory content? Answer with a single digit: 1 for yes, 0 for no."
img/12834.png,1,1,This meme is not hateful.,"Is this meme hateful? Answer 1 for hateful, 0 for not hateful."
img/12834.png,1,1,"Yes, the meme is offensive.","Considering both the image and the text, is this meme offensive? 1=yes, 0=no."
img/12834.png,1,1,1=hateful,"Analyze the meme and decide: 1=hateful, 0=not hateful."
img/12834.png,1,0,No.,"Does this meme contain hate speech or offensive content? Answer 1=yes, 0=no."
img/12834.png,1,0,0,"Evaluate the meme’s image and text together. Is it hateful? Output only 1 for hateful, 0 for not."
img/12834.png,1,0,0,"Look at both the image and the caption. If the meme expresses hate or stereotypes, reply 1. Otherwise reply 0."
img/12834.png,1,0,0,"Does the meme promote hate, discrimination, or offensive stereotypes? Respond with 1 if yes, 0 if no."
img/12834.png,1,1,1,Is the meme offensive or hateful when considering both modalities? Return only 1 or 0.
img/12834.png,1,1,1,"Classify this meme: 1 = hateful or offensive, 0 = not hateful. Output only the digit."
img/12834.png,1,1,1,"Does the meme contain harmful or derogatory content? Answer with a single digit: 1 for yes, 0 for no."
img/57208.png,0,0,0,"Is this meme hateful? Answer 1 for hateful, 0 for not hateful."
img/57208.png,0,0,0,"Considering both the image and the text, is this meme offensive? 1=yes, 0=no."
img/57208.png,0,1,1=hateful,"Analyze the meme and decide: 1=hateful, 0=not hateful."
img/57208.png,0,0,0=no,"Does this meme contain hate speech or offensive content? Answer 1=yes, 0=no."
img/57208.png,0,0,0,"Evaluate the meme’s image and text together. Is it hateful? Output only 1 for hateful, 0 for not."
img/57208.png,0,0,0,"Look at both the image and the caption. If the meme expresses hate or stereotypes, reply 1. Otherwise reply 0."
img/57208.png,0,0,0,"Does the meme promote hate, discrimination, or offensive stereotypes? Respond with 1 if yes, 0 if no."
img/57208.png,0,0,0,Is the meme offensive or hateful when considering both modalities? Return only 1 or 0.
img/57208.png,0,1,1,"Classify this meme: 1 = hateful or offensive, 0 = not hateful. Output only the digit."
img/57208.png,0,0,0,"Does the meme contain harmful or derogatory content? Answer with a single digit: 1 for yes, 0 for no."
img/26439.png,0,0,0,"Is this meme hateful? Answer 1 for hateful, 0 for not hateful."
img/26439.png,0,0,0,"Considering both the image and the text, is this meme offensive? 1=yes, 0=no."
img/26439.png,0,1,1=hateful,"Analyze the meme and decide: 1=hateful, 0=not hateful."
img/26439.png,0,0,0,"Does this meme contain hate speech or offensive content? Answer 1=yes, 0=no."
img/26439.png,0,0,0,"Evaluate the meme’s image and text together. Is it hateful? Output only 1 for hateful, 0 for not."
img/26439.png,0,0,0,"Look at both the image and the caption. If the meme expresses hate or stereotypes, reply 1. Otherwise reply 0."
img/26439.png,0,0,0,"Does the meme promote hate, discrimination, or offensive stereotypes? Respond with 1 if yes, 0 if no."
img/26439.png,0,1,1,Is the meme offensive or hateful when considering both modalities? Return only 1 or 0.
img/26439.png,0,1,1,"Classify this meme: 1 = hateful or offensive, 0 = not hateful. Output only the digit."
img/26439.png,0,1,1,"Does the meme contain harmful or derogatory content? Answer with a single digit: 1 for yes, 0 for no."
img/53769.png,0,0,0,"Is this meme hateful? Answer 1 for hateful, 0 for not hateful."
img/53769.png,0,0,0,"Considering both the image and the text, is this meme offensive? 1=yes, 0=no."
img/53769.png,0,1,1,"Analyze the meme and decide: 1=hateful, 0=not hateful."
img/53769.png,0,0,0,"Does this meme contain hate speech or offensive content? Answer 1=yes, 0=no."
img/53769.png,0,0,0,"Evaluate the meme’s image and text together. Is it hateful? Output only 1 for hateful, 0 for not."
img/53769.png,0,0,0,"Look at both the image and the caption. If the meme expresses hate or stereotypes, reply 1. Otherwise reply 0."
img/53769.png,0,0,0,"Does the meme promote hate, discrimination, or offensive stereotypes? Respond with 1 if yes, 0 if no."
img/53769.png,0,0,0,Is the meme offensive or hateful when considering both modalities? Return only 1 or 0.
img/53769.png,0,1,1,"Classify this meme: 1 = hateful or offensive, 0 = not hateful. Output only the digit."
img/53769.png,0,0,0,"Does the meme contain harmful or derogatory content? Answer with a single digit: 1 for yes, 0 for no."
img/28406.png,0,0,0,"Is this meme hateful? Answer 1 for hateful, 0 for not hateful."
img/28406.png,0,0,0,"Considering both the image and the text, is this meme offensive? 1=yes, 0=no."
img/28406.png,0,1,1,"Analyze the meme and decide: 1=hateful, 0=not hateful."
img/28406.png,0,0,0,"Does this meme contain hate speech or offensive content? Answer 1=yes, 0=no."
img/28406.png,0,0,0,"Evaluate the meme’s image and text together. Is it hateful? Output only 1 for hateful, 0 for not."
img/28406.png,0,0,0,"Look at both the image and the caption. If the meme expresses hate or stereotypes, reply 1. Otherwise reply 0."
img/28406.png,0,0,0,"Does the meme promote hate, discrimination, or offensive stereotypes? Respond with 1 if yes, 0 if no."
img/28406.png,0,0,0,Is the meme offensive or hateful when considering both modalities? Return only 1 or 0.
img/28406.png,0,1,1,"Classify this meme: 1 = hateful or offensive, 0 = not hateful. Output only the digit."
img/28406.png,0,0,0,"Does the meme contain harmful or derogatory content? Answer with a single digit: 1 for yes, 0 for no."
img/53418.png,0,0,0,"Is this meme hateful? Answer 1 for hateful, 0 for not hateful."
img/53418.png,0,0,0=no,"Considering both the image and the text, is this meme offensive? 1=yes, 0=no."
img/53418.png,0,1,1,"Analyze the meme and decide: 1=hateful, 0=not hateful."
img/53418.png,0,0,No,"Does this meme contain hate speech or offensive content? Answer 1=yes, 0=no."
img/53418.png,0,0,0,"Evaluate the meme’s image and text together. Is it hateful? Output only 1 for hateful, 0 for not."
img/53418.png,0,0,0,"Look at both the image and the caption. If the meme expresses hate or stereotypes, reply 1. Otherwise reply 0."
img/53418.png,0,0,0,"Does the meme promote hate, discrimination, or offensive stereotypes? Respond with 1 if yes, 0 if no."
img/53418.png,0,0,0,Is the meme offensive or hateful when considering both modalities? Return only 1 or 0.
img/53418.png,0,1,1,"Classify this meme: 1 = hateful or offensive, 0 = not hateful. Output only the digit."
img/53418.png,0,0,0,"Does the meme contain harmful or derogatory content? Answer with a single digit: 1 for yes, 0 for no."
img/10785.png,1,0,0,"Is this meme hateful? Answer 1 for hateful, 0 for not hateful."
img/10785.png,1,0,0,"Considering both the image and the text, is this meme offensive? 1=yes, 0=no."
img/10785.png,1,1,1=hateful,"Analyze the meme and decide: 1=hateful, 0=not hateful."
img/10785.png,1,0,0,"Does this meme contain hate speech or offensive content? Answer 1=yes, 0=no."
img/10785.png,1,0,0,"Evaluate the meme’s image and text together. Is it hateful? Output only 1 for hateful, 0 for not."
img/10785.png,1,0,0,"Look at both the image and the caption. If the meme expresses hate or stereotypes, reply 1. Otherwise reply 0."
img/10785.png,1,0,0,"Does the meme promote hate, discrimination, or offensive stereotypes? Respond with 1 if yes, 0 if no."
img/10785.png,1,1,1,Is the meme offensive or hateful when considering both modalities? Return only 1 or 0.
img/10785.png,1,1,1,"Classify this meme: 1 = hateful or offensive, 0 = not hateful. Output only the digit."
img/10785.png,1,1,1,"Does the meme contain harmful or derogatory content? Answer with a single digit: 1 for yes, 0 for no."
img/84302.png,0,0,0,"Is this meme hateful? Answer 1 for hateful, 0 for not hateful."
img/84302.png,0,1,1,"Considering both the image and the text, is this meme offensive? 1=yes, 0=no."
img/84302.png,0,1,1=hateful,"Analyze the meme and decide: 1=hateful, 0=not hateful."
img/84302.png,0,0,No,"Does this meme contain hate speech or offensive content? Answer 1=yes, 0=no."
img/84302.png,0,0,0,"Evaluate the meme’s image and text together. Is it hateful? Output only 1 for hateful, 0 for not."
img/84302.png,0,0,0,"Look at both the image and the caption. If the meme expresses hate or stereotypes, reply 1. Otherwise reply 0."
img/84302.png,0,0,0,"Does the meme promote hate, discrimination, or offensive stereotypes? Respond with 1 if yes, 0 if no."
img/84302.png,0,1,1,Is the meme offensive or hateful when considering both modalities? Return only 1 or 0.
img/84302.png,0,1,1,"Classify this meme: 1 = hateful or offensive, 0 = not hateful. Output only the digit."
img/84302.png,0,1,1,"Does the meme contain harmful or derogatory content? Answer with a single digit: 1 for yes, 0 for no."
img/76015.png,0,0,0,"Is this meme hateful? Answer 1 for hateful, 0 for not hateful."
img/76015.png,0,0,0,"Considering both the image and the text, is this meme offensive? 1=yes, 0=no."
img/76015.png,0,1,1=hateful,"Analyze the meme and decide: 1=hateful, 0=not hateful."
img/76015.png,0,0,0,"Does this meme contain hate speech or offensive content? Answer 1=yes, 0=no."
img/76015.png,0,0,0,"Evaluate the meme’s image and text together. Is it hateful? Output only 1 for hateful, 0 for not."
img/76015.png,0,0,0,"Look at both the image and the caption. If the meme expresses hate or stereotypes, reply 1. Otherwise reply 0."
img/76015.png,0,0,0,"Does the meme promote hate, discrimination, or offensive stereotypes? Respond with 1 if yes, 0 if no."
img/76015.png,0,0,0,Is the meme offensive or hateful when considering both modalities? Return only 1 or 0.
img/76015.png,0,0,0,"Classify this meme: 1 = hateful or offensive, 0 = not hateful. Output only the digit."
img/76015.png,0,0,0,"Does the meme contain harmful or derogatory content? Answer with a single digit: 1 for yes, 0 for no."
img/34189.png,0,0,0,"Is this meme hateful? Answer 1 for hateful, 0 for not hateful."
img/34189.png,0,0,0,"Considering both the image and the text, is this meme offensive? 1=yes, 0=no."
img/34189.png,0,1,1=hateful,"Analyze the meme and decide: 1=hateful, 0=not hateful."
img/34189.png,0,0,0,"Does this meme contain hate speech or offensive content? Answer 1=yes, 0=no."
img/34189.png,0,0,0,"Evaluate the meme’s image and text together. Is it hateful? Output only 1 for hateful, 0 for not."
img/34189.png,0,0,0,"Look at both the image and the caption. If the meme expresses hate or stereotypes, reply 1. Otherwise reply 0."
img/34189.png,0,0,0,"Does the meme promote hate, discrimination, or offensive stereotypes? Respond with 1 if yes, 0 if no."
img/34189.png,0,0,0,Is the meme offensive or hateful when considering both modalities? Return only 1 or 0.
img/34189.png,0,1,1,"Classify this meme: 1 = hateful or offensive, 0 = not hateful. Output only the digit."
img/34189.png,0,0,0,"Does the meme contain harmful or derogatory content? Answer with a single digit: 1 for yes, 0 for no."
img/52079.png,0,0,0,"Is this meme hateful? Answer 1 for hateful, 0 for not hateful."
img/52079.png,0,0,0,"Considering both the image and the text, is this meme offensive? 1=yes, 0=no."
img/52079.png,0,1,1=hateful,"Analyze the meme and decide: 1=hateful, 0=not hateful."
img/52079.png,0,0,0,"Does this meme contain hate speech or offensive content? Answer 1=yes, 0=no."
img/52079.png,0,0,0,"Evaluate the meme’s image and text together. Is it hateful? Output only 1 for hateful, 0 for not."
img/52079.png,0,0,0,"Look at both the image and the caption. If the meme expresses hate or stereotypes, reply 1. Otherwise reply 0."
img/52079.png,0,0,0,"Does the meme promote hate, discrimination, or offensive stereotypes? Respond with 1 if yes, 0 if no."
img/52079.png,0,0,0,Is the meme offensive or hateful when considering both modalities? Return only 1 or 0.
img/52079.png,0,1,1,"Classify this meme: 1 = hateful or offensive, 0 = not hateful. Output only the digit."
img/52079.png,0,0,0,"Does the meme contain harmful or derogatory content? Answer with a single digit: 1 for yes, 0 for no."
img/63987.png,0,0,0,"Is this meme hateful? Answer 1 for hateful, 0 for not hateful."
img/63987.png,0,0,0=no.,"Considering both the image and the text, is this meme offensive? 1=yes, 0=no."
img/63987.png,0,1,1=hateful,"Analyze the meme and decide: 1=hateful, 0=not hateful."
img/63987.png,0,0,0,"Does this meme contain hate speech or offensive content? Answer 1=yes, 0=no."
img/63987.png,0,0,0,"Evaluate the meme’s image and text together. Is it hateful? Output only 1 for hateful, 0 for not."
img/63987.png,0,0,0,"Look at both the image and the caption. If the meme expresses hate or stereotypes, reply 1. Otherwise reply 0."
img/63987.png,0,0,0,"Does the meme promote hate, discrimination, or offensive stereotypes? Respond with 1 if yes, 0 if no."
img/63987.png,0,1,1,Is the meme offensive or hateful when considering both modalities? Return only 1 or 0.
img/63987.png,0,1,1,"Classify this meme: 1 = hateful or offensive, 0 = not hateful. Output only the digit."
img/63987.png,0,1,1,"Does the meme contain harmful or derogatory content? Answer with a single digit: 1 for yes, 0 for no."
img/73526.png,0,0,0,"Is this meme hateful? Answer 1 for hateful, 0 for not hateful."
img/73526.png,0,1,1,"Considering both the image and the text, is this meme offensive? 1=yes, 0=no."
img/73526.png,0,1,1,"Analyze the meme and decide: 1=hateful, 0=not hateful."
img/73526.png,0,0,0,"Does this meme contain hate speech or offensive content? Answer 1=yes, 0=no."
img/73526.png,0,0,0,"Evaluate the meme’s image and text together. Is it hateful? Output only 1 for hateful, 0 for not."
img/73526.png,0,0,0,"Look at both the image and the caption. If the meme expresses hate or stereotypes, reply 1. Otherwise reply 0."
img/73526.png,0,0,0,"Does the meme promote hate, discrimination, or offensive stereotypes? Respond with 1 if yes, 0 if no."
img/73526.png,0,1,1,Is the meme offensive or hateful when considering both modalities? Return only 1 or 0.
img/73526.png,0,1,1,"Classify this meme: 1 = hateful or offensive, 0 = not hateful. Output only the digit."
img/73526.png,0,0,0,"Does the meme contain harmful or derogatory content? Answer with a single digit: 1 for yes, 0 for no."
img/02145.png,0,1,This meme is not hateful.,"Is this meme hateful? Answer 1 for hateful, 0 for not hateful."
img/02145.png,0,0,0,"Considering both the image and the text, is this meme offensive? 1=yes, 0=no."
img/02145.png,0,1,1,"Analyze the meme and decide: 1=hateful, 0=not hateful."
img/02145.png,0,0,0,"Does this meme contain hate speech or offensive content? Answer 1=yes, 0=no."
img/02145.png,0,0,0,"Evaluate the meme’s image and text together. Is it hateful? Output only 1 for hateful, 0 for not."
img/02145.png,0,0,0,"Look at both the image and the caption. If the meme expresses hate or stereotypes, reply 1. Otherwise reply 0."
img/02145.png,0,0,0,"Does the meme promote hate, discrimination, or offensive stereotypes? Respond with 1 if yes, 0 if no."
img/02145.png,0,0,0,Is the meme offensive or hateful when considering both modalities? Return only 1 or 0.
img/02145.png,0,1,1,"Classify this meme: 1 = hateful or offensive, 0 = not hateful. Output only the digit."
img/02145.png,0,0,0,"Does the meme contain harmful or derogatory content? Answer with a single digit: 1 for yes, 0 for no."
img/84102.png,0,1,This meme is not hateful.,"Is this meme hateful? Answer 1 for hateful, 0 for not hateful."
img/84102.png,0,0,0,"Considering both the image and the text, is this meme offensive? 1=yes, 0=no."
img/84102.png,0,1,1=hateful,"Analyze the meme and decide: 1=hateful, 0=not hateful."
img/84102.png,0,0,0,"Does this meme contain hate speech or offensive content? Answer 1=yes, 0=no."
img/84102.png,0,0,0,"Evaluate the meme’s image and text together. Is it hateful? Output only 1 for hateful, 0 for not."
img/84102.png,0,1,1,"Look at both the image and the caption. If the meme expresses hate or stereotypes, reply 1. Otherwise reply 0."
img/84102.png,0,0,0,"Does the meme promote hate, discrimination, or offensive stereotypes? Respond with 1 if yes, 0 if no."
img/84102.png,0,1,"The meme is offensive when considering both modalities. It features a young woman with a look of disgust on her face and includes the text ""the definition of utter disgust in plain black and white,"" which could be interpreted as a racist or discriminatory statement",Is the meme offensive or hateful when considering both modalities? Return only 1 or 0.
img/84102.png,0,1,1,"Classify this meme: 1 = hateful or offensive, 0 = not hateful. Output only the digit."
img/84102.png,0,0,0,"Does the meme contain harmful or derogatory content? Answer with a single digit: 1 for yes, 0 for no."
img/32981.png,0,0,0,"Is this meme hateful? Answer 1 for hateful, 0 for not hateful."
img/32981.png,0,0,0,"Considering both the image and the text, is this meme offensive? 1=yes, 0=no."
img/32981.png,0,1,1=hateful,"Analyze the meme and decide: 1=hateful, 0=not hateful."
img/32981.png,0,0,0,"Does this meme contain hate speech or offensive content? Answer 1=yes, 0=no."
img/32981.png,0,0,0,"Evaluate the meme’s image and text together. Is it hateful? Output only 1 for hateful, 0 for not."
img/32981.png,0,0,0,"Look at both the image and the caption. If the meme expresses hate or stereotypes, reply 1. Otherwise reply 0."
img/32981.png,0,0,0,"Does the meme promote hate, discrimination, or offensive stereotypes? Respond with 1 if yes, 0 if no."
img/32981.png,0,0,0,Is the meme offensive or hateful when considering both modalities? Return only 1 or 0.
img/32981.png,0,1,1,"Classify this meme: 1 = hateful or offensive, 0 = not hateful. Output only the digit."
img/32981.png,0,0,0,"Does the meme contain harmful or derogatory content? Answer with a single digit: 1 for yes, 0 for no."
img/73605.png,0,0,0,"Is this meme hateful? Answer 1 for hateful, 0 for not hateful."
img/73605.png,0,0,0,"Considering both the image and the text, is this meme offensive? 1=yes, 0=no."
img/73605.png,0,0,0,"Analyze the meme and decide: 1=hateful, 0=not hateful."
img/73605.png,0,0,0,"Does this meme contain hate speech or offensive content? Answer 1=yes, 0=no."
img/73605.png,0,0,0,"Evaluate the meme’s image and text together. Is it hateful? Output only 1 for hateful, 0 for not."
img/73605.png,0,0,0,"Look at both the image and the caption. If the meme expresses hate or stereotypes, reply 1. Otherwise reply 0."
img/73605.png,0,0,0,"Does the meme promote hate, discrimination, or offensive stereotypes? Respond with 1 if yes, 0 if no."
img/73605.png,0,0,0,Is the meme offensive or hateful when considering both modalities? Return only 1 or 0.
img/73605.png,0,1,1,"Classify this meme: 1 = hateful or offensive, 0 = not hateful. Output only the digit."
img/73605.png,0,0,0,"Does the meme contain harmful or derogatory content? Answer with a single digit: 1 for yes, 0 for no."
img/07382.png,1,0,0,"Is this meme hateful? Answer 1 for hateful, 0 for not hateful."
img/07382.png,1,0,0,"Considering both the image and the text, is this meme offensive? 1=yes, 0=no."
img/07382.png,1,1,0=not hateful,"Analyze the meme and decide: 1=hateful, 0=not hateful."
img/07382.png,1,0,0,"Does this meme contain hate speech or offensive content? Answer 1=yes, 0=no."
img/07382.png,1,0,0,"Evaluate the meme’s image and text together. Is it hateful? Output only 1 for hateful, 0 for not."
img/07382.png,1,0,0,"Look at both the image and the caption. If the meme expresses hate or stereotypes, reply 1. Otherwise reply 0."
img/07382.png,1,0,0,"Does the meme promote hate, discrimination, or offensive stereotypes? Respond with 1 if yes, 0 if no."
img/07382.png,1,0,0,Is the meme offensive or hateful when considering both modalities? Return only 1 or 0.
img/07382.png,1,1,1,"Classify this meme: 1 = hateful or offensive, 0 = not hateful. Output only the digit."
img/07382.png,1,0,0,"Does the meme contain harmful or derogatory content? Answer with a single digit: 1 for yes, 0 for no."
img/64071.png,0,0,0,"Is this meme hateful? Answer 1 for hateful, 0 for not hateful."
img/64071.png,0,0,0,"Considering both the image and the text, is this meme offensive? 1=yes, 0=no."
img/64071.png,0,1,1,"Analyze the meme and decide: 1=hateful, 0=not hateful."
img/64071.png,0,0,0,"Does this meme contain hate speech or offensive content? Answer 1=yes, 0=no."
img/64071.png,0,0,0,"Evaluate the meme’s image and text together. Is it hateful? Output only 1 for hateful, 0 for not."
img/64071.png,0,0,0,"Look at both the image and the caption. If the meme expresses hate or stereotypes, reply 1. Otherwise reply 0."
img/64071.png,0,0,0,"Does the meme promote hate, discrimination, or offensive stereotypes? Respond with 1 if yes, 0 if no."
img/64071.png,0,0,0,Is the meme offensive or hateful when considering both modalities? Return only 1 or 0.
img/64071.png,0,1,1,"Classify this meme: 1 = hateful or offensive, 0 = not hateful. Output only the digit."
img/64071.png,0,0,0,"Does the meme contain harmful or derogatory content? Answer with a single digit: 1 for yes, 0 for no."
img/80912.png,0,0,0,"Is this meme hateful? Answer 1 for hateful, 0 for not hateful."
img/80912.png,0,0,0,"Considering both the image and the text, is this meme offensive? 1=yes, 0=no."
img/80912.png,0,1,1=hateful,"Analyze the meme and decide: 1=hateful, 0=not hateful."
img/80912.png,0,0,0,"Does this meme contain hate speech or offensive content? Answer 1=yes, 0=no."
img/80912.png,0,0,0,"Evaluate the meme’s image and text together. Is it hateful? Output only 1 for hateful, 0 for not."
img/80912.png,0,0,0,"Look at both the image and the caption. If the meme expresses hate or stereotypes, reply 1. Otherwise reply 0."
img/80912.png,0,0,0,"Does the meme promote hate, discrimination, or offensive stereotypes? Respond with 1 if yes, 0 if no."
img/80912.png,0,0,0,Is the meme offensive or hateful when considering both modalities? Return only 1 or 0.
img/80912.png,0,1,1,"Classify this meme: 1 = hateful or offensive, 0 = not hateful. Output only the digit."
img/80912.png,0,0,0,"Does the meme contain harmful or derogatory content? Answer with a single digit: 1 for yes, 0 for no."
img/84762.png,1,0,0,"Is this meme hateful? Answer 1 for hateful, 0 for not hateful."
img/84762.png,1,0,0,"Considering both the image and the text, is this meme offensive? 1=yes, 0=no."
img/84762.png,1,1,1=hateful,"Analyze the meme and decide: 1=hateful, 0=not hateful."
img/84762.png,1,0,0,"Does this meme contain hate speech or offensive content? Answer 1=yes, 0=no."
img/84762.png,1,0,0,"Evaluate the meme’s image and text together. Is it hateful? Output only 1 for hateful, 0 for not."
img/84762.png,1,0,0,"Look at both the image and the caption. If the meme expresses hate or stereotypes, reply 1. Otherwise reply 0."
img/84762.png,1,0,0,"Does the meme promote hate, discrimination, or offensive stereotypes? Respond with 1 if yes, 0 if no."
img/84762.png,1,0,0,Is the meme offensive or hateful when considering both modalities? Return only 1 or 0.
img/84762.png,1,1,1,"Classify this meme: 1 = hateful or offensive, 0 = not hateful. Output only the digit."
img/84762.png,1,0,0,"Does the meme contain harmful or derogatory content? Answer with a single digit: 1 for yes, 0 for no."
img/39076.png,0,0,0,"Is this meme hateful? Answer 1 for hateful, 0 for not hateful."
img/39076.png,0,0,0=no,"Considering both the image and the text, is this meme offensive? 1=yes, 0=no."
img/39076.png,0,1,0=not hateful,"Analyze the meme and decide: 1=hateful, 0=not hateful."
img/39076.png,0,0,0,"Does this meme contain hate speech or offensive content? Answer 1=yes, 0=no."
img/39076.png,0,0,0,"Evaluate the meme’s image and text together. Is it hateful? Output only 1 for hateful, 0 for not."
img/39076.png,0,0,0,"Look at both the image and the caption. If the meme expresses hate or stereotypes, reply 1. Otherwise reply 0."
img/39076.png,0,0,0,"Does the meme promote hate, discrimination, or offensive stereotypes? Respond with 1 if yes, 0 if no."
img/39076.png,0,0,0,Is the meme offensive or hateful when considering both modalities? Return only 1 or 0.
img/39076.png,0,0,0,"Classify this meme: 1 = hateful or offensive, 0 = not hateful. Output only the digit."
img/39076.png,0,0,0,"Does the meme contain harmful or derogatory content? Answer with a single digit: 1 for yes, 0 for no."
img/85679.png,1,0,0,"Is this meme hateful? Answer 1 for hateful, 0 for not hateful."
img/85679.png,1,0,0,"Considering both the image and the text, is this meme offensive? 1=yes, 0=no."
img/85679.png,1,1,1=hateful,"Analyze the meme and decide: 1=hateful, 0=not hateful."
img/85679.png,1,0,0,"Does this meme contain hate speech or offensive content? Answer 1=yes, 0=no."
img/85679.png,1,0,0,"Evaluate the meme’s image and text together. Is it hateful? Output only 1 for hateful, 0 for not."
img/85679.png,1,0,0,"Look at both the image and the caption. If the meme expresses hate or stereotypes, reply 1. Otherwise reply 0."
img/85679.png,1,0,0,"Does the meme promote hate, discrimination, or offensive stereotypes? Respond with 1 if yes, 0 if no."
img/85679.png,1,0,0,Is the meme offensive or hateful when considering both modalities? Return only 1 or 0.
img/85679.png,1,1,1,"Classify this meme: 1 = hateful or offensive, 0 = not hateful. Output only the digit."
img/85679.png,1,0,0,"Does the meme contain harmful or derogatory content? Answer with a single digit: 1 for yes, 0 for no."
img/38095.png,0,0,0,"Is this meme hateful? Answer 1 for hateful, 0 for not hateful."
img/38095.png,0,0,0,"Considering both the image and the text, is this meme offensive? 1=yes, 0=no."
img/38095.png,0,1,1,"Analyze the meme and decide: 1=hateful, 0=not hateful."
img/38095.png,0,0,0,"Does this meme contain hate speech or offensive content? Answer 1=yes, 0=no."
img/38095.png,0,0,0,"Evaluate the meme’s image and text together. Is it hateful? Output only 1 for hateful, 0 for not."
img/38095.png,0,0,0,"Look at both the image and the caption. If the meme expresses hate or stereotypes, reply 1. Otherwise reply 0."
img/38095.png,0,0,0,"Does the meme promote hate, discrimination, or offensive stereotypes? Respond with 1 if yes, 0 if no."
img/38095.png,0,0,0,Is the meme offensive or hateful when considering both modalities? Return only 1 or 0.
img/38095.png,0,0,0,"Classify this meme: 1 = hateful or offensive, 0 = not hateful. Output only the digit."
img/38095.png,0,0,0,"Does the meme contain harmful or derogatory content? Answer with a single digit: 1 for yes, 0 for no."
img/52394.png,0,1,1,"Is this meme hateful? Answer 1 for hateful, 0 for not hateful."
img/52394.png,0,1,1,"Considering both the image and the text, is this meme offensive? 1=yes, 0=no."
img/52394.png,0,1,1=hateful,"Analyze the meme and decide: 1=hateful, 0=not hateful."
img/52394.png,0,0,0,"Does this meme contain hate speech or offensive content? Answer 1=yes, 0=no."
img/52394.png,0,0,0,"Evaluate the meme’s image and text together. Is it hateful? Output only 1 for hateful, 0 for not."
img/52394.png,0,0,0,"Look at both the image and the caption. If the meme expresses hate or stereotypes, reply 1. Otherwise reply 0."
img/52394.png,0,0,0,"Does the meme promote hate, discrimination, or offensive stereotypes? Respond with 1 if yes, 0 if no."
img/52394.png,0,1,1,Is the meme offensive or hateful when considering both modalities? Return only 1 or 0.
img/52394.png,0,1,1,"Classify this meme: 1 = hateful or offensive, 0 = not hateful. Output only the digit."
img/52394.png,0,1,1,"Does the meme contain harmful or derogatory content? Answer with a single digit: 1 for yes, 0 for no."
img/14865.png,0,1,This meme is not hateful.,"Is this meme hateful? Answer 1 for hateful, 0 for not hateful."
img/14865.png,0,0,0,"Considering both the image and the text, is this meme offensive? 1=yes, 0=no."
img/14865.png,0,1,1=hateful,"Analyze the meme and decide: 1=hateful, 0=not hateful."
img/14865.png,0,0,No.,"Does this meme contain hate speech or offensive content? Answer 1=yes, 0=no."
img/14865.png,0,0,0,"Evaluate the meme’s image and text together. Is it hateful? Output only 1 for hateful, 0 for not."
img/14865.png,0,0,0,"Look at both the image and the caption. If the meme expresses hate or stereotypes, reply 1. Otherwise reply 0."
img/14865.png,0,0,0,"Does the meme promote hate, discrimination, or offensive stereotypes? Respond with 1 if yes, 0 if no."
img/14865.png,0,1,1,Is the meme offensive or hateful when considering both modalities? Return only 1 or 0.
img/14865.png,0,1,1,"Classify this meme: 1 = hateful or offensive, 0 = not hateful. Output only the digit."
img/14865.png,0,1,1,"Does the meme contain harmful or derogatory content? Answer with a single digit: 1 for yes, 0 for no."
img/54819.png,0,1,This meme is not hateful.,"Is this meme hateful? Answer 1 for hateful, 0 for not hateful."
img/54819.png,0,0,0,"Considering both the image and the text, is this meme offensive? 1=yes, 0=no."
img/54819.png,0,1,1,"Analyze the meme and decide: 1=hateful, 0=not hateful."
img/54819.png,0,0,0,"Does this meme contain hate speech or offensive content? Answer 1=yes, 0=no."
img/54819.png,0,0,0,"Evaluate the meme’s image and text together. Is it hateful? Output only 1 for hateful, 0 for not."
img/54819.png,0,0,0,"Look at both the image and the caption. If the meme expresses hate or stereotypes, reply 1. Otherwise reply 0."
img/54819.png,0,0,0,"Does the meme promote hate, discrimination, or offensive stereotypes? Respond with 1 if yes, 0 if no."
img/54819.png,0,0,0,Is the meme offensive or hateful when considering both modalities? Return only 1 or 0.
img/54819.png,0,1,1,"Classify this meme: 1 = hateful or offensive, 0 = not hateful. Output only the digit."
img/54819.png,0,0,0,"Does the meme contain harmful or derogatory content? Answer with a single digit: 1 for yes, 0 for no."
img/46082.png,0,1,This meme is not hateful.,"Is this meme hateful? Answer 1 for hateful, 0 for not hateful."
img/46082.png,0,0,0,"Considering both the image and the text, is this meme offensive? 1=yes, 0=no."
img/46082.png,0,1,1=hateful,"Analyze the meme and decide: 1=hateful, 0=not hateful."
img/46082.png,0,0,No,"Does this meme contain hate speech or offensive content? Answer 1=yes, 0=no."
img/46082.png,0,0,0,"Evaluate the meme’s image and text together. Is it hateful? Output only 1 for hateful, 0 for not."
img/46082.png,0,0,0,"Look at both the image and the caption. If the meme expresses hate or stereotypes, reply 1. Otherwise reply 0."
img/46082.png,0,0,0,"Does the meme promote hate, discrimination, or offensive stereotypes? Respond with 1 if yes, 0 if no."
img/46082.png,0,0,0,Is the meme offensive or hateful when considering both modalities? Return only 1 or 0.
img/46082.png,0,1,1,"Classify this meme: 1 = hateful or offensive, 0 = not hateful. Output only the digit."
img/46082.png,0,0,0,"Does the meme contain harmful or derogatory content? Answer with a single digit: 1 for yes, 0 for no."
img/73962.png,1,0,0,"Is this meme hateful? Answer 1 for hateful, 0 for not hateful."
img/73962.png,1,0,0,"Considering both the image and the text, is this meme offensive? 1=yes, 0=no."
img/73962.png,1,1,1=hateful,"Analyze the meme and decide: 1=hateful, 0=not hateful."
img/73962.png,1,0,0,"Does this meme contain hate speech or offensive content? Answer 1=yes, 0=no."
img/73962.png,1,0,0,"Evaluate the meme’s image and text together. Is it hateful? Output only 1 for hateful, 0 for not."
img/73962.png,1,0,0,"Look at both the image and the caption. If the meme expresses hate or stereotypes, reply 1. Otherwise reply 0."
img/73962.png,1,0,0,"Does the meme promote hate, discrimination, or offensive stereotypes? Respond with 1 if yes, 0 if no."
img/73962.png,1,0,0,Is the meme offensive or hateful when considering both modalities? Return only 1 or 0.
img/73962.png,1,1,1,"Classify this meme: 1 = hateful or offensive, 0 = not hateful. Output only the digit."
img/73962.png,1,0,0,"Does the meme contain harmful or derogatory content? Answer with a single digit: 1 for yes, 0 for no."
img/78462.png,0,1,This meme is not hateful.,"Is this meme hateful? Answer 1 for hateful, 0 for not hateful."
img/78462.png,0,0,0,"Considering both the image and the text, is this meme offensive? 1=yes, 0=no."
img/78462.png,0,1,1,"Analyze the meme and decide: 1=hateful, 0=not hateful."
img/78462.png,0,0,No.,"Does this meme contain hate speech or offensive content? Answer 1=yes, 0=no."
img/78462.png,0,0,0,"Evaluate the meme’s image and text together. Is it hateful? Output only 1 for hateful, 0 for not."
img/78462.png,0,1,1,"Look at both the image and the caption. If the meme expresses hate or stereotypes, reply 1. Otherwise reply 0."
img/78462.png,0,0,0,"Does the meme promote hate, discrimination, or offensive stereotypes? Respond with 1 if yes, 0 if no."
img/78462.png,0,0,0,Is the meme offensive or hateful when considering both modalities? Return only 1 or 0.
img/78462.png,0,1,1,"Classify this meme: 1 = hateful or offensive, 0 = not hateful. Output only the digit."
img/78462.png,0,0,0,"Does the meme contain harmful or derogatory content? Answer with a single digit: 1 for yes, 0 for no."
img/49805.png,0,1,1,"Is this meme hateful? Answer 1 for hateful, 0 for not hateful."
img/49805.png,0,1,1,"Considering both the image and the text, is this meme offensive? 1=yes, 0=no."
img/49805.png,0,1,1=hateful,"Analyze the meme and decide: 1=hateful, 0=not hateful."
img/49805.png,0,0,0,"Does this meme contain hate speech or offensive content? Answer 1=yes, 0=no."
img/49805.png,0,1,1,"Evaluate the meme’s image and text together. Is it hateful? Output only 1 for hateful, 0 for not."
img/49805.png,0,1,1,"Look at both the image and the caption. If the meme expresses hate or stereotypes, reply 1. Otherwise reply 0."
img/49805.png,0,1,1,"Does the meme promote hate, discrimination, or offensive stereotypes? Respond with 1 if yes, 0 if no."
img/49805.png,0,1,1,Is the meme offensive or hateful when considering both modalities? Return only 1 or 0.
img/49805.png,0,1,1,"Classify this meme: 1 = hateful or offensive, 0 = not hateful. Output only the digit."
img/49805.png,0,1,1,"Does the meme contain harmful or derogatory content? Answer with a single digit: 1 for yes, 0 for no."
img/24098.png,1,0,0,"Is this meme hateful? Answer 1 for hateful, 0 for not hateful."
img/24098.png,1,0,0,"Considering both the image and the text, is this meme offensive? 1=yes, 0=no."
img/24098.png,1,1,1,"Analyze the meme and decide: 1=hateful, 0=not hateful."
img/24098.png,1,0,0,"Does this meme contain hate speech or offensive content? Answer 1=yes, 0=no."
img/24098.png,1,0,0,"Evaluate the meme’s image and text together. Is it hateful? Output only 1 for hateful, 0 for not."
img/24098.png,1,0,0,"Look at both the image and the caption. If the meme expresses hate or stereotypes, reply 1. Otherwise reply 0."
img/24098.png,1,0,0,"Does the meme promote hate, discrimination, or offensive stereotypes? Respond with 1 if yes, 0 if no."
img/24098.png,1,0,0,Is the meme offensive or hateful when considering both modalities? Return only 1 or 0.
img/24098.png,1,1,1,"Classify this meme: 1 = hateful or offensive, 0 = not hateful. Output only the digit."
img/24098.png,1,0,0,"Does the meme contain harmful or derogatory content? Answer with a single digit: 1 for yes, 0 for no."
img/67435.png,1,0,0,"Is this meme hateful? Answer 1 for hateful, 0 for not hateful."
img/67435.png,1,0,0=no,"Considering both the image and the text, is this meme offensive? 1=yes, 0=no."
img/67435.png,1,1,0=not hateful,"Analyze the meme and decide: 1=hateful, 0=not hateful."
img/67435.png,1,0,No,"Does this meme contain hate speech or offensive content? Answer 1=yes, 0=no."
img/67435.png,1,0,0,"Evaluate the meme’s image and text together. Is it hateful? Output only 1 for hateful, 0 for not."
img/67435.png,1,0,0,"Look at both the image and the caption. If the meme expresses hate or stereotypes, reply 1. Otherwise reply 0."
img/67435.png,1,0,0,"Does the meme promote hate, discrimination, or offensive stereotypes? Respond with 1 if yes, 0 if no."
img/67435.png,1,0,0,Is the meme offensive or hateful when considering both modalities? Return only 1 or 0.
img/67435.png,1,1,1,"Classify this meme: 1 = hateful or offensive, 0 = not hateful. Output only the digit."
img/67435.png,1,0,0,"Does the meme contain harmful or derogatory content? Answer with a single digit: 1 for yes, 0 for no."
img/60893.png,0,0,0,"Is this meme hateful? Answer 1 for hateful, 0 for not hateful."
img/60893.png,0,0,0,"Considering both the image and the text, is this meme offensive? 1=yes, 0=no."
img/60893.png,0,1,1,"Analyze the meme and decide: 1=hateful, 0=not hateful."
img/60893.png,0,0,No.,"Does this meme contain hate speech or offensive content? Answer 1=yes, 0=no."
img/60893.png,0,0,0,"Evaluate the meme’s image and text together. Is it hateful? Output only 1 for hateful, 0 for not."
img/60893.png,0,0,0,"Look at both the image and the caption. If the meme expresses hate or stereotypes, reply 1. Otherwise reply 0."
img/60893.png,0,0,0,"Does the meme promote hate, discrimination, or offensive stereotypes? Respond with 1 if yes, 0 if no."
img/60893.png,0,0,0,Is the meme offensive or hateful when considering both modalities? Return only 1 or 0.
img/60893.png,0,1,1,"Classify this meme: 1 = hateful or offensive, 0 = not hateful. Output only the digit."
img/60893.png,0,0,0,"Does the meme contain harmful or derogatory content? Answer with a single digit: 1 for yes, 0 for no."
img/93148.png,0,0,0,"Is this meme hateful? Answer 1 for hateful, 0 for not hateful."
img/93148.png,0,0,0=no,"Considering both the image and the text, is this meme offensive? 1=yes, 0=no."
img/93148.png,0,1,1=hateful,"Analyze the meme and decide: 1=hateful, 0=not hateful."
img/93148.png,0,0,0,"Does this meme contain hate speech or offensive content? Answer 1=yes, 0=no."
img/93148.png,0,0,0,"Evaluate the meme’s image and text together. Is it hateful? Output only 1 for hateful, 0 for not."
img/93148.png,0,0,0,"Look at both the image and the caption. If the meme expresses hate or stereotypes, reply 1. Otherwise reply 0."
img/93148.png,0,0,0,"Does the meme promote hate, discrimination, or offensive stereotypes? Respond with 1 if yes, 0 if no."
img/93148.png,0,0,0,Is the meme offensive or hateful when considering both modalities? Return only 1 or 0.
img/93148.png,0,1,1,"Classify this meme: 1 = hateful or offensive, 0 = not hateful. Output only the digit."
img/93148.png,0,0,0,"Does the meme contain harmful or derogatory content? Answer with a single digit: 1 for yes, 0 for no."
img/07351.png,0,1,This meme is not hateful.,"Is this meme hateful? Answer 1 for hateful, 0 for not hateful."
img/07351.png,0,0,0,"Considering both the image and the text, is this meme offensive? 1=yes, 0=no."
img/07351.png,0,1,1=hateful,"Analyze the meme and decide: 1=hateful, 0=not hateful."
img/07351.png,0,0,0,"Does this meme contain hate speech or offensive content? Answer 1=yes, 0=no."
img/07351.png,0,0,0,"Evaluate the meme’s image and text together. Is it hateful? Output only 1 for hateful, 0 for not."
img/07351.png,0,0,0,"Look at both the image and the caption. If the meme expresses hate or stereotypes, reply 1. Otherwise reply 0."
img/07351.png,0,0,0,"Does the meme promote hate, discrimination, or offensive stereotypes? Respond with 1 if yes, 0 if no."
img/07351.png,0,0,0,Is the meme offensive or hateful when considering both modalities? Return only 1 or 0.
img/07351.png,0,1,1,"Classify this meme: 1 = hateful or offensive, 0 = not hateful. Output only the digit."
img/07351.png,0,0,0,"Does the meme contain harmful or derogatory content? Answer with a single digit: 1 for yes, 0 for no."
img/16850.png,0,1,This meme is not hateful.,"Is this meme hateful? Answer 1 for hateful, 0 for not hateful."
img/16850.png,0,1,1=yes,"Considering both the image and the text, is this meme offensive? 1=yes, 0=no."
img/16850.png,0,1,1=hateful,"Analyze the meme and decide: 1=hateful, 0=not hateful."
img/16850.png,0,0,0,"Does this meme contain hate speech or offensive content? Answer 1=yes, 0=no."
img/16850.png,0,0,0,"Evaluate the meme’s image and text together. Is it hateful? Output only 1 for hateful, 0 for not."
img/16850.png,0,0,0,"Look at both the image and the caption. If the meme expresses hate or stereotypes, reply 1. Otherwise reply 0."
img/16850.png,0,0,No,"Does the meme promote hate, discrimination, or offensive stereotypes? Respond with 1 if yes, 0 if no."
img/16850.png,0,1,"The meme is offensive and hateful when considering both modalities. It makes light of the atrocities committed by Adolf Hitler and the Nazi regime during World War II, which is disrespectful to the victims and their families. The use of the word ""fuhr",Is the meme offensive or hateful when considering both modalities? Return only 1 or 0.
img/16850.png,0,1,1,"Classify this meme: 1 = hateful or offensive, 0 = not hateful. Output only the digit."
img/16850.png,0,1,1,"Does the meme contain harmful or derogatory content? Answer with a single digit: 1 for yes, 0 for no."
img/96312.png,0,0,0,"Is this meme hateful? Answer 1 for hateful, 0 for not hateful."
img/96312.png,0,0,0=no,"Considering both the image and the text, is this meme offensive? 1=yes, 0=no."
img/96312.png,0,1,1=hateful,"Analyze the meme and decide: 1=hateful, 0=not hateful."
img/96312.png,0,0,0,"Does this meme contain hate speech or offensive content? Answer 1=yes, 0=no."
img/96312.png,0,0,0,"Evaluate the meme’s image and text together. Is it hateful? Output only 1 for hateful, 0 for not."
img/96312.png,0,0,0,"Look at both the image and the caption. If the meme expresses hate or stereotypes, reply 1. Otherwise reply 0."
img/96312.png,0,0,0,"Does the meme promote hate, discrimination, or offensive stereotypes? Respond with 1 if yes, 0 if no."
img/96312.png,0,0,0,Is the meme offensive or hateful when considering both modalities? Return only 1 or 0.
img/96312.png,0,1,1,"Classify this meme: 1 = hateful or offensive, 0 = not hateful. Output only the digit."
img/96312.png,0,0,0,"Does the meme contain harmful or derogatory content? Answer with a single digit: 1 for yes, 0 for no."
img/86195.png,0,0,0,"Is this meme hateful? Answer 1 for hateful, 0 for not hateful."
img/86195.png,0,1,1,"Considering both the image and the text, is this meme offensive? 1=yes, 0=no."
img/86195.png,0,1,1=hateful,"Analyze the meme and decide: 1=hateful, 0=not hateful."
img/86195.png,0,0,0,"Does this meme contain hate speech or offensive content? Answer 1=yes, 0=no."
img/86195.png,0,0,0,"Evaluate the meme’s image and text together. Is it hateful? Output only 1 for hateful, 0 for not."
img/86195.png,0,0,0,"Look at both the image and the caption. If the meme expresses hate or stereotypes, reply 1. Otherwise reply 0."
img/86195.png,0,0,0,"Does the meme promote hate, discrimination, or offensive stereotypes? Respond with 1 if yes, 0 if no."
img/86195.png,0,1,1,Is the meme offensive or hateful when considering both modalities? Return only 1 or 0.
img/86195.png,0,1,1,"Classify this meme: 1 = hateful or offensive, 0 = not hateful. Output only the digit."
img/86195.png,0,0,0,"Does the meme contain harmful or derogatory content? Answer with a single digit: 1 for yes, 0 for no."
img/84162.png,0,0,0,"Is this meme hateful? Answer 1 for hateful, 0 for not hateful."
img/84162.png,0,0,0,"Considering both the image and the text, is this meme offensive? 1=yes, 0=no."
img/84162.png,0,0,0,"Analyze the meme and decide: 1=hateful, 0=not hateful."
img/84162.png,0,0,0,"Does this meme contain hate speech or offensive content? Answer 1=yes, 0=no."
img/84162.png,0,0,0,"Evaluate the meme’s image and text together. Is it hateful? Output only 1 for hateful, 0 for not."
img/84162.png,0,0,0,"Look at both the image and the caption. If the meme expresses hate or stereotypes, reply 1. Otherwise reply 0."
img/84162.png,0,0,0,"Does the meme promote hate, discrimination, or offensive stereotypes? Respond with 1 if yes, 0 if no."
img/84162.png,0,0,0,Is the meme offensive or hateful when considering both modalities? Return only 1 or 0.
img/84162.png,0,0,0,"Classify this meme: 1 = hateful or offensive, 0 = not hateful. Output only the digit."
img/84162.png,0,0,0,"Does the meme contain harmful or derogatory content? Answer with a single digit: 1 for yes, 0 for no."
img/12067.png,0,0,0,"Is this meme hateful? Answer 1 for hateful, 0 for not hateful."
img/12067.png,0,0,0,"Considering both the image and the text, is this meme offensive? 1=yes, 0=no."
img/12067.png,0,1,1=hateful,"Analyze the meme and decide: 1=hateful, 0=not hateful."
img/12067.png,0,0,0,"Does this meme contain hate speech or offensive content? Answer 1=yes, 0=no."
img/12067.png,0,0,0,"Evaluate the meme’s image and text together. Is it hateful? Output only 1 for hateful, 0 for not."
img/12067.png,0,0,0,"Look at both the image and the caption. If the meme expresses hate or stereotypes, reply 1. Otherwise reply 0."
img/12067.png,0,0,0,"Does the meme promote hate, discrimination, or offensive stereotypes? Respond with 1 if yes, 0 if no."
img/12067.png,0,0,0,Is the meme offensive or hateful when considering both modalities? Return only 1 or 0.
img/12067.png,0,1,1,"Classify this meme: 1 = hateful or offensive, 0 = not hateful. Output only the digit."
img/12067.png,0,0,0,"Does the meme contain harmful or derogatory content? Answer with a single digit: 1 for yes, 0 for no."
img/05938.png,1,1,1,"Is this meme hateful? Answer 1 for hateful, 0 for not hateful."
img/05938.png,1,1,"Yes, the meme is offensive. The image depicts a man preparing to hang another man, which is a violent and disturbing act. The text adds to the offensive nature of the meme by making a derogatory comment about the treatment of gay men in","Considering both the image and the text, is this meme offensive? 1=yes, 0=no."
img/05938.png,1,1,1=hateful,"Analyze the meme and decide: 1=hateful, 0=not hateful."
img/05938.png,1,1,Yes.,"Does this meme contain hate speech or offensive content? Answer 1=yes, 0=no."
img/05938.png,1,1,1,"Evaluate the meme’s image and text together. Is it hateful? Output only 1 for hateful, 0 for not."
img/05938.png,1,1,1,"Look at both the image and the caption. If the meme expresses hate or stereotypes, reply 1. Otherwise reply 0."
img/05938.png,1,1,1,"Does the meme promote hate, discrimination, or offensive stereotypes? Respond with 1 if yes, 0 if no."
img/05938.png,1,1,1,Is the meme offensive or hateful when considering both modalities? Return only 1 or 0.
img/05938.png,1,1,1,"Classify this meme: 1 = hateful or offensive, 0 = not hateful. Output only the digit."
img/05938.png,1,1,1,"Does the meme contain harmful or derogatory content? Answer with a single digit: 1 for yes, 0 for no."
img/43092.png,0,0,0,"Is this meme hateful? Answer 1 for hateful, 0 for not hateful."
img/43092.png,0,0,0=no,"Considering both the image and the text, is this meme offensive? 1=yes, 0=no."
img/43092.png,0,1,1=hateful,"Analyze the meme and decide: 1=hateful, 0=not hateful."
img/43092.png,0,0,0,"Does this meme contain hate speech or offensive content? Answer 1=yes, 0=no."
img/43092.png,0,0,0,"Evaluate the meme’s image and text together. Is it hateful? Output only 1 for hateful, 0 for not."
img/43092.png,0,0,0,"Look at both the image and the caption. If the meme expresses hate or stereotypes, reply 1. Otherwise reply 0."
img/43092.png,0,0,0,"Does the meme promote hate, discrimination, or offensive stereotypes? Respond with 1 if yes, 0 if no."
img/43092.png,0,1,1,Is the meme offensive or hateful when considering both modalities? Return only 1 or 0.
img/43092.png,0,1,1,"Classify this meme: 1 = hateful or offensive, 0 = not hateful. Output only the digit."
img/43092.png,0,0,0,"Does the meme contain harmful or derogatory content? Answer with a single digit: 1 for yes, 0 for no."
img/30148.png,1,0,0,"Is this meme hateful? Answer 1 for hateful, 0 for not hateful."
img/30148.png,1,0,0,"Considering both the image and the text, is this meme offensive? 1=yes, 0=no."
img/30148.png,1,1,1=hateful,"Analyze the meme and decide: 1=hateful, 0=not hateful."
img/30148.png,1,0,0,"Does this meme contain hate speech or offensive content? Answer 1=yes, 0=no."
img/30148.png,1,0,0,"Evaluate the meme’s image and text together. Is it hateful? Output only 1 for hateful, 0 for not."
img/30148.png,1,0,0,"Look at both the image and the caption. If the meme expresses hate or stereotypes, reply 1. Otherwise reply 0."
img/30148.png,1,0,0,"Does the meme promote hate, discrimination, or offensive stereotypes? Respond with 1 if yes, 0 if no."
img/30148.png,1,0,0,Is the meme offensive or hateful when considering both modalities? Return only 1 or 0.
img/30148.png,1,1,1,"Classify this meme: 1 = hateful or offensive, 0 = not hateful. Output only the digit."
img/30148.png,1,0,0,"Does the meme contain harmful or derogatory content? Answer with a single digit: 1 for yes, 0 for no."
img/12045.png,0,0,0,"Is this meme hateful? Answer 1 for hateful, 0 for not hateful."
img/12045.png,0,0,0,"Considering both the image and the text, is this meme offensive? 1=yes, 0=no."
img/12045.png,0,1,1=hateful,"Analyze the meme and decide: 1=hateful, 0=not hateful."
img/12045.png,0,0,0,"Does this meme contain hate speech or offensive content? Answer 1=yes, 0=no."
img/12045.png,0,0,0,"Evaluate the meme’s image and text together. Is it hateful? Output only 1 for hateful, 0 for not."
img/12045.png,0,0,0,"Look at both the image and the caption. If the meme expresses hate or stereotypes, reply 1. Otherwise reply 0."
img/12045.png,0,0,0,"Does the meme promote hate, discrimination, or offensive stereotypes? Respond with 1 if yes, 0 if no."
img/12045.png,0,0,0,Is the meme offensive or hateful when considering both modalities? Return only 1 or 0.
img/12045.png,0,1,1,"Classify this meme: 1 = hateful or offensive, 0 = not hateful. Output only the digit."
img/12045.png,0,0,0,"Does the meme contain harmful or derogatory content? Answer with a single digit: 1 for yes, 0 for no."
img/92068.png,0,1,1,"Is this meme hateful? Answer 1 for hateful, 0 for not hateful."
img/92068.png,0,0,0,"Considering both the image and the text, is this meme offensive? 1=yes, 0=no."
img/92068.png,0,1,1=hateful,"Analyze the meme and decide: 1=hateful, 0=not hateful."
img/92068.png,0,0,0,"Does this meme contain hate speech or offensive content? Answer 1=yes, 0=no."
img/92068.png,0,0,0,"Evaluate the meme’s image and text together. Is it hateful? Output only 1 for hateful, 0 for not."
img/92068.png,0,0,0,"Look at both the image and the caption. If the meme expresses hate or stereotypes, reply 1. Otherwise reply 0."
img/92068.png,0,0,0,"Does the meme promote hate, discrimination, or offensive stereotypes? Respond with 1 if yes, 0 if no."
img/92068.png,0,1,1,Is the meme offensive or hateful when considering both modalities? Return only 1 or 0.
img/92068.png,0,1,1,"Classify this meme: 1 = hateful or offensive, 0 = not hateful. Output only the digit."
img/92068.png,0,0,0,"Does the meme contain harmful or derogatory content? Answer with a single digit: 1 for yes, 0 for no."
img/73021.png,0,0,0,"Is this meme hateful? Answer 1 for hateful, 0 for not hateful."
img/73021.png,0,1,1,"Considering both the image and the text, is this meme offensive? 1=yes, 0=no."
img/73021.png,0,1,1=hateful,"Analyze the meme and decide: 1=hateful, 0=not hateful."
img/73021.png,0,0,0,"Does this meme contain hate speech or offensive content? Answer 1=yes, 0=no."
img/73021.png,0,0,0,"Evaluate the meme’s image and text together. Is it hateful? Output only 1 for hateful, 0 for not."
img/73021.png,0,0,0,"Look at both the image and the caption. If the meme expresses hate or stereotypes, reply 1. Otherwise reply 0."
img/73021.png,0,0,0,"Does the meme promote hate, discrimination, or offensive stereotypes? Respond with 1 if yes, 0 if no."
img/73021.png,0,0,0,Is the meme offensive or hateful when considering both modalities? Return only 1 or 0.
img/73021.png,0,1,1,"Classify this meme: 1 = hateful or offensive, 0 = not hateful. Output only the digit."
img/73021.png,0,1,1,"Does the meme contain harmful or derogatory content? Answer with a single digit: 1 for yes, 0 for no."
img/56241.png,1,0,0,"Is this meme hateful? Answer 1 for hateful, 0 for not hateful."
img/56241.png,1,0,0,"Considering both the image and the text, is this meme offensive? 1=yes, 0=no."
img/56241.png,1,1,1=hateful,"Analyze the meme and decide: 1=hateful, 0=not hateful."
img/56241.png,1,0,No,"Does this meme contain hate speech or offensive content? Answer 1=yes, 0=no."
img/56241.png,1,0,0,"Evaluate the meme’s image and text together. Is it hateful? Output only 1 for hateful, 0 for not."
img/56241.png,1,0,0,"Look at both the image and the caption. If the meme expresses hate or stereotypes, reply 1. Otherwise reply 0."
img/56241.png,1,0,0,"Does the meme promote hate, discrimination, or offensive stereotypes? Respond with 1 if yes, 0 if no."
img/56241.png,1,0,0,Is the meme offensive or hateful when considering both modalities? Return only 1 or 0.
img/56241.png,1,1,1,"Classify this meme: 1 = hateful or offensive, 0 = not hateful. Output only the digit."
img/56241.png,1,0,0,"Does the meme contain harmful or derogatory content? Answer with a single digit: 1 for yes, 0 for no."
img/28905.png,1,1,This meme is not hateful.,"Is this meme hateful? Answer 1 for hateful, 0 for not hateful."
img/28905.png,1,1,1,"Considering both the image and the text, is this meme offensive? 1=yes, 0=no."
img/28905.png,1,1,1=hateful,"Analyze the meme and decide: 1=hateful, 0=not hateful."
img/28905.png,1,0,No.,"Does this meme contain hate speech or offensive content? Answer 1=yes, 0=no."
img/28905.png,1,0,0,"Evaluate the meme’s image and text together. Is it hateful? Output only 1 for hateful, 0 for not."
img/28905.png,1,0,0,"Look at both the image and the caption. If the meme expresses hate or stereotypes, reply 1. Otherwise reply 0."
img/28905.png,1,0,No,"Does the meme promote hate, discrimination, or offensive stereotypes? Respond with 1 if yes, 0 if no."
img/28905.png,1,1,"The meme is offensive when considering both modalities. It uses a historical figure known for his atrocities and makes a sexual advance towards an imaginary person, which is disrespectful and inappropriate. Additionally, the use of Hitler's image and language is insensitive and disrespectful",Is the meme offensive or hateful when considering both modalities? Return only 1 or 0.
img/28905.png,1,1,1,"Classify this meme: 1 = hateful or offensive, 0 = not hateful. Output only the digit."
img/28905.png,1,0,0,"Does the meme contain harmful or derogatory content? Answer with a single digit: 1 for yes, 0 for no."
img/13750.png,0,0,0,"Is this meme hateful? Answer 1 for hateful, 0 for not hateful."
img/13750.png,0,0,0,"Considering both the image and the text, is this meme offensive? 1=yes, 0=no."
img/13750.png,0,1,1,"Analyze the meme and decide: 1=hateful, 0=not hateful."
img/13750.png,0,0,0,"Does this meme contain hate speech or offensive content? Answer 1=yes, 0=no."
img/13750.png,0,0,0,"Evaluate the meme’s image and text together. Is it hateful? Output only 1 for hateful, 0 for not."
img/13750.png,0,0,0,"Look at both the image and the caption. If the meme expresses hate or stereotypes, reply 1. Otherwise reply 0."
img/13750.png,0,0,0,"Does the meme promote hate, discrimination, or offensive stereotypes? Respond with 1 if yes, 0 if no."
img/13750.png,0,0,0,Is the meme offensive or hateful when considering both modalities? Return only 1 or 0.
img/13750.png,0,1,1,"Classify this meme: 1 = hateful or offensive, 0 = not hateful. Output only the digit."
img/13750.png,0,0,0,"Does the meme contain harmful or derogatory content? Answer with a single digit: 1 for yes, 0 for no."
img/06582.png,1,1,1,"Is this meme hateful? Answer 1 for hateful, 0 for not hateful."
img/06582.png,1,1,1,"Considering both the image and the text, is this meme offensive? 1=yes, 0=no."
img/06582.png,1,1,1=hateful,"Analyze the meme and decide: 1=hateful, 0=not hateful."
img/06582.png,1,1,Yes.,"Does this meme contain hate speech or offensive content? Answer 1=yes, 0=no."
img/06582.png,1,1,1,"Evaluate the meme’s image and text together. Is it hateful? Output only 1 for hateful, 0 for not."
img/06582.png,1,1,1,"Look at both the image and the caption. If the meme expresses hate or stereotypes, reply 1. Otherwise reply 0."
img/06582.png,1,1,1,"Does the meme promote hate, discrimination, or offensive stereotypes? Respond with 1 if yes, 0 if no."
img/06582.png,1,1,1,Is the meme offensive or hateful when considering both modalities? Return only 1 or 0.
img/06582.png,1,1,1,"Classify this meme: 1 = hateful or offensive, 0 = not hateful. Output only the digit."
img/06582.png,1,1,1,"Does the meme contain harmful or derogatory content? Answer with a single digit: 1 for yes, 0 for no."
img/75142.png,0,0,0,"Is this meme hateful? Answer 1 for hateful, 0 for not hateful."
img/75142.png,0,0,0,"Considering both the image and the text, is this meme offensive? 1=yes, 0=no."
img/75142.png,0,0,0,"Analyze the meme and decide: 1=hateful, 0=not hateful."
img/75142.png,0,0,0,"Does this meme contain hate speech or offensive content? Answer 1=yes, 0=no."
img/75142.png,0,0,0,"Evaluate the meme’s image and text together. Is it hateful? Output only 1 for hateful, 0 for not."
img/75142.png,0,0,0,"Look at both the image and the caption. If the meme expresses hate or stereotypes, reply 1. Otherwise reply 0."
img/75142.png,0,0,0,"Does the meme promote hate, discrimination, or offensive stereotypes? Respond with 1 if yes, 0 if no."
img/75142.png,0,0,0,Is the meme offensive or hateful when considering both modalities? Return only 1 or 0.
img/75142.png,0,1,1,"Classify this meme: 1 = hateful or offensive, 0 = not hateful. Output only the digit."
img/75142.png,0,0,0,"Does the meme contain harmful or derogatory content? Answer with a single digit: 1 for yes, 0 for no."
img/56149.png,0,0,0,"Is this meme hateful? Answer 1 for hateful, 0 for not hateful."
img/56149.png,0,0,0,"Considering both the image and the text, is this meme offensive? 1=yes, 0=no."
img/56149.png,0,1,1,"Analyze the meme and decide: 1=hateful, 0=not hateful."
img/56149.png,0,0,0,"Does this meme contain hate speech or offensive content? Answer 1=yes, 0=no."
img/56149.png,0,0,0,"Evaluate the meme’s image and text together. Is it hateful? Output only 1 for hateful, 0 for not."
img/56149.png,0,0,0,"Look at both the image and the caption. If the meme expresses hate or stereotypes, reply 1. Otherwise reply 0."
img/56149.png,0,0,0,"Does the meme promote hate, discrimination, or offensive stereotypes? Respond with 1 if yes, 0 if no."
img/56149.png,0,0,0,Is the meme offensive or hateful when considering both modalities? Return only 1 or 0.
img/56149.png,0,1,1,"Classify this meme: 1 = hateful or offensive, 0 = not hateful. Output only the digit."
img/56149.png,0,0,0,"Does the meme contain harmful or derogatory content? Answer with a single digit: 1 for yes, 0 for no."
img/41796.png,0,0,0,"Is this meme hateful? Answer 1 for hateful, 0 for not hateful."
img/41796.png,0,0,0=no,"Considering both the image and the text, is this meme offensive? 1=yes, 0=no."
img/41796.png,0,1,1=hateful,"Analyze the meme and decide: 1=hateful, 0=not hateful."
img/41796.png,0,0,0,"Does this meme contain hate speech or offensive content? Answer 1=yes, 0=no."
img/41796.png,0,0,0,"Evaluate the meme’s image and text together. Is it hateful? Output only 1 for hateful, 0 for not."
img/41796.png,0,0,0,"Look at both the image and the caption. If the meme expresses hate or stereotypes, reply 1. Otherwise reply 0."
img/41796.png,0,0,0,"Does the meme promote hate, discrimination, or offensive stereotypes? Respond with 1 if yes, 0 if no."
img/41796.png,0,0,0,Is the meme offensive or hateful when considering both modalities? Return only 1 or 0.
img/41796.png,0,1,1,"Classify this meme: 1 = hateful or offensive, 0 = not hateful. Output only the digit."
img/41796.png,0,0,0,"Does the meme contain harmful or derogatory content? Answer with a single digit: 1 for yes, 0 for no."
img/31570.png,1,0,0,"Is this meme hateful? Answer 1 for hateful, 0 for not hateful."
img/31570.png,1,0,0,"Considering both the image and the text, is this meme offensive? 1=yes, 0=no."
img/31570.png,1,1,1=hateful,"Analyze the meme and decide: 1=hateful, 0=not hateful."
img/31570.png,1,0,No.,"Does this meme contain hate speech or offensive content? Answer 1=yes, 0=no."
img/31570.png,1,0,0,"Evaluate the meme’s image and text together. Is it hateful? Output only 1 for hateful, 0 for not."
img/31570.png,1,0,0,"Look at both the image and the caption. If the meme expresses hate or stereotypes, reply 1. Otherwise reply 0."
img/31570.png,1,0,0,"Does the meme promote hate, discrimination, or offensive stereotypes? Respond with 1 if yes, 0 if no."
img/31570.png,1,0,0,Is the meme offensive or hateful when considering both modalities? Return only 1 or 0.
img/31570.png,1,1,1,"Classify this meme: 1 = hateful or offensive, 0 = not hateful. Output only the digit."
img/31570.png,1,0,0,"Does the meme contain harmful or derogatory content? Answer with a single digit: 1 for yes, 0 for no."
img/01726.png,1,0,0,"Is this meme hateful? Answer 1 for hateful, 0 for not hateful."
img/01726.png,1,0,0=no,"Considering both the image and the text, is this meme offensive? 1=yes, 0=no."
img/01726.png,1,1,1,"Analyze the meme and decide: 1=hateful, 0=not hateful."
img/01726.png,1,0,0,"Does this meme contain hate speech or offensive content? Answer 1=yes, 0=no."
img/01726.png,1,0,0,"Evaluate the meme’s image and text together. Is it hateful? Output only 1 for hateful, 0 for not."
img/01726.png,1,0,0,"Look at both the image and the caption. If the meme expresses hate or stereotypes, reply 1. Otherwise reply 0."
img/01726.png,1,0,0,"Does the meme promote hate, discrimination, or offensive stereotypes? Respond with 1 if yes, 0 if no."
img/01726.png,1,0,0,Is the meme offensive or hateful when considering both modalities? Return only 1 or 0.
img/01726.png,1,1,1,"Classify this meme: 1 = hateful or offensive, 0 = not hateful. Output only the digit."
img/01726.png,1,0,0,"Does the meme contain harmful or derogatory content? Answer with a single digit: 1 for yes, 0 for no."
img/23785.png,0,0,0,"Is this meme hateful? Answer 1 for hateful, 0 for not hateful."
img/23785.png,0,0,0,"Considering both the image and the text, is this meme offensive? 1=yes, 0=no."
img/23785.png,0,1,1=hateful,"Analyze the meme and decide: 1=hateful, 0=not hateful."
img/23785.png,0,0,0,"Does this meme contain hate speech or offensive content? Answer 1=yes, 0=no."
img/23785.png,0,0,0,"Evaluate the meme’s image and text together. Is it hateful? Output only 1 for hateful, 0 for not."
img/23785.png,0,0,0,"Look at both the image and the caption. If the meme expresses hate or stereotypes, reply 1. Otherwise reply 0."
img/23785.png,0,0,0,"Does the meme promote hate, discrimination, or offensive stereotypes? Respond with 1 if yes, 0 if no."
img/23785.png,0,0,0,Is the meme offensive or hateful when considering both modalities? Return only 1 or 0.
img/23785.png,0,1,1,"Classify this meme: 1 = hateful or offensive, 0 = not hateful. Output only the digit."
img/23785.png,0,0,0,"Does the meme contain harmful or derogatory content? Answer with a single digit: 1 for yes, 0 for no."
img/56473.png,0,1,This meme is not hateful.,"Is this meme hateful? Answer 1 for hateful, 0 for not hateful."
img/56473.png,0,0,0,"Considering both the image and the text, is this meme offensive? 1=yes, 0=no."
img/56473.png,0,1,1=hateful,"Analyze the meme and decide: 1=hateful, 0=not hateful."
img/56473.png,0,0,0,"Does this meme contain hate speech or offensive content? Answer 1=yes, 0=no."
img/56473.png,0,0,0,"Evaluate the meme’s image and text together. Is it hateful? Output only 1 for hateful, 0 for not."
img/56473.png,0,0,0,"Look at both the image and the caption. If the meme expresses hate or stereotypes, reply 1. Otherwise reply 0."
img/56473.png,0,0,0,"Does the meme promote hate, discrimination, or offensive stereotypes? Respond with 1 if yes, 0 if no."
img/56473.png,0,1,1,Is the meme offensive or hateful when considering both modalities? Return only 1 or 0.
img/56473.png,0,1,1,"Classify this meme: 1 = hateful or offensive, 0 = not hateful. Output only the digit."
img/56473.png,0,0,0,"Does the meme contain harmful or derogatory content? Answer with a single digit: 1 for yes, 0 for no."
img/62970.png,0,0,0,"Is this meme hateful? Answer 1 for hateful, 0 for not hateful."
img/62970.png,0,1,1,"Considering both the image and the text, is this meme offensive? 1=yes, 0=no."
img/62970.png,0,1,1=hateful,"Analyze the meme and decide: 1=hateful, 0=not hateful."
img/62970.png,0,0,No,"Does this meme contain hate speech or offensive content? Answer 1=yes, 0=no."
img/62970.png,0,0,0,"Evaluate the meme’s image and text together. Is it hateful? Output only 1 for hateful, 0 for not."
img/62970.png,0,0,0,"Look at both the image and the caption. If the meme expresses hate or stereotypes, reply 1. Otherwise reply 0."
img/62970.png,0,0,0,"Does the meme promote hate, discrimination, or offensive stereotypes? Respond with 1 if yes, 0 if no."
img/62970.png,0,1,1,Is the meme offensive or hateful when considering both modalities? Return only 1 or 0.
img/62970.png,0,1,1,"Classify this meme: 1 = hateful or offensive, 0 = not hateful. Output only the digit."
img/62970.png,0,1,1,"Does the meme contain harmful or derogatory content? Answer with a single digit: 1 for yes, 0 for no."
img/41035.png,0,1,This meme is not hateful.,"Is this meme hateful? Answer 1 for hateful, 0 for not hateful."
img/41035.png,0,0,0=no,"Considering both the image and the text, is this meme offensive? 1=yes, 0=no."
img/41035.png,0,1,1=hateful,"Analyze the meme and decide: 1=hateful, 0=not hateful."
img/41035.png,0,0,No.,"Does this meme contain hate speech or offensive content? Answer 1=yes, 0=no."
img/41035.png,0,0,0,"Evaluate the meme’s image and text together. Is it hateful? Output only 1 for hateful, 0 for not."
img/41035.png,0,0,0,"Look at both the image and the caption. If the meme expresses hate or stereotypes, reply 1. Otherwise reply 0."
img/41035.png,0,0,0,"Does the meme promote hate, discrimination, or offensive stereotypes? Respond with 1 if yes, 0 if no."
img/41035.png,0,1,1,Is the meme offensive or hateful when considering both modalities? Return only 1 or 0.
img/41035.png,0,1,1,"Classify this meme: 1 = hateful or offensive, 0 = not hateful. Output only the digit."
img/41035.png,0,1,1,"Does the meme contain harmful or derogatory content? Answer with a single digit: 1 for yes, 0 for no."
img/10285.png,1,1,1,"Is this meme hateful? Answer 1 for hateful, 0 for not hateful."
img/10285.png,1,1,1,"Considering both the image and the text, is this meme offensive? 1=yes, 0=no."
img/10285.png,1,1,1=hateful,"Analyze the meme and decide: 1=hateful, 0=not hateful."
img/10285.png,1,0,0,"Does this meme contain hate speech or offensive content? Answer 1=yes, 0=no."
img/10285.png,1,0,0,"Evaluate the meme’s image and text together. Is it hateful? Output only 1 for hateful, 0 for not."
img/10285.png,1,0,0,"Look at both the image and the caption. If the meme expresses hate or stereotypes, reply 1. Otherwise reply 0."
img/10285.png,1,0,0,"Does the meme promote hate, discrimination, or offensive stereotypes? Respond with 1 if yes, 0 if no."
img/10285.png,1,1,1,Is the meme offensive or hateful when considering both modalities? Return only 1 or 0.
img/10285.png,1,1,1,"Classify this meme: 1 = hateful or offensive, 0 = not hateful. Output only the digit."
img/10285.png,1,1,1,"Does the meme contain harmful or derogatory content? Answer with a single digit: 1 for yes, 0 for no."
img/95604.png,1,0,0,"Is this meme hateful? Answer 1 for hateful, 0 for not hateful."
img/95604.png,1,0,0,"Considering both the image and the text, is this meme offensive? 1=yes, 0=no."
img/95604.png,1,1,1,"Analyze the meme and decide: 1=hateful, 0=not hateful."
img/95604.png,1,0,0,"Does this meme contain hate speech or offensive content? Answer 1=yes, 0=no."
img/95604.png,1,0,0,"Evaluate the meme’s image and text together. Is it hateful? Output only 1 for hateful, 0 for not."
img/95604.png,1,0,0,"Look at both the image and the caption. If the meme expresses hate or stereotypes, reply 1. Otherwise reply 0."
img/95604.png,1,0,0,"Does the meme promote hate, discrimination, or offensive stereotypes? Respond with 1 if yes, 0 if no."
img/95604.png,1,1,1,Is the meme offensive or hateful when considering both modalities? Return only 1 or 0.
img/95604.png,1,1,1,"Classify this meme: 1 = hateful or offensive, 0 = not hateful. Output only the digit."
img/95604.png,1,1,1,"Does the meme contain harmful or derogatory content? Answer with a single digit: 1 for yes, 0 for no."
img/68401.png,0,0,0,"Is this meme hateful? Answer 1 for hateful, 0 for not hateful."
img/68401.png,0,0,0=no,"Considering both the image and the text, is this meme offensive? 1=yes, 0=no."
img/68401.png,0,1,1=hateful,"Analyze the meme and decide: 1=hateful, 0=not hateful."
img/68401.png,0,0,0,"Does this meme contain hate speech or offensive content? Answer 1=yes, 0=no."
img/68401.png,0,0,0,"Evaluate the meme’s image and text together. Is it hateful? Output only 1 for hateful, 0 for not."
img/68401.png,0,0,0,"Look at both the image and the caption. If the meme expresses hate or stereotypes, reply 1. Otherwise reply 0."
img/68401.png,0,0,0,"Does the meme promote hate, discrimination, or offensive stereotypes? Respond with 1 if yes, 0 if no."
img/68401.png,0,1,1,Is the meme offensive or hateful when considering both modalities? Return only 1 or 0.
img/68401.png,0,1,1,"Classify this meme: 1 = hateful or offensive, 0 = not hateful. Output only the digit."
img/68401.png,0,1,1,"Does the meme contain harmful or derogatory content? Answer with a single digit: 1 for yes, 0 for no."
img/50984.png,0,0,0,"Is this meme hateful? Answer 1 for hateful, 0 for not hateful."
img/50984.png,0,0,0,"Considering both the image and the text, is this meme offensive? 1=yes, 0=no."
img/50984.png,0,1,1,"Analyze the meme and decide: 1=hateful, 0=not hateful."
img/50984.png,0,0,0,"Does this meme contain hate speech or offensive content? Answer 1=yes, 0=no."
img/50984.png,0,0,0,"Evaluate the meme’s image and text together. Is it hateful? Output only 1 for hateful, 0 for not."
img/50984.png,0,0,0,"Look at both the image and the caption. If the meme expresses hate or stereotypes, reply 1. Otherwise reply 0."
img/50984.png,0,0,0,"Does the meme promote hate, discrimination, or offensive stereotypes? Respond with 1 if yes, 0 if no."
img/50984.png,0,0,0,Is the meme offensive or hateful when considering both modalities? Return only 1 or 0.
img/50984.png,0,1,1,"Classify this meme: 1 = hateful or offensive, 0 = not hateful. Output only the digit."
img/50984.png,0,0,0,"Does the meme contain harmful or derogatory content? Answer with a single digit: 1 for yes, 0 for no."
img/17908.png,0,0,0,"Is this meme hateful? Answer 1 for hateful, 0 for not hateful."
img/17908.png,0,0,0,"Considering both the image and the text, is this meme offensive? 1=yes, 0=no."
img/17908.png,0,1,1,"Analyze the meme and decide: 1=hateful, 0=not hateful."
img/17908.png,0,0,0,"Does this meme contain hate speech or offensive content? Answer 1=yes, 0=no."
img/17908.png,0,0,0,"Evaluate the meme’s image and text together. Is it hateful? Output only 1 for hateful, 0 for not."
img/17908.png,0,0,0,"Look at both the image and the caption. If the meme expresses hate or stereotypes, reply 1. Otherwise reply 0."
img/17908.png,0,0,0,"Does the meme promote hate, discrimination, or offensive stereotypes? Respond with 1 if yes, 0 if no."
img/17908.png,0,0,0,Is the meme offensive or hateful when considering both modalities? Return only 1 or 0.
img/17908.png,0,1,1,"Classify this meme: 1 = hateful or offensive, 0 = not hateful. Output only the digit."
img/17908.png,0,0,0,"Does the meme contain harmful or derogatory content? Answer with a single digit: 1 for yes, 0 for no."
img/42631.png,1,0,0,"Is this meme hateful? Answer 1 for hateful, 0 for not hateful."
img/42631.png,1,0,0,"Considering both the image and the text, is this meme offensive? 1=yes, 0=no."
img/42631.png,1,1,1=hateful,"Analyze the meme and decide: 1=hateful, 0=not hateful."
img/42631.png,1,0,0,"Does this meme contain hate speech or offensive content? Answer 1=yes, 0=no."
img/42631.png,1,0,0,"Evaluate the meme’s image and text together. Is it hateful? Output only 1 for hateful, 0 for not."
img/42631.png,1,0,0,"Look at both the image and the caption. If the meme expresses hate or stereotypes, reply 1. Otherwise reply 0."
img/42631.png,1,0,0,"Does the meme promote hate, discrimination, or offensive stereotypes? Respond with 1 if yes, 0 if no."
img/42631.png,1,1,1,Is the meme offensive or hateful when considering both modalities? Return only 1 or 0.
img/42631.png,1,1,1,"Classify this meme: 1 = hateful or offensive, 0 = not hateful. Output only the digit."
img/42631.png,1,1,1,"Does the meme contain harmful or derogatory content? Answer with a single digit: 1 for yes, 0 for no."
img/61349.png,1,0,0,"Is this meme hateful? Answer 1 for hateful, 0 for not hateful."
img/61349.png,1,1,1,"Considering both the image and the text, is this meme offensive? 1=yes, 0=no."
img/61349.png,1,1,1=hateful,"Analyze the meme and decide: 1=hateful, 0=not hateful."
img/61349.png,1,0,0,"Does this meme contain hate speech or offensive content? Answer 1=yes, 0=no."
img/61349.png,1,0,0,"Evaluate the meme’s image and text together. Is it hateful? Output only 1 for hateful, 0 for not."
img/61349.png,1,0,0,"Look at both the image and the caption. If the meme expresses hate or stereotypes, reply 1. Otherwise reply 0."
img/61349.png,1,0,0,"Does the meme promote hate, discrimination, or offensive stereotypes? Respond with 1 if yes, 0 if no."
img/61349.png,1,1,1,Is the meme offensive or hateful when considering both modalities? Return only 1 or 0.
img/61349.png,1,1,1,"Classify this meme: 1 = hateful or offensive, 0 = not hateful. Output only the digit."
img/61349.png,1,1,1,"Does the meme contain harmful or derogatory content? Answer with a single digit: 1 for yes, 0 for no."
img/65093.png,0,0,0,"Is this meme hateful? Answer 1 for hateful, 0 for not hateful."
img/65093.png,0,0,0,"Considering both the image and the text, is this meme offensive? 1=yes, 0=no."
img/65093.png,0,1,1,"Analyze the meme and decide: 1=hateful, 0=not hateful."
img/65093.png,0,0,0,"Does this meme contain hate speech or offensive content? Answer 1=yes, 0=no."
img/65093.png,0,0,0,"Evaluate the meme’s image and text together. Is it hateful? Output only 1 for hateful, 0 for not."
img/65093.png,0,0,0,"Look at both the image and the caption. If the meme expresses hate or stereotypes, reply 1. Otherwise reply 0."
img/65093.png,0,0,0,"Does the meme promote hate, discrimination, or offensive stereotypes? Respond with 1 if yes, 0 if no."
img/65093.png,0,0,0,Is the meme offensive or hateful when considering both modalities? Return only 1 or 0.
img/65093.png,0,1,1,"Classify this meme: 1 = hateful or offensive, 0 = not hateful. Output only the digit."
img/65093.png,0,0,0,"Does the meme contain harmful or derogatory content? Answer with a single digit: 1 for yes, 0 for no."
img/86357.png,0,0,0,"Is this meme hateful? Answer 1 for hateful, 0 for not hateful."
img/86357.png,0,0,0,"Considering both the image and the text, is this meme offensive? 1=yes, 0=no."
img/86357.png,0,1,The meme is not hateful.,"Analyze the meme and decide: 1=hateful, 0=not hateful."
img/86357.png,0,0,0=no,"Does this meme contain hate speech or offensive content? Answer 1=yes, 0=no."
img/86357.png,0,0,0,"Evaluate the meme’s image and text together. Is it hateful? Output only 1 for hateful, 0 for not."
img/86357.png,0,1,1,"Look at both the image and the caption. If the meme expresses hate or stereotypes, reply 1. Otherwise reply 0."
img/86357.png,0,0,0,"Does the meme promote hate, discrimination, or offensive stereotypes? Respond with 1 if yes, 0 if no."
img/86357.png,0,0,0,Is the meme offensive or hateful when considering both modalities? Return only 1 or 0.
img/86357.png,0,1,1,"Classify this meme: 1 = hateful or offensive, 0 = not hateful. Output only the digit."
img/86357.png,0,0,0,"Does the meme contain harmful or derogatory content? Answer with a single digit: 1 for yes, 0 for no."
img/74965.png,0,0,0,"Is this meme hateful? Answer 1 for hateful, 0 for not hateful."
img/74965.png,0,0,0,"Considering both the image and the text, is this meme offensive? 1=yes, 0=no."
img/74965.png,0,1,1=hateful,"Analyze the meme and decide: 1=hateful, 0=not hateful."
img/74965.png,0,0,0,"Does this meme contain hate speech or offensive content? Answer 1=yes, 0=no."
img/74965.png,0,0,0,"Evaluate the meme’s image and text together. Is it hateful? Output only 1 for hateful, 0 for not."
img/74965.png,0,0,0,"Look at both the image and the caption. If the meme expresses hate or stereotypes, reply 1. Otherwise reply 0."
img/74965.png,0,0,0,"Does the meme promote hate, discrimination, or offensive stereotypes? Respond with 1 if yes, 0 if no."
img/74965.png,0,1,1,Is the meme offensive or hateful when considering both modalities? Return only 1 or 0.
img/74965.png,0,1,1,"Classify this meme: 1 = hateful or offensive, 0 = not hateful. Output only the digit."
img/74965.png,0,0,0,"Does the meme contain harmful or derogatory content? Answer with a single digit: 1 for yes, 0 for no."
img/75918.png,0,0,0,"Is this meme hateful? Answer 1 for hateful, 0 for not hateful."
img/75918.png,0,0,0.,"Considering both the image and the text, is this meme offensive? 1=yes, 0=no."
img/75918.png,0,1,1=hateful,"Analyze the meme and decide: 1=hateful, 0=not hateful."
img/75918.png,0,0,No.,"Does this meme contain hate speech or offensive content? Answer 1=yes, 0=no."
img/75918.png,0,0,0,"Evaluate the meme’s image and text together. Is it hateful? Output only 1 for hateful, 0 for not."
img/75918.png,0,0,0,"Look at both the image and the caption. If the meme expresses hate or stereotypes, reply 1. Otherwise reply 0."
img/75918.png,0,0,0,"Does the meme promote hate, discrimination, or offensive stereotypes? Respond with 1 if yes, 0 if no."
img/75918.png,0,0,0,Is the meme offensive or hateful when considering both modalities? Return only 1 or 0.
img/75918.png,0,1,1,"Classify this meme: 1 = hateful or offensive, 0 = not hateful. Output only the digit."
img/75918.png,0,0,0,"Does the meme contain harmful or derogatory content? Answer with a single digit: 1 for yes, 0 for no."
img/14975.png,0,0,0,"Is this meme hateful? Answer 1 for hateful, 0 for not hateful."
img/14975.png,0,0,0,"Considering both the image and the text, is this meme offensive? 1=yes, 0=no."
img/14975.png,0,1,1=hateful,"Analyze the meme and decide: 1=hateful, 0=not hateful."
img/14975.png,0,0,0,"Does this meme contain hate speech or offensive content? Answer 1=yes, 0=no."
img/14975.png,0,0,0,"Evaluate the meme’s image and text together. Is it hateful? Output only 1 for hateful, 0 for not."
img/14975.png,0,0,0,"Look at both the image and the caption. If the meme expresses hate or stereotypes, reply 1. Otherwise reply 0."
img/14975.png,0,0,0,"Does the meme promote hate, discrimination, or offensive stereotypes? Respond with 1 if yes, 0 if no."
img/14975.png,0,0,0,Is the meme offensive or hateful when considering both modalities? Return only 1 or 0.
img/14975.png,0,1,1,"Classify this meme: 1 = hateful or offensive, 0 = not hateful. Output only the digit."
img/14975.png,0,0,0,"Does the meme contain harmful or derogatory content? Answer with a single digit: 1 for yes, 0 for no."
img/92317.png,0,0,0,"Is this meme hateful? Answer 1 for hateful, 0 for not hateful."
img/92317.png,0,0,0,"Considering both the image and the text, is this meme offensive? 1=yes, 0=no."
img/92317.png,0,1,1,"Analyze the meme and decide: 1=hateful, 0=not hateful."
img/92317.png,0,0,0,"Does this meme contain hate speech or offensive content? Answer 1=yes, 0=no."
img/92317.png,0,0,0,"Evaluate the meme’s image and text together. Is it hateful? Output only 1 for hateful, 0 for not."
img/92317.png,0,0,0,"Look at both the image and the caption. If the meme expresses hate or stereotypes, reply 1. Otherwise reply 0."
img/92317.png,0,0,0,"Does the meme promote hate, discrimination, or offensive stereotypes? Respond with 1 if yes, 0 if no."
img/92317.png,0,0,0,Is the meme offensive or hateful when considering both modalities? Return only 1 or 0.
img/92317.png,0,1,1,"Classify this meme: 1 = hateful or offensive, 0 = not hateful. Output only the digit."
img/92317.png,0,0,0,"Does the meme contain harmful or derogatory content? Answer with a single digit: 1 for yes, 0 for no."
img/19536.png,1,1,This meme is not hateful.,"Is this meme hateful? Answer 1 for hateful, 0 for not hateful."
img/19536.png,1,0,0,"Considering both the image and the text, is this meme offensive? 1=yes, 0=no."
img/19536.png,1,1,1=hateful,"Analyze the meme and decide: 1=hateful, 0=not hateful."
img/19536.png,1,0,0,"Does this meme contain hate speech or offensive content? Answer 1=yes, 0=no."
img/19536.png,1,0,0,"Evaluate the meme’s image and text together. Is it hateful? Output only 1 for hateful, 0 for not."
img/19536.png,1,0,0,"Look at both the image and the caption. If the meme expresses hate or stereotypes, reply 1. Otherwise reply 0."
img/19536.png,1,0,0,"Does the meme promote hate, discrimination, or offensive stereotypes? Respond with 1 if yes, 0 if no."
img/19536.png,1,1,1,Is the meme offensive or hateful when considering both modalities? Return only 1 or 0.
img/19536.png,1,1,1,"Classify this meme: 1 = hateful or offensive, 0 = not hateful. Output only the digit."
img/19536.png,1,0,0,"Does the meme contain harmful or derogatory content? Answer with a single digit: 1 for yes, 0 for no."
img/90236.png,0,0,0,"Is this meme hateful? Answer 1 for hateful, 0 for not hateful."
img/90236.png,0,0,0,"Considering both the image and the text, is this meme offensive? 1=yes, 0=no."
img/90236.png,0,1,0=not hateful,"Analyze the meme and decide: 1=hateful, 0=not hateful."
img/90236.png,0,0,0,"Does this meme contain hate speech or offensive content? Answer 1=yes, 0=no."
img/90236.png,0,0,0,"Evaluate the meme’s image and text together. Is it hateful? Output only 1 for hateful, 0 for not."
img/90236.png,0,0,0,"Look at both the image and the caption. If the meme expresses hate or stereotypes, reply 1. Otherwise reply 0."
img/90236.png,0,0,0,"Does the meme promote hate, discrimination, or offensive stereotypes? Respond with 1 if yes, 0 if no."
img/90236.png,0,0,0,Is the meme offensive or hateful when considering both modalities? Return only 1 or 0.
img/90236.png,0,0,0,"Classify this meme: 1 = hateful or offensive, 0 = not hateful. Output only the digit."
img/90236.png,0,0,0,"Does the meme contain harmful or derogatory content? Answer with a single digit: 1 for yes, 0 for no."
img/30642.png,0,0,0,"Is this meme hateful? Answer 1 for hateful, 0 for not hateful."
img/30642.png,0,0,0,"Considering both the image and the text, is this meme offensive? 1=yes, 0=no."
img/30642.png,0,1,1=hateful,"Analyze the meme and decide: 1=hateful, 0=not hateful."
img/30642.png,0,0,0,"Does this meme contain hate speech or offensive content? Answer 1=yes, 0=no."
img/30642.png,0,0,0,"Evaluate the meme’s image and text together. Is it hateful? Output only 1 for hateful, 0 for not."
img/30642.png,0,0,0,"Look at both the image and the caption. If the meme expresses hate or stereotypes, reply 1. Otherwise reply 0."
img/30642.png,0,0,0,"Does the meme promote hate, discrimination, or offensive stereotypes? Respond with 1 if yes, 0 if no."
img/30642.png,0,0,0,Is the meme offensive or hateful when considering both modalities? Return only 1 or 0.
img/30642.png,0,1,1,"Classify this meme: 1 = hateful or offensive, 0 = not hateful. Output only the digit."
img/30642.png,0,0,0,"Does the meme contain harmful or derogatory content? Answer with a single digit: 1 for yes, 0 for no."
img/59206.png,0,0,0,"Is this meme hateful? Answer 1 for hateful, 0 for not hateful."
img/59206.png,0,0,0,"Considering both the image and the text, is this meme offensive? 1=yes, 0=no."
img/59206.png,0,1,1=hateful,"Analyze the meme and decide: 1=hateful, 0=not hateful."
img/59206.png,0,0,0=no,"Does this meme contain hate speech or offensive content? Answer 1=yes, 0=no."
img/59206.png,0,0,0,"Evaluate the meme’s image and text together. Is it hateful? Output only 1 for hateful, 0 for not."
img/59206.png,0,0,0,"Look at both the image and the caption. If the meme expresses hate or stereotypes, reply 1. Otherwise reply 0."
img/59206.png,0,0,0,"Does the meme promote hate, discrimination, or offensive stereotypes? Respond with 1 if yes, 0 if no."
img/59206.png,0,0,0,Is the meme offensive or hateful when considering both modalities? Return only 1 or 0.
img/59206.png,0,1,1,"Classify this meme: 1 = hateful or offensive, 0 = not hateful. Output only the digit."
img/59206.png,0,0,0,"Does the meme contain harmful or derogatory content? Answer with a single digit: 1 for yes, 0 for no."
img/19075.png,0,1,This meme is not hateful.,"Is this meme hateful? Answer 1 for hateful, 0 for not hateful."
img/19075.png,0,0,0,"Considering both the image and the text, is this meme offensive? 1=yes, 0=no."
img/19075.png,0,1,1,"Analyze the meme and decide: 1=hateful, 0=not hateful."
img/19075.png,0,0,0=no,"Does this meme contain hate speech or offensive content? Answer 1=yes, 0=no."
img/19075.png,0,0,0,"Evaluate the meme’s image and text together. Is it hateful? Output only 1 for hateful, 0 for not."
img/19075.png,0,0,0,"Look at both the image and the caption. If the meme expresses hate or stereotypes, reply 1. Otherwise reply 0."
img/19075.png,0,0,0,"Does the meme promote hate, discrimination, or offensive stereotypes? Respond with 1 if yes, 0 if no."
img/19075.png,0,0,0,Is the meme offensive or hateful when considering both modalities? Return only 1 or 0.
img/19075.png,0,1,1,"Classify this meme: 1 = hateful or offensive, 0 = not hateful. Output only the digit."
img/19075.png,0,0,0,"Does the meme contain harmful or derogatory content? Answer with a single digit: 1 for yes, 0 for no."
img/79042.png,0,0,0,"Is this meme hateful? Answer 1 for hateful, 0 for not hateful."
img/79042.png,0,0,0=no.,"Considering both the image and the text, is this meme offensive? 1=yes, 0=no."
img/79042.png,0,1,0=not hateful,"Analyze the meme and decide: 1=hateful, 0=not hateful."
img/79042.png,0,0,No.,"Does this meme contain hate speech or offensive content? Answer 1=yes, 0=no."
img/79042.png,0,0,0,"Evaluate the meme’s image and text together. Is it hateful? Output only 1 for hateful, 0 for not."
img/79042.png,0,0,0,"Look at both the image and the caption. If the meme expresses hate or stereotypes, reply 1. Otherwise reply 0."
img/79042.png,0,0,0,"Does the meme promote hate, discrimination, or offensive stereotypes? Respond with 1 if yes, 0 if no."
img/79042.png,0,0,0,Is the meme offensive or hateful when considering both modalities? Return only 1 or 0.
img/79042.png,0,1,1,"Classify this meme: 1 = hateful or offensive, 0 = not hateful. Output only the digit."
img/79042.png,0,0,0,"Does the meme contain harmful or derogatory content? Answer with a single digit: 1 for yes, 0 for no."
img/98720.png,0,1,1,"Is this meme hateful? Answer 1 for hateful, 0 for not hateful."
img/98720.png,0,1,1,"Considering both the image and the text, is this meme offensive? 1=yes, 0=no."
img/98720.png,0,1,1,"Analyze the meme and decide: 1=hateful, 0=not hateful."
img/98720.png,0,0,0,"Does this meme contain hate speech or offensive content? Answer 1=yes, 0=no."
img/98720.png,0,0,0,"Evaluate the meme’s image and text together. Is it hateful? Output only 1 for hateful, 0 for not."
img/98720.png,0,0,0,"Look at both the image and the caption. If the meme expresses hate or stereotypes, reply 1. Otherwise reply 0."
img/98720.png,0,0,0,"Does the meme promote hate, discrimination, or offensive stereotypes? Respond with 1 if yes, 0 if no."
img/98720.png,0,1,1,Is the meme offensive or hateful when considering both modalities? Return only 1 or 0.
img/98720.png,0,1,1,"Classify this meme: 1 = hateful or offensive, 0 = not hateful. Output only the digit."
img/98720.png,0,1,1,"Does the meme contain harmful or derogatory content? Answer with a single digit: 1 for yes, 0 for no."
img/02634.png,1,0,0,"Is this meme hateful? Answer 1 for hateful, 0 for not hateful."
img/02634.png,1,0,0,"Considering both the image and the text, is this meme offensive? 1=yes, 0=no."
img/02634.png,1,1,1,"Analyze the meme and decide: 1=hateful, 0=not hateful."
img/02634.png,1,0,0,"Does this meme contain hate speech or offensive content? Answer 1=yes, 0=no."
img/02634.png,1,0,0,"Evaluate the meme’s image and text together. Is it hateful? Output only 1 for hateful, 0 for not."
img/02634.png,1,0,0,"Look at both the image and the caption. If the meme expresses hate or stereotypes, reply 1. Otherwise reply 0."
img/02634.png,1,0,0,"Does the meme promote hate, discrimination, or offensive stereotypes? Respond with 1 if yes, 0 if no."
img/02634.png,1,0,0,Is the meme offensive or hateful when considering both modalities? Return only 1 or 0.
img/02634.png,1,0,0,"Classify this meme: 1 = hateful or offensive, 0 = not hateful. Output only the digit."
img/02634.png,1,0,0,"Does the meme contain harmful or derogatory content? Answer with a single digit: 1 for yes, 0 for no."
img/84107.png,0,0,0,"Is this meme hateful? Answer 1 for hateful, 0 for not hateful."
img/84107.png,0,0,0,"Considering both the image and the text, is this meme offensive? 1=yes, 0=no."
img/84107.png,0,1,1=hateful,"Analyze the meme and decide: 1=hateful, 0=not hateful."
img/84107.png,0,0,0,"Does this meme contain hate speech or offensive content? Answer 1=yes, 0=no."
img/84107.png,0,0,0,"Evaluate the meme’s image and text together. Is it hateful? Output only 1 for hateful, 0 for not."
img/84107.png,0,0,0,"Look at both the image and the caption. If the meme expresses hate or stereotypes, reply 1. Otherwise reply 0."
img/84107.png,0,0,0,"Does the meme promote hate, discrimination, or offensive stereotypes? Respond with 1 if yes, 0 if no."
img/84107.png,0,0,0,Is the meme offensive or hateful when considering both modalities? Return only 1 or 0.
img/84107.png,0,1,1,"Classify this meme: 1 = hateful or offensive, 0 = not hateful. Output only the digit."
img/84107.png,0,0,0,"Does the meme contain harmful or derogatory content? Answer with a single digit: 1 for yes, 0 for no."
img/07198.png,1,1,This meme is not hateful.,"Is this meme hateful? Answer 1 for hateful, 0 for not hateful."
img/07198.png,1,0,0,"Considering both the image and the text, is this meme offensive? 1=yes, 0=no."
img/07198.png,1,1,1=hateful,"Analyze the meme and decide: 1=hateful, 0=not hateful."
img/07198.png,1,0,No.,"Does this meme contain hate speech or offensive content? Answer 1=yes, 0=no."
img/07198.png,1,0,0,"Evaluate the meme’s image and text together. Is it hateful? Output only 1 for hateful, 0 for not."
img/07198.png,1,0,0,"Look at both the image and the caption. If the meme expresses hate or stereotypes, reply 1. Otherwise reply 0."
img/07198.png,1,0,0,"Does the meme promote hate, discrimination, or offensive stereotypes? Respond with 1 if yes, 0 if no."
img/07198.png,1,1,1,Is the meme offensive or hateful when considering both modalities? Return only 1 or 0.
img/07198.png,1,1,1,"Classify this meme: 1 = hateful or offensive, 0 = not hateful. Output only the digit."
img/07198.png,1,1,1,"Does the meme contain harmful or derogatory content? Answer with a single digit: 1 for yes, 0 for no."
img/45702.png,1,1,1,"Is this meme hateful? Answer 1 for hateful, 0 for not hateful."
img/45702.png,1,1,1,"Considering both the image and the text, is this meme offensive? 1=yes, 0=no."
img/45702.png,1,1,1=hateful,"Analyze the meme and decide: 1=hateful, 0=not hateful."
img/45702.png,1,0,0,"Does this meme contain hate speech or offensive content? Answer 1=yes, 0=no."
img/45702.png,1,0,0,"Evaluate the meme’s image and text together. Is it hateful? Output only 1 for hateful, 0 for not."
img/45702.png,1,0,0,"Look at both the image and the caption. If the meme expresses hate or stereotypes, reply 1. Otherwise reply 0."
img/45702.png,1,0,0,"Does the meme promote hate, discrimination, or offensive stereotypes? Respond with 1 if yes, 0 if no."
img/45702.png,1,1,1,Is the meme offensive or hateful when considering both modalities? Return only 1 or 0.
img/45702.png,1,1,1,"Classify this meme: 1 = hateful or offensive, 0 = not hateful. Output only the digit."
img/45702.png,1,1,1,"Does the meme contain harmful or derogatory content? Answer with a single digit: 1 for yes, 0 for no."
img/46085.png,0,0,0,"Is this meme hateful? Answer 1 for hateful, 0 for not hateful."
img/46085.png,0,0,0,"Considering both the image and the text, is this meme offensive? 1=yes, 0=no."
img/46085.png,0,1,1=hateful,"Analyze the meme and decide: 1=hateful, 0=not hateful."
img/46085.png,0,0,0,"Does this meme contain hate speech or offensive content? Answer 1=yes, 0=no."
img/46085.png,0,0,0,"Evaluate the meme’s image and text together. Is it hateful? Output only 1 for hateful, 0 for not."
img/46085.png,0,0,0,"Look at both the image and the caption. If the meme expresses hate or stereotypes, reply 1. Otherwise reply 0."
img/46085.png,0,0,0,"Does the meme promote hate, discrimination, or offensive stereotypes? Respond with 1 if yes, 0 if no."
img/46085.png,0,0,0,Is the meme offensive or hateful when considering both modalities? Return only 1 or 0.
img/46085.png,0,1,1,"Classify this meme: 1 = hateful or offensive, 0 = not hateful. Output only the digit."
img/46085.png,0,0,0,"Does the meme contain harmful or derogatory content? Answer with a single digit: 1 for yes, 0 for no."
img/08451.png,0,1,This meme is not hateful.,"Is this meme hateful? Answer 1 for hateful, 0 for not hateful."
img/08451.png,0,1,"Yes, this meme is offensive. It uses an image of concentration camp survivors and compares it to a situation where a Jewish girl rolls her sleeve, which is a disrespectful and dehumanizing portrayal of Jewish people. It is important to remember the historical","Considering both the image and the text, is this meme offensive? 1=yes, 0=no."
img/08451.png,0,1,1=hateful,"Analyze the meme and decide: 1=hateful, 0=not hateful."
img/08451.png,0,0,No.,"Does this meme contain hate speech or offensive content? Answer 1=yes, 0=no."
img/08451.png,0,0,0,"Evaluate the meme’s image and text together. Is it hateful? Output only 1 for hateful, 0 for not."
img/08451.png,0,0,0,"Look at both the image and the caption. If the meme expresses hate or stereotypes, reply 1. Otherwise reply 0."
img/08451.png,0,0,0,"Does the meme promote hate, discrimination, or offensive stereotypes? Respond with 1 if yes, 0 if no."
img/08451.png,0,1,1,Is the meme offensive or hateful when considering both modalities? Return only 1 or 0.
img/08451.png,0,1,1,"Classify this meme: 1 = hateful or offensive, 0 = not hateful. Output only the digit."
img/08451.png,0,1,1,"Does the meme contain harmful or derogatory content? Answer with a single digit: 1 for yes, 0 for no."
img/73482.png,0,0,0,"Is this meme hateful? Answer 1 for hateful, 0 for not hateful."
img/73482.png,0,0,0,"Considering both the image and the text, is this meme offensive? 1=yes, 0=no."
img/73482.png,0,1,1=hateful,"Analyze the meme and decide: 1=hateful, 0=not hateful."
img/73482.png,0,0,0,"Does this meme contain hate speech or offensive content? Answer 1=yes, 0=no."
img/73482.png,0,0,0,"Evaluate the meme’s image and text together. Is it hateful? Output only 1 for hateful, 0 for not."
img/73482.png,0,0,0,"Look at both the image and the caption. If the meme expresses hate or stereotypes, reply 1. Otherwise reply 0."
img/73482.png,0,0,0,"Does the meme promote hate, discrimination, or offensive stereotypes? Respond with 1 if yes, 0 if no."
img/73482.png,0,0,0,Is the meme offensive or hateful when considering both modalities? Return only 1 or 0.
img/73482.png,0,1,1,"Classify this meme: 1 = hateful or offensive, 0 = not hateful. Output only the digit."
img/73482.png,0,0,0,"Does the meme contain harmful or derogatory content? Answer with a single digit: 1 for yes, 0 for no."
img/28017.png,1,1,This meme is not hateful.,"Is this meme hateful? Answer 1 for hateful, 0 for not hateful."
img/28017.png,1,1,1,"Considering both the image and the text, is this meme offensive? 1=yes, 0=no."
img/28017.png,1,1,1=hateful,"Analyze the meme and decide: 1=hateful, 0=not hateful."
img/28017.png,1,0,No,"Does this meme contain hate speech or offensive content? Answer 1=yes, 0=no."
img/28017.png,1,0,0,"Evaluate the meme’s image and text together. Is it hateful? Output only 1 for hateful, 0 for not."
img/28017.png,1,0,0,"Look at both the image and the caption. If the meme expresses hate or stereotypes, reply 1. Otherwise reply 0."
img/28017.png,1,0,0,"Does the meme promote hate, discrimination, or offensive stereotypes? Respond with 1 if yes, 0 if no."
img/28017.png,1,1,1,Is the meme offensive or hateful when considering both modalities? Return only 1 or 0.
img/28017.png,1,1,1,"Classify this meme: 1 = hateful or offensive, 0 = not hateful. Output only the digit."
img/28017.png,1,1,1,"Does the meme contain harmful or derogatory content? Answer with a single digit: 1 for yes, 0 for no."
img/02364.png,0,0,0,"Is this meme hateful? Answer 1 for hateful, 0 for not hateful."
img/02364.png,0,0,0,"Considering both the image and the text, is this meme offensive? 1=yes, 0=no."
img/02364.png,0,1,1=hateful,"Analyze the meme and decide: 1=hateful, 0=not hateful."
img/02364.png,0,0,No.,"Does this meme contain hate speech or offensive content? Answer 1=yes, 0=no."
img/02364.png,0,0,0,"Evaluate the meme’s image and text together. Is it hateful? Output only 1 for hateful, 0 for not."
img/02364.png,0,0,0,"Look at both the image and the caption. If the meme expresses hate or stereotypes, reply 1. Otherwise reply 0."
img/02364.png,0,0,0,"Does the meme promote hate, discrimination, or offensive stereotypes? Respond with 1 if yes, 0 if no."
img/02364.png,0,0,0,Is the meme offensive or hateful when considering both modalities? Return only 1 or 0.
img/02364.png,0,1,1,"Classify this meme: 1 = hateful or offensive, 0 = not hateful. Output only the digit."
img/02364.png,0,0,0,"Does the meme contain harmful or derogatory content? Answer with a single digit: 1 for yes, 0 for no."
img/42538.png,0,1,This meme is not hateful.,"Is this meme hateful? Answer 1 for hateful, 0 for not hateful."
img/42538.png,0,0,0,"Considering both the image and the text, is this meme offensive? 1=yes, 0=no."
img/42538.png,0,1,0=not hateful,"Analyze the meme and decide: 1=hateful, 0=not hateful."
img/42538.png,0,0,0,"Does this meme contain hate speech or offensive content? Answer 1=yes, 0=no."
img/42538.png,0,0,0,"Evaluate the meme’s image and text together. Is it hateful? Output only 1 for hateful, 0 for not."
img/42538.png,0,0,0,"Look at both the image and the caption. If the meme expresses hate or stereotypes, reply 1. Otherwise reply 0."
img/42538.png,0,0,0,"Does the meme promote hate, discrimination, or offensive stereotypes? Respond with 1 if yes, 0 if no."
img/42538.png,0,0,0,Is the meme offensive or hateful when considering both modalities? Return only 1 or 0.
img/42538.png,0,0,0,"Classify this meme: 1 = hateful or offensive, 0 = not hateful. Output only the digit."
img/42538.png,0,0,0,"Does the meme contain harmful or derogatory content? Answer with a single digit: 1 for yes, 0 for no."
img/47183.png,0,0,0,"Is this meme hateful? Answer 1 for hateful, 0 for not hateful."
img/47183.png,0,0,0,"Considering both the image and the text, is this meme offensive? 1=yes, 0=no."
img/47183.png,0,1,1=hateful,"Analyze the meme and decide: 1=hateful, 0=not hateful."
img/47183.png,0,0,0,"Does this meme contain hate speech or offensive content? Answer 1=yes, 0=no."
img/47183.png,0,0,0,"Evaluate the meme’s image and text together. Is it hateful? Output only 1 for hateful, 0 for not."
img/47183.png,0,0,0,"Look at both the image and the caption. If the meme expresses hate or stereotypes, reply 1. Otherwise reply 0."
img/47183.png,0,0,0,"Does the meme promote hate, discrimination, or offensive stereotypes? Respond with 1 if yes, 0 if no."
img/47183.png,0,1,1,Is the meme offensive or hateful when considering both modalities? Return only 1 or 0.
img/47183.png,0,1,1,"Classify this meme: 1 = hateful or offensive, 0 = not hateful. Output only the digit."
img/47183.png,0,1,1,"Does the meme contain harmful or derogatory content? Answer with a single digit: 1 for yes, 0 for no."
img/72904.png,1,1,1,"Is this meme hateful? Answer 1 for hateful, 0 for not hateful."
img/72904.png,1,1,1,"Considering both the image and the text, is this meme offensive? 1=yes, 0=no."
img/72904.png,1,1,1=hateful,"Analyze the meme and decide: 1=hateful, 0=not hateful."
img/72904.png,1,1,Yes.,"Does this meme contain hate speech or offensive content? Answer 1=yes, 0=no."
img/72904.png,1,1,1,"Evaluate the meme’s image and text together. Is it hateful? Output only 1 for hateful, 0 for not."
img/72904.png,1,1,1,"Look at both the image and the caption. If the meme expresses hate or stereotypes, reply 1. Otherwise reply 0."
img/72904.png,1,1,1,"Does the meme promote hate, discrimination, or offensive stereotypes? Respond with 1 if yes, 0 if no."
img/72904.png,1,1,1,Is the meme offensive or hateful when considering both modalities? Return only 1 or 0.
img/72904.png,1,1,1,"Classify this meme: 1 = hateful or offensive, 0 = not hateful. Output only the digit."
img/72904.png,1,1,1,"Does the meme contain harmful or derogatory content? Answer with a single digit: 1 for yes, 0 for no."
img/90243.png,1,1,This meme is not hateful.,"Is this meme hateful? Answer 1 for hateful, 0 for not hateful."
img/90243.png,1,0,0,"Considering both the image and the text, is this meme offensive? 1=yes, 0=no."
img/90243.png,1,1,1=hateful,"Analyze the meme and decide: 1=hateful, 0=not hateful."
img/90243.png,1,0,No.,"Does this meme contain hate speech or offensive content? Answer 1=yes, 0=no."
img/90243.png,1,0,0,"Evaluate the meme’s image and text together. Is it hateful? Output only 1 for hateful, 0 for not."
img/90243.png,1,0,0,"Look at both the image and the caption. If the meme expresses hate or stereotypes, reply 1. Otherwise reply 0."
img/90243.png,1,0,No,"Does the meme promote hate, discrimination, or offensive stereotypes? Respond with 1 if yes, 0 if no."
img/90243.png,1,1,"The meme is offensive and hateful when considering both modalities. It uses a photo of Adolf Hitler, a well-known dictator and mass murderer, to make a joke about a video game player's performance, which is disrespectful and inappropriate. Additionally, the",Is the meme offensive or hateful when considering both modalities? Return only 1 or 0.
img/90243.png,1,1,1,"Classify this meme: 1 = hateful or offensive, 0 = not hateful. Output only the digit."
img/90243.png,1,0,0,"Does the meme contain harmful or derogatory content? Answer with a single digit: 1 for yes, 0 for no."
img/41382.png,0,0,0,"Is this meme hateful? Answer 1 for hateful, 0 for not hateful."
img/41382.png,0,0,0,"Considering both the image and the text, is this meme offensive? 1=yes, 0=no."
img/41382.png,0,1,1,"Analyze the meme and decide: 1=hateful, 0=not hateful."
img/41382.png,0,0,0,"Does this meme contain hate speech or offensive content? Answer 1=yes, 0=no."
img/41382.png,0,0,0,"Evaluate the meme’s image and text together. Is it hateful? Output only 1 for hateful, 0 for not."
img/41382.png,0,0,0,"Look at both the image and the caption. If the meme expresses hate or stereotypes, reply 1. Otherwise reply 0."
img/41382.png,0,0,0,"Does the meme promote hate, discrimination, or offensive stereotypes? Respond with 1 if yes, 0 if no."
img/41382.png,0,1,1,Is the meme offensive or hateful when considering both modalities? Return only 1 or 0.
img/41382.png,0,1,1,"Classify this meme: 1 = hateful or offensive, 0 = not hateful. Output only the digit."
img/41382.png,0,1,1,"Does the meme contain harmful or derogatory content? Answer with a single digit: 1 for yes, 0 for no."
img/78156.png,0,1,This meme is not hateful.,"Is this meme hateful? Answer 1 for hateful, 0 for not hateful."
img/78156.png,0,0,0,"Considering both the image and the text, is this meme offensive? 1=yes, 0=no."
img/78156.png,0,1,0=not hateful,"Analyze the meme and decide: 1=hateful, 0=not hateful."
img/78156.png,0,0,0,"Does this meme contain hate speech or offensive content? Answer 1=yes, 0=no."
img/78156.png,0,0,0,"Evaluate the meme’s image and text together. Is it hateful? Output only 1 for hateful, 0 for not."
img/78156.png,0,0,0,"Look at both the image and the caption. If the meme expresses hate or stereotypes, reply 1. Otherwise reply 0."
img/78156.png,0,0,0,"Does the meme promote hate, discrimination, or offensive stereotypes? Respond with 1 if yes, 0 if no."
img/78156.png,0,0,0,Is the meme offensive or hateful when considering both modalities? Return only 1 or 0.
img/78156.png,0,1,1,"Classify this meme: 1 = hateful or offensive, 0 = not hateful. Output only the digit."
img/78156.png,0,0,0,"Does the meme contain harmful or derogatory content? Answer with a single digit: 1 for yes, 0 for no."
img/74250.png,0,0,0,"Is this meme hateful? Answer 1 for hateful, 0 for not hateful."
img/74250.png,0,0,0=no,"Considering both the image and the text, is this meme offensive? 1=yes, 0=no."
img/74250.png,0,1,1=hateful,"Analyze the meme and decide: 1=hateful, 0=not hateful."
img/74250.png,0,0,0,"Does this meme contain hate speech or offensive content? Answer 1=yes, 0=no."
img/74250.png,0,0,0,"Evaluate the meme’s image and text together. Is it hateful? Output only 1 for hateful, 0 for not."
img/74250.png,0,0,0,"Look at both the image and the caption. If the meme expresses hate or stereotypes, reply 1. Otherwise reply 0."
img/74250.png,0,0,0,"Does the meme promote hate, discrimination, or offensive stereotypes? Respond with 1 if yes, 0 if no."
img/74250.png,0,0,0,Is the meme offensive or hateful when considering both modalities? Return only 1 or 0.
img/74250.png,0,1,1,"Classify this meme: 1 = hateful or offensive, 0 = not hateful. Output only the digit."
img/74250.png,0,0,0,"Does the meme contain harmful or derogatory content? Answer with a single digit: 1 for yes, 0 for no."
img/97132.png,0,1,1,"Is this meme hateful? Answer 1 for hateful, 0 for not hateful."
img/97132.png,0,1,"Yes, the meme is offensive. It perpetuates harmful stereotypes and discrimination against the LGBTQ+ community, particularly in the Muslim world, where being gay is often stigmatized and criminalized. The use of the phrase ""all gay men are well","Considering both the image and the text, is this meme offensive? 1=yes, 0=no."
img/97132.png,0,1,1=hateful,"Analyze the meme and decide: 1=hateful, 0=not hateful."
img/97132.png,0,1,Yes.,"Does this meme contain hate speech or offensive content? Answer 1=yes, 0=no."
img/97132.png,0,1,1,"Evaluate the meme’s image and text together. Is it hateful? Output only 1 for hateful, 0 for not."
img/97132.png,0,0,0,"Look at both the image and the caption. If the meme expresses hate or stereotypes, reply 1. Otherwise reply 0."
img/97132.png,0,1,1,"Does the meme promote hate, discrimination, or offensive stereotypes? Respond with 1 if yes, 0 if no."
img/97132.png,0,1,1,Is the meme offensive or hateful when considering both modalities? Return only 1 or 0.
img/97132.png,0,1,1,"Classify this meme: 1 = hateful or offensive, 0 = not hateful. Output only the digit."
img/97132.png,0,1,1,"Does the meme contain harmful or derogatory content? Answer with a single digit: 1 for yes, 0 for no."
img/35840.png,1,0,0,"Is this meme hateful? Answer 1 for hateful, 0 for not hateful."
img/35840.png,1,0,0,"Considering both the image and the text, is this meme offensive? 1=yes, 0=no."
img/35840.png,1,1,1=hateful,"Analyze the meme and decide: 1=hateful, 0=not hateful."
img/35840.png,1,0,0,"Does this meme contain hate speech or offensive content? Answer 1=yes, 0=no."
img/35840.png,1,0,0,"Evaluate the meme’s image and text together. Is it hateful? Output only 1 for hateful, 0 for not."
img/35840.png,1,0,0,"Look at both the image and the caption. If the meme expresses hate or stereotypes, reply 1. Otherwise reply 0."
img/35840.png,1,0,0,"Does the meme promote hate, discrimination, or offensive stereotypes? Respond with 1 if yes, 0 if no."
img/35840.png,1,0,0,Is the meme offensive or hateful when considering both modalities? Return only 1 or 0.
img/35840.png,1,1,1,"Classify this meme: 1 = hateful or offensive, 0 = not hateful. Output only the digit."
img/35840.png,1,0,0,"Does the meme contain harmful or derogatory content? Answer with a single digit: 1 for yes, 0 for no."
img/78134.png,0,0,0,"Is this meme hateful? Answer 1 for hateful, 0 for not hateful."
img/78134.png,0,0,0=no,"Considering both the image and the text, is this meme offensive? 1=yes, 0=no."
img/78134.png,0,1,1=hateful,"Analyze the meme and decide: 1=hateful, 0=not hateful."
img/78134.png,0,0,0,"Does this meme contain hate speech or offensive content? Answer 1=yes, 0=no."
img/78134.png,0,0,0,"Evaluate the meme’s image and text together. Is it hateful? Output only 1 for hateful, 0 for not."
img/78134.png,0,0,0,"Look at both the image and the caption. If the meme expresses hate or stereotypes, reply 1. Otherwise reply 0."
img/78134.png,0,0,0,"Does the meme promote hate, discrimination, or offensive stereotypes? Respond with 1 if yes, 0 if no."
img/78134.png,0,0,0,Is the meme offensive or hateful when considering both modalities? Return only 1 or 0.
img/78134.png,0,1,1,"Classify this meme: 1 = hateful or offensive, 0 = not hateful. Output only the digit."
img/78134.png,0,0,0,"Does the meme contain harmful or derogatory content? Answer with a single digit: 1 for yes, 0 for no."
img/93620.png,1,0,0,"Is this meme hateful? Answer 1 for hateful, 0 for not hateful."
img/93620.png,1,0,0=no,"Considering both the image and the text, is this meme offensive? 1=yes, 0=no."
img/93620.png,1,1,1=hateful,"Analyze the meme and decide: 1=hateful, 0=not hateful."
img/93620.png,1,0,No,"Does this meme contain hate speech or offensive content? Answer 1=yes, 0=no."
img/93620.png,1,0,0,"Evaluate the meme’s image and text together. Is it hateful? Output only 1 for hateful, 0 for not."
img/93620.png,1,0,0,"Look at both the image and the caption. If the meme expresses hate or stereotypes, reply 1. Otherwise reply 0."
img/93620.png,1,0,0,"Does the meme promote hate, discrimination, or offensive stereotypes? Respond with 1 if yes, 0 if no."
img/93620.png,1,0,0,Is the meme offensive or hateful when considering both modalities? Return only 1 or 0.
img/93620.png,1,1,1,"Classify this meme: 1 = hateful or offensive, 0 = not hateful. Output only the digit."
img/93620.png,1,0,0,"Does the meme contain harmful or derogatory content? Answer with a single digit: 1 for yes, 0 for no."
img/57369.png,0,0,0,"Is this meme hateful? Answer 1 for hateful, 0 for not hateful."
img/57369.png,0,0,0,"Considering both the image and the text, is this meme offensive? 1=yes, 0=no."
img/57369.png,0,1,1,"Analyze the meme and decide: 1=hateful, 0=not hateful."
img/57369.png,0,0,0,"Does this meme contain hate speech or offensive content? Answer 1=yes, 0=no."
img/57369.png,0,0,0,"Evaluate the meme’s image and text together. Is it hateful? Output only 1 for hateful, 0 for not."
img/57369.png,0,0,0,"Look at both the image and the caption. If the meme expresses hate or stereotypes, reply 1. Otherwise reply 0."
img/57369.png,0,0,0,"Does the meme promote hate, discrimination, or offensive stereotypes? Respond with 1 if yes, 0 if no."
img/57369.png,0,0,0,Is the meme offensive or hateful when considering both modalities? Return only 1 or 0.
img/57369.png,0,1,1,"Classify this meme: 1 = hateful or offensive, 0 = not hateful. Output only the digit."
img/57369.png,0,0,0,"Does the meme contain harmful or derogatory content? Answer with a single digit: 1 for yes, 0 for no."
img/10362.png,1,1,This meme is not hateful.,"Is this meme hateful? Answer 1 for hateful, 0 for not hateful."
img/10362.png,1,1,"Based on the image and text provided, it is difficult to determine whether the meme is offensive or not without further context. The image features a diverse group of people, and the text suggests that the individuals in the image are from different countries that are","Considering both the image and the text, is this meme offensive? 1=yes, 0=no."
img/10362.png,1,1,"The meme is not hateful. It is making a comparison between the diversity of certain groups of people and suggesting that the speaker and others like them do not have the same diversity as groups such as Iraqi, Pakistani, Syrian, and Egyptian people. The","Analyze the meme and decide: 1=hateful, 0=not hateful."
img/10362.png,1,0,No.,"Does this meme contain hate speech or offensive content? Answer 1=yes, 0=no."
img/10362.png,1,0,0,"Evaluate the meme’s image and text together. Is it hateful? Output only 1 for hateful, 0 for not."
img/10362.png,1,0,0,"Look at both the image and the caption. If the meme expresses hate or stereotypes, reply 1. Otherwise reply 0."
img/10362.png,1,0,0,"Does the meme promote hate, discrimination, or offensive stereotypes? Respond with 1 if yes, 0 if no."
img/10362.png,1,1,The meme is offensive and hateful when considering both modalities. It perpetuates negative stereotypes and discrimination against people from specific countries and their cultures. It is important to be mindful of the impact of language and imagery on others and to avoid using language or,Is the meme offensive or hateful when considering both modalities? Return only 1 or 0.
img/10362.png,1,1,1,"Classify this meme: 1 = hateful or offensive, 0 = not hateful. Output only the digit."
img/10362.png,1,1,1,"Does the meme contain harmful or derogatory content? Answer with a single digit: 1 for yes, 0 for no."
img/36058.png,0,0,0,"Is this meme hateful? Answer 1 for hateful, 0 for not hateful."
img/36058.png,0,0,0,"Considering both the image and the text, is this meme offensive? 1=yes, 0=no."
img/36058.png,0,1,0=not hateful,"Analyze the meme and decide: 1=hateful, 0=not hateful."
img/36058.png,0,0,0,"Does this meme contain hate speech or offensive content? Answer 1=yes, 0=no."
img/36058.png,0,0,0,"Evaluate the meme’s image and text together. Is it hateful? Output only 1 for hateful, 0 for not."
img/36058.png,0,0,0,"Look at both the image and the caption. If the meme expresses hate or stereotypes, reply 1. Otherwise reply 0."
img/36058.png,0,0,0,"Does the meme promote hate, discrimination, or offensive stereotypes? Respond with 1 if yes, 0 if no."
img/36058.png,0,0,0,Is the meme offensive or hateful when considering both modalities? Return only 1 or 0.
img/36058.png,0,0,0,"Classify this meme: 1 = hateful or offensive, 0 = not hateful. Output only the digit."
img/36058.png,0,0,0,"Does the meme contain harmful or derogatory content? Answer with a single digit: 1 for yes, 0 for no."
img/09467.png,1,1,Hateful.,"Is this meme hateful? Answer 1 for hateful, 0 for not hateful."
img/09467.png,1,1,"Yes, this meme is offensive. It uses an image of Adolf Hitler and Benito Mussolini, two of the most notorious dictators in history, to make a joke about a sensitive topic. The use of these figures to make light of the","Considering both the image and the text, is this meme offensive? 1=yes, 0=no."
img/09467.png,1,1,1=hateful,"Analyze the meme and decide: 1=hateful, 0=not hateful."
img/09467.png,1,1,Yes.,"Does this meme contain hate speech or offensive content? Answer 1=yes, 0=no."
img/09467.png,1,1,1,"Evaluate the meme’s image and text together. Is it hateful? Output only 1 for hateful, 0 for not."
img/09467.png,1,0,0,"Look at both the image and the caption. If the meme expresses hate or stereotypes, reply 1. Otherwise reply 0."
img/09467.png,1,1,1,"Does the meme promote hate, discrimination, or offensive stereotypes? Respond with 1 if yes, 0 if no."
img/09467.png,1,1,1,Is the meme offensive or hateful when considering both modalities? Return only 1 or 0.
img/09467.png,1,1,1,"Classify this meme: 1 = hateful or offensive, 0 = not hateful. Output only the digit."
img/09467.png,1,1,1,"Does the meme contain harmful or derogatory content? Answer with a single digit: 1 for yes, 0 for no."
img/60183.png,1,0,0,"Is this meme hateful? Answer 1 for hateful, 0 for not hateful."
img/60183.png,1,1,1,"Considering both the image and the text, is this meme offensive? 1=yes, 0=no."
img/60183.png,1,1,1=hateful,"Analyze the meme and decide: 1=hateful, 0=not hateful."
img/60183.png,1,0,No,"Does this meme contain hate speech or offensive content? Answer 1=yes, 0=no."
img/60183.png,1,0,0,"Evaluate the meme’s image and text together. Is it hateful? Output only 1 for hateful, 0 for not."
img/60183.png,1,0,0,"Look at both the image and the caption. If the meme expresses hate or stereotypes, reply 1. Otherwise reply 0."
img/60183.png,1,0,0,"Does the meme promote hate, discrimination, or offensive stereotypes? Respond with 1 if yes, 0 if no."
img/60183.png,1,1,"The meme is offensive and hateful when considering both modalities. It depicts a historical figure, Adolf Hitler, in a false and inappropriate context, making light of the Holocaust and minimizing its severity. The use of Hitler's image for comedic purposes is disrespectful",Is the meme offensive or hateful when considering both modalities? Return only 1 or 0.
img/60183.png,1,1,1,"Classify this meme: 1 = hateful or offensive, 0 = not hateful. Output only the digit."
img/60183.png,1,1,1,"Does the meme contain harmful or derogatory content? Answer with a single digit: 1 for yes, 0 for no."
img/47263.png,1,0,0,"Is this meme hateful? Answer 1 for hateful, 0 for not hateful."
img/47263.png,1,0,0,"Considering both the image and the text, is this meme offensive? 1=yes, 0=no."
img/47263.png,1,1,1=hateful,"Analyze the meme and decide: 1=hateful, 0=not hateful."
img/47263.png,1,0,0,"Does this meme contain hate speech or offensive content? Answer 1=yes, 0=no."
img/47263.png,1,0,0,"Evaluate the meme’s image and text together. Is it hateful? Output only 1 for hateful, 0 for not."
img/47263.png,1,0,0,"Look at both the image and the caption. If the meme expresses hate or stereotypes, reply 1. Otherwise reply 0."
img/47263.png,1,0,0,"Does the meme promote hate, discrimination, or offensive stereotypes? Respond with 1 if yes, 0 if no."
img/47263.png,1,0,0,Is the meme offensive or hateful when considering both modalities? Return only 1 or 0.
img/47263.png,1,1,1,"Classify this meme: 1 = hateful or offensive, 0 = not hateful. Output only the digit."
img/47263.png,1,0,0,"Does the meme contain harmful or derogatory content? Answer with a single digit: 1 for yes, 0 for no."
img/18726.png,0,1,This meme is not hateful.,"Is this meme hateful? Answer 1 for hateful, 0 for not hateful."
img/18726.png,0,0,0,"Considering both the image and the text, is this meme offensive? 1=yes, 0=no."
img/18726.png,0,1,1=hateful,"Analyze the meme and decide: 1=hateful, 0=not hateful."
img/18726.png,0,0,0,"Does this meme contain hate speech or offensive content? Answer 1=yes, 0=no."
img/18726.png,0,0,0,"Evaluate the meme’s image and text together. Is it hateful? Output only 1 for hateful, 0 for not."
img/18726.png,0,0,0,"Look at both the image and the caption. If the meme expresses hate or stereotypes, reply 1. Otherwise reply 0."
img/18726.png,0,0,0,"Does the meme promote hate, discrimination, or offensive stereotypes? Respond with 1 if yes, 0 if no."
img/18726.png,0,0,0,Is the meme offensive or hateful when considering both modalities? Return only 1 or 0.
img/18726.png,0,1,1,"Classify this meme: 1 = hateful or offensive, 0 = not hateful. Output only the digit."
img/18726.png,0,0,0,"Does the meme contain harmful or derogatory content? Answer with a single digit: 1 for yes, 0 for no."
img/50379.png,0,0,0,"Is this meme hateful? Answer 1 for hateful, 0 for not hateful."
img/50379.png,0,0,0,"Considering both the image and the text, is this meme offensive? 1=yes, 0=no."
img/50379.png,0,1,1,"Analyze the meme and decide: 1=hateful, 0=not hateful."
img/50379.png,0,0,No,"Does this meme contain hate speech or offensive content? Answer 1=yes, 0=no."
img/50379.png,0,0,0,"Evaluate the meme’s image and text together. Is it hateful? Output only 1 for hateful, 0 for not."
img/50379.png,0,0,0,"Look at both the image and the caption. If the meme expresses hate or stereotypes, reply 1. Otherwise reply 0."
img/50379.png,0,0,0,"Does the meme promote hate, discrimination, or offensive stereotypes? Respond with 1 if yes, 0 if no."
img/50379.png,0,0,0,Is the meme offensive or hateful when considering both modalities? Return only 1 or 0.
img/50379.png,0,1,1,"Classify this meme: 1 = hateful or offensive, 0 = not hateful. Output only the digit."
img/50379.png,0,0,0,"Does the meme contain harmful or derogatory content? Answer with a single digit: 1 for yes, 0 for no."
img/06352.png,0,0,0,"Is this meme hateful? Answer 1 for hateful, 0 for not hateful."
img/06352.png,0,0,0,"Considering both the image and the text, is this meme offensive? 1=yes, 0=no."
img/06352.png,0,1,1=hateful,"Analyze the meme and decide: 1=hateful, 0=not hateful."
img/06352.png,0,0,0,"Does this meme contain hate speech or offensive content? Answer 1=yes, 0=no."
img/06352.png,0,0,0,"Evaluate the meme’s image and text together. Is it hateful? Output only 1 for hateful, 0 for not."
img/06352.png,0,0,0,"Look at both the image and the caption. If the meme expresses hate or stereotypes, reply 1. Otherwise reply 0."
img/06352.png,0,0,0,"Does the meme promote hate, discrimination, or offensive stereotypes? Respond with 1 if yes, 0 if no."
img/06352.png,0,0,0,Is the meme offensive or hateful when considering both modalities? Return only 1 or 0.
img/06352.png,0,0,0,"Classify this meme: 1 = hateful or offensive, 0 = not hateful. Output only the digit."
img/06352.png,0,0,0,"Does the meme contain harmful or derogatory content? Answer with a single digit: 1 for yes, 0 for no."
img/58093.png,0,0,0,"Is this meme hateful? Answer 1 for hateful, 0 for not hateful."
img/58093.png,0,0,0,"Considering both the image and the text, is this meme offensive? 1=yes, 0=no."
img/58093.png,0,1,1,"Analyze the meme and decide: 1=hateful, 0=not hateful."
img/58093.png,0,0,No.,"Does this meme contain hate speech or offensive content? Answer 1=yes, 0=no."
img/58093.png,0,0,0,"Evaluate the meme’s image and text together. Is it hateful? Output only 1 for hateful, 0 for not."
img/58093.png,0,0,0,"Look at both the image and the caption. If the meme expresses hate or stereotypes, reply 1. Otherwise reply 0."
img/58093.png,0,0,0,"Does the meme promote hate, discrimination, or offensive stereotypes? Respond with 1 if yes, 0 if no."
img/58093.png,0,0,0,Is the meme offensive or hateful when considering both modalities? Return only 1 or 0.
img/58093.png,0,1,1,"Classify this meme: 1 = hateful or offensive, 0 = not hateful. Output only the digit."
img/58093.png,0,0,0,"Does the meme contain harmful or derogatory content? Answer with a single digit: 1 for yes, 0 for no."
img/19508.png,1,1,This meme is not hateful.,"Is this meme hateful? Answer 1 for hateful, 0 for not hateful."
img/19508.png,1,0,0,"Considering both the image and the text, is this meme offensive? 1=yes, 0=no."
img/19508.png,1,1,1=hateful,"Analyze the meme and decide: 1=hateful, 0=not hateful."
img/19508.png,1,0,No.,"Does this meme contain hate speech or offensive content? Answer 1=yes, 0=no."
img/19508.png,1,0,0,"Evaluate the meme’s image and text together. Is it hateful? Output only 1 for hateful, 0 for not."
img/19508.png,1,0,0,"Look at both the image and the caption. If the meme expresses hate or stereotypes, reply 1. Otherwise reply 0."
img/19508.png,1,0,0,"Does the meme promote hate, discrimination, or offensive stereotypes? Respond with 1 if yes, 0 if no."
img/19508.png,1,1,1,Is the meme offensive or hateful when considering both modalities? Return only 1 or 0.
img/19508.png,1,1,1,"Classify this meme: 1 = hateful or offensive, 0 = not hateful. Output only the digit."
img/19508.png,1,1,1,"Does the meme contain harmful or derogatory content? Answer with a single digit: 1 for yes, 0 for no."
img/02783.png,1,0,0,"Is this meme hateful? Answer 1 for hateful, 0 for not hateful."
img/02783.png,1,0,0,"Considering both the image and the text, is this meme offensive? 1=yes, 0=no."
img/02783.png,1,1,1,"Analyze the meme and decide: 1=hateful, 0=not hateful."
img/02783.png,1,0,No,"Does this meme contain hate speech or offensive content? Answer 1=yes, 0=no."
img/02783.png,1,0,0,"Evaluate the meme’s image and text together. Is it hateful? Output only 1 for hateful, 0 for not."
img/02783.png,1,0,0,"Look at both the image and the caption. If the meme expresses hate or stereotypes, reply 1. Otherwise reply 0."
img/02783.png,1,0,0,"Does the meme promote hate, discrimination, or offensive stereotypes? Respond with 1 if yes, 0 if no."
img/02783.png,1,0,0,Is the meme offensive or hateful when considering both modalities? Return only 1 or 0.
img/02783.png,1,1,1,"Classify this meme: 1 = hateful or offensive, 0 = not hateful. Output only the digit."
img/02783.png,1,0,0,"Does the meme contain harmful or derogatory content? Answer with a single digit: 1 for yes, 0 for no."
img/41728.png,0,0,0,"Is this meme hateful? Answer 1 for hateful, 0 for not hateful."
img/41728.png,0,1,1,"Considering both the image and the text, is this meme offensive? 1=yes, 0=no."
img/41728.png,0,1,1=hateful,"Analyze the meme and decide: 1=hateful, 0=not hateful."
img/41728.png,0,0,No.,"Does this meme contain hate speech or offensive content? Answer 1=yes, 0=no."
img/41728.png,0,0,0,"Evaluate the meme’s image and text together. Is it hateful? Output only 1 for hateful, 0 for not."
img/41728.png,0,0,0,"Look at both the image and the caption. If the meme expresses hate or stereotypes, reply 1. Otherwise reply 0."
img/41728.png,0,0,0,"Does the meme promote hate, discrimination, or offensive stereotypes? Respond with 1 if yes, 0 if no."
img/41728.png,0,1,1,Is the meme offensive or hateful when considering both modalities? Return only 1 or 0.
img/41728.png,0,1,1,"Classify this meme: 1 = hateful or offensive, 0 = not hateful. Output only the digit."
img/41728.png,0,1,1,"Does the meme contain harmful or derogatory content? Answer with a single digit: 1 for yes, 0 for no."
img/51306.png,0,0,0,"Is this meme hateful? Answer 1 for hateful, 0 for not hateful."
img/51306.png,0,0,0,"Considering both the image and the text, is this meme offensive? 1=yes, 0=no."
img/51306.png,0,1,1=hateful,"Analyze the meme and decide: 1=hateful, 0=not hateful."
img/51306.png,0,0,0,"Does this meme contain hate speech or offensive content? Answer 1=yes, 0=no."
img/51306.png,0,0,0,"Evaluate the meme’s image and text together. Is it hateful? Output only 1 for hateful, 0 for not."
img/51306.png,0,0,0,"Look at both the image and the caption. If the meme expresses hate or stereotypes, reply 1. Otherwise reply 0."
img/51306.png,0,0,0,"Does the meme promote hate, discrimination, or offensive stereotypes? Respond with 1 if yes, 0 if no."
img/51306.png,0,0,0,Is the meme offensive or hateful when considering both modalities? Return only 1 or 0.
img/51306.png,0,1,1,"Classify this meme: 1 = hateful or offensive, 0 = not hateful. Output only the digit."
img/51306.png,0,0,0,"Does the meme contain harmful or derogatory content? Answer with a single digit: 1 for yes, 0 for no."
img/50241.png,1,0,0,"Is this meme hateful? Answer 1 for hateful, 0 for not hateful."
img/50241.png,1,1,1,"Considering both the image and the text, is this meme offensive? 1=yes, 0=no."
img/50241.png,1,1,1=hateful,"Analyze the meme and decide: 1=hateful, 0=not hateful."
img/50241.png,1,0,0,"Does this meme contain hate speech or offensive content? Answer 1=yes, 0=no."
img/50241.png,1,0,0,"Evaluate the meme’s image and text together. Is it hateful? Output only 1 for hateful, 0 for not."
img/50241.png,1,1,1,"Look at both the image and the caption. If the meme expresses hate or stereotypes, reply 1. Otherwise reply 0."
img/50241.png,1,0,0,"Does the meme promote hate, discrimination, or offensive stereotypes? Respond with 1 if yes, 0 if no."
img/50241.png,1,1,1,Is the meme offensive or hateful when considering both modalities? Return only 1 or 0.
img/50241.png,1,1,1,"Classify this meme: 1 = hateful or offensive, 0 = not hateful. Output only the digit."
img/50241.png,1,1,1,"Does the meme contain harmful or derogatory content? Answer with a single digit: 1 for yes, 0 for no."
img/49650.png,1,0,0,"Is this meme hateful? Answer 1 for hateful, 0 for not hateful."
img/49650.png,1,0,0,"Considering both the image and the text, is this meme offensive? 1=yes, 0=no."
img/49650.png,1,1,1=hateful,"Analyze the meme and decide: 1=hateful, 0=not hateful."
img/49650.png,1,0,0,"Does this meme contain hate speech or offensive content? Answer 1=yes, 0=no."
img/49650.png,1,0,0,"Evaluate the meme’s image and text together. Is it hateful? Output only 1 for hateful, 0 for not."
img/49650.png,1,0,0,"Look at both the image and the caption. If the meme expresses hate or stereotypes, reply 1. Otherwise reply 0."
img/49650.png,1,0,0,"Does the meme promote hate, discrimination, or offensive stereotypes? Respond with 1 if yes, 0 if no."
img/49650.png,1,0,0,Is the meme offensive or hateful when considering both modalities? Return only 1 or 0.
img/49650.png,1,1,1,"Classify this meme: 1 = hateful or offensive, 0 = not hateful. Output only the digit."
img/49650.png,1,0,0,"Does the meme contain harmful or derogatory content? Answer with a single digit: 1 for yes, 0 for no."
img/17045.png,0,0,0,"Is this meme hateful? Answer 1 for hateful, 0 for not hateful."
img/17045.png,0,0,0=no.,"Considering both the image and the text, is this meme offensive? 1=yes, 0=no."
img/17045.png,0,1,0=not hateful,"Analyze the meme and decide: 1=hateful, 0=not hateful."
img/17045.png,0,0,0=no,"Does this meme contain hate speech or offensive content? Answer 1=yes, 0=no."
img/17045.png,0,0,0,"Evaluate the meme’s image and text together. Is it hateful? Output only 1 for hateful, 0 for not."
img/17045.png,0,0,0,"Look at both the image and the caption. If the meme expresses hate or stereotypes, reply 1. Otherwise reply 0."
img/17045.png,0,0,0,"Does the meme promote hate, discrimination, or offensive stereotypes? Respond with 1 if yes, 0 if no."
img/17045.png,0,0,0,Is the meme offensive or hateful when considering both modalities? Return only 1 or 0.
img/17045.png,0,0,0,"Classify this meme: 1 = hateful or offensive, 0 = not hateful. Output only the digit."
img/17045.png,0,0,0,"Does the meme contain harmful or derogatory content? Answer with a single digit: 1 for yes, 0 for no."
img/89536.png,0,1,1,"Is this meme hateful? Answer 1 for hateful, 0 for not hateful."
img/89536.png,0,1,1,"Considering both the image and the text, is this meme offensive? 1=yes, 0=no."
img/89536.png,0,1,1=hateful,"Analyze the meme and decide: 1=hateful, 0=not hateful."
img/89536.png,0,0,No,"Does this meme contain hate speech or offensive content? Answer 1=yes, 0=no."
img/89536.png,0,1,1,"Evaluate the meme’s image and text together. Is it hateful? Output only 1 for hateful, 0 for not."
img/89536.png,0,1,1,"Look at both the image and the caption. If the meme expresses hate or stereotypes, reply 1. Otherwise reply 0."
img/89536.png,0,0,0,"Does the meme promote hate, discrimination, or offensive stereotypes? Respond with 1 if yes, 0 if no."
img/89536.png,0,1,1,Is the meme offensive or hateful when considering both modalities? Return only 1 or 0.
img/89536.png,0,1,1,"Classify this meme: 1 = hateful or offensive, 0 = not hateful. Output only the digit."
img/89536.png,0,1,1,"Does the meme contain harmful or derogatory content? Answer with a single digit: 1 for yes, 0 for no."
img/26187.png,1,0,0,"Is this meme hateful? Answer 1 for hateful, 0 for not hateful."
img/26187.png,1,0,0,"Considering both the image and the text, is this meme offensive? 1=yes, 0=no."
img/26187.png,1,1,1=hateful,"Analyze the meme and decide: 1=hateful, 0=not hateful."
img/26187.png,1,0,0,"Does this meme contain hate speech or offensive content? Answer 1=yes, 0=no."
img/26187.png,1,0,0,"Evaluate the meme’s image and text together. Is it hateful? Output only 1 for hateful, 0 for not."
img/26187.png,1,0,0,"Look at both the image and the caption. If the meme expresses hate or stereotypes, reply 1. Otherwise reply 0."
img/26187.png,1,0,0,"Does the meme promote hate, discrimination, or offensive stereotypes? Respond with 1 if yes, 0 if no."
img/26187.png,1,0,0,Is the meme offensive or hateful when considering both modalities? Return only 1 or 0.
img/26187.png,1,1,1,"Classify this meme: 1 = hateful or offensive, 0 = not hateful. Output only the digit."
img/26187.png,1,0,0,"Does the meme contain harmful or derogatory content? Answer with a single digit: 1 for yes, 0 for no."
img/74906.png,1,0,0,"Is this meme hateful? Answer 1 for hateful, 0 for not hateful."
img/74906.png,1,0,0,"Considering both the image and the text, is this meme offensive? 1=yes, 0=no."
img/74906.png,1,1,1,"Analyze the meme and decide: 1=hateful, 0=not hateful."
img/74906.png,1,0,No,"Does this meme contain hate speech or offensive content? Answer 1=yes, 0=no."
img/74906.png,1,0,0,"Evaluate the meme’s image and text together. Is it hateful? Output only 1 for hateful, 0 for not."
img/74906.png,1,0,0,"Look at both the image and the caption. If the meme expresses hate or stereotypes, reply 1. Otherwise reply 0."
img/74906.png,1,0,0,"Does the meme promote hate, discrimination, or offensive stereotypes? Respond with 1 if yes, 0 if no."
img/74906.png,1,0,"The meme is not offensive or hateful when considering both modalities. It is a humorous representation of the concept of non-binary gender identity, and does not target or mock any particular group. The use of the phrase ""are you a boy or a",Is the meme offensive or hateful when considering both modalities? Return only 1 or 0.
img/74906.png,1,1,1,"Classify this meme: 1 = hateful or offensive, 0 = not hateful. Output only the digit."
img/74906.png,1,1,1,"Does the meme contain harmful or derogatory content? Answer with a single digit: 1 for yes, 0 for no."
img/28190.png,1,1,This meme is not hateful.,"Is this meme hateful? Answer 1 for hateful, 0 for not hateful."
img/28190.png,1,0,0,"Considering both the image and the text, is this meme offensive? 1=yes, 0=no."
img/28190.png,1,1,1=hateful,"Analyze the meme and decide: 1=hateful, 0=not hateful."
img/28190.png,1,0,0,"Does this meme contain hate speech or offensive content? Answer 1=yes, 0=no."
img/28190.png,1,0,0,"Evaluate the meme’s image and text together. Is it hateful? Output only 1 for hateful, 0 for not."
img/28190.png,1,0,0,"Look at both the image and the caption. If the meme expresses hate or stereotypes, reply 1. Otherwise reply 0."
img/28190.png,1,0,0,"Does the meme promote hate, discrimination, or offensive stereotypes? Respond with 1 if yes, 0 if no."
img/28190.png,1,0,0,Is the meme offensive or hateful when considering both modalities? Return only 1 or 0.
img/28190.png,1,1,1,"Classify this meme: 1 = hateful or offensive, 0 = not hateful. Output only the digit."
img/28190.png,1,0,0,"Does the meme contain harmful or derogatory content? Answer with a single digit: 1 for yes, 0 for no."
img/89642.png,1,1,This meme is not hateful.,"Is this meme hateful? Answer 1 for hateful, 0 for not hateful."
img/89642.png,1,0,0,"Considering both the image and the text, is this meme offensive? 1=yes, 0=no."
img/89642.png,1,1,1=hateful,"Analyze the meme and decide: 1=hateful, 0=not hateful."
img/89642.png,1,0,0,"Does this meme contain hate speech or offensive content? Answer 1=yes, 0=no."
img/89642.png,1,0,0,"Evaluate the meme’s image and text together. Is it hateful? Output only 1 for hateful, 0 for not."
img/89642.png,1,0,0,"Look at both the image and the caption. If the meme expresses hate or stereotypes, reply 1. Otherwise reply 0."
img/89642.png,1,0,0,"Does the meme promote hate, discrimination, or offensive stereotypes? Respond with 1 if yes, 0 if no."
img/89642.png,1,0,0,Is the meme offensive or hateful when considering both modalities? Return only 1 or 0.
img/89642.png,1,0,0,"Classify this meme: 1 = hateful or offensive, 0 = not hateful. Output only the digit."
img/89642.png,1,0,0,"Does the meme contain harmful or derogatory content? Answer with a single digit: 1 for yes, 0 for no."
img/59170.png,0,0,0,"Is this meme hateful? Answer 1 for hateful, 0 for not hateful."
img/59170.png,0,0,0,"Considering both the image and the text, is this meme offensive? 1=yes, 0=no."
img/59170.png,0,0,0,"Analyze the meme and decide: 1=hateful, 0=not hateful."
img/59170.png,0,0,0,"Does this meme contain hate speech or offensive content? Answer 1=yes, 0=no."
img/59170.png,0,0,0,"Evaluate the meme’s image and text together. Is it hateful? Output only 1 for hateful, 0 for not."
img/59170.png,0,0,0,"Look at both the image and the caption. If the meme expresses hate or stereotypes, reply 1. Otherwise reply 0."
img/59170.png,0,0,0,"Does the meme promote hate, discrimination, or offensive stereotypes? Respond with 1 if yes, 0 if no."
img/59170.png,0,0,0,Is the meme offensive or hateful when considering both modalities? Return only 1 or 0.
img/59170.png,0,0,0,"Classify this meme: 1 = hateful or offensive, 0 = not hateful. Output only the digit."
img/59170.png,0,0,0,"Does the meme contain harmful or derogatory content? Answer with a single digit: 1 for yes, 0 for no."
img/30927.png,0,0,0,"Is this meme hateful? Answer 1 for hateful, 0 for not hateful."
img/30927.png,0,0,0,"Considering both the image and the text, is this meme offensive? 1=yes, 0=no."
img/30927.png,0,1,1=hateful,"Analyze the meme and decide: 1=hateful, 0=not hateful."
img/30927.png,0,0,0,"Does this meme contain hate speech or offensive content? Answer 1=yes, 0=no."
img/30927.png,0,0,0,"Evaluate the meme’s image and text together. Is it hateful? Output only 1 for hateful, 0 for not."
img/30927.png,0,0,0,"Look at both the image and the caption. If the meme expresses hate or stereotypes, reply 1. Otherwise reply 0."
img/30927.png,0,0,0,"Does the meme promote hate, discrimination, or offensive stereotypes? Respond with 1 if yes, 0 if no."
img/30927.png,0,0,0,Is the meme offensive or hateful when considering both modalities? Return only 1 or 0.
img/30927.png,0,1,1,"Classify this meme: 1 = hateful or offensive, 0 = not hateful. Output only the digit."
img/30927.png,0,0,0,"Does the meme contain harmful or derogatory content? Answer with a single digit: 1 for yes, 0 for no."
img/32049.png,0,0,0,"Is this meme hateful? Answer 1 for hateful, 0 for not hateful."
img/32049.png,0,0,0,"Considering both the image and the text, is this meme offensive? 1=yes, 0=no."
img/32049.png,0,1,1=hateful,"Analyze the meme and decide: 1=hateful, 0=not hateful."
img/32049.png,0,0,No.,"Does this meme contain hate speech or offensive content? Answer 1=yes, 0=no."
img/32049.png,0,0,0,"Evaluate the meme’s image and text together. Is it hateful? Output only 1 for hateful, 0 for not."
img/32049.png,0,0,0,"Look at both the image and the caption. If the meme expresses hate or stereotypes, reply 1. Otherwise reply 0."
img/32049.png,0,0,0,"Does the meme promote hate, discrimination, or offensive stereotypes? Respond with 1 if yes, 0 if no."
img/32049.png,0,0,0,Is the meme offensive or hateful when considering both modalities? Return only 1 or 0.
img/32049.png,0,1,1,"Classify this meme: 1 = hateful or offensive, 0 = not hateful. Output only the digit."
img/32049.png,0,1,1,"Does the meme contain harmful or derogatory content? Answer with a single digit: 1 for yes, 0 for no."
img/95173.png,0,1,This meme is not hateful.,"Is this meme hateful? Answer 1 for hateful, 0 for not hateful."
img/95173.png,0,1,"This meme is offensive as it makes a reference to Adolf Hitler and the Nazi regime, which is highly disrespectful and inappropriate.","Considering both the image and the text, is this meme offensive? 1=yes, 0=no."
img/95173.png,0,1,1=hateful,"Analyze the meme and decide: 1=hateful, 0=not hateful."
img/95173.png,0,1,"Yes, this meme contains hate speech and offensive content. It references the Nazi regime and makes a comparison to the political left, which is offensive and inappropriate.","Does this meme contain hate speech or offensive content? Answer 1=yes, 0=no."
img/95173.png,0,0,0,"Evaluate the meme’s image and text together. Is it hateful? Output only 1 for hateful, 0 for not."
img/95173.png,0,0,0,"Look at both the image and the caption. If the meme expresses hate or stereotypes, reply 1. Otherwise reply 0."
img/95173.png,0,0,0,"Does the meme promote hate, discrimination, or offensive stereotypes? Respond with 1 if yes, 0 if no."
img/95173.png,0,1,"The meme is offensive and hateful when considering both modalities. It uses a black and white photo of Adolf Hitler, the leader of the Nazi party, and makes a reference to the Third Reich, which is a symbol of Nazi Germany and its regime",Is the meme offensive or hateful when considering both modalities? Return only 1 or 0.
img/95173.png,0,1,1,"Classify this meme: 1 = hateful or offensive, 0 = not hateful. Output only the digit."
img/95173.png,0,1,1,"Does the meme contain harmful or derogatory content? Answer with a single digit: 1 for yes, 0 for no."
img/50198.png,0,1,This meme is not hateful.,"Is this meme hateful? Answer 1 for hateful, 0 for not hateful."
img/50198.png,0,0,0,"Considering both the image and the text, is this meme offensive? 1=yes, 0=no."
img/50198.png,0,1,1=hateful,"Analyze the meme and decide: 1=hateful, 0=not hateful."
img/50198.png,0,0,0,"Does this meme contain hate speech or offensive content? Answer 1=yes, 0=no."
img/50198.png,0,0,0,"Evaluate the meme’s image and text together. Is it hateful? Output only 1 for hateful, 0 for not."
img/50198.png,0,0,0,"Look at both the image and the caption. If the meme expresses hate or stereotypes, reply 1. Otherwise reply 0."
img/50198.png,0,0,0,"Does the meme promote hate, discrimination, or offensive stereotypes? Respond with 1 if yes, 0 if no."
img/50198.png,0,0,0,Is the meme offensive or hateful when considering both modalities? Return only 1 or 0.
img/50198.png,0,1,1,"Classify this meme: 1 = hateful or offensive, 0 = not hateful. Output only the digit."
img/50198.png,0,0,0,"Does the meme contain harmful or derogatory content? Answer with a single digit: 1 for yes, 0 for no."
img/37658.png,1,0,0,"Is this meme hateful? Answer 1 for hateful, 0 for not hateful."
img/37658.png,1,0,0,"Considering both the image and the text, is this meme offensive? 1=yes, 0=no."
img/37658.png,1,1,1,"Analyze the meme and decide: 1=hateful, 0=not hateful."
img/37658.png,1,0,0,"Does this meme contain hate speech or offensive content? Answer 1=yes, 0=no."
img/37658.png,1,0,0,"Evaluate the meme’s image and text together. Is it hateful? Output only 1 for hateful, 0 for not."
img/37658.png,1,0,0,"Look at both the image and the caption. If the meme expresses hate or stereotypes, reply 1. Otherwise reply 0."
img/37658.png,1,0,0,"Does the meme promote hate, discrimination, or offensive stereotypes? Respond with 1 if yes, 0 if no."
img/37658.png,1,0,0,Is the meme offensive or hateful when considering both modalities? Return only 1 or 0.
img/37658.png,1,1,1,"Classify this meme: 1 = hateful or offensive, 0 = not hateful. Output only the digit."
img/37658.png,1,0,0,"Does the meme contain harmful or derogatory content? Answer with a single digit: 1 for yes, 0 for no."
img/95613.png,1,1,This meme is not hateful.,"Is this meme hateful? Answer 1 for hateful, 0 for not hateful."
img/95613.png,1,0,0=no,"Considering both the image and the text, is this meme offensive? 1=yes, 0=no."
img/95613.png,1,1,1=hateful,"Analyze the meme and decide: 1=hateful, 0=not hateful."
img/95613.png,1,0,0,"Does this meme contain hate speech or offensive content? Answer 1=yes, 0=no."
img/95613.png,1,0,0,"Evaluate the meme’s image and text together. Is it hateful? Output only 1 for hateful, 0 for not."
img/95613.png,1,0,0,"Look at both the image and the caption. If the meme expresses hate or stereotypes, reply 1. Otherwise reply 0."
img/95613.png,1,0,0,"Does the meme promote hate, discrimination, or offensive stereotypes? Respond with 1 if yes, 0 if no."
img/95613.png,1,0,0,Is the meme offensive or hateful when considering both modalities? Return only 1 or 0.
img/95613.png,1,1,1,"Classify this meme: 1 = hateful or offensive, 0 = not hateful. Output only the digit."
img/95613.png,1,0,0,"Does the meme contain harmful or derogatory content? Answer with a single digit: 1 for yes, 0 for no."
img/43805.png,1,0,0,"Is this meme hateful? Answer 1 for hateful, 0 for not hateful."
img/43805.png,1,0,0,"Considering both the image and the text, is this meme offensive? 1=yes, 0=no."
img/43805.png,1,0,0,"Analyze the meme and decide: 1=hateful, 0=not hateful."
img/43805.png,1,0,0=no,"Does this meme contain hate speech or offensive content? Answer 1=yes, 0=no."
img/43805.png,1,0,0,"Evaluate the meme’s image and text together. Is it hateful? Output only 1 for hateful, 0 for not."
img/43805.png,1,0,0,"Look at both the image and the caption. If the meme expresses hate or stereotypes, reply 1. Otherwise reply 0."
img/43805.png,1,0,0,"Does the meme promote hate, discrimination, or offensive stereotypes? Respond with 1 if yes, 0 if no."
img/43805.png,1,0,0,Is the meme offensive or hateful when considering both modalities? Return only 1 or 0.
img/43805.png,1,1,1,"Classify this meme: 1 = hateful or offensive, 0 = not hateful. Output only the digit."
img/43805.png,1,0,0,"Does the meme contain harmful or derogatory content? Answer with a single digit: 1 for yes, 0 for no."
img/18306.png,1,0,0,"Is this meme hateful? Answer 1 for hateful, 0 for not hateful."
img/18306.png,1,0,0,"Considering both the image and the text, is this meme offensive? 1=yes, 0=no."
img/18306.png,1,1,1,"Analyze the meme and decide: 1=hateful, 0=not hateful."
img/18306.png,1,0,0,"Does this meme contain hate speech or offensive content? Answer 1=yes, 0=no."
img/18306.png,1,0,0,"Evaluate the meme’s image and text together. Is it hateful? Output only 1 for hateful, 0 for not."
img/18306.png,1,0,0,"Look at both the image and the caption. If the meme expresses hate or stereotypes, reply 1. Otherwise reply 0."
img/18306.png,1,0,0,"Does the meme promote hate, discrimination, or offensive stereotypes? Respond with 1 if yes, 0 if no."
img/18306.png,1,1,1,Is the meme offensive or hateful when considering both modalities? Return only 1 or 0.
img/18306.png,1,1,1,"Classify this meme: 1 = hateful or offensive, 0 = not hateful. Output only the digit."
img/18306.png,1,1,1,"Does the meme contain harmful or derogatory content? Answer with a single digit: 1 for yes, 0 for no."
img/46518.png,1,0,0,"Is this meme hateful? Answer 1 for hateful, 0 for not hateful."
img/46518.png,1,1,1,"Considering both the image and the text, is this meme offensive? 1=yes, 0=no."
img/46518.png,1,1,1=hateful,"Analyze the meme and decide: 1=hateful, 0=not hateful."
img/46518.png,1,0,No,"Does this meme contain hate speech or offensive content? Answer 1=yes, 0=no."
img/46518.png,1,0,0,"Evaluate the meme’s image and text together. Is it hateful? Output only 1 for hateful, 0 for not."
img/46518.png,1,0,0,"Look at both the image and the caption. If the meme expresses hate or stereotypes, reply 1. Otherwise reply 0."
img/46518.png,1,0,0,"Does the meme promote hate, discrimination, or offensive stereotypes? Respond with 1 if yes, 0 if no."
img/46518.png,1,1,1,Is the meme offensive or hateful when considering both modalities? Return only 1 or 0.
img/46518.png,1,1,1,"Classify this meme: 1 = hateful or offensive, 0 = not hateful. Output only the digit."
img/46518.png,1,1,1,"Does the meme contain harmful or derogatory content? Answer with a single digit: 1 for yes, 0 for no."
img/18547.png,1,0,0,"Is this meme hateful? Answer 1 for hateful, 0 for not hateful."
img/18547.png,1,1,1,"Considering both the image and the text, is this meme offensive? 1=yes, 0=no."
img/18547.png,1,1,1,"Analyze the meme and decide: 1=hateful, 0=not hateful."
img/18547.png,1,0,0,"Does this meme contain hate speech or offensive content? Answer 1=yes, 0=no."
img/18547.png,1,0,0,"Evaluate the meme’s image and text together. Is it hateful? Output only 1 for hateful, 0 for not."
img/18547.png,1,0,0,"Look at both the image and the caption. If the meme expresses hate or stereotypes, reply 1. Otherwise reply 0."
img/18547.png,1,0,0,"Does the meme promote hate, discrimination, or offensive stereotypes? Respond with 1 if yes, 0 if no."
img/18547.png,1,0,0,Is the meme offensive or hateful when considering both modalities? Return only 1 or 0.
img/18547.png,1,1,1,"Classify this meme: 1 = hateful or offensive, 0 = not hateful. Output only the digit."
img/18547.png,1,1,1,"Does the meme contain harmful or derogatory content? Answer with a single digit: 1 for yes, 0 for no."
img/02518.png,0,0,0,"Is this meme hateful? Answer 1 for hateful, 0 for not hateful."
img/02518.png,0,0,0,"Considering both the image and the text, is this meme offensive? 1=yes, 0=no."
img/02518.png,0,1,1=hateful,"Analyze the meme and decide: 1=hateful, 0=not hateful."
img/02518.png,0,0,0,"Does this meme contain hate speech or offensive content? Answer 1=yes, 0=no."
img/02518.png,0,0,0,"Evaluate the meme’s image and text together. Is it hateful? Output only 1 for hateful, 0 for not."
img/02518.png,0,0,0,"Look at both the image and the caption. If the meme expresses hate or stereotypes, reply 1. Otherwise reply 0."
img/02518.png,0,0,0,"Does the meme promote hate, discrimination, or offensive stereotypes? Respond with 1 if yes, 0 if no."
img/02518.png,0,0,0,Is the meme offensive or hateful when considering both modalities? Return only 1 or 0.
img/02518.png,0,1,1,"Classify this meme: 1 = hateful or offensive, 0 = not hateful. Output only the digit."
img/02518.png,0,1,1,"Does the meme contain harmful or derogatory content? Answer with a single digit: 1 for yes, 0 for no."
img/04621.png,0,0,0,"Is this meme hateful? Answer 1 for hateful, 0 for not hateful."
img/04621.png,0,0,0=no,"Considering both the image and the text, is this meme offensive? 1=yes, 0=no."
img/04621.png,0,1,1=hateful,"Analyze the meme and decide: 1=hateful, 0=not hateful."
img/04621.png,0,0,0,"Does this meme contain hate speech or offensive content? Answer 1=yes, 0=no."
img/04621.png,0,0,0,"Evaluate the meme’s image and text together. Is it hateful? Output only 1 for hateful, 0 for not."
img/04621.png,0,0,0,"Look at both the image and the caption. If the meme expresses hate or stereotypes, reply 1. Otherwise reply 0."
img/04621.png,0,0,0,"Does the meme promote hate, discrimination, or offensive stereotypes? Respond with 1 if yes, 0 if no."
img/04621.png,0,0,0,Is the meme offensive or hateful when considering both modalities? Return only 1 or 0.
img/04621.png,0,0,0,"Classify this meme: 1 = hateful or offensive, 0 = not hateful. Output only the digit."
img/04621.png,0,0,0,"Does the meme contain harmful or derogatory content? Answer with a single digit: 1 for yes, 0 for no."
img/98543.png,1,1,This meme is not hateful.,"Is this meme hateful? Answer 1 for hateful, 0 for not hateful."
img/98543.png,1,0,0,"Considering both the image and the text, is this meme offensive? 1=yes, 0=no."
img/98543.png,1,1,1=hateful,"Analyze the meme and decide: 1=hateful, 0=not hateful."
img/98543.png,1,0,0,"Does this meme contain hate speech or offensive content? Answer 1=yes, 0=no."
img/98543.png,1,0,0,"Evaluate the meme’s image and text together. Is it hateful? Output only 1 for hateful, 0 for not."
img/98543.png,1,1,1,"Look at both the image and the caption. If the meme expresses hate or stereotypes, reply 1. Otherwise reply 0."
img/98543.png,1,0,0,"Does the meme promote hate, discrimination, or offensive stereotypes? Respond with 1 if yes, 0 if no."
img/98543.png,1,1,"The meme is offensive when considering both modalities. It uses a person with disabilities as a punchline, which is inappropriate and disrespectful. Additionally, the comparison to drug users is stigmatizing and harmful. Therefore, the overall sentiment of the meme",Is the meme offensive or hateful when considering both modalities? Return only 1 or 0.
img/98543.png,1,1,1,"Classify this meme: 1 = hateful or offensive, 0 = not hateful. Output only the digit."
img/98543.png,1,1,1,"Does the meme contain harmful or derogatory content? Answer with a single digit: 1 for yes, 0 for no."
img/85621.png,0,0,0,"Is this meme hateful? Answer 1 for hateful, 0 for not hateful."
img/85621.png,0,0,0=no,"Considering both the image and the text, is this meme offensive? 1=yes, 0=no."
img/85621.png,0,1,1=hateful,"Analyze the meme and decide: 1=hateful, 0=not hateful."
img/85621.png,0,0,0,"Does this meme contain hate speech or offensive content? Answer 1=yes, 0=no."
img/85621.png,0,0,0,"Evaluate the meme’s image and text together. Is it hateful? Output only 1 for hateful, 0 for not."
img/85621.png,0,0,0,"Look at both the image and the caption. If the meme expresses hate or stereotypes, reply 1. Otherwise reply 0."
img/85621.png,0,0,0,"Does the meme promote hate, discrimination, or offensive stereotypes? Respond with 1 if yes, 0 if no."
img/85621.png,0,1,1,Is the meme offensive or hateful when considering both modalities? Return only 1 or 0.
img/85621.png,0,1,1,"Classify this meme: 1 = hateful or offensive, 0 = not hateful. Output only the digit."
img/85621.png,0,0,0,"Does the meme contain harmful or derogatory content? Answer with a single digit: 1 for yes, 0 for no."
img/18367.png,0,0,0,"Is this meme hateful? Answer 1 for hateful, 0 for not hateful."
img/18367.png,0,0,0,"Considering both the image and the text, is this meme offensive? 1=yes, 0=no."
img/18367.png,0,1,1,"Analyze the meme and decide: 1=hateful, 0=not hateful."
img/18367.png,0,0,0,"Does this meme contain hate speech or offensive content? Answer 1=yes, 0=no."
img/18367.png,0,0,0,"Evaluate the meme’s image and text together. Is it hateful? Output only 1 for hateful, 0 for not."
img/18367.png,0,0,0,"Look at both the image and the caption. If the meme expresses hate or stereotypes, reply 1. Otherwise reply 0."
img/18367.png,0,0,0,"Does the meme promote hate, discrimination, or offensive stereotypes? Respond with 1 if yes, 0 if no."
img/18367.png,0,0,0,Is the meme offensive or hateful when considering both modalities? Return only 1 or 0.
img/18367.png,0,1,1,"Classify this meme: 1 = hateful or offensive, 0 = not hateful. Output only the digit."
img/18367.png,0,0,0,"Does the meme contain harmful or derogatory content? Answer with a single digit: 1 for yes, 0 for no."
img/84036.png,0,0,0,"Is this meme hateful? Answer 1 for hateful, 0 for not hateful."
img/84036.png,0,1,1,"Considering both the image and the text, is this meme offensive? 1=yes, 0=no."
img/84036.png,0,1,1=hateful,"Analyze the meme and decide: 1=hateful, 0=not hateful."
img/84036.png,0,0,0=no,"Does this meme contain hate speech or offensive content? Answer 1=yes, 0=no."
img/84036.png,0,1,1,"Evaluate the meme’s image and text together. Is it hateful? Output only 1 for hateful, 0 for not."
img/84036.png,0,0,0,"Look at both the image and the caption. If the meme expresses hate or stereotypes, reply 1. Otherwise reply 0."
img/84036.png,0,0,0,"Does the meme promote hate, discrimination, or offensive stereotypes? Respond with 1 if yes, 0 if no."
img/84036.png,0,1,1,Is the meme offensive or hateful when considering both modalities? Return only 1 or 0.
img/84036.png,0,1,1,"Classify this meme: 1 = hateful or offensive, 0 = not hateful. Output only the digit."
img/84036.png,0,1,1,"Does the meme contain harmful or derogatory content? Answer with a single digit: 1 for yes, 0 for no."
img/86417.png,1,0,0,"Is this meme hateful? Answer 1 for hateful, 0 for not hateful."
img/86417.png,1,1,"Yes, the meme is offensive. It portrays Adolf Hitler, a notorious dictator responsible for the murder of millions of people, as having a moral dilemma. The text implies that Hitler could have killed all of his victims but chose to let some survive so","Considering both the image and the text, is this meme offensive? 1=yes, 0=no."
img/86417.png,1,1,1=hateful,"Analyze the meme and decide: 1=hateful, 0=not hateful."
img/86417.png,1,0,No,"Does this meme contain hate speech or offensive content? Answer 1=yes, 0=no."
img/86417.png,1,0,0,"Evaluate the meme’s image and text together. Is it hateful? Output only 1 for hateful, 0 for not."
img/86417.png,1,0,0,"Look at both the image and the caption. If the meme expresses hate or stereotypes, reply 1. Otherwise reply 0."
img/86417.png,1,0,0,"Does the meme promote hate, discrimination, or offensive stereotypes? Respond with 1 if yes, 0 if no."
img/86417.png,1,1,1,Is the meme offensive or hateful when considering both modalities? Return only 1 or 0.
img/86417.png,1,1,1,"Classify this meme: 1 = hateful or offensive, 0 = not hateful. Output only the digit."
img/86417.png,1,1,1,"Does the meme contain harmful or derogatory content? Answer with a single digit: 1 for yes, 0 for no."
img/92567.png,0,1,This meme is not hateful.,"Is this meme hateful? Answer 1 for hateful, 0 for not hateful."
img/92567.png,0,0,0,"Considering both the image and the text, is this meme offensive? 1=yes, 0=no."
img/92567.png,0,1,1=hateful,"Analyze the meme and decide: 1=hateful, 0=not hateful."
img/92567.png,0,0,0=no,"Does this meme contain hate speech or offensive content? Answer 1=yes, 0=no."
img/92567.png,0,0,0,"Evaluate the meme’s image and text together. Is it hateful? Output only 1 for hateful, 0 for not."
img/92567.png,0,0,0,"Look at both the image and the caption. If the meme expresses hate or stereotypes, reply 1. Otherwise reply 0."
img/92567.png,0,0,0,"Does the meme promote hate, discrimination, or offensive stereotypes? Respond with 1 if yes, 0 if no."
img/92567.png,0,0,0,Is the meme offensive or hateful when considering both modalities? Return only 1 or 0.
img/92567.png,0,1,1,"Classify this meme: 1 = hateful or offensive, 0 = not hateful. Output only the digit."
img/92567.png,0,0,0,"Does the meme contain harmful or derogatory content? Answer with a single digit: 1 for yes, 0 for no."
img/63921.png,0,0,0,"Is this meme hateful? Answer 1 for hateful, 0 for not hateful."
img/63921.png,0,0,0,"Considering both the image and the text, is this meme offensive? 1=yes, 0=no."
img/63921.png,0,1,1,"Analyze the meme and decide: 1=hateful, 0=not hateful."
img/63921.png,0,0,0,"Does this meme contain hate speech or offensive content? Answer 1=yes, 0=no."
img/63921.png,0,0,0,"Evaluate the meme’s image and text together. Is it hateful? Output only 1 for hateful, 0 for not."
img/63921.png,0,0,0,"Look at both the image and the caption. If the meme expresses hate or stereotypes, reply 1. Otherwise reply 0."
img/63921.png,0,0,0,"Does the meme promote hate, discrimination, or offensive stereotypes? Respond with 1 if yes, 0 if no."
img/63921.png,0,0,0,Is the meme offensive or hateful when considering both modalities? Return only 1 or 0.
img/63921.png,0,0,0,"Classify this meme: 1 = hateful or offensive, 0 = not hateful. Output only the digit."
img/63921.png,0,0,0,"Does the meme contain harmful or derogatory content? Answer with a single digit: 1 for yes, 0 for no."
img/72864.png,1,0,0,"Is this meme hateful? Answer 1 for hateful, 0 for not hateful."
img/72864.png,1,0,0,"Considering both the image and the text, is this meme offensive? 1=yes, 0=no."
img/72864.png,1,0,0,"Analyze the meme and decide: 1=hateful, 0=not hateful."
img/72864.png,1,0,0,"Does this meme contain hate speech or offensive content? Answer 1=yes, 0=no."
img/72864.png,1,0,0,"Evaluate the meme’s image and text together. Is it hateful? Output only 1 for hateful, 0 for not."
img/72864.png,1,0,0,"Look at both the image and the caption. If the meme expresses hate or stereotypes, reply 1. Otherwise reply 0."
img/72864.png,1,0,0,"Does the meme promote hate, discrimination, or offensive stereotypes? Respond with 1 if yes, 0 if no."
img/72864.png,1,0,0,Is the meme offensive or hateful when considering both modalities? Return only 1 or 0.
img/72864.png,1,1,1,"Classify this meme: 1 = hateful or offensive, 0 = not hateful. Output only the digit."
img/72864.png,1,0,0,"Does the meme contain harmful or derogatory content? Answer with a single digit: 1 for yes, 0 for no."
img/30586.png,0,0,0,"Is this meme hateful? Answer 1 for hateful, 0 for not hateful."
img/30586.png,0,0,0,"Considering both the image and the text, is this meme offensive? 1=yes, 0=no."
img/30586.png,0,1,1=hateful,"Analyze the meme and decide: 1=hateful, 0=not hateful."
img/30586.png,0,0,0,"Does this meme contain hate speech or offensive content? Answer 1=yes, 0=no."
img/30586.png,0,0,0,"Evaluate the meme’s image and text together. Is it hateful? Output only 1 for hateful, 0 for not."
img/30586.png,0,1,1,"Look at both the image and the caption. If the meme expresses hate or stereotypes, reply 1. Otherwise reply 0."
img/30586.png,0,0,0,"Does the meme promote hate, discrimination, or offensive stereotypes? Respond with 1 if yes, 0 if no."
img/30586.png,0,0,0,Is the meme offensive or hateful when considering both modalities? Return only 1 or 0.
img/30586.png,0,1,1,"Classify this meme: 1 = hateful or offensive, 0 = not hateful. Output only the digit."
img/30586.png,0,0,0,"Does the meme contain harmful or derogatory content? Answer with a single digit: 1 for yes, 0 for no."
img/83264.png,1,0,0,"Is this meme hateful? Answer 1 for hateful, 0 for not hateful."
img/83264.png,1,0,0,"Considering both the image and the text, is this meme offensive? 1=yes, 0=no."
img/83264.png,1,1,1,"Analyze the meme and decide: 1=hateful, 0=not hateful."
img/83264.png,1,0,0,"Does this meme contain hate speech or offensive content? Answer 1=yes, 0=no."
img/83264.png,1,0,0,"Evaluate the meme’s image and text together. Is it hateful? Output only 1 for hateful, 0 for not."
img/83264.png,1,0,0,"Look at both the image and the caption. If the meme expresses hate or stereotypes, reply 1. Otherwise reply 0."
img/83264.png,1,0,0,"Does the meme promote hate, discrimination, or offensive stereotypes? Respond with 1 if yes, 0 if no."
img/83264.png,1,0,0,Is the meme offensive or hateful when considering both modalities? Return only 1 or 0.
img/83264.png,1,1,1,"Classify this meme: 1 = hateful or offensive, 0 = not hateful. Output only the digit."
img/83264.png,1,0,0,"Does the meme contain harmful or derogatory content? Answer with a single digit: 1 for yes, 0 for no."
img/93041.png,0,0,0,"Is this meme hateful? Answer 1 for hateful, 0 for not hateful."
img/93041.png,0,0,0=no.,"Considering both the image and the text, is this meme offensive? 1=yes, 0=no."
img/93041.png,0,1,1=hateful,"Analyze the meme and decide: 1=hateful, 0=not hateful."
img/93041.png,0,0,0,"Does this meme contain hate speech or offensive content? Answer 1=yes, 0=no."
img/93041.png,0,0,0,"Evaluate the meme’s image and text together. Is it hateful? Output only 1 for hateful, 0 for not."
img/93041.png,0,0,0,"Look at both the image and the caption. If the meme expresses hate or stereotypes, reply 1. Otherwise reply 0."
img/93041.png,0,0,0,"Does the meme promote hate, discrimination, or offensive stereotypes? Respond with 1 if yes, 0 if no."
img/93041.png,0,0,0,Is the meme offensive or hateful when considering both modalities? Return only 1 or 0.
img/93041.png,0,1,1,"Classify this meme: 1 = hateful or offensive, 0 = not hateful. Output only the digit."
img/93041.png,0,0,0,"Does the meme contain harmful or derogatory content? Answer with a single digit: 1 for yes, 0 for no."
img/97305.png,1,1,1,"Is this meme hateful? Answer 1 for hateful, 0 for not hateful."
img/97305.png,1,1,1,"Considering both the image and the text, is this meme offensive? 1=yes, 0=no."
img/97305.png,1,1,1,"Analyze the meme and decide: 1=hateful, 0=not hateful."
img/97305.png,1,1,Yes,"Does this meme contain hate speech or offensive content? Answer 1=yes, 0=no."
img/97305.png,1,0,0,"Evaluate the meme’s image and text together. Is it hateful? Output only 1 for hateful, 0 for not."
img/97305.png,1,0,0,"Look at both the image and the caption. If the meme expresses hate or stereotypes, reply 1. Otherwise reply 0."
img/97305.png,1,0,0,"Does the meme promote hate, discrimination, or offensive stereotypes? Respond with 1 if yes, 0 if no."
img/97305.png,1,1,1,Is the meme offensive or hateful when considering both modalities? Return only 1 or 0.
img/97305.png,1,1,1,"Classify this meme: 1 = hateful or offensive, 0 = not hateful. Output only the digit."
img/97305.png,1,1,1,"Does the meme contain harmful or derogatory content? Answer with a single digit: 1 for yes, 0 for no."
img/03568.png,0,0,0,"Is this meme hateful? Answer 1 for hateful, 0 for not hateful."
img/03568.png,0,0,0,"Considering both the image and the text, is this meme offensive? 1=yes, 0=no."
img/03568.png,0,1,1=hateful,"Analyze the meme and decide: 1=hateful, 0=not hateful."
img/03568.png,0,0,0,"Does this meme contain hate speech or offensive content? Answer 1=yes, 0=no."
img/03568.png,0,0,0,"Evaluate the meme’s image and text together. Is it hateful? Output only 1 for hateful, 0 for not."
img/03568.png,0,0,0,"Look at both the image and the caption. If the meme expresses hate or stereotypes, reply 1. Otherwise reply 0."
img/03568.png,0,0,0,"Does the meme promote hate, discrimination, or offensive stereotypes? Respond with 1 if yes, 0 if no."
img/03568.png,0,1,1,Is the meme offensive or hateful when considering both modalities? Return only 1 or 0.
img/03568.png,0,1,1,"Classify this meme: 1 = hateful or offensive, 0 = not hateful. Output only the digit."
img/03568.png,0,0,0,"Does the meme contain harmful or derogatory content? Answer with a single digit: 1 for yes, 0 for no."
img/07653.png,1,0,0,"Is this meme hateful? Answer 1 for hateful, 0 for not hateful."
img/07653.png,1,0,0,"Considering both the image and the text, is this meme offensive? 1=yes, 0=no."
img/07653.png,1,1,1=hateful,"Analyze the meme and decide: 1=hateful, 0=not hateful."
img/07653.png,1,0,No,"Does this meme contain hate speech or offensive content? Answer 1=yes, 0=no."
img/07653.png,1,0,0,"Evaluate the meme’s image and text together. Is it hateful? Output only 1 for hateful, 0 for not."
img/07653.png,1,0,0,"Look at both the image and the caption. If the meme expresses hate or stereotypes, reply 1. Otherwise reply 0."
img/07653.png,1,0,0,"Does the meme promote hate, discrimination, or offensive stereotypes? Respond with 1 if yes, 0 if no."
img/07653.png,1,0,0,Is the meme offensive or hateful when considering both modalities? Return only 1 or 0.
img/07653.png,1,1,1,"Classify this meme: 1 = hateful or offensive, 0 = not hateful. Output only the digit."
img/07653.png,1,0,0,"Does the meme contain harmful or derogatory content? Answer with a single digit: 1 for yes, 0 for no."
img/26397.png,0,1,1,"Is this meme hateful? Answer 1 for hateful, 0 for not hateful."
img/26397.png,0,1,1,"Considering both the image and the text, is this meme offensive? 1=yes, 0=no."
img/26397.png,0,1,1=hateful,"Analyze the meme and decide: 1=hateful, 0=not hateful."
img/26397.png,0,0,No,"Does this meme contain hate speech or offensive content? Answer 1=yes, 0=no."
img/26397.png,0,1,1,"Evaluate the meme’s image and text together. Is it hateful? Output only 1 for hateful, 0 for not."
img/26397.png,0,0,0,"Look at both the image and the caption. If the meme expresses hate or stereotypes, reply 1. Otherwise reply 0."
img/26397.png,0,0,0,"Does the meme promote hate, discrimination, or offensive stereotypes? Respond with 1 if yes, 0 if no."
img/26397.png,0,1,1,Is the meme offensive or hateful when considering both modalities? Return only 1 or 0.
img/26397.png,0,1,1,"Classify this meme: 1 = hateful or offensive, 0 = not hateful. Output only the digit."
img/26397.png,0,1,1,"Does the meme contain harmful or derogatory content? Answer with a single digit: 1 for yes, 0 for no."
img/03217.png,0,1,This meme is not hateful.,"Is this meme hateful? Answer 1 for hateful, 0 for not hateful."
img/03217.png,0,0,0,"Considering both the image and the text, is this meme offensive? 1=yes, 0=no."
img/03217.png,0,1,1=hateful,"Analyze the meme and decide: 1=hateful, 0=not hateful."
img/03217.png,0,0,No.,"Does this meme contain hate speech or offensive content? Answer 1=yes, 0=no."
img/03217.png,0,0,0,"Evaluate the meme’s image and text together. Is it hateful? Output only 1 for hateful, 0 for not."
img/03217.png,0,0,0,"Look at both the image and the caption. If the meme expresses hate or stereotypes, reply 1. Otherwise reply 0."
img/03217.png,0,0,0,"Does the meme promote hate, discrimination, or offensive stereotypes? Respond with 1 if yes, 0 if no."
img/03217.png,0,0,0,Is the meme offensive or hateful when considering both modalities? Return only 1 or 0.
img/03217.png,0,1,1,"Classify this meme: 1 = hateful or offensive, 0 = not hateful. Output only the digit."
img/03217.png,0,0,0,"Does the meme contain harmful or derogatory content? Answer with a single digit: 1 for yes, 0 for no."
img/40618.png,0,0,0,"Is this meme hateful? Answer 1 for hateful, 0 for not hateful."
img/40618.png,0,0,0,"Considering both the image and the text, is this meme offensive? 1=yes, 0=no."
img/40618.png,0,1,0=not hateful,"Analyze the meme and decide: 1=hateful, 0=not hateful."
img/40618.png,0,0,0,"Does this meme contain hate speech or offensive content? Answer 1=yes, 0=no."
img/40618.png,0,0,0,"Evaluate the meme’s image and text together. Is it hateful? Output only 1 for hateful, 0 for not."
img/40618.png,0,0,0,"Look at both the image and the caption. If the meme expresses hate or stereotypes, reply 1. Otherwise reply 0."
img/40618.png,0,0,0,"Does the meme promote hate, discrimination, or offensive stereotypes? Respond with 1 if yes, 0 if no."
img/40618.png,0,0,0,Is the meme offensive or hateful when considering both modalities? Return only 1 or 0.
img/40618.png,0,1,1,"Classify this meme: 1 = hateful or offensive, 0 = not hateful. Output only the digit."
img/40618.png,0,0,0,"Does the meme contain harmful or derogatory content? Answer with a single digit: 1 for yes, 0 for no."
img/67208.png,0,1,This meme is not hateful.,"Is this meme hateful? Answer 1 for hateful, 0 for not hateful."
img/67208.png,0,1,This meme is offensive.,"Considering both the image and the text, is this meme offensive? 1=yes, 0=no."
img/67208.png,0,0,0,"Analyze the meme and decide: 1=hateful, 0=not hateful."
img/67208.png,0,0,No.,"Does this meme contain hate speech or offensive content? Answer 1=yes, 0=no."
img/67208.png,0,0,0,"Evaluate the meme’s image and text together. Is it hateful? Output only 1 for hateful, 0 for not."
img/67208.png,0,0,0,"Look at both the image and the caption. If the meme expresses hate or stereotypes, reply 1. Otherwise reply 0."
img/67208.png,0,0,0,"Does the meme promote hate, discrimination, or offensive stereotypes? Respond with 1 if yes, 0 if no."
img/67208.png,0,0,0,Is the meme offensive or hateful when considering both modalities? Return only 1 or 0.
img/67208.png,0,1,1,"Classify this meme: 1 = hateful or offensive, 0 = not hateful. Output only the digit."
img/67208.png,0,0,0,"Does the meme contain harmful or derogatory content? Answer with a single digit: 1 for yes, 0 for no."
img/03798.png,0,0,0,"Is this meme hateful? Answer 1 for hateful, 0 for not hateful."
img/03798.png,0,0,0,"Considering both the image and the text, is this meme offensive? 1=yes, 0=no."
img/03798.png,0,1,1,"Analyze the meme and decide: 1=hateful, 0=not hateful."
img/03798.png,0,0,0,"Does this meme contain hate speech or offensive content? Answer 1=yes, 0=no."
img/03798.png,0,0,0,"Evaluate the meme’s image and text together. Is it hateful? Output only 1 for hateful, 0 for not."
img/03798.png,0,0,0,"Look at both the image and the caption. If the meme expresses hate or stereotypes, reply 1. Otherwise reply 0."
img/03798.png,0,0,0,"Does the meme promote hate, discrimination, or offensive stereotypes? Respond with 1 if yes, 0 if no."
img/03798.png,0,0,0,Is the meme offensive or hateful when considering both modalities? Return only 1 or 0.
img/03798.png,0,1,1,"Classify this meme: 1 = hateful or offensive, 0 = not hateful. Output only the digit."
img/03798.png,0,0,0,"Does the meme contain harmful or derogatory content? Answer with a single digit: 1 for yes, 0 for no."
img/12468.png,0,0,0,"Is this meme hateful? Answer 1 for hateful, 0 for not hateful."
img/12468.png,0,0,0=no,"Considering both the image and the text, is this meme offensive? 1=yes, 0=no."
img/12468.png,0,1,1,"Analyze the meme and decide: 1=hateful, 0=not hateful."
img/12468.png,0,0,No,"Does this meme contain hate speech or offensive content? Answer 1=yes, 0=no."
img/12468.png,0,0,0,"Evaluate the meme’s image and text together. Is it hateful? Output only 1 for hateful, 0 for not."
img/12468.png,0,0,0,"Look at both the image and the caption. If the meme expresses hate or stereotypes, reply 1. Otherwise reply 0."
img/12468.png,0,0,0,"Does the meme promote hate, discrimination, or offensive stereotypes? Respond with 1 if yes, 0 if no."
img/12468.png,0,0,0,Is the meme offensive or hateful when considering both modalities? Return only 1 or 0.
img/12468.png,0,1,1,"Classify this meme: 1 = hateful or offensive, 0 = not hateful. Output only the digit."
img/12468.png,0,0,0,"Does the meme contain harmful or derogatory content? Answer with a single digit: 1 for yes, 0 for no."
img/16842.png,0,0,0,"Is this meme hateful? Answer 1 for hateful, 0 for not hateful."
img/16842.png,0,0,0,"Considering both the image and the text, is this meme offensive? 1=yes, 0=no."
img/16842.png,0,1,1=hateful,"Analyze the meme and decide: 1=hateful, 0=not hateful."
img/16842.png,0,0,0,"Does this meme contain hate speech or offensive content? Answer 1=yes, 0=no."
img/16842.png,0,0,0,"Evaluate the meme’s image and text together. Is it hateful? Output only 1 for hateful, 0 for not."
img/16842.png,0,0,0,"Look at both the image and the caption. If the meme expresses hate or stereotypes, reply 1. Otherwise reply 0."
img/16842.png,0,0,0,"Does the meme promote hate, discrimination, or offensive stereotypes? Respond with 1 if yes, 0 if no."
img/16842.png,0,0,0,Is the meme offensive or hateful when considering both modalities? Return only 1 or 0.
img/16842.png,0,1,1,"Classify this meme: 1 = hateful or offensive, 0 = not hateful. Output only the digit."
img/16842.png,0,0,0,"Does the meme contain harmful or derogatory content? Answer with a single digit: 1 for yes, 0 for no."
img/68043.png,1,1,This meme is not hateful.,"Is this meme hateful? Answer 1 for hateful, 0 for not hateful."
img/68043.png,1,0,0,"Considering both the image and the text, is this meme offensive? 1=yes, 0=no."
img/68043.png,1,1,1=hateful,"Analyze the meme and decide: 1=hateful, 0=not hateful."
img/68043.png,1,0,No.,"Does this meme contain hate speech or offensive content? Answer 1=yes, 0=no."
img/68043.png,1,0,0,"Evaluate the meme’s image and text together. Is it hateful? Output only 1 for hateful, 0 for not."
img/68043.png,1,0,0,"Look at both the image and the caption. If the meme expresses hate or stereotypes, reply 1. Otherwise reply 0."
img/68043.png,1,0,0,"Does the meme promote hate, discrimination, or offensive stereotypes? Respond with 1 if yes, 0 if no."
img/68043.png,1,1,1,Is the meme offensive or hateful when considering both modalities? Return only 1 or 0.
img/68043.png,1,1,1,"Classify this meme: 1 = hateful or offensive, 0 = not hateful. Output only the digit."
img/68043.png,1,0,0,"Does the meme contain harmful or derogatory content? Answer with a single digit: 1 for yes, 0 for no."
img/51807.png,0,0,0,"Is this meme hateful? Answer 1 for hateful, 0 for not hateful."
img/51807.png,0,0,0,"Considering both the image and the text, is this meme offensive? 1=yes, 0=no."
img/51807.png,0,1,1=hateful,"Analyze the meme and decide: 1=hateful, 0=not hateful."
img/51807.png,0,0,0,"Does this meme contain hate speech or offensive content? Answer 1=yes, 0=no."
img/51807.png,0,0,0,"Evaluate the meme’s image and text together. Is it hateful? Output only 1 for hateful, 0 for not."
img/51807.png,0,0,0,"Look at both the image and the caption. If the meme expresses hate or stereotypes, reply 1. Otherwise reply 0."
img/51807.png,0,0,0,"Does the meme promote hate, discrimination, or offensive stereotypes? Respond with 1 if yes, 0 if no."
img/51807.png,0,0,0,Is the meme offensive or hateful when considering both modalities? Return only 1 or 0.
img/51807.png,0,1,1,"Classify this meme: 1 = hateful or offensive, 0 = not hateful. Output only the digit."
img/51807.png,0,1,1,"Does the meme contain harmful or derogatory content? Answer with a single digit: 1 for yes, 0 for no."
img/78914.png,0,0,0,"Is this meme hateful? Answer 1 for hateful, 0 for not hateful."
img/78914.png,0,1,1,"Considering both the image and the text, is this meme offensive? 1=yes, 0=no."
img/78914.png,0,1,1=hateful,"Analyze the meme and decide: 1=hateful, 0=not hateful."
img/78914.png,0,0,No,"Does this meme contain hate speech or offensive content? Answer 1=yes, 0=no."
img/78914.png,0,0,0,"Evaluate the meme’s image and text together. Is it hateful? Output only 1 for hateful, 0 for not."
img/78914.png,0,1,1,"Look at both the image and the caption. If the meme expresses hate or stereotypes, reply 1. Otherwise reply 0."
img/78914.png,0,0,0,"Does the meme promote hate, discrimination, or offensive stereotypes? Respond with 1 if yes, 0 if no."
img/78914.png,0,1,1,Is the meme offensive or hateful when considering both modalities? Return only 1 or 0.
img/78914.png,0,1,1,"Classify this meme: 1 = hateful or offensive, 0 = not hateful. Output only the digit."
img/78914.png,0,1,1,"Does the meme contain harmful or derogatory content? Answer with a single digit: 1 for yes, 0 for no."
img/47950.png,0,1,1,"Is this meme hateful? Answer 1 for hateful, 0 for not hateful."
img/47950.png,0,1,1,"Considering both the image and the text, is this meme offensive? 1=yes, 0=no."
img/47950.png,0,1,1=hateful,"Analyze the meme and decide: 1=hateful, 0=not hateful."
img/47950.png,0,1,1=yes,"Does this meme contain hate speech or offensive content? Answer 1=yes, 0=no."
img/47950.png,0,1,1,"Evaluate the meme’s image and text together. Is it hateful? Output only 1 for hateful, 0 for not."
img/47950.png,0,1,1,"Look at both the image and the caption. If the meme expresses hate or stereotypes, reply 1. Otherwise reply 0."
img/47950.png,0,1,1,"Does the meme promote hate, discrimination, or offensive stereotypes? Respond with 1 if yes, 0 if no."
img/47950.png,0,1,1,Is the meme offensive or hateful when considering both modalities? Return only 1 or 0.
img/47950.png,0,1,1,"Classify this meme: 1 = hateful or offensive, 0 = not hateful. Output only the digit."
img/47950.png,0,1,1,"Does the meme contain harmful or derogatory content? Answer with a single digit: 1 for yes, 0 for no."
img/95487.png,0,0,0,"Is this meme hateful? Answer 1 for hateful, 0 for not hateful."
img/95487.png,0,0,0,"Considering both the image and the text, is this meme offensive? 1=yes, 0=no."
img/95487.png,0,1,1,"Analyze the meme and decide: 1=hateful, 0=not hateful."
img/95487.png,0,0,0=no,"Does this meme contain hate speech or offensive content? Answer 1=yes, 0=no."
img/95487.png,0,0,0,"Evaluate the meme’s image and text together. Is it hateful? Output only 1 for hateful, 0 for not."
img/95487.png,0,0,0,"Look at both the image and the caption. If the meme expresses hate or stereotypes, reply 1. Otherwise reply 0."
img/95487.png,0,0,0,"Does the meme promote hate, discrimination, or offensive stereotypes? Respond with 1 if yes, 0 if no."
img/95487.png,0,0,0,Is the meme offensive or hateful when considering both modalities? Return only 1 or 0.
img/95487.png,0,0,0,"Classify this meme: 1 = hateful or offensive, 0 = not hateful. Output only the digit."
img/95487.png,0,0,0,"Does the meme contain harmful or derogatory content? Answer with a single digit: 1 for yes, 0 for no."
img/49260.png,0,0,0,"Is this meme hateful? Answer 1 for hateful, 0 for not hateful."
img/49260.png,0,0,0,"Considering both the image and the text, is this meme offensive? 1=yes, 0=no."
img/49260.png,0,1,1=hateful,"Analyze the meme and decide: 1=hateful, 0=not hateful."
img/49260.png,0,0,No.,"Does this meme contain hate speech or offensive content? Answer 1=yes, 0=no."
img/49260.png,0,0,0,"Evaluate the meme’s image and text together. Is it hateful? Output only 1 for hateful, 0 for not."
img/49260.png,0,0,0,"Look at both the image and the caption. If the meme expresses hate or stereotypes, reply 1. Otherwise reply 0."
img/49260.png,0,0,0,"Does the meme promote hate, discrimination, or offensive stereotypes? Respond with 1 if yes, 0 if no."
img/49260.png,0,0,0,Is the meme offensive or hateful when considering both modalities? Return only 1 or 0.
img/49260.png,0,1,1,"Classify this meme: 1 = hateful or offensive, 0 = not hateful. Output only the digit."
img/49260.png,0,1,1,"Does the meme contain harmful or derogatory content? Answer with a single digit: 1 for yes, 0 for no."
img/20861.png,1,1,1,"Is this meme hateful? Answer 1 for hateful, 0 for not hateful."
img/20861.png,1,1,1,"Considering both the image and the text, is this meme offensive? 1=yes, 0=no."
img/20861.png,1,1,1=hateful,"Analyze the meme and decide: 1=hateful, 0=not hateful."
img/20861.png,1,1,1,"Does this meme contain hate speech or offensive content? Answer 1=yes, 0=no."
img/20861.png,1,1,1,"Evaluate the meme’s image and text together. Is it hateful? Output only 1 for hateful, 0 for not."
img/20861.png,1,1,1,"Look at both the image and the caption. If the meme expresses hate or stereotypes, reply 1. Otherwise reply 0."
img/20861.png,1,1,1,"Does the meme promote hate, discrimination, or offensive stereotypes? Respond with 1 if yes, 0 if no."
img/20861.png,1,1,1,Is the meme offensive or hateful when considering both modalities? Return only 1 or 0.
img/20861.png,1,1,1,"Classify this meme: 1 = hateful or offensive, 0 = not hateful. Output only the digit."
img/20861.png,1,1,1,"Does the meme contain harmful or derogatory content? Answer with a single digit: 1 for yes, 0 for no."
img/38914.png,0,0,0,"Is this meme hateful? Answer 1 for hateful, 0 for not hateful."
img/38914.png,0,0,0.,"Considering both the image and the text, is this meme offensive? 1=yes, 0=no."
img/38914.png,0,1,1=hateful,"Analyze the meme and decide: 1=hateful, 0=not hateful."
img/38914.png,0,0,No.,"Does this meme contain hate speech or offensive content? Answer 1=yes, 0=no."
img/38914.png,0,0,0,"Evaluate the meme’s image and text together. Is it hateful? Output only 1 for hateful, 0 for not."
img/38914.png,0,0,0,"Look at both the image and the caption. If the meme expresses hate or stereotypes, reply 1. Otherwise reply 0."
img/38914.png,0,0,0,"Does the meme promote hate, discrimination, or offensive stereotypes? Respond with 1 if yes, 0 if no."
img/38914.png,0,0,0,Is the meme offensive or hateful when considering both modalities? Return only 1 or 0.
img/38914.png,0,1,1,"Classify this meme: 1 = hateful or offensive, 0 = not hateful. Output only the digit."
img/38914.png,0,0,0,"Does the meme contain harmful or derogatory content? Answer with a single digit: 1 for yes, 0 for no."
img/47016.png,1,0,0,"Is this meme hateful? Answer 1 for hateful, 0 for not hateful."
img/47016.png,1,0,0,"Considering both the image and the text, is this meme offensive? 1=yes, 0=no."
img/47016.png,1,1,0=not hateful,"Analyze the meme and decide: 1=hateful, 0=not hateful."
img/47016.png,1,0,0,"Does this meme contain hate speech or offensive content? Answer 1=yes, 0=no."
img/47016.png,1,0,0,"Evaluate the meme’s image and text together. Is it hateful? Output only 1 for hateful, 0 for not."
img/47016.png,1,0,0,"Look at both the image and the caption. If the meme expresses hate or stereotypes, reply 1. Otherwise reply 0."
img/47016.png,1,0,0,"Does the meme promote hate, discrimination, or offensive stereotypes? Respond with 1 if yes, 0 if no."
img/47016.png,1,0,0,Is the meme offensive or hateful when considering both modalities? Return only 1 or 0.
img/47016.png,1,1,1,"Classify this meme: 1 = hateful or offensive, 0 = not hateful. Output only the digit."
img/47016.png,1,0,0,"Does the meme contain harmful or derogatory content? Answer with a single digit: 1 for yes, 0 for no."
img/14389.png,1,1,1,"Is this meme hateful? Answer 1 for hateful, 0 for not hateful."
img/14389.png,1,1,1,"Considering both the image and the text, is this meme offensive? 1=yes, 0=no."
img/14389.png,1,1,1=hateful,"Analyze the meme and decide: 1=hateful, 0=not hateful."
img/14389.png,1,1,1,"Does this meme contain hate speech or offensive content? Answer 1=yes, 0=no."
img/14389.png,1,1,1,"Evaluate the meme’s image and text together. Is it hateful? Output only 1 for hateful, 0 for not."
img/14389.png,1,0,0,"Look at both the image and the caption. If the meme expresses hate or stereotypes, reply 1. Otherwise reply 0."
img/14389.png,1,1,1,"Does the meme promote hate, discrimination, or offensive stereotypes? Respond with 1 if yes, 0 if no."
img/14389.png,1,1,1,Is the meme offensive or hateful when considering both modalities? Return only 1 or 0.
img/14389.png,1,1,1,"Classify this meme: 1 = hateful or offensive, 0 = not hateful. Output only the digit."
img/14389.png,1,1,1,"Does the meme contain harmful or derogatory content? Answer with a single digit: 1 for yes, 0 for no."
img/35487.png,0,0,0,"Is this meme hateful? Answer 1 for hateful, 0 for not hateful."
img/35487.png,0,0,0,"Considering both the image and the text, is this meme offensive? 1=yes, 0=no."
img/35487.png,0,1,0=not hateful,"Analyze the meme and decide: 1=hateful, 0=not hateful."
img/35487.png,0,0,0=no,"Does this meme contain hate speech or offensive content? Answer 1=yes, 0=no."
img/35487.png,0,0,0,"Evaluate the meme’s image and text together. Is it hateful? Output only 1 for hateful, 0 for not."
img/35487.png,0,0,0,"Look at both the image and the caption. If the meme expresses hate or stereotypes, reply 1. Otherwise reply 0."
img/35487.png,0,0,0,"Does the meme promote hate, discrimination, or offensive stereotypes? Respond with 1 if yes, 0 if no."
img/35487.png,0,0,0,Is the meme offensive or hateful when considering both modalities? Return only 1 or 0.
img/35487.png,0,1,1,"Classify this meme: 1 = hateful or offensive, 0 = not hateful. Output only the digit."
img/35487.png,0,0,0,"Does the meme contain harmful or derogatory content? Answer with a single digit: 1 for yes, 0 for no."
img/84150.png,0,0,0,"Is this meme hateful? Answer 1 for hateful, 0 for not hateful."
img/84150.png,0,0,0,"Considering both the image and the text, is this meme offensive? 1=yes, 0=no."
img/84150.png,0,1,1=hateful,"Analyze the meme and decide: 1=hateful, 0=not hateful."
img/84150.png,0,0,0,"Does this meme contain hate speech or offensive content? Answer 1=yes, 0=no."
img/84150.png,0,0,0,"Evaluate the meme’s image and text together. Is it hateful? Output only 1 for hateful, 0 for not."
img/84150.png,0,0,0,"Look at both the image and the caption. If the meme expresses hate or stereotypes, reply 1. Otherwise reply 0."
img/84150.png,0,0,0,"Does the meme promote hate, discrimination, or offensive stereotypes? Respond with 1 if yes, 0 if no."
img/84150.png,0,0,0,Is the meme offensive or hateful when considering both modalities? Return only 1 or 0.
img/84150.png,0,1,1,"Classify this meme: 1 = hateful or offensive, 0 = not hateful. Output only the digit."
img/84150.png,0,0,0,"Does the meme contain harmful or derogatory content? Answer with a single digit: 1 for yes, 0 for no."
img/13809.png,1,0,0,"Is this meme hateful? Answer 1 for hateful, 0 for not hateful."
img/13809.png,1,0,0,"Considering both the image and the text, is this meme offensive? 1=yes, 0=no."
img/13809.png,1,1,1=hateful,"Analyze the meme and decide: 1=hateful, 0=not hateful."
img/13809.png,1,0,No,"Does this meme contain hate speech or offensive content? Answer 1=yes, 0=no."
img/13809.png,1,0,0,"Evaluate the meme’s image and text together. Is it hateful? Output only 1 for hateful, 0 for not."
img/13809.png,1,0,0,"Look at both the image and the caption. If the meme expresses hate or stereotypes, reply 1. Otherwise reply 0."
img/13809.png,1,0,0,"Does the meme promote hate, discrimination, or offensive stereotypes? Respond with 1 if yes, 0 if no."
img/13809.png,1,1,1,Is the meme offensive or hateful when considering both modalities? Return only 1 or 0.
img/13809.png,1,1,1,"Classify this meme: 1 = hateful or offensive, 0 = not hateful. Output only the digit."
img/13809.png,1,1,1,"Does the meme contain harmful or derogatory content? Answer with a single digit: 1 for yes, 0 for no."
img/50261.png,1,0,0,"Is this meme hateful? Answer 1 for hateful, 0 for not hateful."
img/50261.png,1,0,0=no,"Considering both the image and the text, is this meme offensive? 1=yes, 0=no."
img/50261.png,1,1,1=hateful,"Analyze the meme and decide: 1=hateful, 0=not hateful."
img/50261.png,1,0,0=no,"Does this meme contain hate speech or offensive content? Answer 1=yes, 0=no."
img/50261.png,1,0,0,"Evaluate the meme’s image and text together. Is it hateful? Output only 1 for hateful, 0 for not."
img/50261.png,1,0,0,"Look at both the image and the caption. If the meme expresses hate or stereotypes, reply 1. Otherwise reply 0."
img/50261.png,1,0,0,"Does the meme promote hate, discrimination, or offensive stereotypes? Respond with 1 if yes, 0 if no."
img/50261.png,1,0,0,Is the meme offensive or hateful when considering both modalities? Return only 1 or 0.
img/50261.png,1,1,1,"Classify this meme: 1 = hateful or offensive, 0 = not hateful. Output only the digit."
img/50261.png,1,0,0,"Does the meme contain harmful or derogatory content? Answer with a single digit: 1 for yes, 0 for no."
img/75286.png,1,0,0,"Is this meme hateful? Answer 1 for hateful, 0 for not hateful."
img/75286.png,1,0,0,"Considering both the image and the text, is this meme offensive? 1=yes, 0=no."
img/75286.png,1,1,1,"Analyze the meme and decide: 1=hateful, 0=not hateful."
img/75286.png,1,0,0,"Does this meme contain hate speech or offensive content? Answer 1=yes, 0=no."
img/75286.png,1,0,0,"Evaluate the meme’s image and text together. Is it hateful? Output only 1 for hateful, 0 for not."
img/75286.png,1,0,0,"Look at both the image and the caption. If the meme expresses hate or stereotypes, reply 1. Otherwise reply 0."
img/75286.png,1,0,0,"Does the meme promote hate, discrimination, or offensive stereotypes? Respond with 1 if yes, 0 if no."
img/75286.png,1,0,0,Is the meme offensive or hateful when considering both modalities? Return only 1 or 0.
img/75286.png,1,1,1,"Classify this meme: 1 = hateful or offensive, 0 = not hateful. Output only the digit."
img/75286.png,1,0,0,"Does the meme contain harmful or derogatory content? Answer with a single digit: 1 for yes, 0 for no."
img/64312.png,1,1,This meme is not hateful.,"Is this meme hateful? Answer 1 for hateful, 0 for not hateful."
img/64312.png,1,0,0=no,"Considering both the image and the text, is this meme offensive? 1=yes, 0=no."
img/64312.png,1,1,1=hateful,"Analyze the meme and decide: 1=hateful, 0=not hateful."
img/64312.png,1,0,No.,"Does this meme contain hate speech or offensive content? Answer 1=yes, 0=no."
img/64312.png,1,0,0,"Evaluate the meme’s image and text together. Is it hateful? Output only 1 for hateful, 0 for not."
img/64312.png,1,0,0,"Look at both the image and the caption. If the meme expresses hate or stereotypes, reply 1. Otherwise reply 0."
img/64312.png,1,0,0,"Does the meme promote hate, discrimination, or offensive stereotypes? Respond with 1 if yes, 0 if no."
img/64312.png,1,1,1,Is the meme offensive or hateful when considering both modalities? Return only 1 or 0.
img/64312.png,1,1,1,"Classify this meme: 1 = hateful or offensive, 0 = not hateful. Output only the digit."
img/64312.png,1,0,0,"Does the meme contain harmful or derogatory content? Answer with a single digit: 1 for yes, 0 for no."
img/67103.png,1,1,1,"Is this meme hateful? Answer 1 for hateful, 0 for not hateful."
img/67103.png,1,0,0,"Considering both the image and the text, is this meme offensive? 1=yes, 0=no."
img/67103.png,1,1,1=hateful,"Analyze the meme and decide: 1=hateful, 0=not hateful."
img/67103.png,1,0,0=no,"Does this meme contain hate speech or offensive content? Answer 1=yes, 0=no."
img/67103.png,1,0,0,"Evaluate the meme’s image and text together. Is it hateful? Output only 1 for hateful, 0 for not."
img/67103.png,1,0,0,"Look at both the image and the caption. If the meme expresses hate or stereotypes, reply 1. Otherwise reply 0."
img/67103.png,1,0,0,"Does the meme promote hate, discrimination, or offensive stereotypes? Respond with 1 if yes, 0 if no."
img/67103.png,1,1,1,Is the meme offensive or hateful when considering both modalities? Return only 1 or 0.
img/67103.png,1,1,1,"Classify this meme: 1 = hateful or offensive, 0 = not hateful. Output only the digit."
img/67103.png,1,1,1,"Does the meme contain harmful or derogatory content? Answer with a single digit: 1 for yes, 0 for no."
img/18059.png,1,1,1,"Is this meme hateful? Answer 1 for hateful, 0 for not hateful."
img/18059.png,1,1,"Yes, the meme is offensive.","Considering both the image and the text, is this meme offensive? 1=yes, 0=no."
img/18059.png,1,1,1=hateful,"Analyze the meme and decide: 1=hateful, 0=not hateful."
img/18059.png,1,1,Yes.,"Does this meme contain hate speech or offensive content? Answer 1=yes, 0=no."
img/18059.png,1,0,0,"Evaluate the meme’s image and text together. Is it hateful? Output only 1 for hateful, 0 for not."
img/18059.png,1,0,0,"Look at both the image and the caption. If the meme expresses hate or stereotypes, reply 1. Otherwise reply 0."
img/18059.png,1,1,1,"Does the meme promote hate, discrimination, or offensive stereotypes? Respond with 1 if yes, 0 if no."
img/18059.png,1,1,1,Is the meme offensive or hateful when considering both modalities? Return only 1 or 0.
img/18059.png,1,1,1,"Classify this meme: 1 = hateful or offensive, 0 = not hateful. Output only the digit."
img/18059.png,1,1,1,"Does the meme contain harmful or derogatory content? Answer with a single digit: 1 for yes, 0 for no."
img/90643.png,0,0,0,"Is this meme hateful? Answer 1 for hateful, 0 for not hateful."
img/90643.png,0,0,0=no,"Considering both the image and the text, is this meme offensive? 1=yes, 0=no."
img/90643.png,0,1,1=hateful,"Analyze the meme and decide: 1=hateful, 0=not hateful."
img/90643.png,0,0,0,"Does this meme contain hate speech or offensive content? Answer 1=yes, 0=no."
img/90643.png,0,0,0,"Evaluate the meme’s image and text together. Is it hateful? Output only 1 for hateful, 0 for not."
img/90643.png,0,0,0,"Look at both the image and the caption. If the meme expresses hate or stereotypes, reply 1. Otherwise reply 0."
img/90643.png,0,0,0,"Does the meme promote hate, discrimination, or offensive stereotypes? Respond with 1 if yes, 0 if no."
img/90643.png,0,0,0,Is the meme offensive or hateful when considering both modalities? Return only 1 or 0.
img/90643.png,0,1,1,"Classify this meme: 1 = hateful or offensive, 0 = not hateful. Output only the digit."
img/90643.png,0,0,0,"Does the meme contain harmful or derogatory content? Answer with a single digit: 1 for yes, 0 for no."
img/16749.png,0,1,This meme is not hateful.,"Is this meme hateful? Answer 1 for hateful, 0 for not hateful."
img/16749.png,0,0,0,"Considering both the image and the text, is this meme offensive? 1=yes, 0=no."
img/16749.png,0,1,1,"Analyze the meme and decide: 1=hateful, 0=not hateful."
img/16749.png,0,0,0,"Does this meme contain hate speech or offensive content? Answer 1=yes, 0=no."
img/16749.png,0,0,0,"Evaluate the meme’s image and text together. Is it hateful? Output only 1 for hateful, 0 for not."
img/16749.png,0,0,0,"Look at both the image and the caption. If the meme expresses hate or stereotypes, reply 1. Otherwise reply 0."
img/16749.png,0,0,0,"Does the meme promote hate, discrimination, or offensive stereotypes? Respond with 1 if yes, 0 if no."
img/16749.png,0,0,0,Is the meme offensive or hateful when considering both modalities? Return only 1 or 0.
img/16749.png,0,1,1,"Classify this meme: 1 = hateful or offensive, 0 = not hateful. Output only the digit."
img/16749.png,0,0,0,"Does the meme contain harmful or derogatory content? Answer with a single digit: 1 for yes, 0 for no."
img/37814.png,0,0,0,"Is this meme hateful? Answer 1 for hateful, 0 for not hateful."
img/37814.png,0,1,1,"Considering both the image and the text, is this meme offensive? 1=yes, 0=no."
img/37814.png,0,1,1,"Analyze the meme and decide: 1=hateful, 0=not hateful."
img/37814.png,0,0,No,"Does this meme contain hate speech or offensive content? Answer 1=yes, 0=no."
img/37814.png,0,0,0,"Evaluate the meme’s image and text together. Is it hateful? Output only 1 for hateful, 0 for not."
img/37814.png,0,0,0,"Look at both the image and the caption. If the meme expresses hate or stereotypes, reply 1. Otherwise reply 0."
img/37814.png,0,0,0,"Does the meme promote hate, discrimination, or offensive stereotypes? Respond with 1 if yes, 0 if no."
img/37814.png,0,1,1,Is the meme offensive or hateful when considering both modalities? Return only 1 or 0.
img/37814.png,0,1,1,"Classify this meme: 1 = hateful or offensive, 0 = not hateful. Output only the digit."
img/37814.png,0,0,0,"Does the meme contain harmful or derogatory content? Answer with a single digit: 1 for yes, 0 for no."
img/92046.png,0,1,1,"Is this meme hateful? Answer 1 for hateful, 0 for not hateful."
img/92046.png,0,1,1,"Considering both the image and the text, is this meme offensive? 1=yes, 0=no."
img/92046.png,0,1,1=hateful,"Analyze the meme and decide: 1=hateful, 0=not hateful."
img/92046.png,0,1,"Yes, this meme contains hate speech as it implies that anyone who disagrees with the statement that these people are terrorists is an idiot.","Does this meme contain hate speech or offensive content? Answer 1=yes, 0=no."
img/92046.png,0,1,1,"Evaluate the meme’s image and text together. Is it hateful? Output only 1 for hateful, 0 for not."
img/92046.png,0,1,1,"Look at both the image and the caption. If the meme expresses hate or stereotypes, reply 1. Otherwise reply 0."
img/92046.png,0,1,1,"Does the meme promote hate, discrimination, or offensive stereotypes? Respond with 1 if yes, 0 if no."
img/92046.png,0,1,1,Is the meme offensive or hateful when considering both modalities? Return only 1 or 0.
img/92046.png,0,1,1,"Classify this meme: 1 = hateful or offensive, 0 = not hateful. Output only the digit."
img/92046.png,0,1,1,"Does the meme contain harmful or derogatory content? Answer with a single digit: 1 for yes, 0 for no."
img/90843.png,0,0,0,"Is this meme hateful? Answer 1 for hateful, 0 for not hateful."
img/90843.png,0,0,0,"Considering both the image and the text, is this meme offensive? 1=yes, 0=no."
img/90843.png,0,0,0,"Analyze the meme and decide: 1=hateful, 0=not hateful."
img/90843.png,0,0,0,"Does this meme contain hate speech or offensive content? Answer 1=yes, 0=no."
img/90843.png,0,0,0,"Evaluate the meme’s image and text together. Is it hateful? Output only 1 for hateful, 0 for not."
img/90843.png,0,0,0,"Look at both the image and the caption. If the meme expresses hate or stereotypes, reply 1. Otherwise reply 0."
img/90843.png,0,0,0,"Does the meme promote hate, discrimination, or offensive stereotypes? Respond with 1 if yes, 0 if no."
img/90843.png,0,0,0,Is the meme offensive or hateful when considering both modalities? Return only 1 or 0.
img/90843.png,0,1,1,"Classify this meme: 1 = hateful or offensive, 0 = not hateful. Output only the digit."
img/90843.png,0,0,0,"Does the meme contain harmful or derogatory content? Answer with a single digit: 1 for yes, 0 for no."
img/85237.png,0,0,0,"Is this meme hateful? Answer 1 for hateful, 0 for not hateful."
img/85237.png,0,0,0,"Considering both the image and the text, is this meme offensive? 1=yes, 0=no."
img/85237.png,0,1,1=hateful,"Analyze the meme and decide: 1=hateful, 0=not hateful."
img/85237.png,0,0,0,"Does this meme contain hate speech or offensive content? Answer 1=yes, 0=no."
img/85237.png,0,0,0,"Evaluate the meme’s image and text together. Is it hateful? Output only 1 for hateful, 0 for not."
img/85237.png,0,0,0,"Look at both the image and the caption. If the meme expresses hate or stereotypes, reply 1. Otherwise reply 0."
img/85237.png,0,0,0,"Does the meme promote hate, discrimination, or offensive stereotypes? Respond with 1 if yes, 0 if no."
img/85237.png,0,0,0,Is the meme offensive or hateful when considering both modalities? Return only 1 or 0.
img/85237.png,0,1,1,"Classify this meme: 1 = hateful or offensive, 0 = not hateful. Output only the digit."
img/85237.png,0,0,0,"Does the meme contain harmful or derogatory content? Answer with a single digit: 1 for yes, 0 for no."
img/98235.png,0,1,This meme is not hateful.,"Is this meme hateful? Answer 1 for hateful, 0 for not hateful."
img/98235.png,0,0,0,"Considering both the image and the text, is this meme offensive? 1=yes, 0=no."
img/98235.png,0,1,1,"Analyze the meme and decide: 1=hateful, 0=not hateful."
img/98235.png,0,0,0,"Does this meme contain hate speech or offensive content? Answer 1=yes, 0=no."
img/98235.png,0,0,0,"Evaluate the meme’s image and text together. Is it hateful? Output only 1 for hateful, 0 for not."
img/98235.png,0,0,0,"Look at both the image and the caption. If the meme expresses hate or stereotypes, reply 1. Otherwise reply 0."
img/98235.png,0,0,0,"Does the meme promote hate, discrimination, or offensive stereotypes? Respond with 1 if yes, 0 if no."
img/98235.png,0,0,0,Is the meme offensive or hateful when considering both modalities? Return only 1 or 0.
img/98235.png,0,0,0,"Classify this meme: 1 = hateful or offensive, 0 = not hateful. Output only the digit."
img/98235.png,0,0,0,"Does the meme contain harmful or derogatory content? Answer with a single digit: 1 for yes, 0 for no."
img/90267.png,0,0,0,"Is this meme hateful? Answer 1 for hateful, 0 for not hateful."
img/90267.png,0,0,0,"Considering both the image and the text, is this meme offensive? 1=yes, 0=no."
img/90267.png,0,1,1,"Analyze the meme and decide: 1=hateful, 0=not hateful."
img/90267.png,0,0,0,"Does this meme contain hate speech or offensive content? Answer 1=yes, 0=no."
img/90267.png,0,0,0,"Evaluate the meme’s image and text together. Is it hateful? Output only 1 for hateful, 0 for not."
img/90267.png,0,0,0,"Look at both the image and the caption. If the meme expresses hate or stereotypes, reply 1. Otherwise reply 0."
img/90267.png,0,0,0,"Does the meme promote hate, discrimination, or offensive stereotypes? Respond with 1 if yes, 0 if no."
img/90267.png,0,0,0,Is the meme offensive or hateful when considering both modalities? Return only 1 or 0.
img/90267.png,0,1,1,"Classify this meme: 1 = hateful or offensive, 0 = not hateful. Output only the digit."
img/90267.png,0,0,0,"Does the meme contain harmful or derogatory content? Answer with a single digit: 1 for yes, 0 for no."
img/48296.png,1,0,0,"Is this meme hateful? Answer 1 for hateful, 0 for not hateful."
img/48296.png,1,0,0,"Considering both the image and the text, is this meme offensive? 1=yes, 0=no."
img/48296.png,1,1,1=hateful,"Analyze the meme and decide: 1=hateful, 0=not hateful."
img/48296.png,1,0,0,"Does this meme contain hate speech or offensive content? Answer 1=yes, 0=no."
img/48296.png,1,0,0,"Evaluate the meme’s image and text together. Is it hateful? Output only 1 for hateful, 0 for not."
img/48296.png,1,0,0,"Look at both the image and the caption. If the meme expresses hate or stereotypes, reply 1. Otherwise reply 0."
img/48296.png,1,0,0,"Does the meme promote hate, discrimination, or offensive stereotypes? Respond with 1 if yes, 0 if no."
img/48296.png,1,1,1,Is the meme offensive or hateful when considering both modalities? Return only 1 or 0.
img/48296.png,1,1,1,"Classify this meme: 1 = hateful or offensive, 0 = not hateful. Output only the digit."
img/48296.png,1,1,1,"Does the meme contain harmful or derogatory content? Answer with a single digit: 1 for yes, 0 for no."
img/29174.png,0,0,0,"Is this meme hateful? Answer 1 for hateful, 0 for not hateful."
img/29174.png,0,0,0,"Considering both the image and the text, is this meme offensive? 1=yes, 0=no."
img/29174.png,0,1,1=hateful,"Analyze the meme and decide: 1=hateful, 0=not hateful."
img/29174.png,0,0,No,"Does this meme contain hate speech or offensive content? Answer 1=yes, 0=no."
img/29174.png,0,0,0,"Evaluate the meme’s image and text together. Is it hateful? Output only 1 for hateful, 0 for not."
img/29174.png,0,0,0,"Look at both the image and the caption. If the meme expresses hate or stereotypes, reply 1. Otherwise reply 0."
img/29174.png,0,0,0,"Does the meme promote hate, discrimination, or offensive stereotypes? Respond with 1 if yes, 0 if no."
img/29174.png,0,1,1,Is the meme offensive or hateful when considering both modalities? Return only 1 or 0.
img/29174.png,0,1,1,"Classify this meme: 1 = hateful or offensive, 0 = not hateful. Output only the digit."
img/29174.png,0,0,0,"Does the meme contain harmful or derogatory content? Answer with a single digit: 1 for yes, 0 for no."
img/65801.png,0,0,0,"Is this meme hateful? Answer 1 for hateful, 0 for not hateful."
img/65801.png,0,0,0,"Considering both the image and the text, is this meme offensive? 1=yes, 0=no."
img/65801.png,0,1,1=hateful,"Analyze the meme and decide: 1=hateful, 0=not hateful."
img/65801.png,0,0,No,"Does this meme contain hate speech or offensive content? Answer 1=yes, 0=no."
img/65801.png,0,0,0,"Evaluate the meme’s image and text together. Is it hateful? Output only 1 for hateful, 0 for not."
img/65801.png,0,0,0,"Look at both the image and the caption. If the meme expresses hate or stereotypes, reply 1. Otherwise reply 0."
img/65801.png,0,0,0,"Does the meme promote hate, discrimination, or offensive stereotypes? Respond with 1 if yes, 0 if no."
img/65801.png,0,0,0,Is the meme offensive or hateful when considering both modalities? Return only 1 or 0.
img/65801.png,0,1,1,"Classify this meme: 1 = hateful or offensive, 0 = not hateful. Output only the digit."
img/65801.png,0,0,0,"Does the meme contain harmful or derogatory content? Answer with a single digit: 1 for yes, 0 for no."
img/91763.png,1,1,1,"Is this meme hateful? Answer 1 for hateful, 0 for not hateful."
img/91763.png,1,1,1,"Considering both the image and the text, is this meme offensive? 1=yes, 0=no."
img/91763.png,1,1,1=hateful,"Analyze the meme and decide: 1=hateful, 0=not hateful."
img/91763.png,1,1,1,"Does this meme contain hate speech or offensive content? Answer 1=yes, 0=no."
img/91763.png,1,1,1,"Evaluate the meme’s image and text together. Is it hateful? Output only 1 for hateful, 0 for not."
img/91763.png,1,1,1,"Look at both the image and the caption. If the meme expresses hate or stereotypes, reply 1. Otherwise reply 0."
img/91763.png,1,1,1,"Does the meme promote hate, discrimination, or offensive stereotypes? Respond with 1 if yes, 0 if no."
img/91763.png,1,1,1,Is the meme offensive or hateful when considering both modalities? Return only 1 or 0.
img/91763.png,1,1,1,"Classify this meme: 1 = hateful or offensive, 0 = not hateful. Output only the digit."
img/91763.png,1,1,1,"Does the meme contain harmful or derogatory content? Answer with a single digit: 1 for yes, 0 for no."
img/94387.png,0,0,0,"Is this meme hateful? Answer 1 for hateful, 0 for not hateful."
img/94387.png,0,0,0,"Considering both the image and the text, is this meme offensive? 1=yes, 0=no."
img/94387.png,0,0,0,"Analyze the meme and decide: 1=hateful, 0=not hateful."
img/94387.png,0,0,No,"Does this meme contain hate speech or offensive content? Answer 1=yes, 0=no."
img/94387.png,0,0,0,"Evaluate the meme’s image and text together. Is it hateful? Output only 1 for hateful, 0 for not."
img/94387.png,0,0,0,"Look at both the image and the caption. If the meme expresses hate or stereotypes, reply 1. Otherwise reply 0."
img/94387.png,0,0,0,"Does the meme promote hate, discrimination, or offensive stereotypes? Respond with 1 if yes, 0 if no."
img/94387.png,0,0,0,Is the meme offensive or hateful when considering both modalities? Return only 1 or 0.
img/94387.png,0,1,1,"Classify this meme: 1 = hateful or offensive, 0 = not hateful. Output only the digit."
img/94387.png,0,0,0,"Does the meme contain harmful or derogatory content? Answer with a single digit: 1 for yes, 0 for no."
img/80947.png,1,0,0,"Is this meme hateful? Answer 1 for hateful, 0 for not hateful."
img/80947.png,1,0,0=no,"Considering both the image and the text, is this meme offensive? 1=yes, 0=no."
img/80947.png,1,1,0=not hateful,"Analyze the meme and decide: 1=hateful, 0=not hateful."
img/80947.png,1,0,No.,"Does this meme contain hate speech or offensive content? Answer 1=yes, 0=no."
img/80947.png,1,0,0,"Evaluate the meme’s image and text together. Is it hateful? Output only 1 for hateful, 0 for not."
img/80947.png,1,0,0,"Look at both the image and the caption. If the meme expresses hate or stereotypes, reply 1. Otherwise reply 0."
img/80947.png,1,0,0,"Does the meme promote hate, discrimination, or offensive stereotypes? Respond with 1 if yes, 0 if no."
img/80947.png,1,1,1,Is the meme offensive or hateful when considering both modalities? Return only 1 or 0.
img/80947.png,1,1,1,"Classify this meme: 1 = hateful or offensive, 0 = not hateful. Output only the digit."
img/80947.png,1,1,1,"Does the meme contain harmful or derogatory content? Answer with a single digit: 1 for yes, 0 for no."
img/78251.png,1,0,0,"Is this meme hateful? Answer 1 for hateful, 0 for not hateful."
img/78251.png,1,0,0,"Considering both the image and the text, is this meme offensive? 1=yes, 0=no."
img/78251.png,1,1,1,"Analyze the meme and decide: 1=hateful, 0=not hateful."
img/78251.png,1,0,0=no,"Does this meme contain hate speech or offensive content? Answer 1=yes, 0=no."
img/78251.png,1,0,0,"Evaluate the meme’s image and text together. Is it hateful? Output only 1 for hateful, 0 for not."
img/78251.png,1,0,0,"Look at both the image and the caption. If the meme expresses hate or stereotypes, reply 1. Otherwise reply 0."
img/78251.png,1,0,0,"Does the meme promote hate, discrimination, or offensive stereotypes? Respond with 1 if yes, 0 if no."
img/78251.png,1,0,0,Is the meme offensive or hateful when considering both modalities? Return only 1 or 0.
img/78251.png,1,0,0,"Classify this meme: 1 = hateful or offensive, 0 = not hateful. Output only the digit."
img/78251.png,1,0,0,"Does the meme contain harmful or derogatory content? Answer with a single digit: 1 for yes, 0 for no."
img/94738.png,0,0,0,"Is this meme hateful? Answer 1 for hateful, 0 for not hateful."
img/94738.png,0,0,0,"Considering both the image and the text, is this meme offensive? 1=yes, 0=no."
img/94738.png,0,1,1=hateful,"Analyze the meme and decide: 1=hateful, 0=not hateful."
img/94738.png,0,0,0,"Does this meme contain hate speech or offensive content? Answer 1=yes, 0=no."
img/94738.png,0,0,0,"Evaluate the meme’s image and text together. Is it hateful? Output only 1 for hateful, 0 for not."
img/94738.png,0,0,0,"Look at both the image and the caption. If the meme expresses hate or stereotypes, reply 1. Otherwise reply 0."
img/94738.png,0,0,0,"Does the meme promote hate, discrimination, or offensive stereotypes? Respond with 1 if yes, 0 if no."
img/94738.png,0,0,0,Is the meme offensive or hateful when considering both modalities? Return only 1 or 0.
img/94738.png,0,1,1,"Classify this meme: 1 = hateful or offensive, 0 = not hateful. Output only the digit."
img/94738.png,0,0,0,"Does the meme contain harmful or derogatory content? Answer with a single digit: 1 for yes, 0 for no."
img/57823.png,0,0,0,"Is this meme hateful? Answer 1 for hateful, 0 for not hateful."
img/57823.png,0,1,1,"Considering both the image and the text, is this meme offensive? 1=yes, 0=no."
img/57823.png,0,1,1=hateful,"Analyze the meme and decide: 1=hateful, 0=not hateful."
img/57823.png,0,0,No,"Does this meme contain hate speech or offensive content? Answer 1=yes, 0=no."
img/57823.png,0,0,0,"Evaluate the meme’s image and text together. Is it hateful? Output only 1 for hateful, 0 for not."
img/57823.png,0,0,0,"Look at both the image and the caption. If the meme expresses hate or stereotypes, reply 1. Otherwise reply 0."
img/57823.png,0,0,0,"Does the meme promote hate, discrimination, or offensive stereotypes? Respond with 1 if yes, 0 if no."
img/57823.png,0,1,1,Is the meme offensive or hateful when considering both modalities? Return only 1 or 0.
img/57823.png,0,1,1,"Classify this meme: 1 = hateful or offensive, 0 = not hateful. Output only the digit."
img/57823.png,0,1,1,"Does the meme contain harmful or derogatory content? Answer with a single digit: 1 for yes, 0 for no."
img/32415.png,0,0,0,"Is this meme hateful? Answer 1 for hateful, 0 for not hateful."
img/32415.png,0,0,0,"Considering both the image and the text, is this meme offensive? 1=yes, 0=no."
img/32415.png,0,1,1,"Analyze the meme and decide: 1=hateful, 0=not hateful."
img/32415.png,0,0,0,"Does this meme contain hate speech or offensive content? Answer 1=yes, 0=no."
img/32415.png,0,0,0,"Evaluate the meme’s image and text together. Is it hateful? Output only 1 for hateful, 0 for not."
img/32415.png,0,0,0,"Look at both the image and the caption. If the meme expresses hate or stereotypes, reply 1. Otherwise reply 0."
img/32415.png,0,0,0,"Does the meme promote hate, discrimination, or offensive stereotypes? Respond with 1 if yes, 0 if no."
img/32415.png,0,0,0,Is the meme offensive or hateful when considering both modalities? Return only 1 or 0.
img/32415.png,0,0,0,"Classify this meme: 1 = hateful or offensive, 0 = not hateful. Output only the digit."
img/32415.png,0,0,0,"Does the meme contain harmful or derogatory content? Answer with a single digit: 1 for yes, 0 for no."
img/05316.png,0,0,0,"Is this meme hateful? Answer 1 for hateful, 0 for not hateful."
img/05316.png,0,0,0,"Considering both the image and the text, is this meme offensive? 1=yes, 0=no."
img/05316.png,0,1,1,"Analyze the meme and decide: 1=hateful, 0=not hateful."
img/05316.png,0,0,0,"Does this meme contain hate speech or offensive content? Answer 1=yes, 0=no."
img/05316.png,0,0,0,"Evaluate the meme’s image and text together. Is it hateful? Output only 1 for hateful, 0 for not."
img/05316.png,0,0,0,"Look at both the image and the caption. If the meme expresses hate or stereotypes, reply 1. Otherwise reply 0."
img/05316.png,0,0,0,"Does the meme promote hate, discrimination, or offensive stereotypes? Respond with 1 if yes, 0 if no."
img/05316.png,0,0,0,Is the meme offensive or hateful when considering both modalities? Return only 1 or 0.
img/05316.png,0,1,1,"Classify this meme: 1 = hateful or offensive, 0 = not hateful. Output only the digit."
img/05316.png,0,1,1,"Does the meme contain harmful or derogatory content? Answer with a single digit: 1 for yes, 0 for no."
img/61085.png,0,0,0,"Is this meme hateful? Answer 1 for hateful, 0 for not hateful."
img/61085.png,0,0,0,"Considering both the image and the text, is this meme offensive? 1=yes, 0=no."
img/61085.png,0,1,1,"Analyze the meme and decide: 1=hateful, 0=not hateful."
img/61085.png,0,0,0,"Does this meme contain hate speech or offensive content? Answer 1=yes, 0=no."
img/61085.png,0,0,0,"Evaluate the meme’s image and text together. Is it hateful? Output only 1 for hateful, 0 for not."
img/61085.png,0,1,1,"Look at both the image and the caption. If the meme expresses hate or stereotypes, reply 1. Otherwise reply 0."
img/61085.png,0,0,0,"Does the meme promote hate, discrimination, or offensive stereotypes? Respond with 1 if yes, 0 if no."
img/61085.png,0,0,0,Is the meme offensive or hateful when considering both modalities? Return only 1 or 0.
img/61085.png,0,1,1,"Classify this meme: 1 = hateful or offensive, 0 = not hateful. Output only the digit."
img/61085.png,0,0,0,"Does the meme contain harmful or derogatory content? Answer with a single digit: 1 for yes, 0 for no."
img/27498.png,1,0,0,"Is this meme hateful? Answer 1 for hateful, 0 for not hateful."
img/27498.png,1,0,0,"Considering both the image and the text, is this meme offensive? 1=yes, 0=no."
img/27498.png,1,0,0,"Analyze the meme and decide: 1=hateful, 0=not hateful."
img/27498.png,1,0,0,"Does this meme contain hate speech or offensive content? Answer 1=yes, 0=no."
img/27498.png,1,0,0,"Evaluate the meme’s image and text together. Is it hateful? Output only 1 for hateful, 0 for not."
img/27498.png,1,0,0,"Look at both the image and the caption. If the meme expresses hate or stereotypes, reply 1. Otherwise reply 0."
img/27498.png,1,0,0,"Does the meme promote hate, discrimination, or offensive stereotypes? Respond with 1 if yes, 0 if no."
img/27498.png,1,0,0,Is the meme offensive or hateful when considering both modalities? Return only 1 or 0.
img/27498.png,1,1,1,"Classify this meme: 1 = hateful or offensive, 0 = not hateful. Output only the digit."
img/27498.png,1,0,0,"Does the meme contain harmful or derogatory content? Answer with a single digit: 1 for yes, 0 for no."
img/37160.png,0,0,0,"Is this meme hateful? Answer 1 for hateful, 0 for not hateful."
img/37160.png,0,0,0,"Considering both the image and the text, is this meme offensive? 1=yes, 0=no."
img/37160.png,0,1,1=hateful,"Analyze the meme and decide: 1=hateful, 0=not hateful."
img/37160.png,0,0,No.,"Does this meme contain hate speech or offensive content? Answer 1=yes, 0=no."
img/37160.png,0,0,0,"Evaluate the meme’s image and text together. Is it hateful? Output only 1 for hateful, 0 for not."
img/37160.png,0,0,0,"Look at both the image and the caption. If the meme expresses hate or stereotypes, reply 1. Otherwise reply 0."
img/37160.png,0,0,0,"Does the meme promote hate, discrimination, or offensive stereotypes? Respond with 1 if yes, 0 if no."
img/37160.png,0,0,0,Is the meme offensive or hateful when considering both modalities? Return only 1 or 0.
img/37160.png,0,1,1,"Classify this meme: 1 = hateful or offensive, 0 = not hateful. Output only the digit."
img/37160.png,0,0,0,"Does the meme contain harmful or derogatory content? Answer with a single digit: 1 for yes, 0 for no."
img/18742.png,0,0,0,"Is this meme hateful? Answer 1 for hateful, 0 for not hateful."
img/18742.png,0,0,0=no,"Considering both the image and the text, is this meme offensive? 1=yes, 0=no."
img/18742.png,0,1,1,"Analyze the meme and decide: 1=hateful, 0=not hateful."
img/18742.png,0,0,0,"Does this meme contain hate speech or offensive content? Answer 1=yes, 0=no."
img/18742.png,0,0,0,"Evaluate the meme’s image and text together. Is it hateful? Output only 1 for hateful, 0 for not."
img/18742.png,0,0,0,"Look at both the image and the caption. If the meme expresses hate or stereotypes, reply 1. Otherwise reply 0."
img/18742.png,0,0,0,"Does the meme promote hate, discrimination, or offensive stereotypes? Respond with 1 if yes, 0 if no."
img/18742.png,0,0,0,Is the meme offensive or hateful when considering both modalities? Return only 1 or 0.
img/18742.png,0,1,1,"Classify this meme: 1 = hateful or offensive, 0 = not hateful. Output only the digit."
img/18742.png,0,0,0,"Does the meme contain harmful or derogatory content? Answer with a single digit: 1 for yes, 0 for no."
img/19243.png,0,0,0,"Is this meme hateful? Answer 1 for hateful, 0 for not hateful."
img/19243.png,0,0,0=no,"Considering both the image and the text, is this meme offensive? 1=yes, 0=no."
img/19243.png,0,1,1=hateful,"Analyze the meme and decide: 1=hateful, 0=not hateful."
img/19243.png,0,0,0,"Does this meme contain hate speech or offensive content? Answer 1=yes, 0=no."
img/19243.png,0,0,0,"Evaluate the meme’s image and text together. Is it hateful? Output only 1 for hateful, 0 for not."
img/19243.png,0,0,0,"Look at both the image and the caption. If the meme expresses hate or stereotypes, reply 1. Otherwise reply 0."
img/19243.png,0,0,0,"Does the meme promote hate, discrimination, or offensive stereotypes? Respond with 1 if yes, 0 if no."
img/19243.png,0,0,0,Is the meme offensive or hateful when considering both modalities? Return only 1 or 0.
img/19243.png,0,1,1,"Classify this meme: 1 = hateful or offensive, 0 = not hateful. Output only the digit."
img/19243.png,0,0,0,"Does the meme contain harmful or derogatory content? Answer with a single digit: 1 for yes, 0 for no."
img/54108.png,1,1,This meme is not hateful.,"Is this meme hateful? Answer 1 for hateful, 0 for not hateful."
img/54108.png,1,0,0,"Considering both the image and the text, is this meme offensive? 1=yes, 0=no."
img/54108.png,1,1,1,"Analyze the meme and decide: 1=hateful, 0=not hateful."
img/54108.png,1,0,No.,"Does this meme contain hate speech or offensive content? Answer 1=yes, 0=no."
img/54108.png,1,0,0,"Evaluate the meme’s image and text together. Is it hateful? Output only 1 for hateful, 0 for not."
img/54108.png,1,0,0,"Look at both the image and the caption. If the meme expresses hate or stereotypes, reply 1. Otherwise reply 0."
img/54108.png,1,0,0,"Does the meme promote hate, discrimination, or offensive stereotypes? Respond with 1 if yes, 0 if no."
img/54108.png,1,1,The meme is offensive when considering both modalities. It makes a derogatory joke about Muslim women by comparing them to objects for sale and suggesting that they may be taken off at any time. This is disrespectful and insensitive to the cultural and religious beliefs,Is the meme offensive or hateful when considering both modalities? Return only 1 or 0.
img/54108.png,1,1,1,"Classify this meme: 1 = hateful or offensive, 0 = not hateful. Output only the digit."
img/54108.png,1,1,1,"Does the meme contain harmful or derogatory content? Answer with a single digit: 1 for yes, 0 for no."
img/93528.png,1,0,0,"Is this meme hateful? Answer 1 for hateful, 0 for not hateful."
img/93528.png,1,0,0,"Considering both the image and the text, is this meme offensive? 1=yes, 0=no."
img/93528.png,1,1,1=hateful,"Analyze the meme and decide: 1=hateful, 0=not hateful."
img/93528.png,1,0,0=no,"Does this meme contain hate speech or offensive content? Answer 1=yes, 0=no."
img/93528.png,1,0,0,"Evaluate the meme’s image and text together. Is it hateful? Output only 1 for hateful, 0 for not."
img/93528.png,1,0,0,"Look at both the image and the caption. If the meme expresses hate or stereotypes, reply 1. Otherwise reply 0."
img/93528.png,1,0,0,"Does the meme promote hate, discrimination, or offensive stereotypes? Respond with 1 if yes, 0 if no."
img/93528.png,1,0,0,Is the meme offensive or hateful when considering both modalities? Return only 1 or 0.
img/93528.png,1,1,1,"Classify this meme: 1 = hateful or offensive, 0 = not hateful. Output only the digit."
img/93528.png,1,0,0,"Does the meme contain harmful or derogatory content? Answer with a single digit: 1 for yes, 0 for no."
img/78659.png,0,0,0,"Is this meme hateful? Answer 1 for hateful, 0 for not hateful."
img/78659.png,0,0,0,"Considering both the image and the text, is this meme offensive? 1=yes, 0=no."
img/78659.png,0,1,0=not hateful,"Analyze the meme and decide: 1=hateful, 0=not hateful."
img/78659.png,0,0,0,"Does this meme contain hate speech or offensive content? Answer 1=yes, 0=no."
img/78659.png,0,0,0,"Evaluate the meme’s image and text together. Is it hateful? Output only 1 for hateful, 0 for not."
img/78659.png,0,0,0,"Look at both the image and the caption. If the meme expresses hate or stereotypes, reply 1. Otherwise reply 0."
img/78659.png,0,0,0,"Does the meme promote hate, discrimination, or offensive stereotypes? Respond with 1 if yes, 0 if no."
img/78659.png,0,0,0,Is the meme offensive or hateful when considering both modalities? Return only 1 or 0.
img/78659.png,0,1,1,"Classify this meme: 1 = hateful or offensive, 0 = not hateful. Output only the digit."
img/78659.png,0,0,0,"Does the meme contain harmful or derogatory content? Answer with a single digit: 1 for yes, 0 for no."
img/67082.png,0,0,0,"Is this meme hateful? Answer 1 for hateful, 0 for not hateful."
img/67082.png,0,0,0,"Considering both the image and the text, is this meme offensive? 1=yes, 0=no."
img/67082.png,0,1,0=not hateful,"Analyze the meme and decide: 1=hateful, 0=not hateful."
img/67082.png,0,0,0,"Does this meme contain hate speech or offensive content? Answer 1=yes, 0=no."
img/67082.png,0,0,0,"Evaluate the meme’s image and text together. Is it hateful? Output only 1 for hateful, 0 for not."
img/67082.png,0,0,0,"Look at both the image and the caption. If the meme expresses hate or stereotypes, reply 1. Otherwise reply 0."
img/67082.png,0,0,0,"Does the meme promote hate, discrimination, or offensive stereotypes? Respond with 1 if yes, 0 if no."
img/67082.png,0,0,0,Is the meme offensive or hateful when considering both modalities? Return only 1 or 0.
img/67082.png,0,0,0,"Classify this meme: 1 = hateful or offensive, 0 = not hateful. Output only the digit."
img/67082.png,0,0,0,"Does the meme contain harmful or derogatory content? Answer with a single digit: 1 for yes, 0 for no."
img/64125.png,0,0,0,"Is this meme hateful? Answer 1 for hateful, 0 for not hateful."
img/64125.png,0,0,0,"Considering both the image and the text, is this meme offensive? 1=yes, 0=no."
img/64125.png,0,1,1,"Analyze the meme and decide: 1=hateful, 0=not hateful."
img/64125.png,0,0,0,"Does this meme contain hate speech or offensive content? Answer 1=yes, 0=no."
img/64125.png,0,0,0,"Evaluate the meme’s image and text together. Is it hateful? Output only 1 for hateful, 0 for not."
img/64125.png,0,1,1,"Look at both the image and the caption. If the meme expresses hate or stereotypes, reply 1. Otherwise reply 0."
img/64125.png,0,0,0,"Does the meme promote hate, discrimination, or offensive stereotypes? Respond with 1 if yes, 0 if no."
img/64125.png,0,1,1,Is the meme offensive or hateful when considering both modalities? Return only 1 or 0.
img/64125.png,0,1,1,"Classify this meme: 1 = hateful or offensive, 0 = not hateful. Output only the digit."
img/64125.png,0,1,1,"Does the meme contain harmful or derogatory content? Answer with a single digit: 1 for yes, 0 for no."
img/41296.png,0,0,0,"Is this meme hateful? Answer 1 for hateful, 0 for not hateful."
img/41296.png,0,0,0,"Considering both the image and the text, is this meme offensive? 1=yes, 0=no."
img/41296.png,0,1,1=hateful,"Analyze the meme and decide: 1=hateful, 0=not hateful."
img/41296.png,0,0,0,"Does this meme contain hate speech or offensive content? Answer 1=yes, 0=no."
img/41296.png,0,0,0,"Evaluate the meme’s image and text together. Is it hateful? Output only 1 for hateful, 0 for not."
img/41296.png,0,0,0,"Look at both the image and the caption. If the meme expresses hate or stereotypes, reply 1. Otherwise reply 0."
img/41296.png,0,0,0,"Does the meme promote hate, discrimination, or offensive stereotypes? Respond with 1 if yes, 0 if no."
img/41296.png,0,0,0,Is the meme offensive or hateful when considering both modalities? Return only 1 or 0.
img/41296.png,0,1,1,"Classify this meme: 1 = hateful or offensive, 0 = not hateful. Output only the digit."
img/41296.png,0,0,0,"Does the meme contain harmful or derogatory content? Answer with a single digit: 1 for yes, 0 for no."
img/53491.png,0,0,0,"Is this meme hateful? Answer 1 for hateful, 0 for not hateful."
img/53491.png,0,0,0,"Considering both the image and the text, is this meme offensive? 1=yes, 0=no."
img/53491.png,0,1,0=not hateful,"Analyze the meme and decide: 1=hateful, 0=not hateful."
img/53491.png,0,0,0,"Does this meme contain hate speech or offensive content? Answer 1=yes, 0=no."
img/53491.png,0,0,0,"Evaluate the meme’s image and text together. Is it hateful? Output only 1 for hateful, 0 for not."
img/53491.png,0,0,0,"Look at both the image and the caption. If the meme expresses hate or stereotypes, reply 1. Otherwise reply 0."
img/53491.png,0,0,0,"Does the meme promote hate, discrimination, or offensive stereotypes? Respond with 1 if yes, 0 if no."
img/53491.png,0,0,0,Is the meme offensive or hateful when considering both modalities? Return only 1 or 0.
img/53491.png,0,1,1,"Classify this meme: 1 = hateful or offensive, 0 = not hateful. Output only the digit."
img/53491.png,0,0,0,"Does the meme contain harmful or derogatory content? Answer with a single digit: 1 for yes, 0 for no."
img/37692.png,0,1,This meme is not hateful.,"Is this meme hateful? Answer 1 for hateful, 0 for not hateful."
img/37692.png,0,0,0=no.,"Considering both the image and the text, is this meme offensive? 1=yes, 0=no."
img/37692.png,0,1,1=hateful,"Analyze the meme and decide: 1=hateful, 0=not hateful."
img/37692.png,0,0,No.,"Does this meme contain hate speech or offensive content? Answer 1=yes, 0=no."
img/37692.png,0,0,0,"Evaluate the meme’s image and text together. Is it hateful? Output only 1 for hateful, 0 for not."
img/37692.png,0,0,0,"Look at both the image and the caption. If the meme expresses hate or stereotypes, reply 1. Otherwise reply 0."
img/37692.png,0,0,0,"Does the meme promote hate, discrimination, or offensive stereotypes? Respond with 1 if yes, 0 if no."
img/37692.png,0,0,0,Is the meme offensive or hateful when considering both modalities? Return only 1 or 0.
img/37692.png,0,1,1,"Classify this meme: 1 = hateful or offensive, 0 = not hateful. Output only the digit."
img/37692.png,0,1,1,"Does the meme contain harmful or derogatory content? Answer with a single digit: 1 for yes, 0 for no."
img/36201.png,0,1,This meme is not hateful.,"Is this meme hateful? Answer 1 for hateful, 0 for not hateful."
img/36201.png,0,0,0,"Considering both the image and the text, is this meme offensive? 1=yes, 0=no."
img/36201.png,0,1,1=hateful,"Analyze the meme and decide: 1=hateful, 0=not hateful."
img/36201.png,0,0,0,"Does this meme contain hate speech or offensive content? Answer 1=yes, 0=no."
img/36201.png,0,0,0,"Evaluate the meme’s image and text together. Is it hateful? Output only 1 for hateful, 0 for not."
img/36201.png,0,0,0,"Look at both the image and the caption. If the meme expresses hate or stereotypes, reply 1. Otherwise reply 0."
img/36201.png,0,0,0,"Does the meme promote hate, discrimination, or offensive stereotypes? Respond with 1 if yes, 0 if no."
img/36201.png,0,0,0,Is the meme offensive or hateful when considering both modalities? Return only 1 or 0.
img/36201.png,0,1,1,"Classify this meme: 1 = hateful or offensive, 0 = not hateful. Output only the digit."
img/36201.png,0,0,0,"Does the meme contain harmful or derogatory content? Answer with a single digit: 1 for yes, 0 for no."
img/29054.png,1,1,This meme is not hateful.,"Is this meme hateful? Answer 1 for hateful, 0 for not hateful."
img/29054.png,1,0,0=no,"Considering both the image and the text, is this meme offensive? 1=yes, 0=no."
img/29054.png,1,0,0,"Analyze the meme and decide: 1=hateful, 0=not hateful."
img/29054.png,1,0,0=no,"Does this meme contain hate speech or offensive content? Answer 1=yes, 0=no."
img/29054.png,1,0,0,"Evaluate the meme’s image and text together. Is it hateful? Output only 1 for hateful, 0 for not."
img/29054.png,1,0,0,"Look at both the image and the caption. If the meme expresses hate or stereotypes, reply 1. Otherwise reply 0."
img/29054.png,1,0,0,"Does the meme promote hate, discrimination, or offensive stereotypes? Respond with 1 if yes, 0 if no."
img/29054.png,1,0,0,Is the meme offensive or hateful when considering both modalities? Return only 1 or 0.
img/29054.png,1,1,1,"Classify this meme: 1 = hateful or offensive, 0 = not hateful. Output only the digit."
img/29054.png,1,0,0,"Does the meme contain harmful or derogatory content? Answer with a single digit: 1 for yes, 0 for no."
img/06273.png,1,1,1,"Is this meme hateful? Answer 1 for hateful, 0 for not hateful."
img/06273.png,1,1,1=yes,"Considering both the image and the text, is this meme offensive? 1=yes, 0=no."
img/06273.png,1,1,1=hateful,"Analyze the meme and decide: 1=hateful, 0=not hateful."
img/06273.png,1,1,Yes,"Does this meme contain hate speech or offensive content? Answer 1=yes, 0=no."
img/06273.png,1,1,1,"Evaluate the meme’s image and text together. Is it hateful? Output only 1 for hateful, 0 for not."
img/06273.png,1,1,1,"Look at both the image and the caption. If the meme expresses hate or stereotypes, reply 1. Otherwise reply 0."
img/06273.png,1,0,0,"Does the meme promote hate, discrimination, or offensive stereotypes? Respond with 1 if yes, 0 if no."
img/06273.png,1,1,1,Is the meme offensive or hateful when considering both modalities? Return only 1 or 0.
img/06273.png,1,1,1,"Classify this meme: 1 = hateful or offensive, 0 = not hateful. Output only the digit."
img/06273.png,1,1,1,"Does the meme contain harmful or derogatory content? Answer with a single digit: 1 for yes, 0 for no."
img/25061.png,1,0,0,"Is this meme hateful? Answer 1 for hateful, 0 for not hateful."
img/25061.png,1,0,0,"Considering both the image and the text, is this meme offensive? 1=yes, 0=no."
img/25061.png,1,1,1=hateful,"Analyze the meme and decide: 1=hateful, 0=not hateful."
img/25061.png,1,0,0=no,"Does this meme contain hate speech or offensive content? Answer 1=yes, 0=no."
img/25061.png,1,0,0,"Evaluate the meme’s image and text together. Is it hateful? Output only 1 for hateful, 0 for not."
img/25061.png,1,0,0,"Look at both the image and the caption. If the meme expresses hate or stereotypes, reply 1. Otherwise reply 0."
img/25061.png,1,0,0,"Does the meme promote hate, discrimination, or offensive stereotypes? Respond with 1 if yes, 0 if no."
img/25061.png,1,0,0,Is the meme offensive or hateful when considering both modalities? Return only 1 or 0.
img/25061.png,1,1,1,"Classify this meme: 1 = hateful or offensive, 0 = not hateful. Output only the digit."
img/25061.png,1,0,0,"Does the meme contain harmful or derogatory content? Answer with a single digit: 1 for yes, 0 for no."
img/20437.png,0,1,Not hateful.,"Is this meme hateful? Answer 1 for hateful, 0 for not hateful."
img/20437.png,0,0,0,"Considering both the image and the text, is this meme offensive? 1=yes, 0=no."
img/20437.png,0,1,1,"Analyze the meme and decide: 1=hateful, 0=not hateful."
img/20437.png,0,0,0,"Does this meme contain hate speech or offensive content? Answer 1=yes, 0=no."
img/20437.png,0,0,0,"Evaluate the meme’s image and text together. Is it hateful? Output only 1 for hateful, 0 for not."
img/20437.png,0,0,0,"Look at both the image and the caption. If the meme expresses hate or stereotypes, reply 1. Otherwise reply 0."
img/20437.png,0,0,0,"Does the meme promote hate, discrimination, or offensive stereotypes? Respond with 1 if yes, 0 if no."
img/20437.png,0,0,0,Is the meme offensive or hateful when considering both modalities? Return only 1 or 0.
img/20437.png,0,1,1,"Classify this meme: 1 = hateful or offensive, 0 = not hateful. Output only the digit."
img/20437.png,0,0,0,"Does the meme contain harmful or derogatory content? Answer with a single digit: 1 for yes, 0 for no."
img/05439.png,0,1,This meme is not hateful.,"Is this meme hateful? Answer 1 for hateful, 0 for not hateful."
img/05439.png,0,0,0,"Considering both the image and the text, is this meme offensive? 1=yes, 0=no."
img/05439.png,0,0,0,"Analyze the meme and decide: 1=hateful, 0=not hateful."
img/05439.png,0,1,This meme does not contain hate speech or offensive content.,"Does this meme contain hate speech or offensive content? Answer 1=yes, 0=no."
img/05439.png,0,0,0,"Evaluate the meme’s image and text together. Is it hateful? Output only 1 for hateful, 0 for not."
img/05439.png,0,0,0,"Look at both the image and the caption. If the meme expresses hate or stereotypes, reply 1. Otherwise reply 0."
img/05439.png,0,0,0,"Does the meme promote hate, discrimination, or offensive stereotypes? Respond with 1 if yes, 0 if no."
img/05439.png,0,0,0,Is the meme offensive or hateful when considering both modalities? Return only 1 or 0.
img/05439.png,0,0,0,"Classify this meme: 1 = hateful or offensive, 0 = not hateful. Output only the digit."
img/05439.png,0,0,0,"Does the meme contain harmful or derogatory content? Answer with a single digit: 1 for yes, 0 for no."
img/34528.png,1,0,0,"Is this meme hateful? Answer 1 for hateful, 0 for not hateful."
img/34528.png,1,0,0,"Considering both the image and the text, is this meme offensive? 1=yes, 0=no."
img/34528.png,1,1,1,"Analyze the meme and decide: 1=hateful, 0=not hateful."
img/34528.png,1,0,0,"Does this meme contain hate speech or offensive content? Answer 1=yes, 0=no."
img/34528.png,1,0,0,"Evaluate the meme’s image and text together. Is it hateful? Output only 1 for hateful, 0 for not."
img/34528.png,1,0,0,"Look at both the image and the caption. If the meme expresses hate or stereotypes, reply 1. Otherwise reply 0."
img/34528.png,1,0,0,"Does the meme promote hate, discrimination, or offensive stereotypes? Respond with 1 if yes, 0 if no."
img/34528.png,1,0,0,Is the meme offensive or hateful when considering both modalities? Return only 1 or 0.
img/34528.png,1,1,1,"Classify this meme: 1 = hateful or offensive, 0 = not hateful. Output only the digit."
img/34528.png,1,0,0,"Does the meme contain harmful or derogatory content? Answer with a single digit: 1 for yes, 0 for no."
img/93541.png,0,1,1,"Is this meme hateful? Answer 1 for hateful, 0 for not hateful."
img/93541.png,0,1,1,"Considering both the image and the text, is this meme offensive? 1=yes, 0=no."
img/93541.png,0,1,1=hateful,"Analyze the meme and decide: 1=hateful, 0=not hateful."
img/93541.png,0,0,0,"Does this meme contain hate speech or offensive content? Answer 1=yes, 0=no."
img/93541.png,0,1,1,"Evaluate the meme’s image and text together. Is it hateful? Output only 1 for hateful, 0 for not."
img/93541.png,0,1,1,"Look at both the image and the caption. If the meme expresses hate or stereotypes, reply 1. Otherwise reply 0."
img/93541.png,0,0,0,"Does the meme promote hate, discrimination, or offensive stereotypes? Respond with 1 if yes, 0 if no."
img/93541.png,0,1,1,Is the meme offensive or hateful when considering both modalities? Return only 1 or 0.
img/93541.png,0,1,1,"Classify this meme: 1 = hateful or offensive, 0 = not hateful. Output only the digit."
img/93541.png,0,1,1,"Does the meme contain harmful or derogatory content? Answer with a single digit: 1 for yes, 0 for no."
img/16704.png,0,0,0,"Is this meme hateful? Answer 1 for hateful, 0 for not hateful."
img/16704.png,0,0,0,"Considering both the image and the text, is this meme offensive? 1=yes, 0=no."
img/16704.png,0,1,1=hateful,"Analyze the meme and decide: 1=hateful, 0=not hateful."
img/16704.png,0,0,0,"Does this meme contain hate speech or offensive content? Answer 1=yes, 0=no."
img/16704.png,0,0,0,"Evaluate the meme’s image and text together. Is it hateful? Output only 1 for hateful, 0 for not."
img/16704.png,0,0,0,"Look at both the image and the caption. If the meme expresses hate or stereotypes, reply 1. Otherwise reply 0."
img/16704.png,0,0,0,"Does the meme promote hate, discrimination, or offensive stereotypes? Respond with 1 if yes, 0 if no."
img/16704.png,0,0,0,Is the meme offensive or hateful when considering both modalities? Return only 1 or 0.
img/16704.png,0,1,1,"Classify this meme: 1 = hateful or offensive, 0 = not hateful. Output only the digit."
img/16704.png,0,0,0,"Does the meme contain harmful or derogatory content? Answer with a single digit: 1 for yes, 0 for no."
img/48792.png,0,1,Hateful,"Is this meme hateful? Answer 1 for hateful, 0 for not hateful."
img/48792.png,0,0,0,"Considering both the image and the text, is this meme offensive? 1=yes, 0=no."
img/48792.png,0,1,1=hateful,"Analyze the meme and decide: 1=hateful, 0=not hateful."
img/48792.png,0,0,No,"Does this meme contain hate speech or offensive content? Answer 1=yes, 0=no."
img/48792.png,0,0,0,"Evaluate the meme’s image and text together. Is it hateful? Output only 1 for hateful, 0 for not."
img/48792.png,0,0,0,"Look at both the image and the caption. If the meme expresses hate or stereotypes, reply 1. Otherwise reply 0."
img/48792.png,0,0,0,"Does the meme promote hate, discrimination, or offensive stereotypes? Respond with 1 if yes, 0 if no."
img/48792.png,0,1,1,Is the meme offensive or hateful when considering both modalities? Return only 1 or 0.
img/48792.png,0,1,1,"Classify this meme: 1 = hateful or offensive, 0 = not hateful. Output only the digit."
img/48792.png,0,0,0,"Does the meme contain harmful or derogatory content? Answer with a single digit: 1 for yes, 0 for no."
img/07528.png,1,0,0,"Is this meme hateful? Answer 1 for hateful, 0 for not hateful."
img/07528.png,1,0,0,"Considering both the image and the text, is this meme offensive? 1=yes, 0=no."
img/07528.png,1,1,1,"Analyze the meme and decide: 1=hateful, 0=not hateful."
img/07528.png,1,0,0,"Does this meme contain hate speech or offensive content? Answer 1=yes, 0=no."
img/07528.png,1,0,0,"Evaluate the meme’s image and text together. Is it hateful? Output only 1 for hateful, 0 for not."
img/07528.png,1,0,0,"Look at both the image and the caption. If the meme expresses hate or stereotypes, reply 1. Otherwise reply 0."
img/07528.png,1,0,0,"Does the meme promote hate, discrimination, or offensive stereotypes? Respond with 1 if yes, 0 if no."
img/07528.png,1,0,0,Is the meme offensive or hateful when considering both modalities? Return only 1 or 0.
img/07528.png,1,1,1,"Classify this meme: 1 = hateful or offensive, 0 = not hateful. Output only the digit."
img/07528.png,1,0,0,"Does the meme contain harmful or derogatory content? Answer with a single digit: 1 for yes, 0 for no."
img/01268.png,0,1,This meme is not hateful.,"Is this meme hateful? Answer 1 for hateful, 0 for not hateful."
img/01268.png,0,0,0,"Considering both the image and the text, is this meme offensive? 1=yes, 0=no."
img/01268.png,0,1,1=hateful,"Analyze the meme and decide: 1=hateful, 0=not hateful."
img/01268.png,0,0,0,"Does this meme contain hate speech or offensive content? Answer 1=yes, 0=no."
img/01268.png,0,0,0,"Evaluate the meme’s image and text together. Is it hateful? Output only 1 for hateful, 0 for not."
img/01268.png,0,0,0,"Look at both the image and the caption. If the meme expresses hate or stereotypes, reply 1. Otherwise reply 0."
img/01268.png,0,0,0,"Does the meme promote hate, discrimination, or offensive stereotypes? Respond with 1 if yes, 0 if no."
img/01268.png,0,0,0,Is the meme offensive or hateful when considering both modalities? Return only 1 or 0.
img/01268.png,0,1,1,"Classify this meme: 1 = hateful or offensive, 0 = not hateful. Output only the digit."
img/01268.png,0,0,0,"Does the meme contain harmful or derogatory content? Answer with a single digit: 1 for yes, 0 for no."
img/83675.png,0,0,0,"Is this meme hateful? Answer 1 for hateful, 0 for not hateful."
img/83675.png,0,0,0,"Considering both the image and the text, is this meme offensive? 1=yes, 0=no."
img/83675.png,0,1,0=not hateful,"Analyze the meme and decide: 1=hateful, 0=not hateful."
img/83675.png,0,0,0,"Does this meme contain hate speech or offensive content? Answer 1=yes, 0=no."
img/83675.png,0,0,0,"Evaluate the meme’s image and text together. Is it hateful? Output only 1 for hateful, 0 for not."
img/83675.png,0,0,0,"Look at both the image and the caption. If the meme expresses hate or stereotypes, reply 1. Otherwise reply 0."
img/83675.png,0,0,0,"Does the meme promote hate, discrimination, or offensive stereotypes? Respond with 1 if yes, 0 if no."
img/83675.png,0,0,0,Is the meme offensive or hateful when considering both modalities? Return only 1 or 0.
img/83675.png,0,0,0,"Classify this meme: 1 = hateful or offensive, 0 = not hateful. Output only the digit."
img/83675.png,0,0,0,"Does the meme contain harmful or derogatory content? Answer with a single digit: 1 for yes, 0 for no."
img/37198.png,0,0,0,"Is this meme hateful? Answer 1 for hateful, 0 for not hateful."
img/37198.png,0,0,0,"Considering both the image and the text, is this meme offensive? 1=yes, 0=no."
img/37198.png,0,1,1,"Analyze the meme and decide: 1=hateful, 0=not hateful."
img/37198.png,0,0,0,"Does this meme contain hate speech or offensive content? Answer 1=yes, 0=no."
img/37198.png,0,0,0,"Evaluate the meme’s image and text together. Is it hateful? Output only 1 for hateful, 0 for not."
img/37198.png,0,0,0,"Look at both the image and the caption. If the meme expresses hate or stereotypes, reply 1. Otherwise reply 0."
img/37198.png,0,0,0,"Does the meme promote hate, discrimination, or offensive stereotypes? Respond with 1 if yes, 0 if no."
img/37198.png,0,0,0,Is the meme offensive or hateful when considering both modalities? Return only 1 or 0.
img/37198.png,0,1,1,"Classify this meme: 1 = hateful or offensive, 0 = not hateful. Output only the digit."
img/37198.png,0,0,0,"Does the meme contain harmful or derogatory content? Answer with a single digit: 1 for yes, 0 for no."
img/48670.png,0,0,0,"Is this meme hateful? Answer 1 for hateful, 0 for not hateful."
img/48670.png,0,0,0,"Considering both the image and the text, is this meme offensive? 1=yes, 0=no."
img/48670.png,0,1,1,"Analyze the meme and decide: 1=hateful, 0=not hateful."
img/48670.png,0,0,0,"Does this meme contain hate speech or offensive content? Answer 1=yes, 0=no."
img/48670.png,0,0,0,"Evaluate the meme’s image and text together. Is it hateful? Output only 1 for hateful, 0 for not."
img/48670.png,0,0,0,"Look at both the image and the caption. If the meme expresses hate or stereotypes, reply 1. Otherwise reply 0."
img/48670.png,0,0,0,"Does the meme promote hate, discrimination, or offensive stereotypes? Respond with 1 if yes, 0 if no."
img/48670.png,0,0,0,Is the meme offensive or hateful when considering both modalities? Return only 1 or 0.
img/48670.png,0,1,1,"Classify this meme: 1 = hateful or offensive, 0 = not hateful. Output only the digit."
img/48670.png,0,0,0,"Does the meme contain harmful or derogatory content? Answer with a single digit: 1 for yes, 0 for no."
img/09863.png,0,0,0,"Is this meme hateful? Answer 1 for hateful, 0 for not hateful."
img/09863.png,0,0,0=no.,"Considering both the image and the text, is this meme offensive? 1=yes, 0=no."
img/09863.png,0,1,0=not hateful,"Analyze the meme and decide: 1=hateful, 0=not hateful."
img/09863.png,0,0,0=no,"Does this meme contain hate speech or offensive content? Answer 1=yes, 0=no."
img/09863.png,0,0,0,"Evaluate the meme’s image and text together. Is it hateful? Output only 1 for hateful, 0 for not."
img/09863.png,0,0,0,"Look at both the image and the caption. If the meme expresses hate or stereotypes, reply 1. Otherwise reply 0."
img/09863.png,0,0,0,"Does the meme promote hate, discrimination, or offensive stereotypes? Respond with 1 if yes, 0 if no."
img/09863.png,0,0,0,Is the meme offensive or hateful when considering both modalities? Return only 1 or 0.
img/09863.png,0,0,0,"Classify this meme: 1 = hateful or offensive, 0 = not hateful. Output only the digit."
img/09863.png,0,0,0,"Does the meme contain harmful or derogatory content? Answer with a single digit: 1 for yes, 0 for no."
img/97320.png,0,0,0,"Is this meme hateful? Answer 1 for hateful, 0 for not hateful."
img/97320.png,0,0,0,"Considering both the image and the text, is this meme offensive? 1=yes, 0=no."
img/97320.png,0,1,1=hateful,"Analyze the meme and decide: 1=hateful, 0=not hateful."
img/97320.png,0,0,0,"Does this meme contain hate speech or offensive content? Answer 1=yes, 0=no."
img/97320.png,0,0,0,"Evaluate the meme’s image and text together. Is it hateful? Output only 1 for hateful, 0 for not."
img/97320.png,0,0,0,"Look at both the image and the caption. If the meme expresses hate or stereotypes, reply 1. Otherwise reply 0."
img/97320.png,0,0,0,"Does the meme promote hate, discrimination, or offensive stereotypes? Respond with 1 if yes, 0 if no."
img/97320.png,0,0,0,Is the meme offensive or hateful when considering both modalities? Return only 1 or 0.
img/97320.png,0,1,1,"Classify this meme: 1 = hateful or offensive, 0 = not hateful. Output only the digit."
img/97320.png,0,0,0,"Does the meme contain harmful or derogatory content? Answer with a single digit: 1 for yes, 0 for no."
