id,true_label,pred,response,prompt
15236.jpg,0,0,0,Analyze both the image and the text. Is this meme misogynistic? Reply with 1 for yes or 0 for no.
15236.jpg,0,0,0,Does this content promote hate or sexism against women? Answer 1 or 0.
15236.jpg,0,0,0,"Classify this meme: 1 = misogynous, 0 = not misogynous. Output only the digit."
15236.jpg,0,0,0,Is this image and text combination offensive towards women? Answer 1 (Offensive) or 0 (Safe).
15236.jpg,0,0,0,Look at the meme. Is it sexist? Answer only 1 or 0.
15805.jpg,1,1,1,Analyze both the image and the text. Is this meme misogynistic? Reply with 1 for yes or 0 for no.
15805.jpg,1,0,0,Does this content promote hate or sexism against women? Answer 1 or 0.
15805.jpg,1,1,1,"Classify this meme: 1 = misogynous, 0 = not misogynous. Output only the digit."
15805.jpg,1,0,0,Is this image and text combination offensive towards women? Answer 1 (Offensive) or 0 (Safe).
15805.jpg,1,1,1,Look at the meme. Is it sexist? Answer only 1 or 0.
16254.jpg,0,0,0,Analyze both the image and the text. Is this meme misogynistic? Reply with 1 for yes or 0 for no.
16254.jpg,0,0,0,Does this content promote hate or sexism against women? Answer 1 or 0.
16254.jpg,0,0,0,"Classify this meme: 1 = misogynous, 0 = not misogynous. Output only the digit."
16254.jpg,0,0,0,Is this image and text combination offensive towards women? Answer 1 (Offensive) or 0 (Safe).
16254.jpg,0,0,0,Look at the meme. Is it sexist? Answer only 1 or 0.
16191.jpg,1,1,1,Analyze both the image and the text. Is this meme misogynistic? Reply with 1 for yes or 0 for no.
16191.jpg,1,1,1,Does this content promote hate or sexism against women? Answer 1 or 0.
16191.jpg,1,1,1,"Classify this meme: 1 = misogynous, 0 = not misogynous. Output only the digit."
16191.jpg,1,1,1,Is this image and text combination offensive towards women? Answer 1 (Offensive) or 0 (Safe).
16191.jpg,1,1,1,Look at the meme. Is it sexist? Answer only 1 or 0.
15952.jpg,0,0,0,Analyze both the image and the text. Is this meme misogynistic? Reply with 1 for yes or 0 for no.
15952.jpg,0,0,0,Does this content promote hate or sexism against women? Answer 1 or 0.
15952.jpg,0,0,0,"Classify this meme: 1 = misogynous, 0 = not misogynous. Output only the digit."
15952.jpg,0,0,0,Is this image and text combination offensive towards women? Answer 1 (Offensive) or 0 (Safe).
15952.jpg,0,0,0,Look at the meme. Is it sexist? Answer only 1 or 0.
15662.jpg,0,0,0,Analyze both the image and the text. Is this meme misogynistic? Reply with 1 for yes or 0 for no.
15662.jpg,0,0,0,Does this content promote hate or sexism against women? Answer 1 or 0.
15662.jpg,0,0,0,"Classify this meme: 1 = misogynous, 0 = not misogynous. Output only the digit."
15662.jpg,0,0,0,Is this image and text combination offensive towards women? Answer 1 (Offensive) or 0 (Safe).
15662.jpg,0,0,0,Look at the meme. Is it sexist? Answer only 1 or 0.
15828.jpg,1,1,1,Analyze both the image and the text. Is this meme misogynistic? Reply with 1 for yes or 0 for no.
15828.jpg,1,1,1,Does this content promote hate or sexism against women? Answer 1 or 0.
15828.jpg,1,1,1,"Classify this meme: 1 = misogynous, 0 = not misogynous. Output only the digit."
15828.jpg,1,1,1,Is this image and text combination offensive towards women? Answer 1 (Offensive) or 0 (Safe).
15828.jpg,1,1,1,Look at the meme. Is it sexist? Answer only 1 or 0.
15905.jpg,0,0,0,Analyze both the image and the text. Is this meme misogynistic? Reply with 1 for yes or 0 for no.
15905.jpg,0,0,0,Does this content promote hate or sexism against women? Answer 1 or 0.
15905.jpg,0,0,0,"Classify this meme: 1 = misogynous, 0 = not misogynous. Output only the digit."
15905.jpg,0,0,0,Is this image and text combination offensive towards women? Answer 1 (Offensive) or 0 (Safe).
15905.jpg,0,0,0,Look at the meme. Is it sexist? Answer only 1 or 0.
15971.jpg,1,1,1,Analyze both the image and the text. Is this meme misogynistic? Reply with 1 for yes or 0 for no.
15971.jpg,1,0,0,Does this content promote hate or sexism against women? Answer 1 or 0.
15971.jpg,1,0,0,"Classify this meme: 1 = misogynous, 0 = not misogynous. Output only the digit."
15971.jpg,1,0,0,Is this image and text combination offensive towards women? Answer 1 (Offensive) or 0 (Safe).
15971.jpg,1,1,1,Look at the meme. Is it sexist? Answer only 1 or 0.
16197.jpg,1,1,1,Analyze both the image and the text. Is this meme misogynistic? Reply with 1 for yes or 0 for no.
16197.jpg,1,1,1,Does this content promote hate or sexism against women? Answer 1 or 0.
16197.jpg,1,1,1,"Classify this meme: 1 = misogynous, 0 = not misogynous. Output only the digit."
16197.jpg,1,1,1,Is this image and text combination offensive towards women? Answer 1 (Offensive) or 0 (Safe).
16197.jpg,1,1,1,Look at the meme. Is it sexist? Answer only 1 or 0.
15916.jpg,0,0,0,Analyze both the image and the text. Is this meme misogynistic? Reply with 1 for yes or 0 for no.
15916.jpg,0,0,0,Does this content promote hate or sexism against women? Answer 1 or 0.
15916.jpg,0,0,0,"Classify this meme: 1 = misogynous, 0 = not misogynous. Output only the digit."
15916.jpg,0,0,0,Is this image and text combination offensive towards women? Answer 1 (Offensive) or 0 (Safe).
15916.jpg,0,0,0,Look at the meme. Is it sexist? Answer only 1 or 0.
16130.jpg,1,1,1,Analyze both the image and the text. Is this meme misogynistic? Reply with 1 for yes or 0 for no.
16130.jpg,1,0,0,Does this content promote hate or sexism against women? Answer 1 or 0.
16130.jpg,1,1,1,"Classify this meme: 1 = misogynous, 0 = not misogynous. Output only the digit."
16130.jpg,1,0,0,Is this image and text combination offensive towards women? Answer 1 (Offensive) or 0 (Safe).
16130.jpg,1,1,1,Look at the meme. Is it sexist? Answer only 1 or 0.
15742.jpg,1,1,1,Analyze both the image and the text. Is this meme misogynistic? Reply with 1 for yes or 0 for no.
15742.jpg,1,1,1,Does this content promote hate or sexism against women? Answer 1 or 0.
15742.jpg,1,1,1,"Classify this meme: 1 = misogynous, 0 = not misogynous. Output only the digit."
15742.jpg,1,1,1,Is this image and text combination offensive towards women? Answer 1 (Offensive) or 0 (Safe).
15742.jpg,1,1,1,Look at the meme. Is it sexist? Answer only 1 or 0.
15502.jpg,0,0,0,Analyze both the image and the text. Is this meme misogynistic? Reply with 1 for yes or 0 for no.
15502.jpg,0,0,0,Does this content promote hate or sexism against women? Answer 1 or 0.
15502.jpg,0,0,0,"Classify this meme: 1 = misogynous, 0 = not misogynous. Output only the digit."
15502.jpg,0,0,0,Is this image and text combination offensive towards women? Answer 1 (Offensive) or 0 (Safe).
15502.jpg,0,0,0,Look at the meme. Is it sexist? Answer only 1 or 0.
15037.jpg,1,0,0,Analyze both the image and the text. Is this meme misogynistic? Reply with 1 for yes or 0 for no.
15037.jpg,1,0,0,Does this content promote hate or sexism against women? Answer 1 or 0.
15037.jpg,1,1,1,"Classify this meme: 1 = misogynous, 0 = not misogynous. Output only the digit."
15037.jpg,1,0,0,Is this image and text combination offensive towards women? Answer 1 (Offensive) or 0 (Safe).
15037.jpg,1,0,0,Look at the meme. Is it sexist? Answer only 1 or 0.
15592.jpg,0,0,0,Analyze both the image and the text. Is this meme misogynistic? Reply with 1 for yes or 0 for no.
15592.jpg,0,0,0,Does this content promote hate or sexism against women? Answer 1 or 0.
15592.jpg,0,0,0,"Classify this meme: 1 = misogynous, 0 = not misogynous. Output only the digit."
15592.jpg,0,0,0,Is this image and text combination offensive towards women? Answer 1 (Offensive) or 0 (Safe).
15592.jpg,0,0,0,Look at the meme. Is it sexist? Answer only 1 or 0.
15540.jpg,1,1,1,Analyze both the image and the text. Is this meme misogynistic? Reply with 1 for yes or 0 for no.
15540.jpg,1,1,1,Does this content promote hate or sexism against women? Answer 1 or 0.
15540.jpg,1,1,1,"Classify this meme: 1 = misogynous, 0 = not misogynous. Output only the digit."
15540.jpg,1,1,1,Is this image and text combination offensive towards women? Answer 1 (Offensive) or 0 (Safe).
15540.jpg,1,1,1,Look at the meme. Is it sexist? Answer only 1 or 0.
16323.jpg,0,0,0,Analyze both the image and the text. Is this meme misogynistic? Reply with 1 for yes or 0 for no.
16323.jpg,0,0,0,Does this content promote hate or sexism against women? Answer 1 or 0.
16323.jpg,0,0,0,"Classify this meme: 1 = misogynous, 0 = not misogynous. Output only the digit."
16323.jpg,0,0,0 (Safe).,Is this image and text combination offensive towards women? Answer 1 (Offensive) or 0 (Safe).
16323.jpg,0,0,0,Look at the meme. Is it sexist? Answer only 1 or 0.
15136.jpg,0,0,0,Analyze both the image and the text. Is this meme misogynistic? Reply with 1 for yes or 0 for no.
15136.jpg,0,0,0,Does this content promote hate or sexism against women? Answer 1 or 0.
15136.jpg,0,0,0,"Classify this meme: 1 = misogynous, 0 = not misogynous. Output only the digit."
15136.jpg,0,0,0 (Safe).,Is this image and text combination offensive towards women? Answer 1 (Offensive) or 0 (Safe).
15136.jpg,0,0,0,Look at the meme. Is it sexist? Answer only 1 or 0.
16298.jpg,0,1,1,Analyze both the image and the text. Is this meme misogynistic? Reply with 1 for yes or 0 for no.
16298.jpg,0,0,0,Does this content promote hate or sexism against women? Answer 1 or 0.
16298.jpg,0,1,1,"Classify this meme: 1 = misogynous, 0 = not misogynous. Output only the digit."
16298.jpg,0,0,0,Is this image and text combination offensive towards women? Answer 1 (Offensive) or 0 (Safe).
16298.jpg,0,1,1,Look at the meme. Is it sexist? Answer only 1 or 0.
15846.jpg,1,0,0,Analyze both the image and the text. Is this meme misogynistic? Reply with 1 for yes or 0 for no.
15846.jpg,1,0,0,Does this content promote hate or sexism against women? Answer 1 or 0.
15846.jpg,1,0,0,"Classify this meme: 1 = misogynous, 0 = not misogynous. Output only the digit."
15846.jpg,1,0,0,Is this image and text combination offensive towards women? Answer 1 (Offensive) or 0 (Safe).
15846.jpg,1,0,0,Look at the meme. Is it sexist? Answer only 1 or 0.
16203.jpg,0,1,1,Analyze both the image and the text. Is this meme misogynistic? Reply with 1 for yes or 0 for no.
16203.jpg,0,0,0,Does this content promote hate or sexism against women? Answer 1 or 0.
16203.jpg,0,0,0,"Classify this meme: 1 = misogynous, 0 = not misogynous. Output only the digit."
16203.jpg,0,0,0,Is this image and text combination offensive towards women? Answer 1 (Offensive) or 0 (Safe).
16203.jpg,0,1,1,Look at the meme. Is it sexist? Answer only 1 or 0.
15560.jpg,0,0,0,Analyze both the image and the text. Is this meme misogynistic? Reply with 1 for yes or 0 for no.
15560.jpg,0,0,0,Does this content promote hate or sexism against women? Answer 1 or 0.
15560.jpg,0,0,0,"Classify this meme: 1 = misogynous, 0 = not misogynous. Output only the digit."
15560.jpg,0,0,0,Is this image and text combination offensive towards women? Answer 1 (Offensive) or 0 (Safe).
15560.jpg,0,0,0,Look at the meme. Is it sexist? Answer only 1 or 0.
16056.jpg,0,0,0,Analyze both the image and the text. Is this meme misogynistic? Reply with 1 for yes or 0 for no.
16056.jpg,0,0,0,Does this content promote hate or sexism against women? Answer 1 or 0.
16056.jpg,0,0,0,"Classify this meme: 1 = misogynous, 0 = not misogynous. Output only the digit."
16056.jpg,0,0,0,Is this image and text combination offensive towards women? Answer 1 (Offensive) or 0 (Safe).
16056.jpg,0,0,0,Look at the meme. Is it sexist? Answer only 1 or 0.
15038.jpg,0,0,0,Analyze both the image and the text. Is this meme misogynistic? Reply with 1 for yes or 0 for no.
15038.jpg,0,0,0,Does this content promote hate or sexism against women? Answer 1 or 0.
15038.jpg,0,0,0,"Classify this meme: 1 = misogynous, 0 = not misogynous. Output only the digit."
15038.jpg,0,0,0,Is this image and text combination offensive towards women? Answer 1 (Offensive) or 0 (Safe).
15038.jpg,0,0,0,Look at the meme. Is it sexist? Answer only 1 or 0.
15676.jpg,0,0,0,Analyze both the image and the text. Is this meme misogynistic? Reply with 1 for yes or 0 for no.
15676.jpg,0,0,0,Does this content promote hate or sexism against women? Answer 1 or 0.
15676.jpg,0,0,0,"Classify this meme: 1 = misogynous, 0 = not misogynous. Output only the digit."
15676.jpg,0,0,0 (Safe).,Is this image and text combination offensive towards women? Answer 1 (Offensive) or 0 (Safe).
15676.jpg,0,0,0,Look at the meme. Is it sexist? Answer only 1 or 0.
15457.jpg,1,1,1,Analyze both the image and the text. Is this meme misogynistic? Reply with 1 for yes or 0 for no.
15457.jpg,1,1,1,Does this content promote hate or sexism against women? Answer 1 or 0.
15457.jpg,1,1,1,"Classify this meme: 1 = misogynous, 0 = not misogynous. Output only the digit."
15457.jpg,1,0,0,Is this image and text combination offensive towards women? Answer 1 (Offensive) or 0 (Safe).
15457.jpg,1,1,1,Look at the meme. Is it sexist? Answer only 1 or 0.
15692.jpg,1,0,0,Analyze both the image and the text. Is this meme misogynistic? Reply with 1 for yes or 0 for no.
15692.jpg,1,0,0,Does this content promote hate or sexism against women? Answer 1 or 0.
15692.jpg,1,0,0,"Classify this meme: 1 = misogynous, 0 = not misogynous. Output only the digit."
15692.jpg,1,0,0,Is this image and text combination offensive towards women? Answer 1 (Offensive) or 0 (Safe).
15692.jpg,1,1,1,Look at the meme. Is it sexist? Answer only 1 or 0.
16334.jpg,0,1,1,Analyze both the image and the text. Is this meme misogynistic? Reply with 1 for yes or 0 for no.
16334.jpg,0,1,1,Does this content promote hate or sexism against women? Answer 1 or 0.
16334.jpg,0,1,1,"Classify this meme: 1 = misogynous, 0 = not misogynous. Output only the digit."
16334.jpg,0,1,1,Is this image and text combination offensive towards women? Answer 1 (Offensive) or 0 (Safe).
16334.jpg,0,1,1,Look at the meme. Is it sexist? Answer only 1 or 0.
17077.jpg,0,0,0,Analyze both the image and the text. Is this meme misogynistic? Reply with 1 for yes or 0 for no.
17077.jpg,0,0,0,Does this content promote hate or sexism against women? Answer 1 or 0.
17077.jpg,0,0,0,"Classify this meme: 1 = misogynous, 0 = not misogynous. Output only the digit."
17077.jpg,0,0,0,Is this image and text combination offensive towards women? Answer 1 (Offensive) or 0 (Safe).
17077.jpg,0,0,0,Look at the meme. Is it sexist? Answer only 1 or 0.
15491.jpg,1,1,1,Analyze both the image and the text. Is this meme misogynistic? Reply with 1 for yes or 0 for no.
15491.jpg,1,1,1,Does this content promote hate or sexism against women? Answer 1 or 0.
15491.jpg,1,1,1,"Classify this meme: 1 = misogynous, 0 = not misogynous. Output only the digit."
15491.jpg,1,0,0,Is this image and text combination offensive towards women? Answer 1 (Offensive) or 0 (Safe).
15491.jpg,1,1,1,Look at the meme. Is it sexist? Answer only 1 or 0.
15795.jpg,1,1,1,Analyze both the image and the text. Is this meme misogynistic? Reply with 1 for yes or 0 for no.
15795.jpg,1,0,0,Does this content promote hate or sexism against women? Answer 1 or 0.
15795.jpg,1,1,1,"Classify this meme: 1 = misogynous, 0 = not misogynous. Output only the digit."
15795.jpg,1,0,0,Is this image and text combination offensive towards women? Answer 1 (Offensive) or 0 (Safe).
15795.jpg,1,1,1,Look at the meme. Is it sexist? Answer only 1 or 0.
16232.jpg,1,0,0,Analyze both the image and the text. Is this meme misogynistic? Reply with 1 for yes or 0 for no.
16232.jpg,1,0,0,Does this content promote hate or sexism against women? Answer 1 or 0.
16232.jpg,1,0,0,"Classify this meme: 1 = misogynous, 0 = not misogynous. Output only the digit."
16232.jpg,1,0,0 (Safe).,Is this image and text combination offensive towards women? Answer 1 (Offensive) or 0 (Safe).
16232.jpg,1,0,0,Look at the meme. Is it sexist? Answer only 1 or 0.
16242.jpg,1,1,1,Analyze both the image and the text. Is this meme misogynistic? Reply with 1 for yes or 0 for no.
16242.jpg,1,1,1,Does this content promote hate or sexism against women? Answer 1 or 0.
16242.jpg,1,0,0,"Classify this meme: 1 = misogynous, 0 = not misogynous. Output only the digit."
16242.jpg,1,0,0,Is this image and text combination offensive towards women? Answer 1 (Offensive) or 0 (Safe).
16242.jpg,1,0,0,Look at the meme. Is it sexist? Answer only 1 or 0.
16245.jpg,1,0,0,Analyze both the image and the text. Is this meme misogynistic? Reply with 1 for yes or 0 for no.
16245.jpg,1,0,0,Does this content promote hate or sexism against women? Answer 1 or 0.
16245.jpg,1,1,1,"Classify this meme: 1 = misogynous, 0 = not misogynous. Output only the digit."
16245.jpg,1,0,0,Is this image and text combination offensive towards women? Answer 1 (Offensive) or 0 (Safe).
16245.jpg,1,0,0,Look at the meme. Is it sexist? Answer only 1 or 0.
15301.jpg,0,0,0,Analyze both the image and the text. Is this meme misogynistic? Reply with 1 for yes or 0 for no.
15301.jpg,0,0,0,Does this content promote hate or sexism against women? Answer 1 or 0.
15301.jpg,0,1,1,"Classify this meme: 1 = misogynous, 0 = not misogynous. Output only the digit."
15301.jpg,0,0,0,Is this image and text combination offensive towards women? Answer 1 (Offensive) or 0 (Safe).
15301.jpg,0,1,1,Look at the meme. Is it sexist? Answer only 1 or 0.
15917.jpg,1,0,0,Analyze both the image and the text. Is this meme misogynistic? Reply with 1 for yes or 0 for no.
15917.jpg,1,0,0,Does this content promote hate or sexism against women? Answer 1 or 0.
15917.jpg,1,0,0,"Classify this meme: 1 = misogynous, 0 = not misogynous. Output only the digit."
15917.jpg,1,0,0,Is this image and text combination offensive towards women? Answer 1 (Offensive) or 0 (Safe).
15917.jpg,1,1,1,Look at the meme. Is it sexist? Answer only 1 or 0.
16327.jpg,0,0,0,Analyze both the image and the text. Is this meme misogynistic? Reply with 1 for yes or 0 for no.
16327.jpg,0,0,0,Does this content promote hate or sexism against women? Answer 1 or 0.
16327.jpg,0,0,0,"Classify this meme: 1 = misogynous, 0 = not misogynous. Output only the digit."
16327.jpg,0,0,0,Is this image and text combination offensive towards women? Answer 1 (Offensive) or 0 (Safe).
16327.jpg,0,0,0,Look at the meme. Is it sexist? Answer only 1 or 0.
15115.jpg,1,1,1,Analyze both the image and the text. Is this meme misogynistic? Reply with 1 for yes or 0 for no.
15115.jpg,1,1,1,Does this content promote hate or sexism against women? Answer 1 or 0.
15115.jpg,1,1,1,"Classify this meme: 1 = misogynous, 0 = not misogynous. Output only the digit."
15115.jpg,1,1,1,Is this image and text combination offensive towards women? Answer 1 (Offensive) or 0 (Safe).
15115.jpg,1,1,1,Look at the meme. Is it sexist? Answer only 1 or 0.
15277.jpg,1,1,1,Analyze both the image and the text. Is this meme misogynistic? Reply with 1 for yes or 0 for no.
15277.jpg,1,1,1,Does this content promote hate or sexism against women? Answer 1 or 0.
15277.jpg,1,1,1,"Classify this meme: 1 = misogynous, 0 = not misogynous. Output only the digit."
15277.jpg,1,1,1,Is this image and text combination offensive towards women? Answer 1 (Offensive) or 0 (Safe).
15277.jpg,1,1,1,Look at the meme. Is it sexist? Answer only 1 or 0.
16304.jpg,0,1,1,Analyze both the image and the text. Is this meme misogynistic? Reply with 1 for yes or 0 for no.
16304.jpg,0,0,0,Does this content promote hate or sexism against women? Answer 1 or 0.
16304.jpg,0,0,0,"Classify this meme: 1 = misogynous, 0 = not misogynous. Output only the digit."
16304.jpg,0,0,0,Is this image and text combination offensive towards women? Answer 1 (Offensive) or 0 (Safe).
16304.jpg,0,0,0,Look at the meme. Is it sexist? Answer only 1 or 0.
15034.jpg,0,0,0,Analyze both the image and the text. Is this meme misogynistic? Reply with 1 for yes or 0 for no.
15034.jpg,0,0,0,Does this content promote hate or sexism against women? Answer 1 or 0.
15034.jpg,0,0,0,"Classify this meme: 1 = misogynous, 0 = not misogynous. Output only the digit."
15034.jpg,0,0,0,Is this image and text combination offensive towards women? Answer 1 (Offensive) or 0 (Safe).
15034.jpg,0,0,0,Look at the meme. Is it sexist? Answer only 1 or 0.
15148.jpg,1,1,1,Analyze both the image and the text. Is this meme misogynistic? Reply with 1 for yes or 0 for no.
15148.jpg,1,0,0,Does this content promote hate or sexism against women? Answer 1 or 0.
15148.jpg,1,1,1,"Classify this meme: 1 = misogynous, 0 = not misogynous. Output only the digit."
15148.jpg,1,1,1,Is this image and text combination offensive towards women? Answer 1 (Offensive) or 0 (Safe).
15148.jpg,1,1,1,Look at the meme. Is it sexist? Answer only 1 or 0.
16165.jpg,1,1,1,Analyze both the image and the text. Is this meme misogynistic? Reply with 1 for yes or 0 for no.
16165.jpg,1,1,1,Does this content promote hate or sexism against women? Answer 1 or 0.
16165.jpg,1,1,1,"Classify this meme: 1 = misogynous, 0 = not misogynous. Output only the digit."
16165.jpg,1,1,1,Is this image and text combination offensive towards women? Answer 1 (Offensive) or 0 (Safe).
16165.jpg,1,1,1,Look at the meme. Is it sexist? Answer only 1 or 0.
15005.jpg,0,0,0,Analyze both the image and the text. Is this meme misogynistic? Reply with 1 for yes or 0 for no.
15005.jpg,0,0,0,Does this content promote hate or sexism against women? Answer 1 or 0.
15005.jpg,0,0,0,"Classify this meme: 1 = misogynous, 0 = not misogynous. Output only the digit."
15005.jpg,0,0,0,Is this image and text combination offensive towards women? Answer 1 (Offensive) or 0 (Safe).
15005.jpg,0,0,0,Look at the meme. Is it sexist? Answer only 1 or 0.
15758.jpg,1,0,0,Analyze both the image and the text. Is this meme misogynistic? Reply with 1 for yes or 0 for no.
15758.jpg,1,0,0,Does this content promote hate or sexism against women? Answer 1 or 0.
15758.jpg,1,0,0,"Classify this meme: 1 = misogynous, 0 = not misogynous. Output only the digit."
15758.jpg,1,0,0,Is this image and text combination offensive towards women? Answer 1 (Offensive) or 0 (Safe).
15758.jpg,1,0,0,Look at the meme. Is it sexist? Answer only 1 or 0.
15095.jpg,1,1,1,Analyze both the image and the text. Is this meme misogynistic? Reply with 1 for yes or 0 for no.
15095.jpg,1,0,0,Does this content promote hate or sexism against women? Answer 1 or 0.
15095.jpg,1,1,1,"Classify this meme: 1 = misogynous, 0 = not misogynous. Output only the digit."
15095.jpg,1,0,0,Is this image and text combination offensive towards women? Answer 1 (Offensive) or 0 (Safe).
15095.jpg,1,1,1,Look at the meme. Is it sexist? Answer only 1 or 0.
15521.jpg,0,0,0,Analyze both the image and the text. Is this meme misogynistic? Reply with 1 for yes or 0 for no.
15521.jpg,0,0,0,Does this content promote hate or sexism against women? Answer 1 or 0.
15521.jpg,0,0,0,"Classify this meme: 1 = misogynous, 0 = not misogynous. Output only the digit."
15521.jpg,0,0,0,Is this image and text combination offensive towards women? Answer 1 (Offensive) or 0 (Safe).
15521.jpg,0,0,0,Look at the meme. Is it sexist? Answer only 1 or 0.
15888.jpg,0,0,0,Analyze both the image and the text. Is this meme misogynistic? Reply with 1 for yes or 0 for no.
15888.jpg,0,0,0,Does this content promote hate or sexism against women? Answer 1 or 0.
15888.jpg,0,0,0,"Classify this meme: 1 = misogynous, 0 = not misogynous. Output only the digit."
15888.jpg,0,0,0,Is this image and text combination offensive towards women? Answer 1 (Offensive) or 0 (Safe).
15888.jpg,0,0,0,Look at the meme. Is it sexist? Answer only 1 or 0.
15731.jpg,0,0,0,Analyze both the image and the text. Is this meme misogynistic? Reply with 1 for yes or 0 for no.
15731.jpg,0,0,0,Does this content promote hate or sexism against women? Answer 1 or 0.
15731.jpg,0,0,0,"Classify this meme: 1 = misogynous, 0 = not misogynous. Output only the digit."
15731.jpg,0,0,0,Is this image and text combination offensive towards women? Answer 1 (Offensive) or 0 (Safe).
15731.jpg,0,1,1,Look at the meme. Is it sexist? Answer only 1 or 0.
15727.jpg,1,0,0,Analyze both the image and the text. Is this meme misogynistic? Reply with 1 for yes or 0 for no.
15727.jpg,1,0,0,Does this content promote hate or sexism against women? Answer 1 or 0.
15727.jpg,1,0,0,"Classify this meme: 1 = misogynous, 0 = not misogynous. Output only the digit."
15727.jpg,1,0,0,Is this image and text combination offensive towards women? Answer 1 (Offensive) or 0 (Safe).
15727.jpg,1,1,1,Look at the meme. Is it sexist? Answer only 1 or 0.
15337.jpg,0,0,0,Analyze both the image and the text. Is this meme misogynistic? Reply with 1 for yes or 0 for no.
15337.jpg,0,0,0,Does this content promote hate or sexism against women? Answer 1 or 0.
15337.jpg,0,0,0,"Classify this meme: 1 = misogynous, 0 = not misogynous. Output only the digit."
15337.jpg,0,0,0,Is this image and text combination offensive towards women? Answer 1 (Offensive) or 0 (Safe).
15337.jpg,0,0,0,Look at the meme. Is it sexist? Answer only 1 or 0.
15839.jpg,0,1,1,Analyze both the image and the text. Is this meme misogynistic? Reply with 1 for yes or 0 for no.
15839.jpg,0,1,1,Does this content promote hate or sexism against women? Answer 1 or 0.
15839.jpg,0,1,1,"Classify this meme: 1 = misogynous, 0 = not misogynous. Output only the digit."
15839.jpg,0,0,0,Is this image and text combination offensive towards women? Answer 1 (Offensive) or 0 (Safe).
15839.jpg,0,1,1,Look at the meme. Is it sexist? Answer only 1 or 0.
15027.jpg,0,0,0,Analyze both the image and the text. Is this meme misogynistic? Reply with 1 for yes or 0 for no.
15027.jpg,0,0,0,Does this content promote hate or sexism against women? Answer 1 or 0.
15027.jpg,0,0,0,"Classify this meme: 1 = misogynous, 0 = not misogynous. Output only the digit."
15027.jpg,0,0,0,Is this image and text combination offensive towards women? Answer 1 (Offensive) or 0 (Safe).
15027.jpg,0,0,0,Look at the meme. Is it sexist? Answer only 1 or 0.
15542.jpg,0,0,0,Analyze both the image and the text. Is this meme misogynistic? Reply with 1 for yes or 0 for no.
15542.jpg,0,0,0,Does this content promote hate or sexism against women? Answer 1 or 0.
15542.jpg,0,0,0,"Classify this meme: 1 = misogynous, 0 = not misogynous. Output only the digit."
15542.jpg,0,0,0,Is this image and text combination offensive towards women? Answer 1 (Offensive) or 0 (Safe).
15542.jpg,0,0,0,Look at the meme. Is it sexist? Answer only 1 or 0.
15400.jpg,0,0,0,Analyze both the image and the text. Is this meme misogynistic? Reply with 1 for yes or 0 for no.
15400.jpg,0,0,0,Does this content promote hate or sexism against women? Answer 1 or 0.
15400.jpg,0,0,0,"Classify this meme: 1 = misogynous, 0 = not misogynous. Output only the digit."
15400.jpg,0,0,0,Is this image and text combination offensive towards women? Answer 1 (Offensive) or 0 (Safe).
15400.jpg,0,0,0,Look at the meme. Is it sexist? Answer only 1 or 0.
15996.jpg,0,0,0,Analyze both the image and the text. Is this meme misogynistic? Reply with 1 for yes or 0 for no.
15996.jpg,0,0,0,Does this content promote hate or sexism against women? Answer 1 or 0.
15996.jpg,0,0,0,"Classify this meme: 1 = misogynous, 0 = not misogynous. Output only the digit."
15996.jpg,0,0,0,Is this image and text combination offensive towards women? Answer 1 (Offensive) or 0 (Safe).
15996.jpg,0,0,0,Look at the meme. Is it sexist? Answer only 1 or 0.
16143.jpg,0,0,0,Analyze both the image and the text. Is this meme misogynistic? Reply with 1 for yes or 0 for no.
16143.jpg,0,0,0,Does this content promote hate or sexism against women? Answer 1 or 0.
16143.jpg,0,0,0,"Classify this meme: 1 = misogynous, 0 = not misogynous. Output only the digit."
16143.jpg,0,0,0,Is this image and text combination offensive towards women? Answer 1 (Offensive) or 0 (Safe).
16143.jpg,0,1,1,Look at the meme. Is it sexist? Answer only 1 or 0.
15679.jpg,0,0,0,Analyze both the image and the text. Is this meme misogynistic? Reply with 1 for yes or 0 for no.
15679.jpg,0,0,0,Does this content promote hate or sexism against women? Answer 1 or 0.
15679.jpg,0,0,0,"Classify this meme: 1 = misogynous, 0 = not misogynous. Output only the digit."
15679.jpg,0,0,0,Is this image and text combination offensive towards women? Answer 1 (Offensive) or 0 (Safe).
15679.jpg,0,0,0,Look at the meme. Is it sexist? Answer only 1 or 0.
15947.jpg,1,1,1,Analyze both the image and the text. Is this meme misogynistic? Reply with 1 for yes or 0 for no.
15947.jpg,1,0,0,Does this content promote hate or sexism against women? Answer 1 or 0.
15947.jpg,1,0,0,"Classify this meme: 1 = misogynous, 0 = not misogynous. Output only the digit."
15947.jpg,1,0,0 (Safe).,Is this image and text combination offensive towards women? Answer 1 (Offensive) or 0 (Safe).
15947.jpg,1,0,0,Look at the meme. Is it sexist? Answer only 1 or 0.
16055.jpg,1,0,0,Analyze both the image and the text. Is this meme misogynistic? Reply with 1 for yes or 0 for no.
16055.jpg,1,0,0,Does this content promote hate or sexism against women? Answer 1 or 0.
16055.jpg,1,0,0,"Classify this meme: 1 = misogynous, 0 = not misogynous. Output only the digit."
16055.jpg,1,0,0,Is this image and text combination offensive towards women? Answer 1 (Offensive) or 0 (Safe).
16055.jpg,1,1,1,Look at the meme. Is it sexist? Answer only 1 or 0.
16110.jpg,1,1,1,Analyze both the image and the text. Is this meme misogynistic? Reply with 1 for yes or 0 for no.
16110.jpg,1,1,1,Does this content promote hate or sexism against women? Answer 1 or 0.
16110.jpg,1,1,1,"Classify this meme: 1 = misogynous, 0 = not misogynous. Output only the digit."
16110.jpg,1,0,0,Is this image and text combination offensive towards women? Answer 1 (Offensive) or 0 (Safe).
16110.jpg,1,1,1,Look at the meme. Is it sexist? Answer only 1 or 0.
15506.jpg,1,1,1,Analyze both the image and the text. Is this meme misogynistic? Reply with 1 for yes or 0 for no.
15506.jpg,1,0,0,Does this content promote hate or sexism against women? Answer 1 or 0.
15506.jpg,1,1,1,"Classify this meme: 1 = misogynous, 0 = not misogynous. Output only the digit."
15506.jpg,1,0,0 (Safe).,Is this image and text combination offensive towards women? Answer 1 (Offensive) or 0 (Safe).
15506.jpg,1,1,1,Look at the meme. Is it sexist? Answer only 1 or 0.
15332.jpg,0,1,1,Analyze both the image and the text. Is this meme misogynistic? Reply with 1 for yes or 0 for no.
15332.jpg,0,0,0,Does this content promote hate or sexism against women? Answer 1 or 0.
15332.jpg,0,1,1,"Classify this meme: 1 = misogynous, 0 = not misogynous. Output only the digit."
15332.jpg,0,0,0,Is this image and text combination offensive towards women? Answer 1 (Offensive) or 0 (Safe).
15332.jpg,0,1,1,Look at the meme. Is it sexist? Answer only 1 or 0.
15144.jpg,0,0,0,Analyze both the image and the text. Is this meme misogynistic? Reply with 1 for yes or 0 for no.
15144.jpg,0,0,0,Does this content promote hate or sexism against women? Answer 1 or 0.
15144.jpg,0,0,0,"Classify this meme: 1 = misogynous, 0 = not misogynous. Output only the digit."
15144.jpg,0,0,0,Is this image and text combination offensive towards women? Answer 1 (Offensive) or 0 (Safe).
15144.jpg,0,1,1,Look at the meme. Is it sexist? Answer only 1 or 0.
16187.jpg,1,1,1,Analyze both the image and the text. Is this meme misogynistic? Reply with 1 for yes or 0 for no.
16187.jpg,1,0,0,Does this content promote hate or sexism against women? Answer 1 or 0.
16187.jpg,1,1,1,"Classify this meme: 1 = misogynous, 0 = not misogynous. Output only the digit."
16187.jpg,1,0,0,Is this image and text combination offensive towards women? Answer 1 (Offensive) or 0 (Safe).
16187.jpg,1,1,1,Look at the meme. Is it sexist? Answer only 1 or 0.
15684.jpg,1,1,1,Analyze both the image and the text. Is this meme misogynistic? Reply with 1 for yes or 0 for no.
15684.jpg,1,1,1,Does this content promote hate or sexism against women? Answer 1 or 0.
15684.jpg,1,1,1,"Classify this meme: 1 = misogynous, 0 = not misogynous. Output only the digit."
15684.jpg,1,0,0,Is this image and text combination offensive towards women? Answer 1 (Offensive) or 0 (Safe).
15684.jpg,1,1,1,Look at the meme. Is it sexist? Answer only 1 or 0.
17018.jpg,1,0,0,Analyze both the image and the text. Is this meme misogynistic? Reply with 1 for yes or 0 for no.
17018.jpg,1,0,0,Does this content promote hate or sexism against women? Answer 1 or 0.
17018.jpg,1,0,0,"Classify this meme: 1 = misogynous, 0 = not misogynous. Output only the digit."
17018.jpg,1,0,0,Is this image and text combination offensive towards women? Answer 1 (Offensive) or 0 (Safe).
17018.jpg,1,1,1,Look at the meme. Is it sexist? Answer only 1 or 0.
15663.jpg,1,0,0,Analyze both the image and the text. Is this meme misogynistic? Reply with 1 for yes or 0 for no.
15663.jpg,1,0,0,Does this content promote hate or sexism against women? Answer 1 or 0.
15663.jpg,1,0,0,"Classify this meme: 1 = misogynous, 0 = not misogynous. Output only the digit."
15663.jpg,1,0,0,Is this image and text combination offensive towards women? Answer 1 (Offensive) or 0 (Safe).
15663.jpg,1,0,0,Look at the meme. Is it sexist? Answer only 1 or 0.
15496.jpg,0,0,0,Analyze both the image and the text. Is this meme misogynistic? Reply with 1 for yes or 0 for no.
15496.jpg,0,0,0,Does this content promote hate or sexism against women? Answer 1 or 0.
15496.jpg,0,0,0,"Classify this meme: 1 = misogynous, 0 = not misogynous. Output only the digit."
15496.jpg,0,0,0,Is this image and text combination offensive towards women? Answer 1 (Offensive) or 0 (Safe).
15496.jpg,0,1,1,Look at the meme. Is it sexist? Answer only 1 or 0.
17047.jpg,0,0,0,Analyze both the image and the text. Is this meme misogynistic? Reply with 1 for yes or 0 for no.
17047.jpg,0,0,0,Does this content promote hate or sexism against women? Answer 1 or 0.
17047.jpg,0,0,0,"Classify this meme: 1 = misogynous, 0 = not misogynous. Output only the digit."
17047.jpg,0,0,0,Is this image and text combination offensive towards women? Answer 1 (Offensive) or 0 (Safe).
17047.jpg,0,0,0,Look at the meme. Is it sexist? Answer only 1 or 0.
15512.jpg,0,1,1,Analyze both the image and the text. Is this meme misogynistic? Reply with 1 for yes or 0 for no.
15512.jpg,0,0,0,Does this content promote hate or sexism against women? Answer 1 or 0.
15512.jpg,0,1,1,"Classify this meme: 1 = misogynous, 0 = not misogynous. Output only the digit."
15512.jpg,0,0,0 (Safe).,Is this image and text combination offensive towards women? Answer 1 (Offensive) or 0 (Safe).
15512.jpg,0,1,1,Look at the meme. Is it sexist? Answer only 1 or 0.
15438.jpg,0,0,0,Analyze both the image and the text. Is this meme misogynistic? Reply with 1 for yes or 0 for no.
15438.jpg,0,0,0,Does this content promote hate or sexism against women? Answer 1 or 0.
15438.jpg,0,0,0,"Classify this meme: 1 = misogynous, 0 = not misogynous. Output only the digit."
15438.jpg,0,0,0,Is this image and text combination offensive towards women? Answer 1 (Offensive) or 0 (Safe).
15438.jpg,0,1,1,Look at the meme. Is it sexist? Answer only 1 or 0.
15460.jpg,0,0,0,Analyze both the image and the text. Is this meme misogynistic? Reply with 1 for yes or 0 for no.
15460.jpg,0,0,0,Does this content promote hate or sexism against women? Answer 1 or 0.
15460.jpg,0,0,0,"Classify this meme: 1 = misogynous, 0 = not misogynous. Output only the digit."
15460.jpg,0,0,0,Is this image and text combination offensive towards women? Answer 1 (Offensive) or 0 (Safe).
15460.jpg,0,0,0,Look at the meme. Is it sexist? Answer only 1 or 0.
16239.jpg,1,1,1,Analyze both the image and the text. Is this meme misogynistic? Reply with 1 for yes or 0 for no.
16239.jpg,1,1,1,Does this content promote hate or sexism against women? Answer 1 or 0.
16239.jpg,1,1,1,"Classify this meme: 1 = misogynous, 0 = not misogynous. Output only the digit."
16239.jpg,1,1,1,Is this image and text combination offensive towards women? Answer 1 (Offensive) or 0 (Safe).
16239.jpg,1,1,1,Look at the meme. Is it sexist? Answer only 1 or 0.
15232.jpg,1,0,0,Analyze both the image and the text. Is this meme misogynistic? Reply with 1 for yes or 0 for no.
15232.jpg,1,0,0,Does this content promote hate or sexism against women? Answer 1 or 0.
15232.jpg,1,0,0,"Classify this meme: 1 = misogynous, 0 = not misogynous. Output only the digit."
15232.jpg,1,0,0,Is this image and text combination offensive towards women? Answer 1 (Offensive) or 0 (Safe).
15232.jpg,1,0,0,Look at the meme. Is it sexist? Answer only 1 or 0.
15863.jpg,0,0,0,Analyze both the image and the text. Is this meme misogynistic? Reply with 1 for yes or 0 for no.
15863.jpg,0,0,0,Does this content promote hate or sexism against women? Answer 1 or 0.
15863.jpg,0,0,0,"Classify this meme: 1 = misogynous, 0 = not misogynous. Output only the digit."
15863.jpg,0,0,0,Is this image and text combination offensive towards women? Answer 1 (Offensive) or 0 (Safe).
15863.jpg,0,0,0,Look at the meme. Is it sexist? Answer only 1 or 0.
15781.jpg,0,0,0,Analyze both the image and the text. Is this meme misogynistic? Reply with 1 for yes or 0 for no.
15781.jpg,0,0,0,Does this content promote hate or sexism against women? Answer 1 or 0.
15781.jpg,0,0,0,"Classify this meme: 1 = misogynous, 0 = not misogynous. Output only the digit."
15781.jpg,0,0,0,Is this image and text combination offensive towards women? Answer 1 (Offensive) or 0 (Safe).
15781.jpg,0,0,0,Look at the meme. Is it sexist? Answer only 1 or 0.
15743.jpg,0,0,0,Analyze both the image and the text. Is this meme misogynistic? Reply with 1 for yes or 0 for no.
15743.jpg,0,0,0,Does this content promote hate or sexism against women? Answer 1 or 0.
15743.jpg,0,0,0,"Classify this meme: 1 = misogynous, 0 = not misogynous. Output only the digit."
15743.jpg,0,0,0,Is this image and text combination offensive towards women? Answer 1 (Offensive) or 0 (Safe).
15743.jpg,0,0,0,Look at the meme. Is it sexist? Answer only 1 or 0.
15765.jpg,0,0,0,Analyze both the image and the text. Is this meme misogynistic? Reply with 1 for yes or 0 for no.
15765.jpg,0,0,0,Does this content promote hate or sexism against women? Answer 1 or 0.
15765.jpg,0,0,0,"Classify this meme: 1 = misogynous, 0 = not misogynous. Output only the digit."
15765.jpg,0,0,0,Is this image and text combination offensive towards women? Answer 1 (Offensive) or 0 (Safe).
15765.jpg,0,1,1,Look at the meme. Is it sexist? Answer only 1 or 0.
15294.jpg,1,1,1,Analyze both the image and the text. Is this meme misogynistic? Reply with 1 for yes or 0 for no.
15294.jpg,1,1,1,Does this content promote hate or sexism against women? Answer 1 or 0.
15294.jpg,1,1,1,"Classify this meme: 1 = misogynous, 0 = not misogynous. Output only the digit."
15294.jpg,1,1,1,Is this image and text combination offensive towards women? Answer 1 (Offensive) or 0 (Safe).
15294.jpg,1,1,1,Look at the meme. Is it sexist? Answer only 1 or 0.
15504.jpg,1,1,1,Analyze both the image and the text. Is this meme misogynistic? Reply with 1 for yes or 0 for no.
15504.jpg,1,0,0,Does this content promote hate or sexism against women? Answer 1 or 0.
15504.jpg,1,1,1,"Classify this meme: 1 = misogynous, 0 = not misogynous. Output only the digit."
15504.jpg,1,0,0,Is this image and text combination offensive towards women? Answer 1 (Offensive) or 0 (Safe).
15504.jpg,1,1,1,Look at the meme. Is it sexist? Answer only 1 or 0.
15565.jpg,0,0,0,Analyze both the image and the text. Is this meme misogynistic? Reply with 1 for yes or 0 for no.
15565.jpg,0,0,0,Does this content promote hate or sexism against women? Answer 1 or 0.
15565.jpg,0,0,0,"Classify this meme: 1 = misogynous, 0 = not misogynous. Output only the digit."
15565.jpg,0,0,0,Is this image and text combination offensive towards women? Answer 1 (Offensive) or 0 (Safe).
15565.jpg,0,1,1,Look at the meme. Is it sexist? Answer only 1 or 0.
15094.jpg,0,0,0,Analyze both the image and the text. Is this meme misogynistic? Reply with 1 for yes or 0 for no.
15094.jpg,0,0,0,Does this content promote hate or sexism against women? Answer 1 or 0.
15094.jpg,0,0,0,"Classify this meme: 1 = misogynous, 0 = not misogynous. Output only the digit."
15094.jpg,0,0,0 (Safe).,Is this image and text combination offensive towards women? Answer 1 (Offensive) or 0 (Safe).
15094.jpg,0,1,1,Look at the meme. Is it sexist? Answer only 1 or 0.
15955.jpg,1,0,0,Analyze both the image and the text. Is this meme misogynistic? Reply with 1 for yes or 0 for no.
15955.jpg,1,0,0,Does this content promote hate or sexism against women? Answer 1 or 0.
15955.jpg,1,0,0,"Classify this meme: 1 = misogynous, 0 = not misogynous. Output only the digit."
15955.jpg,1,0,0 (Safe).,Is this image and text combination offensive towards women? Answer 1 (Offensive) or 0 (Safe).
15955.jpg,1,0,0,Look at the meme. Is it sexist? Answer only 1 or 0.
15929.jpg,1,0,0,Analyze both the image and the text. Is this meme misogynistic? Reply with 1 for yes or 0 for no.
15929.jpg,1,0,0,Does this content promote hate or sexism against women? Answer 1 or 0.
15929.jpg,1,0,0,"Classify this meme: 1 = misogynous, 0 = not misogynous. Output only the digit."
15929.jpg,1,0,0,Is this image and text combination offensive towards women? Answer 1 (Offensive) or 0 (Safe).
15929.jpg,1,0,0,Look at the meme. Is it sexist? Answer only 1 or 0.
15487.jpg,1,1,1,Analyze both the image and the text. Is this meme misogynistic? Reply with 1 for yes or 0 for no.
15487.jpg,1,0,0,Does this content promote hate or sexism against women? Answer 1 or 0.
15487.jpg,1,0,0,"Classify this meme: 1 = misogynous, 0 = not misogynous. Output only the digit."
15487.jpg,1,0,0,Is this image and text combination offensive towards women? Answer 1 (Offensive) or 0 (Safe).
15487.jpg,1,1,1,Look at the meme. Is it sexist? Answer only 1 or 0.
15659.jpg,1,0,0,Analyze both the image and the text. Is this meme misogynistic? Reply with 1 for yes or 0 for no.
15659.jpg,1,0,0,Does this content promote hate or sexism against women? Answer 1 or 0.
15659.jpg,1,0,0,"Classify this meme: 1 = misogynous, 0 = not misogynous. Output only the digit."
15659.jpg,1,0,0,Is this image and text combination offensive towards women? Answer 1 (Offensive) or 0 (Safe).
15659.jpg,1,0,0,Look at the meme. Is it sexist? Answer only 1 or 0.
16178.jpg,1,0,0,Analyze both the image and the text. Is this meme misogynistic? Reply with 1 for yes or 0 for no.
16178.jpg,1,0,0,Does this content promote hate or sexism against women? Answer 1 or 0.
16178.jpg,1,0,0,"Classify this meme: 1 = misogynous, 0 = not misogynous. Output only the digit."
16178.jpg,1,0,0 (Safe).,Is this image and text combination offensive towards women? Answer 1 (Offensive) or 0 (Safe).
16178.jpg,1,0,0,Look at the meme. Is it sexist? Answer only 1 or 0.
15358.jpg,0,1,1,Analyze both the image and the text. Is this meme misogynistic? Reply with 1 for yes or 0 for no.
15358.jpg,0,1,1,Does this content promote hate or sexism against women? Answer 1 or 0.
15358.jpg,0,1,1,"Classify this meme: 1 = misogynous, 0 = not misogynous. Output only the digit."
15358.jpg,0,1,1,Is this image and text combination offensive towards women? Answer 1 (Offensive) or 0 (Safe).
15358.jpg,0,1,1,Look at the meme. Is it sexist? Answer only 1 or 0.
17074.jpg,0,0,0,Analyze both the image and the text. Is this meme misogynistic? Reply with 1 for yes or 0 for no.
17074.jpg,0,0,0,Does this content promote hate or sexism against women? Answer 1 or 0.
17074.jpg,0,0,0,"Classify this meme: 1 = misogynous, 0 = not misogynous. Output only the digit."
17074.jpg,0,0,0,Is this image and text combination offensive towards women? Answer 1 (Offensive) or 0 (Safe).
17074.jpg,0,0,0,Look at the meme. Is it sexist? Answer only 1 or 0.
15732.jpg,1,1,1,Analyze both the image and the text. Is this meme misogynistic? Reply with 1 for yes or 0 for no.
15732.jpg,1,1,1,Does this content promote hate or sexism against women? Answer 1 or 0.
15732.jpg,1,1,1,"Classify this meme: 1 = misogynous, 0 = not misogynous. Output only the digit."
15732.jpg,1,1,1,Is this image and text combination offensive towards women? Answer 1 (Offensive) or 0 (Safe).
15732.jpg,1,1,1,Look at the meme. Is it sexist? Answer only 1 or 0.
15458.jpg,0,0,0,Analyze both the image and the text. Is this meme misogynistic? Reply with 1 for yes or 0 for no.
15458.jpg,0,0,0,Does this content promote hate or sexism against women? Answer 1 or 0.
15458.jpg,0,0,0,"Classify this meme: 1 = misogynous, 0 = not misogynous. Output only the digit."
15458.jpg,0,0,0,Is this image and text combination offensive towards women? Answer 1 (Offensive) or 0 (Safe).
15458.jpg,0,0,0,Look at the meme. Is it sexist? Answer only 1 or 0.
16115.jpg,0,1,1,Analyze both the image and the text. Is this meme misogynistic? Reply with 1 for yes or 0 for no.
16115.jpg,0,0,0,Does this content promote hate or sexism against women? Answer 1 or 0.
16115.jpg,0,1,1,"Classify this meme: 1 = misogynous, 0 = not misogynous. Output only the digit."
16115.jpg,0,0,0,Is this image and text combination offensive towards women? Answer 1 (Offensive) or 0 (Safe).
16115.jpg,0,1,1,Look at the meme. Is it sexist? Answer only 1 or 0.
15031.jpg,0,0,0,Analyze both the image and the text. Is this meme misogynistic? Reply with 1 for yes or 0 for no.
15031.jpg,0,0,0,Does this content promote hate or sexism against women? Answer 1 or 0.
15031.jpg,0,0,0,"Classify this meme: 1 = misogynous, 0 = not misogynous. Output only the digit."
15031.jpg,0,0,0,Is this image and text combination offensive towards women? Answer 1 (Offensive) or 0 (Safe).
15031.jpg,0,0,0,Look at the meme. Is it sexist? Answer only 1 or 0.
16155.jpg,0,1,1,Analyze both the image and the text. Is this meme misogynistic? Reply with 1 for yes or 0 for no.
16155.jpg,0,0,0,Does this content promote hate or sexism against women? Answer 1 or 0.
16155.jpg,0,0,0,"Classify this meme: 1 = misogynous, 0 = not misogynous. Output only the digit."
16155.jpg,0,0,0,Is this image and text combination offensive towards women? Answer 1 (Offensive) or 0 (Safe).
16155.jpg,0,1,1,Look at the meme. Is it sexist? Answer only 1 or 0.
16075.jpg,0,0,0,Analyze both the image and the text. Is this meme misogynistic? Reply with 1 for yes or 0 for no.
16075.jpg,0,0,0,Does this content promote hate or sexism against women? Answer 1 or 0.
16075.jpg,0,0,0,"Classify this meme: 1 = misogynous, 0 = not misogynous. Output only the digit."
16075.jpg,0,0,0,Is this image and text combination offensive towards women? Answer 1 (Offensive) or 0 (Safe).
16075.jpg,0,0,0,Look at the meme. Is it sexist? Answer only 1 or 0.
17076.jpg,0,0,0,Analyze both the image and the text. Is this meme misogynistic? Reply with 1 for yes or 0 for no.
17076.jpg,0,0,0,Does this content promote hate or sexism against women? Answer 1 or 0.
17076.jpg,0,0,0,"Classify this meme: 1 = misogynous, 0 = not misogynous. Output only the digit."
17076.jpg,0,0,0,Is this image and text combination offensive towards women? Answer 1 (Offensive) or 0 (Safe).
17076.jpg,0,0,0,Look at the meme. Is it sexist? Answer only 1 or 0.
16004.jpg,1,1,1,Analyze both the image and the text. Is this meme misogynistic? Reply with 1 for yes or 0 for no.
16004.jpg,1,1,1,Does this content promote hate or sexism against women? Answer 1 or 0.
16004.jpg,1,1,1,"Classify this meme: 1 = misogynous, 0 = not misogynous. Output only the digit."
16004.jpg,1,1,1,Is this image and text combination offensive towards women? Answer 1 (Offensive) or 0 (Safe).
16004.jpg,1,1,1,Look at the meme. Is it sexist? Answer only 1 or 0.
15899.jpg,0,0,0,Analyze both the image and the text. Is this meme misogynistic? Reply with 1 for yes or 0 for no.
15899.jpg,0,0,0,Does this content promote hate or sexism against women? Answer 1 or 0.
15899.jpg,0,0,0,"Classify this meme: 1 = misogynous, 0 = not misogynous. Output only the digit."
15899.jpg,0,0,0,Is this image and text combination offensive towards women? Answer 1 (Offensive) or 0 (Safe).
15899.jpg,0,0,0,Look at the meme. Is it sexist? Answer only 1 or 0.
15235.jpg,1,0,0,Analyze both the image and the text. Is this meme misogynistic? Reply with 1 for yes or 0 for no.
15235.jpg,1,0,0,Does this content promote hate or sexism against women? Answer 1 or 0.
15235.jpg,1,0,0,"Classify this meme: 1 = misogynous, 0 = not misogynous. Output only the digit."
15235.jpg,1,0,0,Is this image and text combination offensive towards women? Answer 1 (Offensive) or 0 (Safe).
15235.jpg,1,0,0,Look at the meme. Is it sexist? Answer only 1 or 0.
17054.jpg,0,0,0,Analyze both the image and the text. Is this meme misogynistic? Reply with 1 for yes or 0 for no.
17054.jpg,0,0,0,Does this content promote hate or sexism against women? Answer 1 or 0.
17054.jpg,0,0,0,"Classify this meme: 1 = misogynous, 0 = not misogynous. Output only the digit."
17054.jpg,0,0,0 (Safe).,Is this image and text combination offensive towards women? Answer 1 (Offensive) or 0 (Safe).
17054.jpg,0,0,0,Look at the meme. Is it sexist? Answer only 1 or 0.
15451.jpg,1,0,0,Analyze both the image and the text. Is this meme misogynistic? Reply with 1 for yes or 0 for no.
15451.jpg,1,0,0,Does this content promote hate or sexism against women? Answer 1 or 0.
15451.jpg,1,0,0,"Classify this meme: 1 = misogynous, 0 = not misogynous. Output only the digit."
15451.jpg,1,0,0,Is this image and text combination offensive towards women? Answer 1 (Offensive) or 0 (Safe).
15451.jpg,1,0,0,Look at the meme. Is it sexist? Answer only 1 or 0.
15214.jpg,1,1,1,Analyze both the image and the text. Is this meme misogynistic? Reply with 1 for yes or 0 for no.
15214.jpg,1,0,0,Does this content promote hate or sexism against women? Answer 1 or 0.
15214.jpg,1,1,1,"Classify this meme: 1 = misogynous, 0 = not misogynous. Output only the digit."
15214.jpg,1,0,0,Is this image and text combination offensive towards women? Answer 1 (Offensive) or 0 (Safe).
15214.jpg,1,0,0,Look at the meme. Is it sexist? Answer only 1 or 0.
15815.jpg,0,0,0,Analyze both the image and the text. Is this meme misogynistic? Reply with 1 for yes or 0 for no.
15815.jpg,0,0,0,Does this content promote hate or sexism against women? Answer 1 or 0.
15815.jpg,0,0,0,"Classify this meme: 1 = misogynous, 0 = not misogynous. Output only the digit."
15815.jpg,0,0,0,Is this image and text combination offensive towards women? Answer 1 (Offensive) or 0 (Safe).
15815.jpg,0,0,0,Look at the meme. Is it sexist? Answer only 1 or 0.
15647.jpg,0,0,0,Analyze both the image and the text. Is this meme misogynistic? Reply with 1 for yes or 0 for no.
15647.jpg,0,0,0,Does this content promote hate or sexism against women? Answer 1 or 0.
15647.jpg,0,0,0,"Classify this meme: 1 = misogynous, 0 = not misogynous. Output only the digit."
15647.jpg,0,0,0,Is this image and text combination offensive towards women? Answer 1 (Offensive) or 0 (Safe).
15647.jpg,0,0,0,Look at the meme. Is it sexist? Answer only 1 or 0.
16124.jpg,1,1,1,Analyze both the image and the text. Is this meme misogynistic? Reply with 1 for yes or 0 for no.
16124.jpg,1,0,0,Does this content promote hate or sexism against women? Answer 1 or 0.
16124.jpg,1,1,1,"Classify this meme: 1 = misogynous, 0 = not misogynous. Output only the digit."
16124.jpg,1,0,0,Is this image and text combination offensive towards women? Answer 1 (Offensive) or 0 (Safe).
16124.jpg,1,1,1,Look at the meme. Is it sexist? Answer only 1 or 0.
15051.jpg,1,1,1,Analyze both the image and the text. Is this meme misogynistic? Reply with 1 for yes or 0 for no.
15051.jpg,1,1,1,Does this content promote hate or sexism against women? Answer 1 or 0.
15051.jpg,1,1,1,"Classify this meme: 1 = misogynous, 0 = not misogynous. Output only the digit."
15051.jpg,1,1,1,Is this image and text combination offensive towards women? Answer 1 (Offensive) or 0 (Safe).
15051.jpg,1,1,1,Look at the meme. Is it sexist? Answer only 1 or 0.
16121.jpg,1,1,1,Analyze both the image and the text. Is this meme misogynistic? Reply with 1 for yes or 0 for no.
16121.jpg,1,1,1,Does this content promote hate or sexism against women? Answer 1 or 0.
16121.jpg,1,1,1,"Classify this meme: 1 = misogynous, 0 = not misogynous. Output only the digit."
16121.jpg,1,1,1,Is this image and text combination offensive towards women? Answer 1 (Offensive) or 0 (Safe).
16121.jpg,1,1,1,Look at the meme. Is it sexist? Answer only 1 or 0.
16127.jpg,1,0,0,Analyze both the image and the text. Is this meme misogynistic? Reply with 1 for yes or 0 for no.
16127.jpg,1,0,0,Does this content promote hate or sexism against women? Answer 1 or 0.
16127.jpg,1,0,0,"Classify this meme: 1 = misogynous, 0 = not misogynous. Output only the digit."
16127.jpg,1,0,0,Is this image and text combination offensive towards women? Answer 1 (Offensive) or 0 (Safe).
16127.jpg,1,1,1,Look at the meme. Is it sexist? Answer only 1 or 0.
15182.jpg,0,1,1,Analyze both the image and the text. Is this meme misogynistic? Reply with 1 for yes or 0 for no.
15182.jpg,0,1,1,Does this content promote hate or sexism against women? Answer 1 or 0.
15182.jpg,0,1,1,"Classify this meme: 1 = misogynous, 0 = not misogynous. Output only the digit."
15182.jpg,0,0,0,Is this image and text combination offensive towards women? Answer 1 (Offensive) or 0 (Safe).
15182.jpg,0,1,1,Look at the meme. Is it sexist? Answer only 1 or 0.
15281.jpg,1,1,1,Analyze both the image and the text. Is this meme misogynistic? Reply with 1 for yes or 0 for no.
15281.jpg,1,1,1,Does this content promote hate or sexism against women? Answer 1 or 0.
15281.jpg,1,1,1,"Classify this meme: 1 = misogynous, 0 = not misogynous. Output only the digit."
15281.jpg,1,1,1,Is this image and text combination offensive towards women? Answer 1 (Offensive) or 0 (Safe).
15281.jpg,1,1,1,Look at the meme. Is it sexist? Answer only 1 or 0.
16176.jpg,1,0,0,Analyze both the image and the text. Is this meme misogynistic? Reply with 1 for yes or 0 for no.
16176.jpg,1,0,0,Does this content promote hate or sexism against women? Answer 1 or 0.
16176.jpg,1,0,0,"Classify this meme: 1 = misogynous, 0 = not misogynous. Output only the digit."
16176.jpg,1,0,0,Is this image and text combination offensive towards women? Answer 1 (Offensive) or 0 (Safe).
16176.jpg,1,0,0,Look at the meme. Is it sexist? Answer only 1 or 0.
15851.jpg,1,1,1,Analyze both the image and the text. Is this meme misogynistic? Reply with 1 for yes or 0 for no.
15851.jpg,1,1,1,Does this content promote hate or sexism against women? Answer 1 or 0.
15851.jpg,1,1,1,"Classify this meme: 1 = misogynous, 0 = not misogynous. Output only the digit."
15851.jpg,1,1,Yes.,Is this image and text combination offensive towards women? Answer 1 (Offensive) or 0 (Safe).
15851.jpg,1,1,1,Look at the meme. Is it sexist? Answer only 1 or 0.
16270.jpg,1,1,1,Analyze both the image and the text. Is this meme misogynistic? Reply with 1 for yes or 0 for no.
16270.jpg,1,1,1,Does this content promote hate or sexism against women? Answer 1 or 0.
16270.jpg,1,1,1,"Classify this meme: 1 = misogynous, 0 = not misogynous. Output only the digit."
16270.jpg,1,1,1,Is this image and text combination offensive towards women? Answer 1 (Offensive) or 0 (Safe).
16270.jpg,1,1,1,Look at the meme. Is it sexist? Answer only 1 or 0.
15100.jpg,0,0,0,Analyze both the image and the text. Is this meme misogynistic? Reply with 1 for yes or 0 for no.
15100.jpg,0,0,0,Does this content promote hate or sexism against women? Answer 1 or 0.
15100.jpg,0,0,0,"Classify this meme: 1 = misogynous, 0 = not misogynous. Output only the digit."
15100.jpg,0,0,0,Is this image and text combination offensive towards women? Answer 1 (Offensive) or 0 (Safe).
15100.jpg,0,0,0,Look at the meme. Is it sexist? Answer only 1 or 0.
16210.jpg,0,0,0,Analyze both the image and the text. Is this meme misogynistic? Reply with 1 for yes or 0 for no.
16210.jpg,0,0,0,Does this content promote hate or sexism against women? Answer 1 or 0.
16210.jpg,0,0,0,"Classify this meme: 1 = misogynous, 0 = not misogynous. Output only the digit."
16210.jpg,0,0,0 (Safe).,Is this image and text combination offensive towards women? Answer 1 (Offensive) or 0 (Safe).
16210.jpg,0,0,0,Look at the meme. Is it sexist? Answer only 1 or 0.
15999.jpg,0,0,0,Analyze both the image and the text. Is this meme misogynistic? Reply with 1 for yes or 0 for no.
15999.jpg,0,0,0,Does this content promote hate or sexism against women? Answer 1 or 0.
15999.jpg,0,0,0,"Classify this meme: 1 = misogynous, 0 = not misogynous. Output only the digit."
15999.jpg,0,0,0,Is this image and text combination offensive towards women? Answer 1 (Offensive) or 0 (Safe).
15999.jpg,0,0,0,Look at the meme. Is it sexist? Answer only 1 or 0.
16010.jpg,1,1,1,Analyze both the image and the text. Is this meme misogynistic? Reply with 1 for yes or 0 for no.
16010.jpg,1,1,1,Does this content promote hate or sexism against women? Answer 1 or 0.
16010.jpg,1,1,1,"Classify this meme: 1 = misogynous, 0 = not misogynous. Output only the digit."
16010.jpg,1,1,1,Is this image and text combination offensive towards women? Answer 1 (Offensive) or 0 (Safe).
16010.jpg,1,1,1,Look at the meme. Is it sexist? Answer only 1 or 0.
15977.jpg,0,0,0,Analyze both the image and the text. Is this meme misogynistic? Reply with 1 for yes or 0 for no.
15977.jpg,0,0,0,Does this content promote hate or sexism against women? Answer 1 or 0.
15977.jpg,0,0,0,"Classify this meme: 1 = misogynous, 0 = not misogynous. Output only the digit."
15977.jpg,0,0,0,Is this image and text combination offensive towards women? Answer 1 (Offensive) or 0 (Safe).
15977.jpg,0,0,0,Look at the meme. Is it sexist? Answer only 1 or 0.
16235.jpg,1,1,1,Analyze both the image and the text. Is this meme misogynistic? Reply with 1 for yes or 0 for no.
16235.jpg,1,1,1,Does this content promote hate or sexism against women? Answer 1 or 0.
16235.jpg,1,1,1,"Classify this meme: 1 = misogynous, 0 = not misogynous. Output only the digit."
16235.jpg,1,1,1,Is this image and text combination offensive towards women? Answer 1 (Offensive) or 0 (Safe).
16235.jpg,1,1,1,Look at the meme. Is it sexist? Answer only 1 or 0.
15354.jpg,0,1,1,Analyze both the image and the text. Is this meme misogynistic? Reply with 1 for yes or 0 for no.
15354.jpg,0,1,1,Does this content promote hate or sexism against women? Answer 1 or 0.
15354.jpg,0,1,1,"Classify this meme: 1 = misogynous, 0 = not misogynous. Output only the digit."
15354.jpg,0,0,0,Is this image and text combination offensive towards women? Answer 1 (Offensive) or 0 (Safe).
15354.jpg,0,1,1,Look at the meme. Is it sexist? Answer only 1 or 0.
15615.jpg,0,0,0,Analyze both the image and the text. Is this meme misogynistic? Reply with 1 for yes or 0 for no.
15615.jpg,0,0,0,Does this content promote hate or sexism against women? Answer 1 or 0.
15615.jpg,0,0,0,"Classify this meme: 1 = misogynous, 0 = not misogynous. Output only the digit."
15615.jpg,0,0,0,Is this image and text combination offensive towards women? Answer 1 (Offensive) or 0 (Safe).
15615.jpg,0,1,1,Look at the meme. Is it sexist? Answer only 1 or 0.
15509.jpg,0,0,0,Analyze both the image and the text. Is this meme misogynistic? Reply with 1 for yes or 0 for no.
15509.jpg,0,0,0,Does this content promote hate or sexism against women? Answer 1 or 0.
15509.jpg,0,0,0,"Classify this meme: 1 = misogynous, 0 = not misogynous. Output only the digit."
15509.jpg,0,0,0 (Safe).,Is this image and text combination offensive towards women? Answer 1 (Offensive) or 0 (Safe).
15509.jpg,0,0,0,Look at the meme. Is it sexist? Answer only 1 or 0.
16036.jpg,0,0,0,Analyze both the image and the text. Is this meme misogynistic? Reply with 1 for yes or 0 for no.
16036.jpg,0,0,0,Does this content promote hate or sexism against women? Answer 1 or 0.
16036.jpg,0,0,0,"Classify this meme: 1 = misogynous, 0 = not misogynous. Output only the digit."
16036.jpg,0,0,0,Is this image and text combination offensive towards women? Answer 1 (Offensive) or 0 (Safe).
16036.jpg,0,0,0,Look at the meme. Is it sexist? Answer only 1 or 0.
16218.jpg,1,1,1,Analyze both the image and the text. Is this meme misogynistic? Reply with 1 for yes or 0 for no.
16218.jpg,1,1,1,Does this content promote hate or sexism against women? Answer 1 or 0.
16218.jpg,1,1,1,"Classify this meme: 1 = misogynous, 0 = not misogynous. Output only the digit."
16218.jpg,1,1,1,Is this image and text combination offensive towards women? Answer 1 (Offensive) or 0 (Safe).
16218.jpg,1,1,1,Look at the meme. Is it sexist? Answer only 1 or 0.
15169.jpg,0,1,1,Analyze both the image and the text. Is this meme misogynistic? Reply with 1 for yes or 0 for no.
15169.jpg,0,0,0,Does this content promote hate or sexism against women? Answer 1 or 0.
15169.jpg,0,1,1,"Classify this meme: 1 = misogynous, 0 = not misogynous. Output only the digit."
15169.jpg,0,0,0,Is this image and text combination offensive towards women? Answer 1 (Offensive) or 0 (Safe).
15169.jpg,0,1,1,Look at the meme. Is it sexist? Answer only 1 or 0.
16067.jpg,1,1,1,Analyze both the image and the text. Is this meme misogynistic? Reply with 1 for yes or 0 for no.
16067.jpg,1,1,1,Does this content promote hate or sexism against women? Answer 1 or 0.
16067.jpg,1,1,1,"Classify this meme: 1 = misogynous, 0 = not misogynous. Output only the digit."
16067.jpg,1,1,1,Is this image and text combination offensive towards women? Answer 1 (Offensive) or 0 (Safe).
16067.jpg,1,1,1,Look at the meme. Is it sexist? Answer only 1 or 0.
15523.jpg,0,0,0,Analyze both the image and the text. Is this meme misogynistic? Reply with 1 for yes or 0 for no.
15523.jpg,0,0,0,Does this content promote hate or sexism against women? Answer 1 or 0.
15523.jpg,0,0,0,"Classify this meme: 1 = misogynous, 0 = not misogynous. Output only the digit."
15523.jpg,0,0,0,Is this image and text combination offensive towards women? Answer 1 (Offensive) or 0 (Safe).
15523.jpg,0,0,0,Look at the meme. Is it sexist? Answer only 1 or 0.
15193.jpg,0,0,0,Analyze both the image and the text. Is this meme misogynistic? Reply with 1 for yes or 0 for no.
15193.jpg,0,0,0,Does this content promote hate or sexism against women? Answer 1 or 0.
15193.jpg,0,0,0,"Classify this meme: 1 = misogynous, 0 = not misogynous. Output only the digit."
15193.jpg,0,0,0,Is this image and text combination offensive towards women? Answer 1 (Offensive) or 0 (Safe).
15193.jpg,0,0,0,Look at the meme. Is it sexist? Answer only 1 or 0.
15938.jpg,1,1,1,Analyze both the image and the text. Is this meme misogynistic? Reply with 1 for yes or 0 for no.
15938.jpg,1,1,1,Does this content promote hate or sexism against women? Answer 1 or 0.
15938.jpg,1,1,1,"Classify this meme: 1 = misogynous, 0 = not misogynous. Output only the digit."
15938.jpg,1,1,1,Is this image and text combination offensive towards women? Answer 1 (Offensive) or 0 (Safe).
15938.jpg,1,1,1,Look at the meme. Is it sexist? Answer only 1 or 0.
15022.jpg,0,0,0,Analyze both the image and the text. Is this meme misogynistic? Reply with 1 for yes or 0 for no.
15022.jpg,0,0,0,Does this content promote hate or sexism against women? Answer 1 or 0.
15022.jpg,0,0,0,"Classify this meme: 1 = misogynous, 0 = not misogynous. Output only the digit."
15022.jpg,0,0,0 (Safe).,Is this image and text combination offensive towards women? Answer 1 (Offensive) or 0 (Safe).
15022.jpg,0,0,0,Look at the meme. Is it sexist? Answer only 1 or 0.
15667.jpg,1,1,1,Analyze both the image and the text. Is this meme misogynistic? Reply with 1 for yes or 0 for no.
15667.jpg,1,0,0,Does this content promote hate or sexism against women? Answer 1 or 0.
15667.jpg,1,0,0,"Classify this meme: 1 = misogynous, 0 = not misogynous. Output only the digit."
15667.jpg,1,0,0,Is this image and text combination offensive towards women? Answer 1 (Offensive) or 0 (Safe).
15667.jpg,1,1,1,Look at the meme. Is it sexist? Answer only 1 or 0.
16310.jpg,0,0,0,Analyze both the image and the text. Is this meme misogynistic? Reply with 1 for yes or 0 for no.
16310.jpg,0,0,0,Does this content promote hate or sexism against women? Answer 1 or 0.
16310.jpg,0,1,1,"Classify this meme: 1 = misogynous, 0 = not misogynous. Output only the digit."
16310.jpg,0,0,0,Is this image and text combination offensive towards women? Answer 1 (Offensive) or 0 (Safe).
16310.jpg,0,0,0,Look at the meme. Is it sexist? Answer only 1 or 0.
15568.jpg,1,1,1,Analyze both the image and the text. Is this meme misogynistic? Reply with 1 for yes or 0 for no.
15568.jpg,1,1,1,Does this content promote hate or sexism against women? Answer 1 or 0.
15568.jpg,1,1,1,"Classify this meme: 1 = misogynous, 0 = not misogynous. Output only the digit."
15568.jpg,1,1,1,Is this image and text combination offensive towards women? Answer 1 (Offensive) or 0 (Safe).
15568.jpg,1,1,1,Look at the meme. Is it sexist? Answer only 1 or 0.
15609.jpg,0,0,0,Analyze both the image and the text. Is this meme misogynistic? Reply with 1 for yes or 0 for no.
15609.jpg,0,0,0,Does this content promote hate or sexism against women? Answer 1 or 0.
15609.jpg,0,0,0,"Classify this meme: 1 = misogynous, 0 = not misogynous. Output only the digit."
15609.jpg,0,0,0,Is this image and text combination offensive towards women? Answer 1 (Offensive) or 0 (Safe).
15609.jpg,0,0,0,Look at the meme. Is it sexist? Answer only 1 or 0.
15811.jpg,1,1,1,Analyze both the image and the text. Is this meme misogynistic? Reply with 1 for yes or 0 for no.
15811.jpg,1,1,1,Does this content promote hate or sexism against women? Answer 1 or 0.
15811.jpg,1,1,1,"Classify this meme: 1 = misogynous, 0 = not misogynous. Output only the digit."
15811.jpg,1,1,1,Is this image and text combination offensive towards women? Answer 1 (Offensive) or 0 (Safe).
15811.jpg,1,1,1,Look at the meme. Is it sexist? Answer only 1 or 0.
16285.jpg,0,1,1,Analyze both the image and the text. Is this meme misogynistic? Reply with 1 for yes or 0 for no.
16285.jpg,0,0,0,Does this content promote hate or sexism against women? Answer 1 or 0.
16285.jpg,0,0,0,"Classify this meme: 1 = misogynous, 0 = not misogynous. Output only the digit."
16285.jpg,0,0,0,Is this image and text combination offensive towards women? Answer 1 (Offensive) or 0 (Safe).
16285.jpg,0,0,0,Look at the meme. Is it sexist? Answer only 1 or 0.
15435.jpg,1,0,0,Analyze both the image and the text. Is this meme misogynistic? Reply with 1 for yes or 0 for no.
15435.jpg,1,0,0,Does this content promote hate or sexism against women? Answer 1 or 0.
15435.jpg,1,0,0,"Classify this meme: 1 = misogynous, 0 = not misogynous. Output only the digit."
15435.jpg,1,0,0,Is this image and text combination offensive towards women? Answer 1 (Offensive) or 0 (Safe).
15435.jpg,1,0,0,Look at the meme. Is it sexist? Answer only 1 or 0.
16014.jpg,0,0,0,Analyze both the image and the text. Is this meme misogynistic? Reply with 1 for yes or 0 for no.
16014.jpg,0,0,0,Does this content promote hate or sexism against women? Answer 1 or 0.
16014.jpg,0,0,0,"Classify this meme: 1 = misogynous, 0 = not misogynous. Output only the digit."
16014.jpg,0,0,0,Is this image and text combination offensive towards women? Answer 1 (Offensive) or 0 (Safe).
16014.jpg,0,0,0,Look at the meme. Is it sexist? Answer only 1 or 0.
15276.jpg,0,0,0,Analyze both the image and the text. Is this meme misogynistic? Reply with 1 for yes or 0 for no.
15276.jpg,0,0,0,Does this content promote hate or sexism against women? Answer 1 or 0.
15276.jpg,0,0,0,"Classify this meme: 1 = misogynous, 0 = not misogynous. Output only the digit."
15276.jpg,0,0,0,Is this image and text combination offensive towards women? Answer 1 (Offensive) or 0 (Safe).
15276.jpg,0,0,0,Look at the meme. Is it sexist? Answer only 1 or 0.
16269.jpg,1,1,1,Analyze both the image and the text. Is this meme misogynistic? Reply with 1 for yes or 0 for no.
16269.jpg,1,1,1,Does this content promote hate or sexism against women? Answer 1 or 0.
16269.jpg,1,1,1,"Classify this meme: 1 = misogynous, 0 = not misogynous. Output only the digit."
16269.jpg,1,0,0,Is this image and text combination offensive towards women? Answer 1 (Offensive) or 0 (Safe).
16269.jpg,1,1,1,Look at the meme. Is it sexist? Answer only 1 or 0.
15456.jpg,0,0,0,Analyze both the image and the text. Is this meme misogynistic? Reply with 1 for yes or 0 for no.
15456.jpg,0,0,0,Does this content promote hate or sexism against women? Answer 1 or 0.
15456.jpg,0,0,0,"Classify this meme: 1 = misogynous, 0 = not misogynous. Output only the digit."
15456.jpg,0,0,0,Is this image and text combination offensive towards women? Answer 1 (Offensive) or 0 (Safe).
15456.jpg,0,0,0,Look at the meme. Is it sexist? Answer only 1 or 0.
15668.jpg,0,1,1,Analyze both the image and the text. Is this meme misogynistic? Reply with 1 for yes or 0 for no.
15668.jpg,0,0,0,Does this content promote hate or sexism against women? Answer 1 or 0.
15668.jpg,0,0,0,"Classify this meme: 1 = misogynous, 0 = not misogynous. Output only the digit."
15668.jpg,0,0,0 (Safe).,Is this image and text combination offensive towards women? Answer 1 (Offensive) or 0 (Safe).
15668.jpg,0,1,1,Look at the meme. Is it sexist? Answer only 1 or 0.
16273.jpg,0,0,0,Analyze both the image and the text. Is this meme misogynistic? Reply with 1 for yes or 0 for no.
16273.jpg,0,0,0,Does this content promote hate or sexism against women? Answer 1 or 0.
16273.jpg,0,0,0,"Classify this meme: 1 = misogynous, 0 = not misogynous. Output only the digit."
16273.jpg,0,0,0,Is this image and text combination offensive towards women? Answer 1 (Offensive) or 0 (Safe).
16273.jpg,0,0,0,Look at the meme. Is it sexist? Answer only 1 or 0.
15964.jpg,1,1,1,Analyze both the image and the text. Is this meme misogynistic? Reply with 1 for yes or 0 for no.
15964.jpg,1,1,1,Does this content promote hate or sexism against women? Answer 1 or 0.
15964.jpg,1,1,1,"Classify this meme: 1 = misogynous, 0 = not misogynous. Output only the digit."
15964.jpg,1,1,1,Is this image and text combination offensive towards women? Answer 1 (Offensive) or 0 (Safe).
15964.jpg,1,1,1,Look at the meme. Is it sexist? Answer only 1 or 0.
15607.jpg,0,0,0,Analyze both the image and the text. Is this meme misogynistic? Reply with 1 for yes or 0 for no.
15607.jpg,0,0,0,Does this content promote hate or sexism against women? Answer 1 or 0.
15607.jpg,0,0,0,"Classify this meme: 1 = misogynous, 0 = not misogynous. Output only the digit."
15607.jpg,0,0,0,Is this image and text combination offensive towards women? Answer 1 (Offensive) or 0 (Safe).
15607.jpg,0,0,0,Look at the meme. Is it sexist? Answer only 1 or 0.
16306.jpg,0,0,0,Analyze both the image and the text. Is this meme misogynistic? Reply with 1 for yes or 0 for no.
16306.jpg,0,0,0,Does this content promote hate or sexism against women? Answer 1 or 0.
16306.jpg,0,0,0,"Classify this meme: 1 = misogynous, 0 = not misogynous. Output only the digit."
16306.jpg,0,0,0 (Safe).,Is this image and text combination offensive towards women? Answer 1 (Offensive) or 0 (Safe).
16306.jpg,0,0,0,Look at the meme. Is it sexist? Answer only 1 or 0.
15725.jpg,0,0,0,Analyze both the image and the text. Is this meme misogynistic? Reply with 1 for yes or 0 for no.
15725.jpg,0,0,0,Does this content promote hate or sexism against women? Answer 1 or 0.
15725.jpg,0,0,0,"Classify this meme: 1 = misogynous, 0 = not misogynous. Output only the digit."
15725.jpg,0,0,0 (Safe).,Is this image and text combination offensive towards women? Answer 1 (Offensive) or 0 (Safe).
15725.jpg,0,1,1,Look at the meme. Is it sexist? Answer only 1 or 0.
15122.jpg,1,1,1,Analyze both the image and the text. Is this meme misogynistic? Reply with 1 for yes or 0 for no.
15122.jpg,1,0,0,Does this content promote hate or sexism against women? Answer 1 or 0.
15122.jpg,1,0,0,"Classify this meme: 1 = misogynous, 0 = not misogynous. Output only the digit."
15122.jpg,1,0,0,Is this image and text combination offensive towards women? Answer 1 (Offensive) or 0 (Safe).
15122.jpg,1,1,1,Look at the meme. Is it sexist? Answer only 1 or 0.
16142.jpg,0,1,1,Analyze both the image and the text. Is this meme misogynistic? Reply with 1 for yes or 0 for no.
16142.jpg,0,0,0,Does this content promote hate or sexism against women? Answer 1 or 0.
16142.jpg,0,1,1,"Classify this meme: 1 = misogynous, 0 = not misogynous. Output only the digit."
16142.jpg,0,0,0,Is this image and text combination offensive towards women? Answer 1 (Offensive) or 0 (Safe).
16142.jpg,0,1,1,Look at the meme. Is it sexist? Answer only 1 or 0.
15475.jpg,1,1,1,Analyze both the image and the text. Is this meme misogynistic? Reply with 1 for yes or 0 for no.
15475.jpg,1,1,1,Does this content promote hate or sexism against women? Answer 1 or 0.
15475.jpg,1,0,0,"Classify this meme: 1 = misogynous, 0 = not misogynous. Output only the digit."
15475.jpg,1,0,0,Is this image and text combination offensive towards women? Answer 1 (Offensive) or 0 (Safe).
15475.jpg,1,1,1,Look at the meme. Is it sexist? Answer only 1 or 0.
15437.jpg,1,0,0,Analyze both the image and the text. Is this meme misogynistic? Reply with 1 for yes or 0 for no.
15437.jpg,1,0,0,Does this content promote hate or sexism against women? Answer 1 or 0.
15437.jpg,1,1,1,"Classify this meme: 1 = misogynous, 0 = not misogynous. Output only the digit."
15437.jpg,1,0,0,Is this image and text combination offensive towards women? Answer 1 (Offensive) or 0 (Safe).
15437.jpg,1,0,0,Look at the meme. Is it sexist? Answer only 1 or 0.
15976.jpg,1,1,1,Analyze both the image and the text. Is this meme misogynistic? Reply with 1 for yes or 0 for no.
15976.jpg,1,1,1,Does this content promote hate or sexism against women? Answer 1 or 0.
15976.jpg,1,0,0,"Classify this meme: 1 = misogynous, 0 = not misogynous. Output only the digit."
15976.jpg,1,0,0,Is this image and text combination offensive towards women? Answer 1 (Offensive) or 0 (Safe).
15976.jpg,1,0,0,Look at the meme. Is it sexist? Answer only 1 or 0.
15073.jpg,1,1,1,Analyze both the image and the text. Is this meme misogynistic? Reply with 1 for yes or 0 for no.
15073.jpg,1,1,1,Does this content promote hate or sexism against women? Answer 1 or 0.
15073.jpg,1,1,1,"Classify this meme: 1 = misogynous, 0 = not misogynous. Output only the digit."
15073.jpg,1,0,0,Is this image and text combination offensive towards women? Answer 1 (Offensive) or 0 (Safe).
15073.jpg,1,1,1,Look at the meme. Is it sexist? Answer only 1 or 0.
15865.jpg,1,1,1,Analyze both the image and the text. Is this meme misogynistic? Reply with 1 for yes or 0 for no.
15865.jpg,1,1,1,Does this content promote hate or sexism against women? Answer 1 or 0.
15865.jpg,1,1,1,"Classify this meme: 1 = misogynous, 0 = not misogynous. Output only the digit."
15865.jpg,1,1,1,Is this image and text combination offensive towards women? Answer 1 (Offensive) or 0 (Safe).
15865.jpg,1,1,1,Look at the meme. Is it sexist? Answer only 1 or 0.
15011.jpg,0,0,0,Analyze both the image and the text. Is this meme misogynistic? Reply with 1 for yes or 0 for no.
15011.jpg,0,0,0,Does this content promote hate or sexism against women? Answer 1 or 0.
15011.jpg,0,0,0,"Classify this meme: 1 = misogynous, 0 = not misogynous. Output only the digit."
15011.jpg,0,0,0 (Safe).,Is this image and text combination offensive towards women? Answer 1 (Offensive) or 0 (Safe).
15011.jpg,0,0,0,Look at the meme. Is it sexist? Answer only 1 or 0.
15590.jpg,0,0,0,Analyze both the image and the text. Is this meme misogynistic? Reply with 1 for yes or 0 for no.
15590.jpg,0,0,0,Does this content promote hate or sexism against women? Answer 1 or 0.
15590.jpg,0,0,0,"Classify this meme: 1 = misogynous, 0 = not misogynous. Output only the digit."
15590.jpg,0,0,0,Is this image and text combination offensive towards women? Answer 1 (Offensive) or 0 (Safe).
15590.jpg,0,0,0,Look at the meme. Is it sexist? Answer only 1 or 0.
15231.jpg,1,1,1,Analyze both the image and the text. Is this meme misogynistic? Reply with 1 for yes or 0 for no.
15231.jpg,1,0,0,Does this content promote hate or sexism against women? Answer 1 or 0.
15231.jpg,1,1,1,"Classify this meme: 1 = misogynous, 0 = not misogynous. Output only the digit."
15231.jpg,1,0,0,Is this image and text combination offensive towards women? Answer 1 (Offensive) or 0 (Safe).
15231.jpg,1,1,1,Look at the meme. Is it sexist? Answer only 1 or 0.
16177.jpg,1,1,1,Analyze both the image and the text. Is this meme misogynistic? Reply with 1 for yes or 0 for no.
16177.jpg,1,0,0,Does this content promote hate or sexism against women? Answer 1 or 0.
16177.jpg,1,0,0,"Classify this meme: 1 = misogynous, 0 = not misogynous. Output only the digit."
16177.jpg,1,0,0,Is this image and text combination offensive towards women? Answer 1 (Offensive) or 0 (Safe).
16177.jpg,1,1,1,Look at the meme. Is it sexist? Answer only 1 or 0.
15960.jpg,1,0,0,Analyze both the image and the text. Is this meme misogynistic? Reply with 1 for yes or 0 for no.
15960.jpg,1,0,0,Does this content promote hate or sexism against women? Answer 1 or 0.
15960.jpg,1,0,0,"Classify this meme: 1 = misogynous, 0 = not misogynous. Output only the digit."
15960.jpg,1,0,0,Is this image and text combination offensive towards women? Answer 1 (Offensive) or 0 (Safe).
15960.jpg,1,1,1,Look at the meme. Is it sexist? Answer only 1 or 0.
15466.jpg,0,1,1,Analyze both the image and the text. Is this meme misogynistic? Reply with 1 for yes or 0 for no.
15466.jpg,0,1,1,Does this content promote hate or sexism against women? Answer 1 or 0.
15466.jpg,0,1,1,"Classify this meme: 1 = misogynous, 0 = not misogynous. Output only the digit."
15466.jpg,0,1,1,Is this image and text combination offensive towards women? Answer 1 (Offensive) or 0 (Safe).
15466.jpg,0,1,1,Look at the meme. Is it sexist? Answer only 1 or 0.
15026.jpg,0,0,0,Analyze both the image and the text. Is this meme misogynistic? Reply with 1 for yes or 0 for no.
15026.jpg,0,0,0,Does this content promote hate or sexism against women? Answer 1 or 0.
15026.jpg,0,0,0,"Classify this meme: 1 = misogynous, 0 = not misogynous. Output only the digit."
15026.jpg,0,0,0,Is this image and text combination offensive towards women? Answer 1 (Offensive) or 0 (Safe).
15026.jpg,0,0,0,Look at the meme. Is it sexist? Answer only 1 or 0.
15556.jpg,0,0,0,Analyze both the image and the text. Is this meme misogynistic? Reply with 1 for yes or 0 for no.
15556.jpg,0,0,0,Does this content promote hate or sexism against women? Answer 1 or 0.
15556.jpg,0,0,0,"Classify this meme: 1 = misogynous, 0 = not misogynous. Output only the digit."
15556.jpg,0,0,0,Is this image and text combination offensive towards women? Answer 1 (Offensive) or 0 (Safe).
15556.jpg,0,0,0,Look at the meme. Is it sexist? Answer only 1 or 0.
16099.jpg,0,0,0,Analyze both the image and the text. Is this meme misogynistic? Reply with 1 for yes or 0 for no.
16099.jpg,0,0,0,Does this content promote hate or sexism against women? Answer 1 or 0.
16099.jpg,0,0,0,"Classify this meme: 1 = misogynous, 0 = not misogynous. Output only the digit."
16099.jpg,0,0,0,Is this image and text combination offensive towards women? Answer 1 (Offensive) or 0 (Safe).
16099.jpg,0,0,0,Look at the meme. Is it sexist? Answer only 1 or 0.
15223.jpg,0,0,0,Analyze both the image and the text. Is this meme misogynistic? Reply with 1 for yes or 0 for no.
15223.jpg,0,0,0,Does this content promote hate or sexism against women? Answer 1 or 0.
15223.jpg,0,0,0,"Classify this meme: 1 = misogynous, 0 = not misogynous. Output only the digit."
15223.jpg,0,0,0 (Safe).,Is this image and text combination offensive towards women? Answer 1 (Offensive) or 0 (Safe).
15223.jpg,0,0,0,Look at the meme. Is it sexist? Answer only 1 or 0.
15112.jpg,1,1,1,Analyze both the image and the text. Is this meme misogynistic? Reply with 1 for yes or 0 for no.
15112.jpg,1,0,0,Does this content promote hate or sexism against women? Answer 1 or 0.
15112.jpg,1,1,1,"Classify this meme: 1 = misogynous, 0 = not misogynous. Output only the digit."
15112.jpg,1,0,0 (Safe).,Is this image and text combination offensive towards women? Answer 1 (Offensive) or 0 (Safe).
15112.jpg,1,1,1,Look at the meme. Is it sexist? Answer only 1 or 0.
15909.jpg,1,0,0,Analyze both the image and the text. Is this meme misogynistic? Reply with 1 for yes or 0 for no.
15909.jpg,1,0,0,Does this content promote hate or sexism against women? Answer 1 or 0.
15909.jpg,1,0,0,"Classify this meme: 1 = misogynous, 0 = not misogynous. Output only the digit."
15909.jpg,1,0,0,Is this image and text combination offensive towards women? Answer 1 (Offensive) or 0 (Safe).
15909.jpg,1,0,0,Look at the meme. Is it sexist? Answer only 1 or 0.
15190.jpg,1,1,1,Analyze both the image and the text. Is this meme misogynistic? Reply with 1 for yes or 0 for no.
15190.jpg,1,1,1,Does this content promote hate or sexism against women? Answer 1 or 0.
15190.jpg,1,1,1,"Classify this meme: 1 = misogynous, 0 = not misogynous. Output only the digit."
15190.jpg,1,1,1,Is this image and text combination offensive towards women? Answer 1 (Offensive) or 0 (Safe).
15190.jpg,1,1,1,Look at the meme. Is it sexist? Answer only 1 or 0.
16146.jpg,0,0,0,Analyze both the image and the text. Is this meme misogynistic? Reply with 1 for yes or 0 for no.
16146.jpg,0,0,0,Does this content promote hate or sexism against women? Answer 1 or 0.
16146.jpg,0,0,0,"Classify this meme: 1 = misogynous, 0 = not misogynous. Output only the digit."
16146.jpg,0,0,0,Is this image and text combination offensive towards women? Answer 1 (Offensive) or 0 (Safe).
16146.jpg,0,0,0,Look at the meme. Is it sexist? Answer only 1 or 0.
15984.jpg,1,0,0,Analyze both the image and the text. Is this meme misogynistic? Reply with 1 for yes or 0 for no.
15984.jpg,1,0,0,Does this content promote hate or sexism against women? Answer 1 or 0.
15984.jpg,1,0,0,"Classify this meme: 1 = misogynous, 0 = not misogynous. Output only the digit."
15984.jpg,1,0,0,Is this image and text combination offensive towards women? Answer 1 (Offensive) or 0 (Safe).
15984.jpg,1,0,0,Look at the meme. Is it sexist? Answer only 1 or 0.
16079.jpg,1,1,1,Analyze both the image and the text. Is this meme misogynistic? Reply with 1 for yes or 0 for no.
16079.jpg,1,1,1,Does this content promote hate or sexism against women? Answer 1 or 0.
16079.jpg,1,1,1,"Classify this meme: 1 = misogynous, 0 = not misogynous. Output only the digit."
16079.jpg,1,1,1,Is this image and text combination offensive towards women? Answer 1 (Offensive) or 0 (Safe).
16079.jpg,1,1,1,Look at the meme. Is it sexist? Answer only 1 or 0.
15994.jpg,1,1,1,Analyze both the image and the text. Is this meme misogynistic? Reply with 1 for yes or 0 for no.
15994.jpg,1,1,1,Does this content promote hate or sexism against women? Answer 1 or 0.
15994.jpg,1,0,0,"Classify this meme: 1 = misogynous, 0 = not misogynous. Output only the digit."
15994.jpg,1,0,0,Is this image and text combination offensive towards women? Answer 1 (Offensive) or 0 (Safe).
15994.jpg,1,1,1,Look at the meme. Is it sexist? Answer only 1 or 0.
16144.jpg,1,0,0,Analyze both the image and the text. Is this meme misogynistic? Reply with 1 for yes or 0 for no.
16144.jpg,1,0,0,Does this content promote hate or sexism against women? Answer 1 or 0.
16144.jpg,1,0,0,"Classify this meme: 1 = misogynous, 0 = not misogynous. Output only the digit."
16144.jpg,1,0,0,Is this image and text combination offensive towards women? Answer 1 (Offensive) or 0 (Safe).
16144.jpg,1,0,0,Look at the meme. Is it sexist? Answer only 1 or 0.
17046.jpg,1,1,1,Analyze both the image and the text. Is this meme misogynistic? Reply with 1 for yes or 0 for no.
17046.jpg,1,1,1,Does this content promote hate or sexism against women? Answer 1 or 0.
17046.jpg,1,1,1,"Classify this meme: 1 = misogynous, 0 = not misogynous. Output only the digit."
17046.jpg,1,1,1,Is this image and text combination offensive towards women? Answer 1 (Offensive) or 0 (Safe).
17046.jpg,1,1,1,Look at the meme. Is it sexist? Answer only 1 or 0.
15877.jpg,1,0,0,Analyze both the image and the text. Is this meme misogynistic? Reply with 1 for yes or 0 for no.
15877.jpg,1,0,0,Does this content promote hate or sexism against women? Answer 1 or 0.
15877.jpg,1,0,0,"Classify this meme: 1 = misogynous, 0 = not misogynous. Output only the digit."
15877.jpg,1,0,0,Is this image and text combination offensive towards women? Answer 1 (Offensive) or 0 (Safe).
15877.jpg,1,0,0,Look at the meme. Is it sexist? Answer only 1 or 0.
15821.jpg,0,1,1,Analyze both the image and the text. Is this meme misogynistic? Reply with 1 for yes or 0 for no.
15821.jpg,0,0,0,Does this content promote hate or sexism against women? Answer 1 or 0.
15821.jpg,0,1,1,"Classify this meme: 1 = misogynous, 0 = not misogynous. Output only the digit."
15821.jpg,0,0,0,Is this image and text combination offensive towards women? Answer 1 (Offensive) or 0 (Safe).
15821.jpg,0,1,1,Look at the meme. Is it sexist? Answer only 1 or 0.
15353.jpg,1,1,1,Analyze both the image and the text. Is this meme misogynistic? Reply with 1 for yes or 0 for no.
15353.jpg,1,1,1,Does this content promote hate or sexism against women? Answer 1 or 0.
15353.jpg,1,1,1,"Classify this meme: 1 = misogynous, 0 = not misogynous. Output only the digit."
15353.jpg,1,1,1,Is this image and text combination offensive towards women? Answer 1 (Offensive) or 0 (Safe).
15353.jpg,1,1,1,Look at the meme. Is it sexist? Answer only 1 or 0.
15718.jpg,0,0,0,Analyze both the image and the text. Is this meme misogynistic? Reply with 1 for yes or 0 for no.
15718.jpg,0,0,0,Does this content promote hate or sexism against women? Answer 1 or 0.
15718.jpg,0,0,0,"Classify this meme: 1 = misogynous, 0 = not misogynous. Output only the digit."
15718.jpg,0,0,0,Is this image and text combination offensive towards women? Answer 1 (Offensive) or 0 (Safe).
15718.jpg,0,0,0,Look at the meme. Is it sexist? Answer only 1 or 0.
15771.jpg,1,1,1,Analyze both the image and the text. Is this meme misogynistic? Reply with 1 for yes or 0 for no.
15771.jpg,1,1,1,Does this content promote hate or sexism against women? Answer 1 or 0.
15771.jpg,1,1,1,"Classify this meme: 1 = misogynous, 0 = not misogynous. Output only the digit."
15771.jpg,1,1,1,Is this image and text combination offensive towards women? Answer 1 (Offensive) or 0 (Safe).
15771.jpg,1,1,1,Look at the meme. Is it sexist? Answer only 1 or 0.
17037.jpg,1,1,1,Analyze both the image and the text. Is this meme misogynistic? Reply with 1 for yes or 0 for no.
17037.jpg,1,1,1,Does this content promote hate or sexism against women? Answer 1 or 0.
17037.jpg,1,1,1,"Classify this meme: 1 = misogynous, 0 = not misogynous. Output only the digit."
17037.jpg,1,1,1,Is this image and text combination offensive towards women? Answer 1 (Offensive) or 0 (Safe).
17037.jpg,1,1,1,Look at the meme. Is it sexist? Answer only 1 or 0.
15686.jpg,0,0,0,Analyze both the image and the text. Is this meme misogynistic? Reply with 1 for yes or 0 for no.
15686.jpg,0,0,0,Does this content promote hate or sexism against women? Answer 1 or 0.
15686.jpg,0,0,0,"Classify this meme: 1 = misogynous, 0 = not misogynous. Output only the digit."
15686.jpg,0,0,0,Is this image and text combination offensive towards women? Answer 1 (Offensive) or 0 (Safe).
15686.jpg,0,0,0,Look at the meme. Is it sexist? Answer only 1 or 0.
15160.jpg,0,1,1,Analyze both the image and the text. Is this meme misogynistic? Reply with 1 for yes or 0 for no.
15160.jpg,0,0,0,Does this content promote hate or sexism against women? Answer 1 or 0.
15160.jpg,0,0,0,"Classify this meme: 1 = misogynous, 0 = not misogynous. Output only the digit."
15160.jpg,0,0,0,Is this image and text combination offensive towards women? Answer 1 (Offensive) or 0 (Safe).
15160.jpg,0,0,0,Look at the meme. Is it sexist? Answer only 1 or 0.
15530.jpg,1,1,1,Analyze both the image and the text. Is this meme misogynistic? Reply with 1 for yes or 0 for no.
15530.jpg,1,1,1,Does this content promote hate or sexism against women? Answer 1 or 0.
15530.jpg,1,1,1,"Classify this meme: 1 = misogynous, 0 = not misogynous. Output only the digit."
15530.jpg,1,1,1,Is this image and text combination offensive towards women? Answer 1 (Offensive) or 0 (Safe).
15530.jpg,1,1,1,Look at the meme. Is it sexist? Answer only 1 or 0.
17041.jpg,1,0,0,Analyze both the image and the text. Is this meme misogynistic? Reply with 1 for yes or 0 for no.
17041.jpg,1,0,0,Does this content promote hate or sexism against women? Answer 1 or 0.
17041.jpg,1,0,0,"Classify this meme: 1 = misogynous, 0 = not misogynous. Output only the digit."
17041.jpg,1,0,0 (Safe).,Is this image and text combination offensive towards women? Answer 1 (Offensive) or 0 (Safe).
17041.jpg,1,0,0,Look at the meme. Is it sexist? Answer only 1 or 0.
15705.jpg,1,0,0,Analyze both the image and the text. Is this meme misogynistic? Reply with 1 for yes or 0 for no.
15705.jpg,1,0,0,Does this content promote hate or sexism against women? Answer 1 or 0.
15705.jpg,1,0,0,"Classify this meme: 1 = misogynous, 0 = not misogynous. Output only the digit."
15705.jpg,1,0,0,Is this image and text combination offensive towards women? Answer 1 (Offensive) or 0 (Safe).
15705.jpg,1,0,0,Look at the meme. Is it sexist? Answer only 1 or 0.
17060.jpg,1,0,0,Analyze both the image and the text. Is this meme misogynistic? Reply with 1 for yes or 0 for no.
17060.jpg,1,0,0,Does this content promote hate or sexism against women? Answer 1 or 0.
17060.jpg,1,0,0,"Classify this meme: 1 = misogynous, 0 = not misogynous. Output only the digit."
17060.jpg,1,0,0,Is this image and text combination offensive towards women? Answer 1 (Offensive) or 0 (Safe).
17060.jpg,1,0,0,Look at the meme. Is it sexist? Answer only 1 or 0.
15503.jpg,0,0,0,Analyze both the image and the text. Is this meme misogynistic? Reply with 1 for yes or 0 for no.
15503.jpg,0,0,0,Does this content promote hate or sexism against women? Answer 1 or 0.
15503.jpg,0,0,0,"Classify this meme: 1 = misogynous, 0 = not misogynous. Output only the digit."
15503.jpg,0,0,0,Is this image and text combination offensive towards women? Answer 1 (Offensive) or 0 (Safe).
15503.jpg,0,0,0,Look at the meme. Is it sexist? Answer only 1 or 0.
15911.jpg,1,1,1,Analyze both the image and the text. Is this meme misogynistic? Reply with 1 for yes or 0 for no.
15911.jpg,1,1,1,Does this content promote hate or sexism against women? Answer 1 or 0.
15911.jpg,1,1,1,"Classify this meme: 1 = misogynous, 0 = not misogynous. Output only the digit."
15911.jpg,1,1,1,Is this image and text combination offensive towards women? Answer 1 (Offensive) or 0 (Safe).
15911.jpg,1,1,1,Look at the meme. Is it sexist? Answer only 1 or 0.
15618.jpg,0,0,0,Analyze both the image and the text. Is this meme misogynistic? Reply with 1 for yes or 0 for no.
15618.jpg,0,0,0,Does this content promote hate or sexism against women? Answer 1 or 0.
15618.jpg,0,0,0,"Classify this meme: 1 = misogynous, 0 = not misogynous. Output only the digit."
15618.jpg,0,0,0,Is this image and text combination offensive towards women? Answer 1 (Offensive) or 0 (Safe).
15618.jpg,0,0,0,Look at the meme. Is it sexist? Answer only 1 or 0.
15793.jpg,0,0,0,Analyze both the image and the text. Is this meme misogynistic? Reply with 1 for yes or 0 for no.
15793.jpg,0,0,0,Does this content promote hate or sexism against women? Answer 1 or 0.
15793.jpg,0,0,0,"Classify this meme: 1 = misogynous, 0 = not misogynous. Output only the digit."
15793.jpg,0,0,0,Is this image and text combination offensive towards women? Answer 1 (Offensive) or 0 (Safe).
15793.jpg,0,0,0,Look at the meme. Is it sexist? Answer only 1 or 0.
16085.jpg,0,0,0,Analyze both the image and the text. Is this meme misogynistic? Reply with 1 for yes or 0 for no.
16085.jpg,0,0,0,Does this content promote hate or sexism against women? Answer 1 or 0.
16085.jpg,0,0,0,"Classify this meme: 1 = misogynous, 0 = not misogynous. Output only the digit."
16085.jpg,0,0,0,Is this image and text combination offensive towards women? Answer 1 (Offensive) or 0 (Safe).
16085.jpg,0,0,0,Look at the meme. Is it sexist? Answer only 1 or 0.
15801.jpg,0,1,1,Analyze both the image and the text. Is this meme misogynistic? Reply with 1 for yes or 0 for no.
15801.jpg,0,0,0,Does this content promote hate or sexism against women? Answer 1 or 0.
15801.jpg,0,0,0,"Classify this meme: 1 = misogynous, 0 = not misogynous. Output only the digit."
15801.jpg,0,0,0,Is this image and text combination offensive towards women? Answer 1 (Offensive) or 0 (Safe).
15801.jpg,0,1,1,Look at the meme. Is it sexist? Answer only 1 or 0.
15388.jpg,0,0,0,Analyze both the image and the text. Is this meme misogynistic? Reply with 1 for yes or 0 for no.
15388.jpg,0,0,0,Does this content promote hate or sexism against women? Answer 1 or 0.
15388.jpg,0,0,0,"Classify this meme: 1 = misogynous, 0 = not misogynous. Output only the digit."
15388.jpg,0,0,0,Is this image and text combination offensive towards women? Answer 1 (Offensive) or 0 (Safe).
15388.jpg,0,0,0,Look at the meme. Is it sexist? Answer only 1 or 0.
15779.jpg,1,1,1,Analyze both the image and the text. Is this meme misogynistic? Reply with 1 for yes or 0 for no.
15779.jpg,1,1,1,Does this content promote hate or sexism against women? Answer 1 or 0.
15779.jpg,1,1,1,"Classify this meme: 1 = misogynous, 0 = not misogynous. Output only the digit."
15779.jpg,1,1,1,Is this image and text combination offensive towards women? Answer 1 (Offensive) or 0 (Safe).
15779.jpg,1,1,1,Look at the meme. Is it sexist? Answer only 1 or 0.
15341.jpg,1,0,0,Analyze both the image and the text. Is this meme misogynistic? Reply with 1 for yes or 0 for no.
15341.jpg,1,0,0,Does this content promote hate or sexism against women? Answer 1 or 0.
15341.jpg,1,0,0,"Classify this meme: 1 = misogynous, 0 = not misogynous. Output only the digit."
15341.jpg,1,0,0 (Safe).,Is this image and text combination offensive towards women? Answer 1 (Offensive) or 0 (Safe).
15341.jpg,1,0,0,Look at the meme. Is it sexist? Answer only 1 or 0.
17073.jpg,0,0,0,Analyze both the image and the text. Is this meme misogynistic? Reply with 1 for yes or 0 for no.
17073.jpg,0,0,0,Does this content promote hate or sexism against women? Answer 1 or 0.
17073.jpg,0,0,0,"Classify this meme: 1 = misogynous, 0 = not misogynous. Output only the digit."
17073.jpg,0,0,0,Is this image and text combination offensive towards women? Answer 1 (Offensive) or 0 (Safe).
17073.jpg,0,0,0,Look at the meme. Is it sexist? Answer only 1 or 0.
15574.jpg,1,1,1,Analyze both the image and the text. Is this meme misogynistic? Reply with 1 for yes or 0 for no.
15574.jpg,1,1,1,Does this content promote hate or sexism against women? Answer 1 or 0.
15574.jpg,1,1,1,"Classify this meme: 1 = misogynous, 0 = not misogynous. Output only the digit."
15574.jpg,1,1,1,Is this image and text combination offensive towards women? Answer 1 (Offensive) or 0 (Safe).
15574.jpg,1,1,1,Look at the meme. Is it sexist? Answer only 1 or 0.
15151.jpg,0,0,0,Analyze both the image and the text. Is this meme misogynistic? Reply with 1 for yes or 0 for no.
15151.jpg,0,0,0,Does this content promote hate or sexism against women? Answer 1 or 0.
15151.jpg,0,0,0,"Classify this meme: 1 = misogynous, 0 = not misogynous. Output only the digit."
15151.jpg,0,0,0,Is this image and text combination offensive towards women? Answer 1 (Offensive) or 0 (Safe).
15151.jpg,0,0,0,Look at the meme. Is it sexist? Answer only 1 or 0.
15785.jpg,0,0,0,Analyze both the image and the text. Is this meme misogynistic? Reply with 1 for yes or 0 for no.
15785.jpg,0,0,0,Does this content promote hate or sexism against women? Answer 1 or 0.
15785.jpg,0,0,0,"Classify this meme: 1 = misogynous, 0 = not misogynous. Output only the digit."
15785.jpg,0,0,0,Is this image and text combination offensive towards women? Answer 1 (Offensive) or 0 (Safe).
15785.jpg,0,0,0,Look at the meme. Is it sexist? Answer only 1 or 0.
16114.jpg,1,1,1,Analyze both the image and the text. Is this meme misogynistic? Reply with 1 for yes or 0 for no.
16114.jpg,1,1,1,Does this content promote hate or sexism against women? Answer 1 or 0.
16114.jpg,1,1,1,"Classify this meme: 1 = misogynous, 0 = not misogynous. Output only the digit."
16114.jpg,1,1,1,Is this image and text combination offensive towards women? Answer 1 (Offensive) or 0 (Safe).
16114.jpg,1,1,1,Look at the meme. Is it sexist? Answer only 1 or 0.
16167.jpg,0,0,0,Analyze both the image and the text. Is this meme misogynistic? Reply with 1 for yes or 0 for no.
16167.jpg,0,0,0,Does this content promote hate or sexism against women? Answer 1 or 0.
16167.jpg,0,0,0,"Classify this meme: 1 = misogynous, 0 = not misogynous. Output only the digit."
16167.jpg,0,0,0,Is this image and text combination offensive towards women? Answer 1 (Offensive) or 0 (Safe).
16167.jpg,0,0,0,Look at the meme. Is it sexist? Answer only 1 or 0.
16193.jpg,0,0,0,Analyze both the image and the text. Is this meme misogynistic? Reply with 1 for yes or 0 for no.
16193.jpg,0,0,0,Does this content promote hate or sexism against women? Answer 1 or 0.
16193.jpg,0,0,0,"Classify this meme: 1 = misogynous, 0 = not misogynous. Output only the digit."
16193.jpg,0,0,0,Is this image and text combination offensive towards women? Answer 1 (Offensive) or 0 (Safe).
16193.jpg,0,0,0,Look at the meme. Is it sexist? Answer only 1 or 0.
16164.jpg,1,0,0,Analyze both the image and the text. Is this meme misogynistic? Reply with 1 for yes or 0 for no.
16164.jpg,1,0,0,Does this content promote hate or sexism against women? Answer 1 or 0.
16164.jpg,1,0,0,"Classify this meme: 1 = misogynous, 0 = not misogynous. Output only the digit."
16164.jpg,1,0,0,Is this image and text combination offensive towards women? Answer 1 (Offensive) or 0 (Safe).
16164.jpg,1,0,0,Look at the meme. Is it sexist? Answer only 1 or 0.
15035.jpg,1,0,0,Analyze both the image and the text. Is this meme misogynistic? Reply with 1 for yes or 0 for no.
15035.jpg,1,0,0,Does this content promote hate or sexism against women? Answer 1 or 0.
15035.jpg,1,0,0,"Classify this meme: 1 = misogynous, 0 = not misogynous. Output only the digit."
15035.jpg,1,0,0,Is this image and text combination offensive towards women? Answer 1 (Offensive) or 0 (Safe).
15035.jpg,1,0,0,Look at the meme. Is it sexist? Answer only 1 or 0.
16092.jpg,1,0,0,Analyze both the image and the text. Is this meme misogynistic? Reply with 1 for yes or 0 for no.
16092.jpg,1,1,1,Does this content promote hate or sexism against women? Answer 1 or 0.
16092.jpg,1,0,0,"Classify this meme: 1 = misogynous, 0 = not misogynous. Output only the digit."
16092.jpg,1,0,0,Is this image and text combination offensive towards women? Answer 1 (Offensive) or 0 (Safe).
16092.jpg,1,1,1,Look at the meme. Is it sexist? Answer only 1 or 0.
15436.jpg,0,0,0,Analyze both the image and the text. Is this meme misogynistic? Reply with 1 for yes or 0 for no.
15436.jpg,0,0,0,Does this content promote hate or sexism against women? Answer 1 or 0.
15436.jpg,0,0,0,"Classify this meme: 1 = misogynous, 0 = not misogynous. Output only the digit."
15436.jpg,0,0,0,Is this image and text combination offensive towards women? Answer 1 (Offensive) or 0 (Safe).
15436.jpg,0,0,0,Look at the meme. Is it sexist? Answer only 1 or 0.
15754.jpg,1,0,0,Analyze both the image and the text. Is this meme misogynistic? Reply with 1 for yes or 0 for no.
15754.jpg,1,0,0,Does this content promote hate or sexism against women? Answer 1 or 0.
15754.jpg,1,0,0,"Classify this meme: 1 = misogynous, 0 = not misogynous. Output only the digit."
15754.jpg,1,0,0,Is this image and text combination offensive towards women? Answer 1 (Offensive) or 0 (Safe).
15754.jpg,1,0,0,Look at the meme. Is it sexist? Answer only 1 or 0.
15701.jpg,0,0,0,Analyze both the image and the text. Is this meme misogynistic? Reply with 1 for yes or 0 for no.
15701.jpg,0,0,0,Does this content promote hate or sexism against women? Answer 1 or 0.
15701.jpg,0,0,0,"Classify this meme: 1 = misogynous, 0 = not misogynous. Output only the digit."
15701.jpg,0,0,0,Is this image and text combination offensive towards women? Answer 1 (Offensive) or 0 (Safe).
15701.jpg,0,0,0,Look at the meme. Is it sexist? Answer only 1 or 0.
17033.jpg,1,0,0,Analyze both the image and the text. Is this meme misogynistic? Reply with 1 for yes or 0 for no.
17033.jpg,1,0,0,Does this content promote hate or sexism against women? Answer 1 or 0.
17033.jpg,1,0,0,"Classify this meme: 1 = misogynous, 0 = not misogynous. Output only the digit."
17033.jpg,1,0,0,Is this image and text combination offensive towards women? Answer 1 (Offensive) or 0 (Safe).
17033.jpg,1,0,0,Look at the meme. Is it sexist? Answer only 1 or 0.
16137.jpg,0,0,0,Analyze both the image and the text. Is this meme misogynistic? Reply with 1 for yes or 0 for no.
16137.jpg,0,0,0,Does this content promote hate or sexism against women? Answer 1 or 0.
16137.jpg,0,0,0,"Classify this meme: 1 = misogynous, 0 = not misogynous. Output only the digit."
16137.jpg,0,0,0,Is this image and text combination offensive towards women? Answer 1 (Offensive) or 0 (Safe).
16137.jpg,0,1,1,Look at the meme. Is it sexist? Answer only 1 or 0.
15991.jpg,0,0,0,Analyze both the image and the text. Is this meme misogynistic? Reply with 1 for yes or 0 for no.
15991.jpg,0,0,0,Does this content promote hate or sexism against women? Answer 1 or 0.
15991.jpg,0,0,0,"Classify this meme: 1 = misogynous, 0 = not misogynous. Output only the digit."
15991.jpg,0,0,0,Is this image and text combination offensive towards women? Answer 1 (Offensive) or 0 (Safe).
15991.jpg,0,0,0,Look at the meme. Is it sexist? Answer only 1 or 0.
15211.jpg,1,1,1,Analyze both the image and the text. Is this meme misogynistic? Reply with 1 for yes or 0 for no.
15211.jpg,1,1,1,Does this content promote hate or sexism against women? Answer 1 or 0.
15211.jpg,1,1,1,"Classify this meme: 1 = misogynous, 0 = not misogynous. Output only the digit."
15211.jpg,1,1,1,Is this image and text combination offensive towards women? Answer 1 (Offensive) or 0 (Safe).
15211.jpg,1,1,1,Look at the meme. Is it sexist? Answer only 1 or 0.
16013.jpg,1,1,1,Analyze both the image and the text. Is this meme misogynistic? Reply with 1 for yes or 0 for no.
16013.jpg,1,1,1,Does this content promote hate or sexism against women? Answer 1 or 0.
16013.jpg,1,0,0,"Classify this meme: 1 = misogynous, 0 = not misogynous. Output only the digit."
16013.jpg,1,1,1,Is this image and text combination offensive towards women? Answer 1 (Offensive) or 0 (Safe).
16013.jpg,1,1,1,Look at the meme. Is it sexist? Answer only 1 or 0.
15469.jpg,1,1,1,Analyze both the image and the text. Is this meme misogynistic? Reply with 1 for yes or 0 for no.
15469.jpg,1,1,1,Does this content promote hate or sexism against women? Answer 1 or 0.
15469.jpg,1,0,0,"Classify this meme: 1 = misogynous, 0 = not misogynous. Output only the digit."
15469.jpg,1,1,1,Is this image and text combination offensive towards women? Answer 1 (Offensive) or 0 (Safe).
15469.jpg,1,1,1,Look at the meme. Is it sexist? Answer only 1 or 0.
15225.jpg,1,0,0,Analyze both the image and the text. Is this meme misogynistic? Reply with 1 for yes or 0 for no.
15225.jpg,1,0,0,Does this content promote hate or sexism against women? Answer 1 or 0.
15225.jpg,1,0,0,"Classify this meme: 1 = misogynous, 0 = not misogynous. Output only the digit."
15225.jpg,1,0,0,Is this image and text combination offensive towards women? Answer 1 (Offensive) or 0 (Safe).
15225.jpg,1,1,1,Look at the meme. Is it sexist? Answer only 1 or 0.
15113.jpg,1,1,1,Analyze both the image and the text. Is this meme misogynistic? Reply with 1 for yes or 0 for no.
15113.jpg,1,1,1,Does this content promote hate or sexism against women? Answer 1 or 0.
15113.jpg,1,1,1,"Classify this meme: 1 = misogynous, 0 = not misogynous. Output only the digit."
15113.jpg,1,1,1,Is this image and text combination offensive towards women? Answer 1 (Offensive) or 0 (Safe).
15113.jpg,1,1,1,Look at the meme. Is it sexist? Answer only 1 or 0.
17004.jpg,0,0,0,Analyze both the image and the text. Is this meme misogynistic? Reply with 1 for yes or 0 for no.
17004.jpg,0,0,0,Does this content promote hate or sexism against women? Answer 1 or 0.
17004.jpg,0,0,0,"Classify this meme: 1 = misogynous, 0 = not misogynous. Output only the digit."
17004.jpg,0,0,0 (Safe).,Is this image and text combination offensive towards women? Answer 1 (Offensive) or 0 (Safe).
17004.jpg,0,0,0,Look at the meme. Is it sexist? Answer only 1 or 0.
15217.jpg,1,0,0,Analyze both the image and the text. Is this meme misogynistic? Reply with 1 for yes or 0 for no.
15217.jpg,1,0,0,Does this content promote hate or sexism against women? Answer 1 or 0.
15217.jpg,1,0,0,"Classify this meme: 1 = misogynous, 0 = not misogynous. Output only the digit."
15217.jpg,1,0,0,Is this image and text combination offensive towards women? Answer 1 (Offensive) or 0 (Safe).
15217.jpg,1,0,0,Look at the meme. Is it sexist? Answer only 1 or 0.
15735.jpg,0,1,1,Analyze both the image and the text. Is this meme misogynistic? Reply with 1 for yes or 0 for no.
15735.jpg,0,0,0,Does this content promote hate or sexism against women? Answer 1 or 0.
15735.jpg,0,1,1,"Classify this meme: 1 = misogynous, 0 = not misogynous. Output only the digit."
15735.jpg,0,0,0,Is this image and text combination offensive towards women? Answer 1 (Offensive) or 0 (Safe).
15735.jpg,0,1,1,Look at the meme. Is it sexist? Answer only 1 or 0.
16001.jpg,0,0,0,Analyze both the image and the text. Is this meme misogynistic? Reply with 1 for yes or 0 for no.
16001.jpg,0,0,0,Does this content promote hate or sexism against women? Answer 1 or 0.
16001.jpg,0,0,0,"Classify this meme: 1 = misogynous, 0 = not misogynous. Output only the digit."
16001.jpg,0,0,0,Is this image and text combination offensive towards women? Answer 1 (Offensive) or 0 (Safe).
16001.jpg,0,1,1,Look at the meme. Is it sexist? Answer only 1 or 0.
15593.jpg,0,0,0,Analyze both the image and the text. Is this meme misogynistic? Reply with 1 for yes or 0 for no.
15593.jpg,0,0,0,Does this content promote hate or sexism against women? Answer 1 or 0.
15593.jpg,0,0,0,"Classify this meme: 1 = misogynous, 0 = not misogynous. Output only the digit."
15593.jpg,0,0,0 (Safe).,Is this image and text combination offensive towards women? Answer 1 (Offensive) or 0 (Safe).
15593.jpg,0,0,0,Look at the meme. Is it sexist? Answer only 1 or 0.
15923.jpg,0,0,0,Analyze both the image and the text. Is this meme misogynistic? Reply with 1 for yes or 0 for no.
15923.jpg,0,0,0,Does this content promote hate or sexism against women? Answer 1 or 0.
15923.jpg,0,0,0,"Classify this meme: 1 = misogynous, 0 = not misogynous. Output only the digit."
15923.jpg,0,0,0,Is this image and text combination offensive towards women? Answer 1 (Offensive) or 0 (Safe).
15923.jpg,0,0,0,Look at the meme. Is it sexist? Answer only 1 or 0.
15857.jpg,0,1,1,Analyze both the image and the text. Is this meme misogynistic? Reply with 1 for yes or 0 for no.
15857.jpg,0,1,1,Does this content promote hate or sexism against women? Answer 1 or 0.
15857.jpg,0,1,1,"Classify this meme: 1 = misogynous, 0 = not misogynous. Output only the digit."
15857.jpg,0,1,1,Is this image and text combination offensive towards women? Answer 1 (Offensive) or 0 (Safe).
15857.jpg,0,1,1,Look at the meme. Is it sexist? Answer only 1 or 0.
15954.jpg,1,0,0,Analyze both the image and the text. Is this meme misogynistic? Reply with 1 for yes or 0 for no.
15954.jpg,1,0,0,Does this content promote hate or sexism against women? Answer 1 or 0.
15954.jpg,1,0,0,"Classify this meme: 1 = misogynous, 0 = not misogynous. Output only the digit."
15954.jpg,1,0,0,Is this image and text combination offensive towards women? Answer 1 (Offensive) or 0 (Safe).
15954.jpg,1,0,0,Look at the meme. Is it sexist? Answer only 1 or 0.
15098.jpg,0,0,0,Analyze both the image and the text. Is this meme misogynistic? Reply with 1 for yes or 0 for no.
15098.jpg,0,0,0,Does this content promote hate or sexism against women? Answer 1 or 0.
15098.jpg,0,0,0,"Classify this meme: 1 = misogynous, 0 = not misogynous. Output only the digit."
15098.jpg,0,0,0 (Safe).,Is this image and text combination offensive towards women? Answer 1 (Offensive) or 0 (Safe).
15098.jpg,0,0,0,Look at the meme. Is it sexist? Answer only 1 or 0.
15759.jpg,0,0,0,Analyze both the image and the text. Is this meme misogynistic? Reply with 1 for yes or 0 for no.
15759.jpg,0,0,0,Does this content promote hate or sexism against women? Answer 1 or 0.
15759.jpg,0,0,0,"Classify this meme: 1 = misogynous, 0 = not misogynous. Output only the digit."
15759.jpg,0,0,0,Is this image and text combination offensive towards women? Answer 1 (Offensive) or 0 (Safe).
15759.jpg,0,0,0,Look at the meme. Is it sexist? Answer only 1 or 0.
16060.jpg,1,1,1,Analyze both the image and the text. Is this meme misogynistic? Reply with 1 for yes or 0 for no.
16060.jpg,1,1,1,Does this content promote hate or sexism against women? Answer 1 or 0.
16060.jpg,1,1,1,"Classify this meme: 1 = misogynous, 0 = not misogynous. Output only the digit."
16060.jpg,1,1,1,Is this image and text combination offensive towards women? Answer 1 (Offensive) or 0 (Safe).
16060.jpg,1,1,1,Look at the meme. Is it sexist? Answer only 1 or 0.
15816.jpg,0,0,0,Analyze both the image and the text. Is this meme misogynistic? Reply with 1 for yes or 0 for no.
15816.jpg,0,0,0,Does this content promote hate or sexism against women? Answer 1 or 0.
15816.jpg,0,0,0,"Classify this meme: 1 = misogynous, 0 = not misogynous. Output only the digit."
15816.jpg,0,0,0,Is this image and text combination offensive towards women? Answer 1 (Offensive) or 0 (Safe).
15816.jpg,0,0,0,Look at the meme. Is it sexist? Answer only 1 or 0.
15422.jpg,0,0,0,Analyze both the image and the text. Is this meme misogynistic? Reply with 1 for yes or 0 for no.
15422.jpg,0,0,0,Does this content promote hate or sexism against women? Answer 1 or 0.
15422.jpg,0,0,0,"Classify this meme: 1 = misogynous, 0 = not misogynous. Output only the digit."
15422.jpg,0,0,0,Is this image and text combination offensive towards women? Answer 1 (Offensive) or 0 (Safe).
15422.jpg,0,0,0,Look at the meme. Is it sexist? Answer only 1 or 0.
16256.jpg,1,1,1,Analyze both the image and the text. Is this meme misogynistic? Reply with 1 for yes or 0 for no.
16256.jpg,1,1,1,Does this content promote hate or sexism against women? Answer 1 or 0.
16256.jpg,1,1,1,"Classify this meme: 1 = misogynous, 0 = not misogynous. Output only the digit."
16256.jpg,1,1,1,Is this image and text combination offensive towards women? Answer 1 (Offensive) or 0 (Safe).
16256.jpg,1,1,1,Look at the meme. Is it sexist? Answer only 1 or 0.
15918.jpg,0,0,0,Analyze both the image and the text. Is this meme misogynistic? Reply with 1 for yes or 0 for no.
15918.jpg,0,0,0,Does this content promote hate or sexism against women? Answer 1 or 0.
15918.jpg,0,0,0,"Classify this meme: 1 = misogynous, 0 = not misogynous. Output only the digit."
15918.jpg,0,0,0,Is this image and text combination offensive towards women? Answer 1 (Offensive) or 0 (Safe).
15918.jpg,0,0,0,Look at the meme. Is it sexist? Answer only 1 or 0.
15111.jpg,0,0,0,Analyze both the image and the text. Is this meme misogynistic? Reply with 1 for yes or 0 for no.
15111.jpg,0,0,0,Does this content promote hate or sexism against women? Answer 1 or 0.
15111.jpg,0,0,0,"Classify this meme: 1 = misogynous, 0 = not misogynous. Output only the digit."
15111.jpg,0,0,0 (Safe).,Is this image and text combination offensive towards women? Answer 1 (Offensive) or 0 (Safe).
15111.jpg,0,0,0,Look at the meme. Is it sexist? Answer only 1 or 0.
15158.jpg,0,0,0,Analyze both the image and the text. Is this meme misogynistic? Reply with 1 for yes or 0 for no.
15158.jpg,0,0,0,Does this content promote hate or sexism against women? Answer 1 or 0.
15158.jpg,0,0,0,"Classify this meme: 1 = misogynous, 0 = not misogynous. Output only the digit."
15158.jpg,0,0,0,Is this image and text combination offensive towards women? Answer 1 (Offensive) or 0 (Safe).
15158.jpg,0,0,0,Look at the meme. Is it sexist? Answer only 1 or 0.
16037.jpg,0,0,0,Analyze both the image and the text. Is this meme misogynistic? Reply with 1 for yes or 0 for no.
16037.jpg,0,0,0,Does this content promote hate or sexism against women? Answer 1 or 0.
16037.jpg,0,0,0,"Classify this meme: 1 = misogynous, 0 = not misogynous. Output only the digit."
16037.jpg,0,0,0,Is this image and text combination offensive towards women? Answer 1 (Offensive) or 0 (Safe).
16037.jpg,0,0,0,Look at the meme. Is it sexist? Answer only 1 or 0.
15510.jpg,0,0,0,Analyze both the image and the text. Is this meme misogynistic? Reply with 1 for yes or 0 for no.
15510.jpg,0,0,0,Does this content promote hate or sexism against women? Answer 1 or 0.
15510.jpg,0,0,0,"Classify this meme: 1 = misogynous, 0 = not misogynous. Output only the digit."
15510.jpg,0,0,0,Is this image and text combination offensive towards women? Answer 1 (Offensive) or 0 (Safe).
15510.jpg,0,0,0,Look at the meme. Is it sexist? Answer only 1 or 0.
15208.jpg,0,0,0,Analyze both the image and the text. Is this meme misogynistic? Reply with 1 for yes or 0 for no.
15208.jpg,0,0,0,Does this content promote hate or sexism against women? Answer 1 or 0.
15208.jpg,0,0,0,"Classify this meme: 1 = misogynous, 0 = not misogynous. Output only the digit."
15208.jpg,0,0,0,Is this image and text combination offensive towards women? Answer 1 (Offensive) or 0 (Safe).
15208.jpg,0,0,0,Look at the meme. Is it sexist? Answer only 1 or 0.
15420.jpg,0,0,0,Analyze both the image and the text. Is this meme misogynistic? Reply with 1 for yes or 0 for no.
15420.jpg,0,0,0,Does this content promote hate or sexism against women? Answer 1 or 0.
15420.jpg,0,0,0,"Classify this meme: 1 = misogynous, 0 = not misogynous. Output only the digit."
15420.jpg,0,0,0,Is this image and text combination offensive towards women? Answer 1 (Offensive) or 0 (Safe).
15420.jpg,0,0,0,Look at the meme. Is it sexist? Answer only 1 or 0.
15526.jpg,1,0,0,Analyze both the image and the text. Is this meme misogynistic? Reply with 1 for yes or 0 for no.
15526.jpg,1,0,0,Does this content promote hate or sexism against women? Answer 1 or 0.
15526.jpg,1,0,0,"Classify this meme: 1 = misogynous, 0 = not misogynous. Output only the digit."
15526.jpg,1,0,0,Is this image and text combination offensive towards women? Answer 1 (Offensive) or 0 (Safe).
15526.jpg,1,0,0,Look at the meme. Is it sexist? Answer only 1 or 0.
15175.jpg,0,0,0,Analyze both the image and the text. Is this meme misogynistic? Reply with 1 for yes or 0 for no.
15175.jpg,0,0,0,Does this content promote hate or sexism against women? Answer 1 or 0.
15175.jpg,0,0,0,"Classify this meme: 1 = misogynous, 0 = not misogynous. Output only the digit."
15175.jpg,0,0,0,Is this image and text combination offensive towards women? Answer 1 (Offensive) or 0 (Safe).
15175.jpg,0,0,0,Look at the meme. Is it sexist? Answer only 1 or 0.
15092.jpg,0,1,1,Analyze both the image and the text. Is this meme misogynistic? Reply with 1 for yes or 0 for no.
15092.jpg,0,1,1,Does this content promote hate or sexism against women? Answer 1 or 0.
15092.jpg,0,1,1,"Classify this meme: 1 = misogynous, 0 = not misogynous. Output only the digit."
15092.jpg,0,1,1,Is this image and text combination offensive towards women? Answer 1 (Offensive) or 0 (Safe).
15092.jpg,0,1,1,Look at the meme. Is it sexist? Answer only 1 or 0.
17082.jpg,1,1,1,Analyze both the image and the text. Is this meme misogynistic? Reply with 1 for yes or 0 for no.
17082.jpg,1,1,1,Does this content promote hate or sexism against women? Answer 1 or 0.
17082.jpg,1,1,1,"Classify this meme: 1 = misogynous, 0 = not misogynous. Output only the digit."
17082.jpg,1,1,1,Is this image and text combination offensive towards women? Answer 1 (Offensive) or 0 (Safe).
17082.jpg,1,1,1,Look at the meme. Is it sexist? Answer only 1 or 0.
15242.jpg,0,0,0,Analyze both the image and the text. Is this meme misogynistic? Reply with 1 for yes or 0 for no.
15242.jpg,0,0,0,Does this content promote hate or sexism against women? Answer 1 or 0.
15242.jpg,0,0,0,"Classify this meme: 1 = misogynous, 0 = not misogynous. Output only the digit."
15242.jpg,0,0,0,Is this image and text combination offensive towards women? Answer 1 (Offensive) or 0 (Safe).
15242.jpg,0,0,0,Look at the meme. Is it sexist? Answer only 1 or 0.
16005.jpg,0,0,0,Analyze both the image and the text. Is this meme misogynistic? Reply with 1 for yes or 0 for no.
16005.jpg,0,0,0,Does this content promote hate or sexism against women? Answer 1 or 0.
16005.jpg,0,0,0,"Classify this meme: 1 = misogynous, 0 = not misogynous. Output only the digit."
16005.jpg,0,0,0,Is this image and text combination offensive towards women? Answer 1 (Offensive) or 0 (Safe).
16005.jpg,0,1,1,Look at the meme. Is it sexist? Answer only 1 or 0.
16136.jpg,1,0,0,Analyze both the image and the text. Is this meme misogynistic? Reply with 1 for yes or 0 for no.
16136.jpg,1,0,0,Does this content promote hate or sexism against women? Answer 1 or 0.
16136.jpg,1,0,0,"Classify this meme: 1 = misogynous, 0 = not misogynous. Output only the digit."
16136.jpg,1,0,0,Is this image and text combination offensive towards women? Answer 1 (Offensive) or 0 (Safe).
16136.jpg,1,0,0,Look at the meme. Is it sexist? Answer only 1 or 0.
16336.jpg,0,1,1,Analyze both the image and the text. Is this meme misogynistic? Reply with 1 for yes or 0 for no.
16336.jpg,0,1,1,Does this content promote hate or sexism against women? Answer 1 or 0.
16336.jpg,0,1,1,"Classify this meme: 1 = misogynous, 0 = not misogynous. Output only the digit."
16336.jpg,0,1,1,Is this image and text combination offensive towards women? Answer 1 (Offensive) or 0 (Safe).
16336.jpg,0,1,1,Look at the meme. Is it sexist? Answer only 1 or 0.
15309.jpg,0,1,1,Analyze both the image and the text. Is this meme misogynistic? Reply with 1 for yes or 0 for no.
15309.jpg,0,1,1,Does this content promote hate or sexism against women? Answer 1 or 0.
15309.jpg,0,1,1,"Classify this meme: 1 = misogynous, 0 = not misogynous. Output only the digit."
15309.jpg,0,1,1,Is this image and text combination offensive towards women? Answer 1 (Offensive) or 0 (Safe).
15309.jpg,0,1,1,Look at the meme. Is it sexist? Answer only 1 or 0.
15907.jpg,0,0,0,Analyze both the image and the text. Is this meme misogynistic? Reply with 1 for yes or 0 for no.
15907.jpg,0,0,0,Does this content promote hate or sexism against women? Answer 1 or 0.
15907.jpg,0,0,0,"Classify this meme: 1 = misogynous, 0 = not misogynous. Output only the digit."
15907.jpg,0,0,0 (Safe).,Is this image and text combination offensive towards women? Answer 1 (Offensive) or 0 (Safe).
15907.jpg,0,0,0,Look at the meme. Is it sexist? Answer only 1 or 0.
16066.jpg,0,0,0,Analyze both the image and the text. Is this meme misogynistic? Reply with 1 for yes or 0 for no.
16066.jpg,0,0,0,Does this content promote hate or sexism against women? Answer 1 or 0.
16066.jpg,0,0,0,"Classify this meme: 1 = misogynous, 0 = not misogynous. Output only the digit."
16066.jpg,0,0,0,Is this image and text combination offensive towards women? Answer 1 (Offensive) or 0 (Safe).
16066.jpg,0,0,0,Look at the meme. Is it sexist? Answer only 1 or 0.
15982.jpg,1,1,1,Analyze both the image and the text. Is this meme misogynistic? Reply with 1 for yes or 0 for no.
15982.jpg,1,0,0,Does this content promote hate or sexism against women? Answer 1 or 0.
15982.jpg,1,1,1,"Classify this meme: 1 = misogynous, 0 = not misogynous. Output only the digit."
15982.jpg,1,1,1,Is this image and text combination offensive towards women? Answer 1 (Offensive) or 0 (Safe).
15982.jpg,1,1,1,Look at the meme. Is it sexist? Answer only 1 or 0.
15820.jpg,0,0,0,Analyze both the image and the text. Is this meme misogynistic? Reply with 1 for yes or 0 for no.
15820.jpg,0,0,0,Does this content promote hate or sexism against women? Answer 1 or 0.
15820.jpg,0,0,0,"Classify this meme: 1 = misogynous, 0 = not misogynous. Output only the digit."
15820.jpg,0,0,0,Is this image and text combination offensive towards women? Answer 1 (Offensive) or 0 (Safe).
15820.jpg,0,0,0,Look at the meme. Is it sexist? Answer only 1 or 0.
15932.jpg,0,0,0,Analyze both the image and the text. Is this meme misogynistic? Reply with 1 for yes or 0 for no.
15932.jpg,0,0,0,Does this content promote hate or sexism against women? Answer 1 or 0.
15932.jpg,0,0,0,"Classify this meme: 1 = misogynous, 0 = not misogynous. Output only the digit."
15932.jpg,0,0,0,Is this image and text combination offensive towards women? Answer 1 (Offensive) or 0 (Safe).
15932.jpg,0,0,0,Look at the meme. Is it sexist? Answer only 1 or 0.
15494.jpg,0,0,0,Analyze both the image and the text. Is this meme misogynistic? Reply with 1 for yes or 0 for no.
15494.jpg,0,0,0,Does this content promote hate or sexism against women? Answer 1 or 0.
15494.jpg,0,0,0,"Classify this meme: 1 = misogynous, 0 = not misogynous. Output only the digit."
15494.jpg,0,0,0,Is this image and text combination offensive towards women? Answer 1 (Offensive) or 0 (Safe).
15494.jpg,0,0,0,Look at the meme. Is it sexist? Answer only 1 or 0.
16150.jpg,1,1,1,Analyze both the image and the text. Is this meme misogynistic? Reply with 1 for yes or 0 for no.
16150.jpg,1,1,1,Does this content promote hate or sexism against women? Answer 1 or 0.
16150.jpg,1,1,1,"Classify this meme: 1 = misogynous, 0 = not misogynous. Output only the digit."
16150.jpg,1,1,1,Is this image and text combination offensive towards women? Answer 1 (Offensive) or 0 (Safe).
16150.jpg,1,1,1,Look at the meme. Is it sexist? Answer only 1 or 0.
16259.jpg,1,0,0,Analyze both the image and the text. Is this meme misogynistic? Reply with 1 for yes or 0 for no.
16259.jpg,1,0,0,Does this content promote hate or sexism against women? Answer 1 or 0.
16259.jpg,1,0,0,"Classify this meme: 1 = misogynous, 0 = not misogynous. Output only the digit."
16259.jpg,1,0,0,Is this image and text combination offensive towards women? Answer 1 (Offensive) or 0 (Safe).
16259.jpg,1,0,0,Look at the meme. Is it sexist? Answer only 1 or 0.
15638.jpg,1,0,0,Analyze both the image and the text. Is this meme misogynistic? Reply with 1 for yes or 0 for no.
15638.jpg,1,0,0,Does this content promote hate or sexism against women? Answer 1 or 0.
15638.jpg,1,1,1,"Classify this meme: 1 = misogynous, 0 = not misogynous. Output only the digit."
15638.jpg,1,0,0,Is this image and text combination offensive towards women? Answer 1 (Offensive) or 0 (Safe).
15638.jpg,1,1,1,Look at the meme. Is it sexist? Answer only 1 or 0.
15637.jpg,1,0,0,Analyze both the image and the text. Is this meme misogynistic? Reply with 1 for yes or 0 for no.
15637.jpg,1,0,0,Does this content promote hate or sexism against women? Answer 1 or 0.
15637.jpg,1,0,0,"Classify this meme: 1 = misogynous, 0 = not misogynous. Output only the digit."
15637.jpg,1,0,0,Is this image and text combination offensive towards women? Answer 1 (Offensive) or 0 (Safe).
15637.jpg,1,1,1,Look at the meme. Is it sexist? Answer only 1 or 0.
15350.jpg,1,1,1,Analyze both the image and the text. Is this meme misogynistic? Reply with 1 for yes or 0 for no.
15350.jpg,1,0,0,Does this content promote hate or sexism against women? Answer 1 or 0.
15350.jpg,1,1,1,"Classify this meme: 1 = misogynous, 0 = not misogynous. Output only the digit."
15350.jpg,1,0,0,Is this image and text combination offensive towards women? Answer 1 (Offensive) or 0 (Safe).
15350.jpg,1,1,1,Look at the meme. Is it sexist? Answer only 1 or 0.
16169.jpg,0,0,0,Analyze both the image and the text. Is this meme misogynistic? Reply with 1 for yes or 0 for no.
16169.jpg,0,0,0,Does this content promote hate or sexism against women? Answer 1 or 0.
16169.jpg,0,0,0,"Classify this meme: 1 = misogynous, 0 = not misogynous. Output only the digit."
16169.jpg,0,0,0,Is this image and text combination offensive towards women? Answer 1 (Offensive) or 0 (Safe).
16169.jpg,0,0,0,Look at the meme. Is it sexist? Answer only 1 or 0.
15101.jpg,0,1,1,Analyze both the image and the text. Is this meme misogynistic? Reply with 1 for yes or 0 for no.
15101.jpg,0,0,0,Does this content promote hate or sexism against women? Answer 1 or 0.
15101.jpg,0,1,1,"Classify this meme: 1 = misogynous, 0 = not misogynous. Output only the digit."
15101.jpg,0,1,1,Is this image and text combination offensive towards women? Answer 1 (Offensive) or 0 (Safe).
15101.jpg,0,1,1,Look at the meme. Is it sexist? Answer only 1 or 0.
17011.jpg,0,0,0,Analyze both the image and the text. Is this meme misogynistic? Reply with 1 for yes or 0 for no.
17011.jpg,0,0,0,Does this content promote hate or sexism against women? Answer 1 or 0.
17011.jpg,0,0,0,"Classify this meme: 1 = misogynous, 0 = not misogynous. Output only the digit."
17011.jpg,0,0,0,Is this image and text combination offensive towards women? Answer 1 (Offensive) or 0 (Safe).
17011.jpg,0,0,0,Look at the meme. Is it sexist? Answer only 1 or 0.
16093.jpg,1,0,0,Analyze both the image and the text. Is this meme misogynistic? Reply with 1 for yes or 0 for no.
16093.jpg,1,0,0,Does this content promote hate or sexism against women? Answer 1 or 0.
16093.jpg,1,0,0,"Classify this meme: 1 = misogynous, 0 = not misogynous. Output only the digit."
16093.jpg,1,0,0,Is this image and text combination offensive towards women? Answer 1 (Offensive) or 0 (Safe).
16093.jpg,1,1,1,Look at the meme. Is it sexist? Answer only 1 or 0.
15695.jpg,1,0,0,Analyze both the image and the text. Is this meme misogynistic? Reply with 1 for yes or 0 for no.
15695.jpg,1,0,0,Does this content promote hate or sexism against women? Answer 1 or 0.
15695.jpg,1,0,0,"Classify this meme: 1 = misogynous, 0 = not misogynous. Output only the digit."
15695.jpg,1,0,0,Is this image and text combination offensive towards women? Answer 1 (Offensive) or 0 (Safe).
15695.jpg,1,0,0,Look at the meme. Is it sexist? Answer only 1 or 0.
15269.jpg,1,1,1,Analyze both the image and the text. Is this meme misogynistic? Reply with 1 for yes or 0 for no.
15269.jpg,1,0,0,Does this content promote hate or sexism against women? Answer 1 or 0.
15269.jpg,1,1,1,"Classify this meme: 1 = misogynous, 0 = not misogynous. Output only the digit."
15269.jpg,1,0,0,Is this image and text combination offensive towards women? Answer 1 (Offensive) or 0 (Safe).
15269.jpg,1,1,1,Look at the meme. Is it sexist? Answer only 1 or 0.
15245.jpg,0,0,0,Analyze both the image and the text. Is this meme misogynistic? Reply with 1 for yes or 0 for no.
15245.jpg,0,0,0,Does this content promote hate or sexism against women? Answer 1 or 0.
15245.jpg,0,0,0,"Classify this meme: 1 = misogynous, 0 = not misogynous. Output only the digit."
15245.jpg,0,0,0,Is this image and text combination offensive towards women? Answer 1 (Offensive) or 0 (Safe).
15245.jpg,0,0,0,Look at the meme. Is it sexist? Answer only 1 or 0.
15468.jpg,1,1,1,Analyze both the image and the text. Is this meme misogynistic? Reply with 1 for yes or 0 for no.
15468.jpg,1,1,1,Does this content promote hate or sexism against women? Answer 1 or 0.
15468.jpg,1,1,1,"Classify this meme: 1 = misogynous, 0 = not misogynous. Output only the digit."
15468.jpg,1,1,1,Is this image and text combination offensive towards women? Answer 1 (Offensive) or 0 (Safe).
15468.jpg,1,1,1,Look at the meme. Is it sexist? Answer only 1 or 0.
16180.jpg,0,0,0,Analyze both the image and the text. Is this meme misogynistic? Reply with 1 for yes or 0 for no.
16180.jpg,0,0,0,Does this content promote hate or sexism against women? Answer 1 or 0.
16180.jpg,0,0,0,"Classify this meme: 1 = misogynous, 0 = not misogynous. Output only the digit."
16180.jpg,0,0,0 (Safe).,Is this image and text combination offensive towards women? Answer 1 (Offensive) or 0 (Safe).
16180.jpg,0,0,0,Look at the meme. Is it sexist? Answer only 1 or 0.
15200.jpg,0,0,0,Analyze both the image and the text. Is this meme misogynistic? Reply with 1 for yes or 0 for no.
15200.jpg,0,0,0,Does this content promote hate or sexism against women? Answer 1 or 0.
15200.jpg,0,0,0,"Classify this meme: 1 = misogynous, 0 = not misogynous. Output only the digit."
15200.jpg,0,0,0,Is this image and text combination offensive towards women? Answer 1 (Offensive) or 0 (Safe).
15200.jpg,0,0,0,Look at the meme. Is it sexist? Answer only 1 or 0.
15697.jpg,0,0,0,Analyze both the image and the text. Is this meme misogynistic? Reply with 1 for yes or 0 for no.
15697.jpg,0,0,0,Does this content promote hate or sexism against women? Answer 1 or 0.
15697.jpg,0,0,0,"Classify this meme: 1 = misogynous, 0 = not misogynous. Output only the digit."
15697.jpg,0,0,0,Is this image and text combination offensive towards women? Answer 1 (Offensive) or 0 (Safe).
15697.jpg,0,0,0,Look at the meme. Is it sexist? Answer only 1 or 0.
15953.jpg,1,1,1,Analyze both the image and the text. Is this meme misogynistic? Reply with 1 for yes or 0 for no.
15953.jpg,1,1,1,Does this content promote hate or sexism against women? Answer 1 or 0.
15953.jpg,1,1,1,"Classify this meme: 1 = misogynous, 0 = not misogynous. Output only the digit."
15953.jpg,1,1,1,Is this image and text combination offensive towards women? Answer 1 (Offensive) or 0 (Safe).
15953.jpg,1,1,1,Look at the meme. Is it sexist? Answer only 1 or 0.
15514.jpg,1,0,0,Analyze both the image and the text. Is this meme misogynistic? Reply with 1 for yes or 0 for no.
15514.jpg,1,0,0,Does this content promote hate or sexism against women? Answer 1 or 0.
15514.jpg,1,1,1,"Classify this meme: 1 = misogynous, 0 = not misogynous. Output only the digit."
15514.jpg,1,0,0,Is this image and text combination offensive towards women? Answer 1 (Offensive) or 0 (Safe).
15514.jpg,1,1,1,Look at the meme. Is it sexist? Answer only 1 or 0.
15786.jpg,1,1,1,Analyze both the image and the text. Is this meme misogynistic? Reply with 1 for yes or 0 for no.
15786.jpg,1,1,1,Does this content promote hate or sexism against women? Answer 1 or 0.
15786.jpg,1,1,1,"Classify this meme: 1 = misogynous, 0 = not misogynous. Output only the digit."
15786.jpg,1,1,1,Is this image and text combination offensive towards women? Answer 1 (Offensive) or 0 (Safe).
15786.jpg,1,1,1,Look at the meme. Is it sexist? Answer only 1 or 0.
15187.jpg,1,0,0,Analyze both the image and the text. Is this meme misogynistic? Reply with 1 for yes or 0 for no.
15187.jpg,1,0,0,Does this content promote hate or sexism against women? Answer 1 or 0.
15187.jpg,1,0,0,"Classify this meme: 1 = misogynous, 0 = not misogynous. Output only the digit."
15187.jpg,1,0,0,Is this image and text combination offensive towards women? Answer 1 (Offensive) or 0 (Safe).
15187.jpg,1,0,0,Look at the meme. Is it sexist? Answer only 1 or 0.
15489.jpg,0,0,0,Analyze both the image and the text. Is this meme misogynistic? Reply with 1 for yes or 0 for no.
15489.jpg,0,0,0,Does this content promote hate or sexism against women? Answer 1 or 0.
15489.jpg,0,0,0,"Classify this meme: 1 = misogynous, 0 = not misogynous. Output only the digit."
15489.jpg,0,0,0,Is this image and text combination offensive towards women? Answer 1 (Offensive) or 0 (Safe).
15489.jpg,0,0,0,Look at the meme. Is it sexist? Answer only 1 or 0.
15689.jpg,1,0,0,Analyze both the image and the text. Is this meme misogynistic? Reply with 1 for yes or 0 for no.
15689.jpg,1,0,0,Does this content promote hate or sexism against women? Answer 1 or 0.
15689.jpg,1,0,0,"Classify this meme: 1 = misogynous, 0 = not misogynous. Output only the digit."
15689.jpg,1,0,0,Is this image and text combination offensive towards women? Answer 1 (Offensive) or 0 (Safe).
15689.jpg,1,0,0,Look at the meme. Is it sexist? Answer only 1 or 0.
16052.jpg,1,0,0,Analyze both the image and the text. Is this meme misogynistic? Reply with 1 for yes or 0 for no.
16052.jpg,1,0,0,Does this content promote hate or sexism against women? Answer 1 or 0.
16052.jpg,1,0,0,"Classify this meme: 1 = misogynous, 0 = not misogynous. Output only the digit."
16052.jpg,1,0,0,Is this image and text combination offensive towards women? Answer 1 (Offensive) or 0 (Safe).
16052.jpg,1,0,0,Look at the meme. Is it sexist? Answer only 1 or 0.
15700.jpg,0,0,0,Analyze both the image and the text. Is this meme misogynistic? Reply with 1 for yes or 0 for no.
15700.jpg,0,0,0,Does this content promote hate or sexism against women? Answer 1 or 0.
15700.jpg,0,0,0,"Classify this meme: 1 = misogynous, 0 = not misogynous. Output only the digit."
15700.jpg,0,0,0 (Safe).,Is this image and text combination offensive towards women? Answer 1 (Offensive) or 0 (Safe).
15700.jpg,0,0,0,Look at the meme. Is it sexist? Answer only 1 or 0.
15135.jpg,0,0,0,Analyze both the image and the text. Is this meme misogynistic? Reply with 1 for yes or 0 for no.
15135.jpg,0,0,0,Does this content promote hate or sexism against women? Answer 1 or 0.
15135.jpg,0,0,0,"Classify this meme: 1 = misogynous, 0 = not misogynous. Output only the digit."
15135.jpg,0,0,0,Is this image and text combination offensive towards women? Answer 1 (Offensive) or 0 (Safe).
15135.jpg,0,0,0,Look at the meme. Is it sexist? Answer only 1 or 0.
15898.jpg,1,1,1,Analyze both the image and the text. Is this meme misogynistic? Reply with 1 for yes or 0 for no.
15898.jpg,1,1,1,Does this content promote hate or sexism against women? Answer 1 or 0.
15898.jpg,1,0,0,"Classify this meme: 1 = misogynous, 0 = not misogynous. Output only the digit."
15898.jpg,1,0,0,Is this image and text combination offensive towards women? Answer 1 (Offensive) or 0 (Safe).
15898.jpg,1,0,0,Look at the meme. Is it sexist? Answer only 1 or 0.
15836.jpg,0,1,1,Analyze both the image and the text. Is this meme misogynistic? Reply with 1 for yes or 0 for no.
15836.jpg,0,1,1,Does this content promote hate or sexism against women? Answer 1 or 0.
15836.jpg,0,1,1,"Classify this meme: 1 = misogynous, 0 = not misogynous. Output only the digit."
15836.jpg,0,0,0,Is this image and text combination offensive towards women? Answer 1 (Offensive) or 0 (Safe).
15836.jpg,0,1,1,Look at the meme. Is it sexist? Answer only 1 or 0.
15091.jpg,0,0,0,Analyze both the image and the text. Is this meme misogynistic? Reply with 1 for yes or 0 for no.
15091.jpg,0,0,0,Does this content promote hate or sexism against women? Answer 1 or 0.
15091.jpg,0,0,0,"Classify this meme: 1 = misogynous, 0 = not misogynous. Output only the digit."
15091.jpg,0,0,0 (Safe).,Is this image and text combination offensive towards women? Answer 1 (Offensive) or 0 (Safe).
15091.jpg,0,0,0,Look at the meme. Is it sexist? Answer only 1 or 0.
15497.jpg,1,1,1,Analyze both the image and the text. Is this meme misogynistic? Reply with 1 for yes or 0 for no.
15497.jpg,1,1,1,Does this content promote hate or sexism against women? Answer 1 or 0.
15497.jpg,1,1,1,"Classify this meme: 1 = misogynous, 0 = not misogynous. Output only the digit."
15497.jpg,1,1,1,Is this image and text combination offensive towards women? Answer 1 (Offensive) or 0 (Safe).
15497.jpg,1,1,1,Look at the meme. Is it sexist? Answer only 1 or 0.
16247.jpg,1,0,0,Analyze both the image and the text. Is this meme misogynistic? Reply with 1 for yes or 0 for no.
16247.jpg,1,0,0,Does this content promote hate or sexism against women? Answer 1 or 0.
16247.jpg,1,0,0,"Classify this meme: 1 = misogynous, 0 = not misogynous. Output only the digit."
16247.jpg,1,0,0,Is this image and text combination offensive towards women? Answer 1 (Offensive) or 0 (Safe).
16247.jpg,1,0,0,Look at the meme. Is it sexist? Answer only 1 or 0.
15831.jpg,1,1,1,Analyze both the image and the text. Is this meme misogynistic? Reply with 1 for yes or 0 for no.
15831.jpg,1,1,1,Does this content promote hate or sexism against women? Answer 1 or 0.
15831.jpg,1,0,0,"Classify this meme: 1 = misogynous, 0 = not misogynous. Output only the digit."
15831.jpg,1,0,0,Is this image and text combination offensive towards women? Answer 1 (Offensive) or 0 (Safe).
15831.jpg,1,1,1,Look at the meme. Is it sexist? Answer only 1 or 0.
17069.jpg,1,1,1,Analyze both the image and the text. Is this meme misogynistic? Reply with 1 for yes or 0 for no.
17069.jpg,1,1,1,Does this content promote hate or sexism against women? Answer 1 or 0.
17069.jpg,1,1,1,"Classify this meme: 1 = misogynous, 0 = not misogynous. Output only the digit."
17069.jpg,1,1,1,Is this image and text combination offensive towards women? Answer 1 (Offensive) or 0 (Safe).
17069.jpg,1,1,1,Look at the meme. Is it sexist? Answer only 1 or 0.
15477.jpg,0,1,1,Analyze both the image and the text. Is this meme misogynistic? Reply with 1 for yes or 0 for no.
15477.jpg,0,0,0,Does this content promote hate or sexism against women? Answer 1 or 0.
15477.jpg,0,0,0,"Classify this meme: 1 = misogynous, 0 = not misogynous. Output only the digit."
15477.jpg,0,0,0 (Safe).,Is this image and text combination offensive towards women? Answer 1 (Offensive) or 0 (Safe).
15477.jpg,0,1,1,Look at the meme. Is it sexist? Answer only 1 or 0.
15547.jpg,0,0,0,Analyze both the image and the text. Is this meme misogynistic? Reply with 1 for yes or 0 for no.
15547.jpg,0,0,0,Does this content promote hate or sexism against women? Answer 1 or 0.
15547.jpg,0,0,0,"Classify this meme: 1 = misogynous, 0 = not misogynous. Output only the digit."
15547.jpg,0,0,0 (Safe).,Is this image and text combination offensive towards women? Answer 1 (Offensive) or 0 (Safe).
15547.jpg,0,0,0,Look at the meme. Is it sexist? Answer only 1 or 0.
16214.jpg,0,0,0,Analyze both the image and the text. Is this meme misogynistic? Reply with 1 for yes or 0 for no.
16214.jpg,0,0,0,Does this content promote hate or sexism against women? Answer 1 or 0.
16214.jpg,0,0,0,"Classify this meme: 1 = misogynous, 0 = not misogynous. Output only the digit."
16214.jpg,0,0,0 (Safe).,Is this image and text combination offensive towards women? Answer 1 (Offensive) or 0 (Safe).
16214.jpg,0,0,0,Look at the meme. Is it sexist? Answer only 1 or 0.
15340.jpg,1,0,0,Analyze both the image and the text. Is this meme misogynistic? Reply with 1 for yes or 0 for no.
15340.jpg,1,0,0,Does this content promote hate or sexism against women? Answer 1 or 0.
15340.jpg,1,0,0,"Classify this meme: 1 = misogynous, 0 = not misogynous. Output only the digit."
15340.jpg,1,0,0 (Safe).,Is this image and text combination offensive towards women? Answer 1 (Offensive) or 0 (Safe).
15340.jpg,1,0,0,Look at the meme. Is it sexist? Answer only 1 or 0.
15118.jpg,0,0,0,Analyze both the image and the text. Is this meme misogynistic? Reply with 1 for yes or 0 for no.
15118.jpg,0,0,0,Does this content promote hate or sexism against women? Answer 1 or 0.
15118.jpg,0,0,0,"Classify this meme: 1 = misogynous, 0 = not misogynous. Output only the digit."
15118.jpg,0,0,0,Is this image and text combination offensive towards women? Answer 1 (Offensive) or 0 (Safe).
15118.jpg,0,0,0,Look at the meme. Is it sexist? Answer only 1 or 0.
15323.jpg,1,1,1,Analyze both the image and the text. Is this meme misogynistic? Reply with 1 for yes or 0 for no.
15323.jpg,1,1,1,Does this content promote hate or sexism against women? Answer 1 or 0.
15323.jpg,1,1,1,"Classify this meme: 1 = misogynous, 0 = not misogynous. Output only the digit."
15323.jpg,1,1,1,Is this image and text combination offensive towards women? Answer 1 (Offensive) or 0 (Safe).
15323.jpg,1,1,1,Look at the meme. Is it sexist? Answer only 1 or 0.
15861.jpg,0,0,0,Analyze both the image and the text. Is this meme misogynistic? Reply with 1 for yes or 0 for no.
15861.jpg,0,0,0,Does this content promote hate or sexism against women? Answer 1 or 0.
15861.jpg,0,0,0,"Classify this meme: 1 = misogynous, 0 = not misogynous. Output only the digit."
15861.jpg,0,0,0,Is this image and text combination offensive towards women? Answer 1 (Offensive) or 0 (Safe).
15861.jpg,0,0,0,Look at the meme. Is it sexist? Answer only 1 or 0.
15830.jpg,0,1,1,Analyze both the image and the text. Is this meme misogynistic? Reply with 1 for yes or 0 for no.
15830.jpg,0,1,1,Does this content promote hate or sexism against women? Answer 1 or 0.
15830.jpg,0,1,1,"Classify this meme: 1 = misogynous, 0 = not misogynous. Output only the digit."
15830.jpg,0,0,0,Is this image and text combination offensive towards women? Answer 1 (Offensive) or 0 (Safe).
15830.jpg,0,1,1,Look at the meme. Is it sexist? Answer only 1 or 0.
15532.jpg,0,1,1,Analyze both the image and the text. Is this meme misogynistic? Reply with 1 for yes or 0 for no.
15532.jpg,0,1,1,Does this content promote hate or sexism against women? Answer 1 or 0.
15532.jpg,0,1,1,"Classify this meme: 1 = misogynous, 0 = not misogynous. Output only the digit."
15532.jpg,0,1,1,Is this image and text combination offensive towards women? Answer 1 (Offensive) or 0 (Safe).
15532.jpg,0,1,1,Look at the meme. Is it sexist? Answer only 1 or 0.
15379.jpg,0,0,0,Analyze both the image and the text. Is this meme misogynistic? Reply with 1 for yes or 0 for no.
15379.jpg,0,0,0,Does this content promote hate or sexism against women? Answer 1 or 0.
15379.jpg,0,0,0,"Classify this meme: 1 = misogynous, 0 = not misogynous. Output only the digit."
15379.jpg,0,0,0,Is this image and text combination offensive towards women? Answer 1 (Offensive) or 0 (Safe).
15379.jpg,0,0,0,Look at the meme. Is it sexist? Answer only 1 or 0.
15253.jpg,1,0,0,Analyze both the image and the text. Is this meme misogynistic? Reply with 1 for yes or 0 for no.
15253.jpg,1,0,0,Does this content promote hate or sexism against women? Answer 1 or 0.
15253.jpg,1,0,0,"Classify this meme: 1 = misogynous, 0 = not misogynous. Output only the digit."
15253.jpg,1,0,0 (Safe).,Is this image and text combination offensive towards women? Answer 1 (Offensive) or 0 (Safe).
15253.jpg,1,0,0,Look at the meme. Is it sexist? Answer only 1 or 0.
16216.jpg,0,0,0,Analyze both the image and the text. Is this meme misogynistic? Reply with 1 for yes or 0 for no.
16216.jpg,0,0,0,Does this content promote hate or sexism against women? Answer 1 or 0.
16216.jpg,0,0,0,"Classify this meme: 1 = misogynous, 0 = not misogynous. Output only the digit."
16216.jpg,0,0,0,Is this image and text combination offensive towards women? Answer 1 (Offensive) or 0 (Safe).
16216.jpg,0,0,0,Look at the meme. Is it sexist? Answer only 1 or 0.
15178.jpg,0,0,0,Analyze both the image and the text. Is this meme misogynistic? Reply with 1 for yes or 0 for no.
15178.jpg,0,0,0,Does this content promote hate or sexism against women? Answer 1 or 0.
15178.jpg,0,0,0,"Classify this meme: 1 = misogynous, 0 = not misogynous. Output only the digit."
15178.jpg,0,0,0,Is this image and text combination offensive towards women? Answer 1 (Offensive) or 0 (Safe).
15178.jpg,0,0,0,Look at the meme. Is it sexist? Answer only 1 or 0.
16064.jpg,0,0,0,Analyze both the image and the text. Is this meme misogynistic? Reply with 1 for yes or 0 for no.
16064.jpg,0,0,0,Does this content promote hate or sexism against women? Answer 1 or 0.
16064.jpg,0,0,0,"Classify this meme: 1 = misogynous, 0 = not misogynous. Output only the digit."
16064.jpg,0,0,0,Is this image and text combination offensive towards women? Answer 1 (Offensive) or 0 (Safe).
16064.jpg,0,0,0,Look at the meme. Is it sexist? Answer only 1 or 0.
16021.jpg,1,0,0,Analyze both the image and the text. Is this meme misogynistic? Reply with 1 for yes or 0 for no.
16021.jpg,1,0,0,Does this content promote hate or sexism against women? Answer 1 or 0.
16021.jpg,1,0,0,"Classify this meme: 1 = misogynous, 0 = not misogynous. Output only the digit."
16021.jpg,1,0,0,Is this image and text combination offensive towards women? Answer 1 (Offensive) or 0 (Safe).
16021.jpg,1,0,0,Look at the meme. Is it sexist? Answer only 1 or 0.
15711.jpg,0,0,0,Analyze both the image and the text. Is this meme misogynistic? Reply with 1 for yes or 0 for no.
15711.jpg,0,0,0,Does this content promote hate or sexism against women? Answer 1 or 0.
15711.jpg,0,0,0,"Classify this meme: 1 = misogynous, 0 = not misogynous. Output only the digit."
15711.jpg,0,0,0 (Safe).,Is this image and text combination offensive towards women? Answer 1 (Offensive) or 0 (Safe).
15711.jpg,0,0,0,Look at the meme. Is it sexist? Answer only 1 or 0.
15070.jpg,1,1,1,Analyze both the image and the text. Is this meme misogynistic? Reply with 1 for yes or 0 for no.
15070.jpg,1,1,1,Does this content promote hate or sexism against women? Answer 1 or 0.
15070.jpg,1,1,1,"Classify this meme: 1 = misogynous, 0 = not misogynous. Output only the digit."
15070.jpg,1,1,1,Is this image and text combination offensive towards women? Answer 1 (Offensive) or 0 (Safe).
15070.jpg,1,1,1,Look at the meme. Is it sexist? Answer only 1 or 0.
15973.jpg,0,0,0,Analyze both the image and the text. Is this meme misogynistic? Reply with 1 for yes or 0 for no.
15973.jpg,0,0,0,Does this content promote hate or sexism against women? Answer 1 or 0.
15973.jpg,0,0,0,"Classify this meme: 1 = misogynous, 0 = not misogynous. Output only the digit."
15973.jpg,0,0,0,Is this image and text combination offensive towards women? Answer 1 (Offensive) or 0 (Safe).
15973.jpg,0,1,1,Look at the meme. Is it sexist? Answer only 1 or 0.
16199.jpg,0,0,0,Analyze both the image and the text. Is this meme misogynistic? Reply with 1 for yes or 0 for no.
16199.jpg,0,0,0,Does this content promote hate or sexism against women? Answer 1 or 0.
16199.jpg,0,0,0,"Classify this meme: 1 = misogynous, 0 = not misogynous. Output only the digit."
16199.jpg,0,0,0,Is this image and text combination offensive towards women? Answer 1 (Offensive) or 0 (Safe).
16199.jpg,0,0,0,Look at the meme. Is it sexist? Answer only 1 or 0.
16268.jpg,1,1,1,Analyze both the image and the text. Is this meme misogynistic? Reply with 1 for yes or 0 for no.
16268.jpg,1,0,0,Does this content promote hate or sexism against women? Answer 1 or 0.
16268.jpg,1,0,0,"Classify this meme: 1 = misogynous, 0 = not misogynous. Output only the digit."
16268.jpg,1,0,0,Is this image and text combination offensive towards women? Answer 1 (Offensive) or 0 (Safe).
16268.jpg,1,1,1,Look at the meme. Is it sexist? Answer only 1 or 0.
15927.jpg,1,0,0,Analyze both the image and the text. Is this meme misogynistic? Reply with 1 for yes or 0 for no.
15927.jpg,1,0,0,Does this content promote hate or sexism against women? Answer 1 or 0.
15927.jpg,1,0,0,"Classify this meme: 1 = misogynous, 0 = not misogynous. Output only the digit."
15927.jpg,1,0,0,Is this image and text combination offensive towards women? Answer 1 (Offensive) or 0 (Safe).
15927.jpg,1,0,0,Look at the meme. Is it sexist? Answer only 1 or 0.
15696.jpg,0,1,1,Analyze both the image and the text. Is this meme misogynistic? Reply with 1 for yes or 0 for no.
15696.jpg,0,1,1,Does this content promote hate or sexism against women? Answer 1 or 0.
15696.jpg,0,1,1,"Classify this meme: 1 = misogynous, 0 = not misogynous. Output only the digit."
15696.jpg,0,0,0,Is this image and text combination offensive towards women? Answer 1 (Offensive) or 0 (Safe).
15696.jpg,0,1,1,Look at the meme. Is it sexist? Answer only 1 or 0.
15721.jpg,1,1,1,Analyze both the image and the text. Is this meme misogynistic? Reply with 1 for yes or 0 for no.
15721.jpg,1,1,1,Does this content promote hate or sexism against women? Answer 1 or 0.
15721.jpg,1,1,1,"Classify this meme: 1 = misogynous, 0 = not misogynous. Output only the digit."
15721.jpg,1,1,1,Is this image and text combination offensive towards women? Answer 1 (Offensive) or 0 (Safe).
15721.jpg,1,1,1,Look at the meme. Is it sexist? Answer only 1 or 0.
15021.jpg,0,0,0,Analyze both the image and the text. Is this meme misogynistic? Reply with 1 for yes or 0 for no.
15021.jpg,0,0,0,Does this content promote hate or sexism against women? Answer 1 or 0.
15021.jpg,0,0,0,"Classify this meme: 1 = misogynous, 0 = not misogynous. Output only the digit."
15021.jpg,0,0,0,Is this image and text combination offensive towards women? Answer 1 (Offensive) or 0 (Safe).
15021.jpg,0,0,0,Look at the meme. Is it sexist? Answer only 1 or 0.
16083.jpg,0,0,0,Analyze both the image and the text. Is this meme misogynistic? Reply with 1 for yes or 0 for no.
16083.jpg,0,0,0,Does this content promote hate or sexism against women? Answer 1 or 0.
16083.jpg,0,0,0,"Classify this meme: 1 = misogynous, 0 = not misogynous. Output only the digit."
16083.jpg,0,0,0 (Safe).,Is this image and text combination offensive towards women? Answer 1 (Offensive) or 0 (Safe).
16083.jpg,0,0,0,Look at the meme. Is it sexist? Answer only 1 or 0.
15726.jpg,0,0,0,Analyze both the image and the text. Is this meme misogynistic? Reply with 1 for yes or 0 for no.
15726.jpg,0,0,0,Does this content promote hate or sexism against women? Answer 1 or 0.
15726.jpg,0,0,0,"Classify this meme: 1 = misogynous, 0 = not misogynous. Output only the digit."
15726.jpg,0,0,0,Is this image and text combination offensive towards women? Answer 1 (Offensive) or 0 (Safe).
15726.jpg,0,0,0,Look at the meme. Is it sexist? Answer only 1 or 0.
15319.jpg,0,0,0,Analyze both the image and the text. Is this meme misogynistic? Reply with 1 for yes or 0 for no.
15319.jpg,0,0,0,Does this content promote hate or sexism against women? Answer 1 or 0.
15319.jpg,0,0,0,"Classify this meme: 1 = misogynous, 0 = not misogynous. Output only the digit."
15319.jpg,0,0,0,Is this image and text combination offensive towards women? Answer 1 (Offensive) or 0 (Safe).
15319.jpg,0,0,0,Look at the meme. Is it sexist? Answer only 1 or 0.
15220.jpg,0,0,0,Analyze both the image and the text. Is this meme misogynistic? Reply with 1 for yes or 0 for no.
15220.jpg,0,0,0,Does this content promote hate or sexism against women? Answer 1 or 0.
15220.jpg,0,0,0,"Classify this meme: 1 = misogynous, 0 = not misogynous. Output only the digit."
15220.jpg,0,0,0,Is this image and text combination offensive towards women? Answer 1 (Offensive) or 0 (Safe).
15220.jpg,0,0,0,Look at the meme. Is it sexist? Answer only 1 or 0.
15472.jpg,1,1,1,Analyze both the image and the text. Is this meme misogynistic? Reply with 1 for yes or 0 for no.
15472.jpg,1,0,0,Does this content promote hate or sexism against women? Answer 1 or 0.
15472.jpg,1,1,1,"Classify this meme: 1 = misogynous, 0 = not misogynous. Output only the digit."
15472.jpg,1,1,1,Is this image and text combination offensive towards women? Answer 1 (Offensive) or 0 (Safe).
15472.jpg,1,1,1,Look at the meme. Is it sexist? Answer only 1 or 0.
15204.jpg,0,0,0,Analyze both the image and the text. Is this meme misogynistic? Reply with 1 for yes or 0 for no.
15204.jpg,0,0,0,Does this content promote hate or sexism against women? Answer 1 or 0.
15204.jpg,0,0,0,"Classify this meme: 1 = misogynous, 0 = not misogynous. Output only the digit."
15204.jpg,0,0,0,Is this image and text combination offensive towards women? Answer 1 (Offensive) or 0 (Safe).
15204.jpg,0,0,0,Look at the meme. Is it sexist? Answer only 1 or 0.
15570.jpg,1,1,1,Analyze both the image and the text. Is this meme misogynistic? Reply with 1 for yes or 0 for no.
15570.jpg,1,0,0,Does this content promote hate or sexism against women? Answer 1 or 0.
15570.jpg,1,0,0,"Classify this meme: 1 = misogynous, 0 = not misogynous. Output only the digit."
15570.jpg,1,0,0,Is this image and text combination offensive towards women? Answer 1 (Offensive) or 0 (Safe).
15570.jpg,1,1,1,Look at the meme. Is it sexist? Answer only 1 or 0.
15513.jpg,0,1,1,Analyze both the image and the text. Is this meme misogynistic? Reply with 1 for yes or 0 for no.
15513.jpg,0,0,0,Does this content promote hate or sexism against women? Answer 1 or 0.
15513.jpg,0,1,1,"Classify this meme: 1 = misogynous, 0 = not misogynous. Output only the digit."
15513.jpg,0,0,0,Is this image and text combination offensive towards women? Answer 1 (Offensive) or 0 (Safe).
15513.jpg,0,1,1,Look at the meme. Is it sexist? Answer only 1 or 0.
15703.jpg,0,0,0,Analyze both the image and the text. Is this meme misogynistic? Reply with 1 for yes or 0 for no.
15703.jpg,0,0,0,Does this content promote hate or sexism against women? Answer 1 or 0.
15703.jpg,0,0,0,"Classify this meme: 1 = misogynous, 0 = not misogynous. Output only the digit."
15703.jpg,0,0,0,Is this image and text combination offensive towards women? Answer 1 (Offensive) or 0 (Safe).
15703.jpg,0,0,0,Look at the meme. Is it sexist? Answer only 1 or 0.
15292.jpg,0,0,0,Analyze both the image and the text. Is this meme misogynistic? Reply with 1 for yes or 0 for no.
15292.jpg,0,0,0,Does this content promote hate or sexism against women? Answer 1 or 0.
15292.jpg,0,0,0,"Classify this meme: 1 = misogynous, 0 = not misogynous. Output only the digit."
15292.jpg,0,0,0,Is this image and text combination offensive towards women? Answer 1 (Offensive) or 0 (Safe).
15292.jpg,0,0,0,Look at the meme. Is it sexist? Answer only 1 or 0.
15102.jpg,1,0,0,Analyze both the image and the text. Is this meme misogynistic? Reply with 1 for yes or 0 for no.
15102.jpg,1,0,0,Does this content promote hate or sexism against women? Answer 1 or 0.
15102.jpg,1,0,0,"Classify this meme: 1 = misogynous, 0 = not misogynous. Output only the digit."
15102.jpg,1,0,0,Is this image and text combination offensive towards women? Answer 1 (Offensive) or 0 (Safe).
15102.jpg,1,1,1,Look at the meme. Is it sexist? Answer only 1 or 0.
15508.jpg,0,0,0,Analyze both the image and the text. Is this meme misogynistic? Reply with 1 for yes or 0 for no.
15508.jpg,0,0,0,Does this content promote hate or sexism against women? Answer 1 or 0.
15508.jpg,0,0,0,"Classify this meme: 1 = misogynous, 0 = not misogynous. Output only the digit."
15508.jpg,0,0,0,Is this image and text combination offensive towards women? Answer 1 (Offensive) or 0 (Safe).
15508.jpg,0,0,0,Look at the meme. Is it sexist? Answer only 1 or 0.
16288.jpg,1,0,0,Analyze both the image and the text. Is this meme misogynistic? Reply with 1 for yes or 0 for no.
16288.jpg,1,0,0,Does this content promote hate or sexism against women? Answer 1 or 0.
16288.jpg,1,0,0,"Classify this meme: 1 = misogynous, 0 = not misogynous. Output only the digit."
16288.jpg,1,0,0,Is this image and text combination offensive towards women? Answer 1 (Offensive) or 0 (Safe).
16288.jpg,1,1,1,Look at the meme. Is it sexist? Answer only 1 or 0.
15127.jpg,0,1,1,Analyze both the image and the text. Is this meme misogynistic? Reply with 1 for yes or 0 for no.
15127.jpg,0,1,1,Does this content promote hate or sexism against women? Answer 1 or 0.
15127.jpg,0,1,1,"Classify this meme: 1 = misogynous, 0 = not misogynous. Output only the digit."
15127.jpg,0,1,1,Is this image and text combination offensive towards women? Answer 1 (Offensive) or 0 (Safe).
15127.jpg,0,1,1,Look at the meme. Is it sexist? Answer only 1 or 0.
15524.jpg,0,1,1,Analyze both the image and the text. Is this meme misogynistic? Reply with 1 for yes or 0 for no.
15524.jpg,0,1,1,Does this content promote hate or sexism against women? Answer 1 or 0.
15524.jpg,0,0,0,"Classify this meme: 1 = misogynous, 0 = not misogynous. Output only the digit."
15524.jpg,0,1,1,Is this image and text combination offensive towards women? Answer 1 (Offensive) or 0 (Safe).
15524.jpg,0,1,1,Look at the meme. Is it sexist? Answer only 1 or 0.
15630.jpg,0,0,0,Analyze both the image and the text. Is this meme misogynistic? Reply with 1 for yes or 0 for no.
15630.jpg,0,0,0,Does this content promote hate or sexism against women? Answer 1 or 0.
15630.jpg,0,0,0,"Classify this meme: 1 = misogynous, 0 = not misogynous. Output only the digit."
15630.jpg,0,0,0,Is this image and text combination offensive towards women? Answer 1 (Offensive) or 0 (Safe).
15630.jpg,0,0,0,Look at the meme. Is it sexist? Answer only 1 or 0.
15980.jpg,1,0,0,Analyze both the image and the text. Is this meme misogynistic? Reply with 1 for yes or 0 for no.
15980.jpg,1,0,0,Does this content promote hate or sexism against women? Answer 1 or 0.
15980.jpg,1,0,0,"Classify this meme: 1 = misogynous, 0 = not misogynous. Output only the digit."
15980.jpg,1,0,0,Is this image and text combination offensive towards women? Answer 1 (Offensive) or 0 (Safe).
15980.jpg,1,0,0,Look at the meme. Is it sexist? Answer only 1 or 0.
15787.jpg,1,0,0,Analyze both the image and the text. Is this meme misogynistic? Reply with 1 for yes or 0 for no.
15787.jpg,1,0,0,Does this content promote hate or sexism against women? Answer 1 or 0.
15787.jpg,1,0,0,"Classify this meme: 1 = misogynous, 0 = not misogynous. Output only the digit."
15787.jpg,1,0,0,Is this image and text combination offensive towards women? Answer 1 (Offensive) or 0 (Safe).
15787.jpg,1,0,0,Look at the meme. Is it sexist? Answer only 1 or 0.
16258.jpg,1,1,1,Analyze both the image and the text. Is this meme misogynistic? Reply with 1 for yes or 0 for no.
16258.jpg,1,1,1,Does this content promote hate or sexism against women? Answer 1 or 0.
16258.jpg,1,1,1,"Classify this meme: 1 = misogynous, 0 = not misogynous. Output only the digit."
16258.jpg,1,1,1,Is this image and text combination offensive towards women? Answer 1 (Offensive) or 0 (Safe).
16258.jpg,1,1,1,Look at the meme. Is it sexist? Answer only 1 or 0.
15074.jpg,0,1,1,Analyze both the image and the text. Is this meme misogynistic? Reply with 1 for yes or 0 for no.
15074.jpg,0,1,1,Does this content promote hate or sexism against women? Answer 1 or 0.
15074.jpg,0,0,0,"Classify this meme: 1 = misogynous, 0 = not misogynous. Output only the digit."
15074.jpg,0,0,0 (Safe).,Is this image and text combination offensive towards women? Answer 1 (Offensive) or 0 (Safe).
15074.jpg,0,1,1,Look at the meme. Is it sexist? Answer only 1 or 0.
16278.jpg,1,0,0,Analyze both the image and the text. Is this meme misogynistic? Reply with 1 for yes or 0 for no.
16278.jpg,1,0,0,Does this content promote hate or sexism against women? Answer 1 or 0.
16278.jpg,1,0,0,"Classify this meme: 1 = misogynous, 0 = not misogynous. Output only the digit."
16278.jpg,1,0,0,Is this image and text combination offensive towards women? Answer 1 (Offensive) or 0 (Safe).
16278.jpg,1,0,0,Look at the meme. Is it sexist? Answer only 1 or 0.
15418.jpg,1,0,0,Analyze both the image and the text. Is this meme misogynistic? Reply with 1 for yes or 0 for no.
15418.jpg,1,0,0,Does this content promote hate or sexism against women? Answer 1 or 0.
15418.jpg,1,0,0,"Classify this meme: 1 = misogynous, 0 = not misogynous. Output only the digit."
15418.jpg,1,0,0,Is this image and text combination offensive towards women? Answer 1 (Offensive) or 0 (Safe).
15418.jpg,1,1,1,Look at the meme. Is it sexist? Answer only 1 or 0.
15884.jpg,0,1,1,Analyze both the image and the text. Is this meme misogynistic? Reply with 1 for yes or 0 for no.
15884.jpg,0,0,0,Does this content promote hate or sexism against women? Answer 1 or 0.
15884.jpg,0,0,0,"Classify this meme: 1 = misogynous, 0 = not misogynous. Output only the digit."
15884.jpg,0,0,0,Is this image and text combination offensive towards women? Answer 1 (Offensive) or 0 (Safe).
15884.jpg,0,0,0,Look at the meme. Is it sexist? Answer only 1 or 0.
16003.jpg,0,0,0,Analyze both the image and the text. Is this meme misogynistic? Reply with 1 for yes or 0 for no.
16003.jpg,0,0,0,Does this content promote hate or sexism against women? Answer 1 or 0.
16003.jpg,0,0,0,"Classify this meme: 1 = misogynous, 0 = not misogynous. Output only the digit."
16003.jpg,0,0,0,Is this image and text combination offensive towards women? Answer 1 (Offensive) or 0 (Safe).
16003.jpg,0,0,0,Look at the meme. Is it sexist? Answer only 1 or 0.
15251.jpg,0,0,0,Analyze both the image and the text. Is this meme misogynistic? Reply with 1 for yes or 0 for no.
15251.jpg,0,0,0,Does this content promote hate or sexism against women? Answer 1 or 0.
15251.jpg,0,0,0,"Classify this meme: 1 = misogynous, 0 = not misogynous. Output only the digit."
15251.jpg,0,0,0,Is this image and text combination offensive towards women? Answer 1 (Offensive) or 0 (Safe).
15251.jpg,0,0,0,Look at the meme. Is it sexist? Answer only 1 or 0.
16018.jpg,0,0,0,Analyze both the image and the text. Is this meme misogynistic? Reply with 1 for yes or 0 for no.
16018.jpg,0,0,0,Does this content promote hate or sexism against women? Answer 1 or 0.
16018.jpg,0,0,0,"Classify this meme: 1 = misogynous, 0 = not misogynous. Output only the digit."
16018.jpg,0,0,0,Is this image and text combination offensive towards women? Answer 1 (Offensive) or 0 (Safe).
16018.jpg,0,0,0,Look at the meme. Is it sexist? Answer only 1 or 0.
15147.jpg,1,1,1,Analyze both the image and the text. Is this meme misogynistic? Reply with 1 for yes or 0 for no.
15147.jpg,1,1,1,Does this content promote hate or sexism against women? Answer 1 or 0.
15147.jpg,1,1,1,"Classify this meme: 1 = misogynous, 0 = not misogynous. Output only the digit."
15147.jpg,1,1,1,Is this image and text combination offensive towards women? Answer 1 (Offensive) or 0 (Safe).
15147.jpg,1,1,1,Look at the meme. Is it sexist? Answer only 1 or 0.
15033.jpg,0,0,0,Analyze both the image and the text. Is this meme misogynistic? Reply with 1 for yes or 0 for no.
15033.jpg,0,0,0,Does this content promote hate or sexism against women? Answer 1 or 0.
15033.jpg,0,0,0,"Classify this meme: 1 = misogynous, 0 = not misogynous. Output only the digit."
15033.jpg,0,0,0 (Safe).,Is this image and text combination offensive towards women? Answer 1 (Offensive) or 0 (Safe).
15033.jpg,0,0,0,Look at the meme. Is it sexist? Answer only 1 or 0.
15855.jpg,0,0,0,Analyze both the image and the text. Is this meme misogynistic? Reply with 1 for yes or 0 for no.
15855.jpg,0,0,0,Does this content promote hate or sexism against women? Answer 1 or 0.
15855.jpg,0,1,1,"Classify this meme: 1 = misogynous, 0 = not misogynous. Output only the digit."
15855.jpg,0,0,0,Is this image and text combination offensive towards women? Answer 1 (Offensive) or 0 (Safe).
15855.jpg,0,0,0,Look at the meme. Is it sexist? Answer only 1 or 0.
15931.jpg,0,0,0,Analyze both the image and the text. Is this meme misogynistic? Reply with 1 for yes or 0 for no.
15931.jpg,0,0,0,Does this content promote hate or sexism against women? Answer 1 or 0.
15931.jpg,0,0,0,"Classify this meme: 1 = misogynous, 0 = not misogynous. Output only the digit."
15931.jpg,0,0,0,Is this image and text combination offensive towards women? Answer 1 (Offensive) or 0 (Safe).
15931.jpg,0,0,0,Look at the meme. Is it sexist? Answer only 1 or 0.
16207.jpg,0,0,0,Analyze both the image and the text. Is this meme misogynistic? Reply with 1 for yes or 0 for no.
16207.jpg,0,0,0,Does this content promote hate or sexism against women? Answer 1 or 0.
16207.jpg,0,0,0,"Classify this meme: 1 = misogynous, 0 = not misogynous. Output only the digit."
16207.jpg,0,0,0,Is this image and text combination offensive towards women? Answer 1 (Offensive) or 0 (Safe).
16207.jpg,0,0,0,Look at the meme. Is it sexist? Answer only 1 or 0.
15537.jpg,0,1,1,Analyze both the image and the text. Is this meme misogynistic? Reply with 1 for yes or 0 for no.
15537.jpg,0,0,0,Does this content promote hate or sexism against women? Answer 1 or 0.
15537.jpg,0,1,1,"Classify this meme: 1 = misogynous, 0 = not misogynous. Output only the digit."
15537.jpg,0,0,0,Is this image and text combination offensive towards women? Answer 1 (Offensive) or 0 (Safe).
15537.jpg,0,1,1,Look at the meme. Is it sexist? Answer only 1 or 0.
15057.jpg,1,1,1,Analyze both the image and the text. Is this meme misogynistic? Reply with 1 for yes or 0 for no.
15057.jpg,1,0,0,Does this content promote hate or sexism against women? Answer 1 or 0.
15057.jpg,1,1,1,"Classify this meme: 1 = misogynous, 0 = not misogynous. Output only the digit."
15057.jpg,1,0,0,Is this image and text combination offensive towards women? Answer 1 (Offensive) or 0 (Safe).
15057.jpg,1,1,1,Look at the meme. Is it sexist? Answer only 1 or 0.
15132.jpg,0,0,0,Analyze both the image and the text. Is this meme misogynistic? Reply with 1 for yes or 0 for no.
15132.jpg,0,0,0,Does this content promote hate or sexism against women? Answer 1 or 0.
15132.jpg,0,0,0,"Classify this meme: 1 = misogynous, 0 = not misogynous. Output only the digit."
15132.jpg,0,0,0,Is this image and text combination offensive towards women? Answer 1 (Offensive) or 0 (Safe).
15132.jpg,0,0,0,Look at the meme. Is it sexist? Answer only 1 or 0.
15632.jpg,1,0,0,Analyze both the image and the text. Is this meme misogynistic? Reply with 1 for yes or 0 for no.
15632.jpg,1,0,0,Does this content promote hate or sexism against women? Answer 1 or 0.
15632.jpg,1,1,1,"Classify this meme: 1 = misogynous, 0 = not misogynous. Output only the digit."
15632.jpg,1,0,0,Is this image and text combination offensive towards women? Answer 1 (Offensive) or 0 (Safe).
15632.jpg,1,1,1,Look at the meme. Is it sexist? Answer only 1 or 0.
15520.jpg,1,1,1,Analyze both the image and the text. Is this meme misogynistic? Reply with 1 for yes or 0 for no.
15520.jpg,1,1,1,Does this content promote hate or sexism against women? Answer 1 or 0.
15520.jpg,1,1,1,"Classify this meme: 1 = misogynous, 0 = not misogynous. Output only the digit."
15520.jpg,1,1,1,Is this image and text combination offensive towards women? Answer 1 (Offensive) or 0 (Safe).
15520.jpg,1,1,1,Look at the meme. Is it sexist? Answer only 1 or 0.
15688.jpg,1,0,0,Analyze both the image and the text. Is this meme misogynistic? Reply with 1 for yes or 0 for no.
15688.jpg,1,0,0,Does this content promote hate or sexism against women? Answer 1 or 0.
15688.jpg,1,0,0,"Classify this meme: 1 = misogynous, 0 = not misogynous. Output only the digit."
15688.jpg,1,0,0,Is this image and text combination offensive towards women? Answer 1 (Offensive) or 0 (Safe).
15688.jpg,1,0,0,Look at the meme. Is it sexist? Answer only 1 or 0.
15988.jpg,0,0,0,Analyze both the image and the text. Is this meme misogynistic? Reply with 1 for yes or 0 for no.
15988.jpg,0,0,0,Does this content promote hate or sexism against women? Answer 1 or 0.
15988.jpg,0,0,0,"Classify this meme: 1 = misogynous, 0 = not misogynous. Output only the digit."
15988.jpg,0,0,0,Is this image and text combination offensive towards women? Answer 1 (Offensive) or 0 (Safe).
15988.jpg,0,0,0,Look at the meme. Is it sexist? Answer only 1 or 0.
15567.jpg,0,1,1,Analyze both the image and the text. Is this meme misogynistic? Reply with 1 for yes or 0 for no.
15567.jpg,0,0,0,Does this content promote hate or sexism against women? Answer 1 or 0.
15567.jpg,0,1,1,"Classify this meme: 1 = misogynous, 0 = not misogynous. Output only the digit."
15567.jpg,0,0,0,Is this image and text combination offensive towards women? Answer 1 (Offensive) or 0 (Safe).
15567.jpg,0,1,1,Look at the meme. Is it sexist? Answer only 1 or 0.
15998.jpg,0,0,0,Analyze both the image and the text. Is this meme misogynistic? Reply with 1 for yes or 0 for no.
15998.jpg,0,0,0,Does this content promote hate or sexism against women? Answer 1 or 0.
15998.jpg,0,0,0,"Classify this meme: 1 = misogynous, 0 = not misogynous. Output only the digit."
15998.jpg,0,0,0,Is this image and text combination offensive towards women? Answer 1 (Offensive) or 0 (Safe).
15998.jpg,0,1,1,Look at the meme. Is it sexist? Answer only 1 or 0.
15682.jpg,1,1,1,Analyze both the image and the text. Is this meme misogynistic? Reply with 1 for yes or 0 for no.
15682.jpg,1,0,0,Does this content promote hate or sexism against women? Answer 1 or 0.
15682.jpg,1,1,1,"Classify this meme: 1 = misogynous, 0 = not misogynous. Output only the digit."
15682.jpg,1,0,0,Is this image and text combination offensive towards women? Answer 1 (Offensive) or 0 (Safe).
15682.jpg,1,1,1,Look at the meme. Is it sexist? Answer only 1 or 0.
15357.jpg,0,0,0,Analyze both the image and the text. Is this meme misogynistic? Reply with 1 for yes or 0 for no.
15357.jpg,0,0,0,Does this content promote hate or sexism against women? Answer 1 or 0.
15357.jpg,0,0,0,"Classify this meme: 1 = misogynous, 0 = not misogynous. Output only the digit."
15357.jpg,0,0,0,Is this image and text combination offensive towards women? Answer 1 (Offensive) or 0 (Safe).
15357.jpg,0,0,0,Look at the meme. Is it sexist? Answer only 1 or 0.
16138.jpg,0,1,1,Analyze both the image and the text. Is this meme misogynistic? Reply with 1 for yes or 0 for no.
16138.jpg,0,1,1,Does this content promote hate or sexism against women? Answer 1 or 0.
16138.jpg,0,1,1,"Classify this meme: 1 = misogynous, 0 = not misogynous. Output only the digit."
16138.jpg,0,1,1,Is this image and text combination offensive towards women? Answer 1 (Offensive) or 0 (Safe).
16138.jpg,0,1,1,Look at the meme. Is it sexist? Answer only 1 or 0.
16106.jpg,1,1,1,Analyze both the image and the text. Is this meme misogynistic? Reply with 1 for yes or 0 for no.
16106.jpg,1,1,1,Does this content promote hate or sexism against women? Answer 1 or 0.
16106.jpg,1,1,1,"Classify this meme: 1 = misogynous, 0 = not misogynous. Output only the digit."
16106.jpg,1,1,1,Is this image and text combination offensive towards women? Answer 1 (Offensive) or 0 (Safe).
16106.jpg,1,1,1,Look at the meme. Is it sexist? Answer only 1 or 0.
15455.jpg,1,0,0,Analyze both the image and the text. Is this meme misogynistic? Reply with 1 for yes or 0 for no.
15455.jpg,1,0,0,Does this content promote hate or sexism against women? Answer 1 or 0.
15455.jpg,1,0,0,"Classify this meme: 1 = misogynous, 0 = not misogynous. Output only the digit."
15455.jpg,1,0,0,Is this image and text combination offensive towards women? Answer 1 (Offensive) or 0 (Safe).
15455.jpg,1,0,0,Look at the meme. Is it sexist? Answer only 1 or 0.
16338.jpg,1,0,0,Analyze both the image and the text. Is this meme misogynistic? Reply with 1 for yes or 0 for no.
16338.jpg,1,0,0,Does this content promote hate or sexism against women? Answer 1 or 0.
16338.jpg,1,0,0,"Classify this meme: 1 = misogynous, 0 = not misogynous. Output only the digit."
16338.jpg,1,0,0,Is this image and text combination offensive towards women? Answer 1 (Offensive) or 0 (Safe).
16338.jpg,1,1,1,Look at the meme. Is it sexist? Answer only 1 or 0.
15581.jpg,1,0,0,Analyze both the image and the text. Is this meme misogynistic? Reply with 1 for yes or 0 for no.
15581.jpg,1,0,0,Does this content promote hate or sexism against women? Answer 1 or 0.
15581.jpg,1,0,0,"Classify this meme: 1 = misogynous, 0 = not misogynous. Output only the digit."
15581.jpg,1,0,0,Is this image and text combination offensive towards women? Answer 1 (Offensive) or 0 (Safe).
15581.jpg,1,1,1,Look at the meme. Is it sexist? Answer only 1 or 0.
16104.jpg,1,0,0,Analyze both the image and the text. Is this meme misogynistic? Reply with 1 for yes or 0 for no.
16104.jpg,1,0,0,Does this content promote hate or sexism against women? Answer 1 or 0.
16104.jpg,1,0,0,"Classify this meme: 1 = misogynous, 0 = not misogynous. Output only the digit."
16104.jpg,1,0,0,Is this image and text combination offensive towards women? Answer 1 (Offensive) or 0 (Safe).
16104.jpg,1,1,1,Look at the meme. Is it sexist? Answer only 1 or 0.
15425.jpg,1,1,1,Analyze both the image and the text. Is this meme misogynistic? Reply with 1 for yes or 0 for no.
15425.jpg,1,1,1,Does this content promote hate or sexism against women? Answer 1 or 0.
15425.jpg,1,1,1,"Classify this meme: 1 = misogynous, 0 = not misogynous. Output only the digit."
15425.jpg,1,1,1,Is this image and text combination offensive towards women? Answer 1 (Offensive) or 0 (Safe).
15425.jpg,1,1,1,Look at the meme. Is it sexist? Answer only 1 or 0.
15810.jpg,0,1,1,Analyze both the image and the text. Is this meme misogynistic? Reply with 1 for yes or 0 for no.
15810.jpg,0,1,1,Does this content promote hate or sexism against women? Answer 1 or 0.
15810.jpg,0,1,1,"Classify this meme: 1 = misogynous, 0 = not misogynous. Output only the digit."
15810.jpg,0,1,1,Is this image and text combination offensive towards women? Answer 1 (Offensive) or 0 (Safe).
15810.jpg,0,1,1,Look at the meme. Is it sexist? Answer only 1 or 0.
15391.jpg,0,1,1,Analyze both the image and the text. Is this meme misogynistic? Reply with 1 for yes or 0 for no.
15391.jpg,0,0,0,Does this content promote hate or sexism against women? Answer 1 or 0.
15391.jpg,0,1,1,"Classify this meme: 1 = misogynous, 0 = not misogynous. Output only the digit."
15391.jpg,0,0,0,Is this image and text combination offensive towards women? Answer 1 (Offensive) or 0 (Safe).
15391.jpg,0,1,1,Look at the meme. Is it sexist? Answer only 1 or 0.
15482.jpg,0,1,1,Analyze both the image and the text. Is this meme misogynistic? Reply with 1 for yes or 0 for no.
15482.jpg,0,0,0,Does this content promote hate or sexism against women? Answer 1 or 0.
15482.jpg,0,1,1,"Classify this meme: 1 = misogynous, 0 = not misogynous. Output only the digit."
15482.jpg,0,0,0,Is this image and text combination offensive towards women? Answer 1 (Offensive) or 0 (Safe).
15482.jpg,0,1,1,Look at the meme. Is it sexist? Answer only 1 or 0.
16119.jpg,1,1,1,Analyze both the image and the text. Is this meme misogynistic? Reply with 1 for yes or 0 for no.
16119.jpg,1,1,1,Does this content promote hate or sexism against women? Answer 1 or 0.
16119.jpg,1,1,1,"Classify this meme: 1 = misogynous, 0 = not misogynous. Output only the digit."
16119.jpg,1,1,1,Is this image and text combination offensive towards women? Answer 1 (Offensive) or 0 (Safe).
16119.jpg,1,1,1,Look at the meme. Is it sexist? Answer only 1 or 0.
16251.jpg,1,1,1,Analyze both the image and the text. Is this meme misogynistic? Reply with 1 for yes or 0 for no.
16251.jpg,1,1,1,Does this content promote hate or sexism against women? Answer 1 or 0.
16251.jpg,1,1,1,"Classify this meme: 1 = misogynous, 0 = not misogynous. Output only the digit."
16251.jpg,1,1,1,Is this image and text combination offensive towards women? Answer 1 (Offensive) or 0 (Safe).
16251.jpg,1,1,1,Look at the meme. Is it sexist? Answer only 1 or 0.
15587.jpg,0,0,0,Analyze both the image and the text. Is this meme misogynistic? Reply with 1 for yes or 0 for no.
15587.jpg,0,0,0,Does this content promote hate or sexism against women? Answer 1 or 0.
15587.jpg,0,0,0,"Classify this meme: 1 = misogynous, 0 = not misogynous. Output only the digit."
15587.jpg,0,0,0 (Safe).,Is this image and text combination offensive towards women? Answer 1 (Offensive) or 0 (Safe).
15587.jpg,0,0,0,Look at the meme. Is it sexist? Answer only 1 or 0.
15244.jpg,0,0,0,Analyze both the image and the text. Is this meme misogynistic? Reply with 1 for yes or 0 for no.
15244.jpg,0,0,0,Does this content promote hate or sexism against women? Answer 1 or 0.
15244.jpg,0,0,0,"Classify this meme: 1 = misogynous, 0 = not misogynous. Output only the digit."
15244.jpg,0,0,0,Is this image and text combination offensive towards women? Answer 1 (Offensive) or 0 (Safe).
15244.jpg,0,0,0,Look at the meme. Is it sexist? Answer only 1 or 0.
15720.jpg,0,0,0,Analyze both the image and the text. Is this meme misogynistic? Reply with 1 for yes or 0 for no.
15720.jpg,0,0,0,Does this content promote hate or sexism against women? Answer 1 or 0.
15720.jpg,0,0,0,"Classify this meme: 1 = misogynous, 0 = not misogynous. Output only the digit."
15720.jpg,0,0,0,Is this image and text combination offensive towards women? Answer 1 (Offensive) or 0 (Safe).
15720.jpg,0,0,0,Look at the meme. Is it sexist? Answer only 1 or 0.
17028.jpg,1,0,0,Analyze both the image and the text. Is this meme misogynistic? Reply with 1 for yes or 0 for no.
17028.jpg,1,0,0,Does this content promote hate or sexism against women? Answer 1 or 0.
17028.jpg,1,0,0,"Classify this meme: 1 = misogynous, 0 = not misogynous. Output only the digit."
17028.jpg,1,0,0 (Safe).,Is this image and text combination offensive towards women? Answer 1 (Offensive) or 0 (Safe).
17028.jpg,1,0,0,Look at the meme. Is it sexist? Answer only 1 or 0.
15850.jpg,1,0,0,Analyze both the image and the text. Is this meme misogynistic? Reply with 1 for yes or 0 for no.
15850.jpg,1,0,0,Does this content promote hate or sexism against women? Answer 1 or 0.
15850.jpg,1,0,0,"Classify this meme: 1 = misogynous, 0 = not misogynous. Output only the digit."
15850.jpg,1,0,0,Is this image and text combination offensive towards women? Answer 1 (Offensive) or 0 (Safe).
15850.jpg,1,0,0,Look at the meme. Is it sexist? Answer only 1 or 0.
17029.jpg,1,1,1,Analyze both the image and the text. Is this meme misogynistic? Reply with 1 for yes or 0 for no.
17029.jpg,1,1,1,Does this content promote hate or sexism against women? Answer 1 or 0.
17029.jpg,1,1,1,"Classify this meme: 1 = misogynous, 0 = not misogynous. Output only the digit."
17029.jpg,1,1,1,Is this image and text combination offensive towards women? Answer 1 (Offensive) or 0 (Safe).
17029.jpg,1,1,1,Look at the meme. Is it sexist? Answer only 1 or 0.
15766.jpg,1,1,1,Analyze both the image and the text. Is this meme misogynistic? Reply with 1 for yes or 0 for no.
15766.jpg,1,1,1,Does this content promote hate or sexism against women? Answer 1 or 0.
15766.jpg,1,1,1,"Classify this meme: 1 = misogynous, 0 = not misogynous. Output only the digit."
15766.jpg,1,0,0,Is this image and text combination offensive towards women? Answer 1 (Offensive) or 0 (Safe).
15766.jpg,1,1,1,Look at the meme. Is it sexist? Answer only 1 or 0.
15442.jpg,1,1,1,Analyze both the image and the text. Is this meme misogynistic? Reply with 1 for yes or 0 for no.
15442.jpg,1,0,0,Does this content promote hate or sexism against women? Answer 1 or 0.
15442.jpg,1,1,1,"Classify this meme: 1 = misogynous, 0 = not misogynous. Output only the digit."
15442.jpg,1,0,0,Is this image and text combination offensive towards women? Answer 1 (Offensive) or 0 (Safe).
15442.jpg,1,0,0,Look at the meme. Is it sexist? Answer only 1 or 0.
15125.jpg,1,1,1,Analyze both the image and the text. Is this meme misogynistic? Reply with 1 for yes or 0 for no.
15125.jpg,1,1,1,Does this content promote hate or sexism against women? Answer 1 or 0.
15125.jpg,1,1,1,"Classify this meme: 1 = misogynous, 0 = not misogynous. Output only the digit."
15125.jpg,1,1,1,Is this image and text combination offensive towards women? Answer 1 (Offensive) or 0 (Safe).
15125.jpg,1,1,1,Look at the meme. Is it sexist? Answer only 1 or 0.
15312.jpg,1,1,1,Analyze both the image and the text. Is this meme misogynistic? Reply with 1 for yes or 0 for no.
15312.jpg,1,1,1,Does this content promote hate or sexism against women? Answer 1 or 0.
15312.jpg,1,1,1,"Classify this meme: 1 = misogynous, 0 = not misogynous. Output only the digit."
15312.jpg,1,1,1,Is this image and text combination offensive towards women? Answer 1 (Offensive) or 0 (Safe).
15312.jpg,1,1,1,Look at the meme. Is it sexist? Answer only 1 or 0.
15527.jpg,0,0,0,Analyze both the image and the text. Is this meme misogynistic? Reply with 1 for yes or 0 for no.
15527.jpg,0,0,0,Does this content promote hate or sexism against women? Answer 1 or 0.
15527.jpg,0,0,0,"Classify this meme: 1 = misogynous, 0 = not misogynous. Output only the digit."
15527.jpg,0,0,0,Is this image and text combination offensive towards women? Answer 1 (Offensive) or 0 (Safe).
15527.jpg,0,0,0,Look at the meme. Is it sexist? Answer only 1 or 0.
15500.jpg,1,0,0,Analyze both the image and the text. Is this meme misogynistic? Reply with 1 for yes or 0 for no.
15500.jpg,1,0,0,Does this content promote hate or sexism against women? Answer 1 or 0.
15500.jpg,1,0,0,"Classify this meme: 1 = misogynous, 0 = not misogynous. Output only the digit."
15500.jpg,1,0,0,Is this image and text combination offensive towards women? Answer 1 (Offensive) or 0 (Safe).
15500.jpg,1,0,0,Look at the meme. Is it sexist? Answer only 1 or 0.
15760.jpg,0,0,0,Analyze both the image and the text. Is this meme misogynistic? Reply with 1 for yes or 0 for no.
15760.jpg,0,0,0,Does this content promote hate or sexism against women? Answer 1 or 0.
15760.jpg,0,0,0,"Classify this meme: 1 = misogynous, 0 = not misogynous. Output only the digit."
15760.jpg,0,0,0 (Safe).,Is this image and text combination offensive towards women? Answer 1 (Offensive) or 0 (Safe).
15760.jpg,0,0,0,Look at the meme. Is it sexist? Answer only 1 or 0.
15479.jpg,1,0,0,Analyze both the image and the text. Is this meme misogynistic? Reply with 1 for yes or 0 for no.
15479.jpg,1,0,0,Does this content promote hate or sexism against women? Answer 1 or 0.
15479.jpg,1,0,0,"Classify this meme: 1 = misogynous, 0 = not misogynous. Output only the digit."
15479.jpg,1,0,0,Is this image and text combination offensive towards women? Answer 1 (Offensive) or 0 (Safe).
15479.jpg,1,0,0,Look at the meme. Is it sexist? Answer only 1 or 0.
15019.jpg,1,1,1,Analyze both the image and the text. Is this meme misogynistic? Reply with 1 for yes or 0 for no.
15019.jpg,1,1,1,Does this content promote hate or sexism against women? Answer 1 or 0.
15019.jpg,1,1,1,"Classify this meme: 1 = misogynous, 0 = not misogynous. Output only the digit."
15019.jpg,1,1,1,Is this image and text combination offensive towards women? Answer 1 (Offensive) or 0 (Safe).
15019.jpg,1,1,1,Look at the meme. Is it sexist? Answer only 1 or 0.
15970.jpg,0,0,0,Analyze both the image and the text. Is this meme misogynistic? Reply with 1 for yes or 0 for no.
15970.jpg,0,0,0,Does this content promote hate or sexism against women? Answer 1 or 0.
15970.jpg,0,0,0,"Classify this meme: 1 = misogynous, 0 = not misogynous. Output only the digit."
15970.jpg,0,0,0,Is this image and text combination offensive towards women? Answer 1 (Offensive) or 0 (Safe).
15970.jpg,0,0,0,Look at the meme. Is it sexist? Answer only 1 or 0.
15910.jpg,0,0,0,Analyze both the image and the text. Is this meme misogynistic? Reply with 1 for yes or 0 for no.
15910.jpg,0,0,0,Does this content promote hate or sexism against women? Answer 1 or 0.
15910.jpg,0,0,0,"Classify this meme: 1 = misogynous, 0 = not misogynous. Output only the digit."
15910.jpg,0,0,0,Is this image and text combination offensive towards women? Answer 1 (Offensive) or 0 (Safe).
15910.jpg,0,1,1,Look at the meme. Is it sexist? Answer only 1 or 0.
15360.jpg,1,0,0,Analyze both the image and the text. Is this meme misogynistic? Reply with 1 for yes or 0 for no.
15360.jpg,1,0,0,Does this content promote hate or sexism against women? Answer 1 or 0.
15360.jpg,1,0,0,"Classify this meme: 1 = misogynous, 0 = not misogynous. Output only the digit."
15360.jpg,1,0,0,Is this image and text combination offensive towards women? Answer 1 (Offensive) or 0 (Safe).
15360.jpg,1,1,1,Look at the meme. Is it sexist? Answer only 1 or 0.
16166.jpg,1,1,1,Analyze both the image and the text. Is this meme misogynistic? Reply with 1 for yes or 0 for no.
16166.jpg,1,0,0,Does this content promote hate or sexism against women? Answer 1 or 0.
16166.jpg,1,0,0,"Classify this meme: 1 = misogynous, 0 = not misogynous. Output only the digit."
16166.jpg,1,0,0,Is this image and text combination offensive towards women? Answer 1 (Offensive) or 0 (Safe).
16166.jpg,1,1,1,Look at the meme. Is it sexist? Answer only 1 or 0.
15883.jpg,0,0,0,Analyze both the image and the text. Is this meme misogynistic? Reply with 1 for yes or 0 for no.
15883.jpg,0,0,0,Does this content promote hate or sexism against women? Answer 1 or 0.
15883.jpg,0,0,0,"Classify this meme: 1 = misogynous, 0 = not misogynous. Output only the digit."
15883.jpg,0,0,0,Is this image and text combination offensive towards women? Answer 1 (Offensive) or 0 (Safe).
15883.jpg,0,0,0,Look at the meme. Is it sexist? Answer only 1 or 0.
15492.jpg,0,0,0,Analyze both the image and the text. Is this meme misogynistic? Reply with 1 for yes or 0 for no.
15492.jpg,0,0,0,Does this content promote hate or sexism against women? Answer 1 or 0.
15492.jpg,0,0,0,"Classify this meme: 1 = misogynous, 0 = not misogynous. Output only the digit."
15492.jpg,0,0,0,Is this image and text combination offensive towards women? Answer 1 (Offensive) or 0 (Safe).
15492.jpg,0,0,0,Look at the meme. Is it sexist? Answer only 1 or 0.
16231.jpg,0,0,0,Analyze both the image and the text. Is this meme misogynistic? Reply with 1 for yes or 0 for no.
16231.jpg,0,0,0,Does this content promote hate or sexism against women? Answer 1 or 0.
16231.jpg,0,0,0,"Classify this meme: 1 = misogynous, 0 = not misogynous. Output only the digit."
16231.jpg,0,0,0,Is this image and text combination offensive towards women? Answer 1 (Offensive) or 0 (Safe).
16231.jpg,0,0,0,Look at the meme. Is it sexist? Answer only 1 or 0.
15728.jpg,0,0,0,Analyze both the image and the text. Is this meme misogynistic? Reply with 1 for yes or 0 for no.
15728.jpg,0,0,0,Does this content promote hate or sexism against women? Answer 1 or 0.
15728.jpg,0,0,0,"Classify this meme: 1 = misogynous, 0 = not misogynous. Output only the digit."
15728.jpg,0,0,0,Is this image and text combination offensive towards women? Answer 1 (Offensive) or 0 (Safe).
15728.jpg,0,0,0,Look at the meme. Is it sexist? Answer only 1 or 0.
15012.jpg,0,0,0,Analyze both the image and the text. Is this meme misogynistic? Reply with 1 for yes or 0 for no.
15012.jpg,0,0,0,Does this content promote hate or sexism against women? Answer 1 or 0.
15012.jpg,0,0,0,"Classify this meme: 1 = misogynous, 0 = not misogynous. Output only the digit."
15012.jpg,0,0,0 (Safe).,Is this image and text combination offensive towards women? Answer 1 (Offensive) or 0 (Safe).
15012.jpg,0,0,0,Look at the meme. Is it sexist? Answer only 1 or 0.
15949.jpg,0,0,0,Analyze both the image and the text. Is this meme misogynistic? Reply with 1 for yes or 0 for no.
15949.jpg,0,0,0,Does this content promote hate or sexism against women? Answer 1 or 0.
15949.jpg,0,0,0,"Classify this meme: 1 = misogynous, 0 = not misogynous. Output only the digit."
15949.jpg,0,0,0,Is this image and text combination offensive towards women? Answer 1 (Offensive) or 0 (Safe).
15949.jpg,0,0,0,Look at the meme. Is it sexist? Answer only 1 or 0.
16265.jpg,1,0,0,Analyze both the image and the text. Is this meme misogynistic? Reply with 1 for yes or 0 for no.
16265.jpg,1,0,0,Does this content promote hate or sexism against women? Answer 1 or 0.
16265.jpg,1,0,0,"Classify this meme: 1 = misogynous, 0 = not misogynous. Output only the digit."
16265.jpg,1,0,0,Is this image and text combination offensive towards women? Answer 1 (Offensive) or 0 (Safe).
16265.jpg,1,0,0,Look at the meme. Is it sexist? Answer only 1 or 0.
15205.jpg,1,0,0,Analyze both the image and the text. Is this meme misogynistic? Reply with 1 for yes or 0 for no.
15205.jpg,1,0,0,Does this content promote hate or sexism against women? Answer 1 or 0.
15205.jpg,1,0,0,"Classify this meme: 1 = misogynous, 0 = not misogynous. Output only the digit."
15205.jpg,1,0,0 (Safe).,Is this image and text combination offensive towards women? Answer 1 (Offensive) or 0 (Safe).
15205.jpg,1,0,0,Look at the meme. Is it sexist? Answer only 1 or 0.
15382.jpg,0,0,0,Analyze both the image and the text. Is this meme misogynistic? Reply with 1 for yes or 0 for no.
15382.jpg,0,0,0,Does this content promote hate or sexism against women? Answer 1 or 0.
15382.jpg,0,0,0,"Classify this meme: 1 = misogynous, 0 = not misogynous. Output only the digit."
15382.jpg,0,0,0,Is this image and text combination offensive towards women? Answer 1 (Offensive) or 0 (Safe).
15382.jpg,0,0,0,Look at the meme. Is it sexist? Answer only 1 or 0.
17072.jpg,0,0,0,Analyze both the image and the text. Is this meme misogynistic? Reply with 1 for yes or 0 for no.
17072.jpg,0,0,0,Does this content promote hate or sexism against women? Answer 1 or 0.
17072.jpg,0,0,0,"Classify this meme: 1 = misogynous, 0 = not misogynous. Output only the digit."
17072.jpg,0,0,0,Is this image and text combination offensive towards women? Answer 1 (Offensive) or 0 (Safe).
17072.jpg,0,0,0,Look at the meme. Is it sexist? Answer only 1 or 0.
15413.jpg,0,0,0,Analyze both the image and the text. Is this meme misogynistic? Reply with 1 for yes or 0 for no.
15413.jpg,0,0,0,Does this content promote hate or sexism against women? Answer 1 or 0.
15413.jpg,0,0,0,"Classify this meme: 1 = misogynous, 0 = not misogynous. Output only the digit."
15413.jpg,0,0,0,Is this image and text combination offensive towards women? Answer 1 (Offensive) or 0 (Safe).
15413.jpg,0,1,1,Look at the meme. Is it sexist? Answer only 1 or 0.
15613.jpg,0,0,0,Analyze both the image and the text. Is this meme misogynistic? Reply with 1 for yes or 0 for no.
15613.jpg,0,0,0,Does this content promote hate or sexism against women? Answer 1 or 0.
15613.jpg,0,0,0,"Classify this meme: 1 = misogynous, 0 = not misogynous. Output only the digit."
15613.jpg,0,0,0 (Safe).,Is this image and text combination offensive towards women? Answer 1 (Offensive) or 0 (Safe).
15613.jpg,0,0,0,Look at the meme. Is it sexist? Answer only 1 or 0.
15948.jpg,1,1,1,Analyze both the image and the text. Is this meme misogynistic? Reply with 1 for yes or 0 for no.
15948.jpg,1,1,1,Does this content promote hate or sexism against women? Answer 1 or 0.
15948.jpg,1,1,1,"Classify this meme: 1 = misogynous, 0 = not misogynous. Output only the digit."
15948.jpg,1,1,1,Is this image and text combination offensive towards women? Answer 1 (Offensive) or 0 (Safe).
15948.jpg,1,1,1,Look at the meme. Is it sexist? Answer only 1 or 0.
17062.jpg,1,1,1,Analyze both the image and the text. Is this meme misogynistic? Reply with 1 for yes or 0 for no.
17062.jpg,1,1,1,Does this content promote hate or sexism against women? Answer 1 or 0.
17062.jpg,1,1,1,"Classify this meme: 1 = misogynous, 0 = not misogynous. Output only the digit."
17062.jpg,1,1,1,Is this image and text combination offensive towards women? Answer 1 (Offensive) or 0 (Safe).
17062.jpg,1,1,1,Look at the meme. Is it sexist? Answer only 1 or 0.
17051.jpg,0,0,0,Analyze both the image and the text. Is this meme misogynistic? Reply with 1 for yes or 0 for no.
17051.jpg,0,0,0,Does this content promote hate or sexism against women? Answer 1 or 0.
17051.jpg,0,0,0,"Classify this meme: 1 = misogynous, 0 = not misogynous. Output only the digit."
17051.jpg,0,0,0,Is this image and text combination offensive towards women? Answer 1 (Offensive) or 0 (Safe).
17051.jpg,0,0,0,Look at the meme. Is it sexist? Answer only 1 or 0.
15641.jpg,0,0,0,Analyze both the image and the text. Is this meme misogynistic? Reply with 1 for yes or 0 for no.
15641.jpg,0,0,0,Does this content promote hate or sexism against women? Answer 1 or 0.
15641.jpg,0,0,0,"Classify this meme: 1 = misogynous, 0 = not misogynous. Output only the digit."
15641.jpg,0,0,0,Is this image and text combination offensive towards women? Answer 1 (Offensive) or 0 (Safe).
15641.jpg,0,0,0,Look at the meme. Is it sexist? Answer only 1 or 0.
16286.jpg,0,0,0,Analyze both the image and the text. Is this meme misogynistic? Reply with 1 for yes or 0 for no.
16286.jpg,0,0,0,Does this content promote hate or sexism against women? Answer 1 or 0.
16286.jpg,0,0,0,"Classify this meme: 1 = misogynous, 0 = not misogynous. Output only the digit."
16286.jpg,0,0,0,Is this image and text combination offensive towards women? Answer 1 (Offensive) or 0 (Safe).
16286.jpg,0,1,1,Look at the meme. Is it sexist? Answer only 1 or 0.
17059.jpg,1,0,0,Analyze both the image and the text. Is this meme misogynistic? Reply with 1 for yes or 0 for no.
17059.jpg,1,0,0,Does this content promote hate or sexism against women? Answer 1 or 0.
17059.jpg,1,0,0,"Classify this meme: 1 = misogynous, 0 = not misogynous. Output only the digit."
17059.jpg,1,0,0 (Safe).,Is this image and text combination offensive towards women? Answer 1 (Offensive) or 0 (Safe).
17059.jpg,1,0,0,Look at the meme. Is it sexist? Answer only 1 or 0.
15481.jpg,1,1,1,Analyze both the image and the text. Is this meme misogynistic? Reply with 1 for yes or 0 for no.
15481.jpg,1,1,1,Does this content promote hate or sexism against women? Answer 1 or 0.
15481.jpg,1,1,1,"Classify this meme: 1 = misogynous, 0 = not misogynous. Output only the digit."
15481.jpg,1,1,1,Is this image and text combination offensive towards women? Answer 1 (Offensive) or 0 (Safe).
15481.jpg,1,1,1,Look at the meme. Is it sexist? Answer only 1 or 0.
15339.jpg,1,1,1,Analyze both the image and the text. Is this meme misogynistic? Reply with 1 for yes or 0 for no.
15339.jpg,1,0,0,Does this content promote hate or sexism against women? Answer 1 or 0.
15339.jpg,1,1,1,"Classify this meme: 1 = misogynous, 0 = not misogynous. Output only the digit."
15339.jpg,1,0,0,Is this image and text combination offensive towards women? Answer 1 (Offensive) or 0 (Safe).
15339.jpg,1,1,1,Look at the meme. Is it sexist? Answer only 1 or 0.
17000.jpg,1,1,1,Analyze both the image and the text. Is this meme misogynistic? Reply with 1 for yes or 0 for no.
17000.jpg,1,1,1,Does this content promote hate or sexism against women? Answer 1 or 0.
17000.jpg,1,1,1,"Classify this meme: 1 = misogynous, 0 = not misogynous. Output only the digit."
17000.jpg,1,0,0,Is this image and text combination offensive towards women? Answer 1 (Offensive) or 0 (Safe).
17000.jpg,1,1,1,Look at the meme. Is it sexist? Answer only 1 or 0.
15347.jpg,0,0,0,Analyze both the image and the text. Is this meme misogynistic? Reply with 1 for yes or 0 for no.
15347.jpg,0,0,0,Does this content promote hate or sexism against women? Answer 1 or 0.
15347.jpg,0,0,0,"Classify this meme: 1 = misogynous, 0 = not misogynous. Output only the digit."
15347.jpg,0,0,0,Is this image and text combination offensive towards women? Answer 1 (Offensive) or 0 (Safe).
15347.jpg,0,1,1,Look at the meme. Is it sexist? Answer only 1 or 0.
15085.jpg,1,1,1,Analyze both the image and the text. Is this meme misogynistic? Reply with 1 for yes or 0 for no.
15085.jpg,1,0,0,Does this content promote hate or sexism against women? Answer 1 or 0.
15085.jpg,1,1,1,"Classify this meme: 1 = misogynous, 0 = not misogynous. Output only the digit."
15085.jpg,1,0,0,Is this image and text combination offensive towards women? Answer 1 (Offensive) or 0 (Safe).
15085.jpg,1,1,1,Look at the meme. Is it sexist? Answer only 1 or 0.
15629.jpg,1,1,1,Analyze both the image and the text. Is this meme misogynistic? Reply with 1 for yes or 0 for no.
15629.jpg,1,0,0,Does this content promote hate or sexism against women? Answer 1 or 0.
15629.jpg,1,1,1,"Classify this meme: 1 = misogynous, 0 = not misogynous. Output only the digit."
15629.jpg,1,0,0,Is this image and text combination offensive towards women? Answer 1 (Offensive) or 0 (Safe).
15629.jpg,1,1,1,Look at the meme. Is it sexist? Answer only 1 or 0.
17080.jpg,0,0,0,Analyze both the image and the text. Is this meme misogynistic? Reply with 1 for yes or 0 for no.
17080.jpg,0,0,0,Does this content promote hate or sexism against women? Answer 1 or 0.
17080.jpg,0,0,0,"Classify this meme: 1 = misogynous, 0 = not misogynous. Output only the digit."
17080.jpg,0,0,0,Is this image and text combination offensive towards women? Answer 1 (Offensive) or 0 (Safe).
17080.jpg,0,0,0,Look at the meme. Is it sexist? Answer only 1 or 0.
15446.jpg,0,0,0,Analyze both the image and the text. Is this meme misogynistic? Reply with 1 for yes or 0 for no.
15446.jpg,0,0,0,Does this content promote hate or sexism against women? Answer 1 or 0.
15446.jpg,0,0,0,"Classify this meme: 1 = misogynous, 0 = not misogynous. Output only the digit."
15446.jpg,0,0,0 (Safe).,Is this image and text combination offensive towards women? Answer 1 (Offensive) or 0 (Safe).
15446.jpg,0,0,0,Look at the meme. Is it sexist? Answer only 1 or 0.
16080.jpg,0,1,1,Analyze both the image and the text. Is this meme misogynistic? Reply with 1 for yes or 0 for no.
16080.jpg,0,0,0,Does this content promote hate or sexism against women? Answer 1 or 0.
16080.jpg,0,0,0,"Classify this meme: 1 = misogynous, 0 = not misogynous. Output only the digit."
16080.jpg,0,0,0,Is this image and text combination offensive towards women? Answer 1 (Offensive) or 0 (Safe).
16080.jpg,0,1,1,Look at the meme. Is it sexist? Answer only 1 or 0.
15334.jpg,0,0,0,Analyze both the image and the text. Is this meme misogynistic? Reply with 1 for yes or 0 for no.
15334.jpg,0,0,0,Does this content promote hate or sexism against women? Answer 1 or 0.
15334.jpg,0,0,0,"Classify this meme: 1 = misogynous, 0 = not misogynous. Output only the digit."
15334.jpg,0,0,0 (Safe).,Is this image and text combination offensive towards women? Answer 1 (Offensive) or 0 (Safe).
15334.jpg,0,0,0,Look at the meme. Is it sexist? Answer only 1 or 0.
16152.jpg,0,0,0,Analyze both the image and the text. Is this meme misogynistic? Reply with 1 for yes or 0 for no.
16152.jpg,0,0,0,Does this content promote hate or sexism against women? Answer 1 or 0.
16152.jpg,0,0,0,"Classify this meme: 1 = misogynous, 0 = not misogynous. Output only the digit."
16152.jpg,0,0,0,Is this image and text combination offensive towards women? Answer 1 (Offensive) or 0 (Safe).
16152.jpg,0,1,1,Look at the meme. Is it sexist? Answer only 1 or 0.
17075.jpg,1,1,1,Analyze both the image and the text. Is this meme misogynistic? Reply with 1 for yes or 0 for no.
17075.jpg,1,1,1,Does this content promote hate or sexism against women? Answer 1 or 0.
17075.jpg,1,1,1,"Classify this meme: 1 = misogynous, 0 = not misogynous. Output only the digit."
17075.jpg,1,1,1,Is this image and text combination offensive towards women? Answer 1 (Offensive) or 0 (Safe).
17075.jpg,1,1,1,Look at the meme. Is it sexist? Answer only 1 or 0.
15824.jpg,1,1,1,Analyze both the image and the text. Is this meme misogynistic? Reply with 1 for yes or 0 for no.
15824.jpg,1,1,1,Does this content promote hate or sexism against women? Answer 1 or 0.
15824.jpg,1,1,1,"Classify this meme: 1 = misogynous, 0 = not misogynous. Output only the digit."
15824.jpg,1,0,0,Is this image and text combination offensive towards women? Answer 1 (Offensive) or 0 (Safe).
15824.jpg,1,1,1,Look at the meme. Is it sexist? Answer only 1 or 0.
15402.jpg,0,1,1,Analyze both the image and the text. Is this meme misogynistic? Reply with 1 for yes or 0 for no.
15402.jpg,0,0,0,Does this content promote hate or sexism against women? Answer 1 or 0.
15402.jpg,0,0,0,"Classify this meme: 1 = misogynous, 0 = not misogynous. Output only the digit."
15402.jpg,0,0,0 (Safe).,Is this image and text combination offensive towards women? Answer 1 (Offensive) or 0 (Safe).
15402.jpg,0,1,1,Look at the meme. Is it sexist? Answer only 1 or 0.
15989.jpg,0,0,0,Analyze both the image and the text. Is this meme misogynistic? Reply with 1 for yes or 0 for no.
15989.jpg,0,0,0,Does this content promote hate or sexism against women? Answer 1 or 0.
15989.jpg,0,0,0,"Classify this meme: 1 = misogynous, 0 = not misogynous. Output only the digit."
15989.jpg,0,0,0,Is this image and text combination offensive towards women? Answer 1 (Offensive) or 0 (Safe).
15989.jpg,0,0,0,Look at the meme. Is it sexist? Answer only 1 or 0.
15791.jpg,0,0,0,Analyze both the image and the text. Is this meme misogynistic? Reply with 1 for yes or 0 for no.
15791.jpg,0,0,0,Does this content promote hate or sexism against women? Answer 1 or 0.
15791.jpg,0,0,0,"Classify this meme: 1 = misogynous, 0 = not misogynous. Output only the digit."
15791.jpg,0,0,0 (Safe).,Is this image and text combination offensive towards women? Answer 1 (Offensive) or 0 (Safe).
15791.jpg,0,0,0,Look at the meme. Is it sexist? Answer only 1 or 0.
15465.jpg,0,0,0,Analyze both the image and the text. Is this meme misogynistic? Reply with 1 for yes or 0 for no.
15465.jpg,0,0,0,Does this content promote hate or sexism against women? Answer 1 or 0.
15465.jpg,0,0,0,"Classify this meme: 1 = misogynous, 0 = not misogynous. Output only the digit."
15465.jpg,0,0,0,Is this image and text combination offensive towards women? Answer 1 (Offensive) or 0 (Safe).
15465.jpg,0,0,0,Look at the meme. Is it sexist? Answer only 1 or 0.
16297.jpg,1,1,1,Analyze both the image and the text. Is this meme misogynistic? Reply with 1 for yes or 0 for no.
16297.jpg,1,1,1,Does this content promote hate or sexism against women? Answer 1 or 0.
16297.jpg,1,1,1,"Classify this meme: 1 = misogynous, 0 = not misogynous. Output only the digit."
16297.jpg,1,1,1,Is this image and text combination offensive towards women? Answer 1 (Offensive) or 0 (Safe).
16297.jpg,1,1,1,Look at the meme. Is it sexist? Answer only 1 or 0.
15734.jpg,0,1,1,Analyze both the image and the text. Is this meme misogynistic? Reply with 1 for yes or 0 for no.
15734.jpg,0,0,0,Does this content promote hate or sexism against women? Answer 1 or 0.
15734.jpg,0,1,1,"Classify this meme: 1 = misogynous, 0 = not misogynous. Output only the digit."
15734.jpg,0,0,0,Is this image and text combination offensive towards women? Answer 1 (Offensive) or 0 (Safe).
15734.jpg,0,0,0,Look at the meme. Is it sexist? Answer only 1 or 0.
15459.jpg,0,0,0,Analyze both the image and the text. Is this meme misogynistic? Reply with 1 for yes or 0 for no.
15459.jpg,0,0,0,Does this content promote hate or sexism against women? Answer 1 or 0.
15459.jpg,0,0,0,"Classify this meme: 1 = misogynous, 0 = not misogynous. Output only the digit."
15459.jpg,0,0,0,Is this image and text combination offensive towards women? Answer 1 (Offensive) or 0 (Safe).
15459.jpg,0,0,0,Look at the meme. Is it sexist? Answer only 1 or 0.
15749.jpg,0,1,1,Analyze both the image and the text. Is this meme misogynistic? Reply with 1 for yes or 0 for no.
15749.jpg,0,0,0,Does this content promote hate or sexism against women? Answer 1 or 0.
15749.jpg,0,0,0,"Classify this meme: 1 = misogynous, 0 = not misogynous. Output only the digit."
15749.jpg,0,0,0,Is this image and text combination offensive towards women? Answer 1 (Offensive) or 0 (Safe).
15749.jpg,0,0,0,Look at the meme. Is it sexist? Answer only 1 or 0.
15343.jpg,0,1,1,Analyze both the image and the text. Is this meme misogynistic? Reply with 1 for yes or 0 for no.
15343.jpg,0,0,0,Does this content promote hate or sexism against women? Answer 1 or 0.
15343.jpg,0,1,1,"Classify this meme: 1 = misogynous, 0 = not misogynous. Output only the digit."
15343.jpg,0,0,0,Is this image and text combination offensive towards women? Answer 1 (Offensive) or 0 (Safe).
15343.jpg,0,1,1,Look at the meme. Is it sexist? Answer only 1 or 0.
15658.jpg,0,1,1,Analyze both the image and the text. Is this meme misogynistic? Reply with 1 for yes or 0 for no.
15658.jpg,0,1,1,Does this content promote hate or sexism against women? Answer 1 or 0.
15658.jpg,0,1,1,"Classify this meme: 1 = misogynous, 0 = not misogynous. Output only the digit."
15658.jpg,0,1,1,Is this image and text combination offensive towards women? Answer 1 (Offensive) or 0 (Safe).
15658.jpg,0,1,1,Look at the meme. Is it sexist? Answer only 1 or 0.
15675.jpg,1,1,1,Analyze both the image and the text. Is this meme misogynistic? Reply with 1 for yes or 0 for no.
15675.jpg,1,1,1,Does this content promote hate or sexism against women? Answer 1 or 0.
15675.jpg,1,1,1,"Classify this meme: 1 = misogynous, 0 = not misogynous. Output only the digit."
15675.jpg,1,1,1,Is this image and text combination offensive towards women? Answer 1 (Offensive) or 0 (Safe).
15675.jpg,1,1,1,Look at the meme. Is it sexist? Answer only 1 or 0.
15653.jpg,0,0,0,Analyze both the image and the text. Is this meme misogynistic? Reply with 1 for yes or 0 for no.
15653.jpg,0,0,0,Does this content promote hate or sexism against women? Answer 1 or 0.
15653.jpg,0,0,0,"Classify this meme: 1 = misogynous, 0 = not misogynous. Output only the digit."
15653.jpg,0,0,0,Is this image and text combination offensive towards women? Answer 1 (Offensive) or 0 (Safe).
15653.jpg,0,1,1,Look at the meme. Is it sexist? Answer only 1 or 0.
15951.jpg,1,1,1,Analyze both the image and the text. Is this meme misogynistic? Reply with 1 for yes or 0 for no.
15951.jpg,1,0,0,Does this content promote hate or sexism against women? Answer 1 or 0.
15951.jpg,1,1,1,"Classify this meme: 1 = misogynous, 0 = not misogynous. Output only the digit."
15951.jpg,1,0,0,Is this image and text combination offensive towards women? Answer 1 (Offensive) or 0 (Safe).
15951.jpg,1,1,1,Look at the meme. Is it sexist? Answer only 1 or 0.
15274.jpg,0,0,0,Analyze both the image and the text. Is this meme misogynistic? Reply with 1 for yes or 0 for no.
15274.jpg,0,0,0,Does this content promote hate or sexism against women? Answer 1 or 0.
15274.jpg,0,0,0,"Classify this meme: 1 = misogynous, 0 = not misogynous. Output only the digit."
15274.jpg,0,0,0 (Safe).,Is this image and text combination offensive towards women? Answer 1 (Offensive) or 0 (Safe).
15274.jpg,0,0,0,Look at the meme. Is it sexist? Answer only 1 or 0.
15837.jpg,1,0,0,Analyze both the image and the text. Is this meme misogynistic? Reply with 1 for yes or 0 for no.
15837.jpg,1,0,0,Does this content promote hate or sexism against women? Answer 1 or 0.
15837.jpg,1,0,0,"Classify this meme: 1 = misogynous, 0 = not misogynous. Output only the digit."
15837.jpg,1,0,0,Is this image and text combination offensive towards women? Answer 1 (Offensive) or 0 (Safe).
15837.jpg,1,1,1,Look at the meme. Is it sexist? Answer only 1 or 0.
15674.jpg,1,0,0,Analyze both the image and the text. Is this meme misogynistic? Reply with 1 for yes or 0 for no.
15674.jpg,1,0,0,Does this content promote hate or sexism against women? Answer 1 or 0.
15674.jpg,1,0,0,"Classify this meme: 1 = misogynous, 0 = not misogynous. Output only the digit."
15674.jpg,1,0,0,Is this image and text combination offensive towards women? Answer 1 (Offensive) or 0 (Safe).
15674.jpg,1,1,1,Look at the meme. Is it sexist? Answer only 1 or 0.
15773.jpg,0,0,0,Analyze both the image and the text. Is this meme misogynistic? Reply with 1 for yes or 0 for no.
15773.jpg,0,0,0,Does this content promote hate or sexism against women? Answer 1 or 0.
15773.jpg,0,0,0,"Classify this meme: 1 = misogynous, 0 = not misogynous. Output only the digit."
15773.jpg,0,0,0,Is this image and text combination offensive towards women? Answer 1 (Offensive) or 0 (Safe).
15773.jpg,0,0,0,Look at the meme. Is it sexist? Answer only 1 or 0.
15646.jpg,1,0,0,Analyze both the image and the text. Is this meme misogynistic? Reply with 1 for yes or 0 for no.
15646.jpg,1,0,0,Does this content promote hate or sexism against women? Answer 1 or 0.
15646.jpg,1,0,0,"Classify this meme: 1 = misogynous, 0 = not misogynous. Output only the digit."
15646.jpg,1,0,0,Is this image and text combination offensive towards women? Answer 1 (Offensive) or 0 (Safe).
15646.jpg,1,0,0,Look at the meme. Is it sexist? Answer only 1 or 0.
16039.jpg,1,0,0,Analyze both the image and the text. Is this meme misogynistic? Reply with 1 for yes or 0 for no.
16039.jpg,1,0,0,Does this content promote hate or sexism against women? Answer 1 or 0.
16039.jpg,1,0,0,"Classify this meme: 1 = misogynous, 0 = not misogynous. Output only the digit."
16039.jpg,1,0,0,Is this image and text combination offensive towards women? Answer 1 (Offensive) or 0 (Safe).
16039.jpg,1,0,0,Look at the meme. Is it sexist? Answer only 1 or 0.
15498.jpg,1,1,1,Analyze both the image and the text. Is this meme misogynistic? Reply with 1 for yes or 0 for no.
15498.jpg,1,1,1,Does this content promote hate or sexism against women? Answer 1 or 0.
15498.jpg,1,1,1,"Classify this meme: 1 = misogynous, 0 = not misogynous. Output only the digit."
15498.jpg,1,1,1,Is this image and text combination offensive towards women? Answer 1 (Offensive) or 0 (Safe).
15498.jpg,1,1,1,Look at the meme. Is it sexist? Answer only 1 or 0.
15729.jpg,0,0,0,Analyze both the image and the text. Is this meme misogynistic? Reply with 1 for yes or 0 for no.
15729.jpg,0,0,0,Does this content promote hate or sexism against women? Answer 1 or 0.
15729.jpg,0,0,0,"Classify this meme: 1 = misogynous, 0 = not misogynous. Output only the digit."
15729.jpg,0,0,0,Is this image and text combination offensive towards women? Answer 1 (Offensive) or 0 (Safe).
15729.jpg,0,0,0,Look at the meme. Is it sexist? Answer only 1 or 0.
15484.jpg,0,0,0,Analyze both the image and the text. Is this meme misogynistic? Reply with 1 for yes or 0 for no.
15484.jpg,0,0,0,Does this content promote hate or sexism against women? Answer 1 or 0.
15484.jpg,0,0,0,"Classify this meme: 1 = misogynous, 0 = not misogynous. Output only the digit."
15484.jpg,0,0,0,Is this image and text combination offensive towards women? Answer 1 (Offensive) or 0 (Safe).
15484.jpg,0,0,0,Look at the meme. Is it sexist? Answer only 1 or 0.
15511.jpg,0,0,0,Analyze both the image and the text. Is this meme misogynistic? Reply with 1 for yes or 0 for no.
15511.jpg,0,0,0,Does this content promote hate or sexism against women? Answer 1 or 0.
15511.jpg,0,0,0,"Classify this meme: 1 = misogynous, 0 = not misogynous. Output only the digit."
15511.jpg,0,0,0,Is this image and text combination offensive towards women? Answer 1 (Offensive) or 0 (Safe).
15511.jpg,0,0,0,Look at the meme. Is it sexist? Answer only 1 or 0.
15001.jpg,0,0,0,Analyze both the image and the text. Is this meme misogynistic? Reply with 1 for yes or 0 for no.
15001.jpg,0,0,0,Does this content promote hate or sexism against women? Answer 1 or 0.
15001.jpg,0,0,0,"Classify this meme: 1 = misogynous, 0 = not misogynous. Output only the digit."
15001.jpg,0,0,0,Is this image and text combination offensive towards women? Answer 1 (Offensive) or 0 (Safe).
15001.jpg,0,0,0,Look at the meme. Is it sexist? Answer only 1 or 0.
16002.jpg,1,0,0,Analyze both the image and the text. Is this meme misogynistic? Reply with 1 for yes or 0 for no.
16002.jpg,1,0,0,Does this content promote hate or sexism against women? Answer 1 or 0.
16002.jpg,1,0,0,"Classify this meme: 1 = misogynous, 0 = not misogynous. Output only the digit."
16002.jpg,1,0,0,Is this image and text combination offensive towards women? Answer 1 (Offensive) or 0 (Safe).
16002.jpg,1,0,0,Look at the meme. Is it sexist? Answer only 1 or 0.
16157.jpg,0,1,1,Analyze both the image and the text. Is this meme misogynistic? Reply with 1 for yes or 0 for no.
16157.jpg,0,0,0,Does this content promote hate or sexism against women? Answer 1 or 0.
16157.jpg,0,0,0,"Classify this meme: 1 = misogynous, 0 = not misogynous. Output only the digit."
16157.jpg,0,0,0,Is this image and text combination offensive towards women? Answer 1 (Offensive) or 0 (Safe).
16157.jpg,0,0,0,Look at the meme. Is it sexist? Answer only 1 or 0.
15467.jpg,1,1,1,Analyze both the image and the text. Is this meme misogynistic? Reply with 1 for yes or 0 for no.
15467.jpg,1,0,0,Does this content promote hate or sexism against women? Answer 1 or 0.
15467.jpg,1,0,0,"Classify this meme: 1 = misogynous, 0 = not misogynous. Output only the digit."
15467.jpg,1,0,0,Is this image and text combination offensive towards women? Answer 1 (Offensive) or 0 (Safe).
15467.jpg,1,0,0,Look at the meme. Is it sexist? Answer only 1 or 0.
15105.jpg,0,0,0,Analyze both the image and the text. Is this meme misogynistic? Reply with 1 for yes or 0 for no.
15105.jpg,0,0,0,Does this content promote hate or sexism against women? Answer 1 or 0.
15105.jpg,0,0,0,"Classify this meme: 1 = misogynous, 0 = not misogynous. Output only the digit."
15105.jpg,0,0,0,Is this image and text combination offensive towards women? Answer 1 (Offensive) or 0 (Safe).
15105.jpg,0,0,0,Look at the meme. Is it sexist? Answer only 1 or 0.
15919.jpg,1,1,1,Analyze both the image and the text. Is this meme misogynistic? Reply with 1 for yes or 0 for no.
15919.jpg,1,1,1,Does this content promote hate or sexism against women? Answer 1 or 0.
15919.jpg,1,1,1,"Classify this meme: 1 = misogynous, 0 = not misogynous. Output only the digit."
15919.jpg,1,1,1,Is this image and text combination offensive towards women? Answer 1 (Offensive) or 0 (Safe).
15919.jpg,1,1,1,Look at the meme. Is it sexist? Answer only 1 or 0.
16133.jpg,1,0,0,Analyze both the image and the text. Is this meme misogynistic? Reply with 1 for yes or 0 for no.
16133.jpg,1,0,0,Does this content promote hate or sexism against women? Answer 1 or 0.
16133.jpg,1,0,0,"Classify this meme: 1 = misogynous, 0 = not misogynous. Output only the digit."
16133.jpg,1,0,0,Is this image and text combination offensive towards women? Answer 1 (Offensive) or 0 (Safe).
16133.jpg,1,1,1,Look at the meme. Is it sexist? Answer only 1 or 0.
15661.jpg,0,1,1,Analyze both the image and the text. Is this meme misogynistic? Reply with 1 for yes or 0 for no.
15661.jpg,0,0,0,Does this content promote hate or sexism against women? Answer 1 or 0.
15661.jpg,0,1,1,"Classify this meme: 1 = misogynous, 0 = not misogynous. Output only the digit."
15661.jpg,0,0,0,Is this image and text combination offensive towards women? Answer 1 (Offensive) or 0 (Safe).
15661.jpg,0,1,1,Look at the meme. Is it sexist? Answer only 1 or 0.
16271.jpg,1,0,0,Analyze both the image and the text. Is this meme misogynistic? Reply with 1 for yes or 0 for no.
16271.jpg,1,0,0,Does this content promote hate or sexism against women? Answer 1 or 0.
16271.jpg,1,1,1,"Classify this meme: 1 = misogynous, 0 = not misogynous. Output only the digit."
16271.jpg,1,0,0,Is this image and text combination offensive towards women? Answer 1 (Offensive) or 0 (Safe).
16271.jpg,1,0,0,Look at the meme. Is it sexist? Answer only 1 or 0.
16044.jpg,0,1,1,Analyze both the image and the text. Is this meme misogynistic? Reply with 1 for yes or 0 for no.
16044.jpg,0,1,1,Does this content promote hate or sexism against women? Answer 1 or 0.
16044.jpg,0,1,1,"Classify this meme: 1 = misogynous, 0 = not misogynous. Output only the digit."
16044.jpg,0,1,1,Is this image and text combination offensive towards women? Answer 1 (Offensive) or 0 (Safe).
16044.jpg,0,1,1,Look at the meme. Is it sexist? Answer only 1 or 0.
15717.jpg,1,0,0,Analyze both the image and the text. Is this meme misogynistic? Reply with 1 for yes or 0 for no.
15717.jpg,1,0,0,Does this content promote hate or sexism against women? Answer 1 or 0.
15717.jpg,1,0,0,"Classify this meme: 1 = misogynous, 0 = not misogynous. Output only the digit."
15717.jpg,1,0,0,Is this image and text combination offensive towards women? Answer 1 (Offensive) or 0 (Safe).
15717.jpg,1,0,0,Look at the meme. Is it sexist? Answer only 1 or 0.
15050.jpg,1,1,1,Analyze both the image and the text. Is this meme misogynistic? Reply with 1 for yes or 0 for no.
15050.jpg,1,1,1,Does this content promote hate or sexism against women? Answer 1 or 0.
15050.jpg,1,1,1,"Classify this meme: 1 = misogynous, 0 = not misogynous. Output only the digit."
15050.jpg,1,1,1,Is this image and text combination offensive towards women? Answer 1 (Offensive) or 0 (Safe).
15050.jpg,1,1,1,Look at the meme. Is it sexist? Answer only 1 or 0.
16179.jpg,1,0,0,Analyze both the image and the text. Is this meme misogynistic? Reply with 1 for yes or 0 for no.
16179.jpg,1,0,0,Does this content promote hate or sexism against women? Answer 1 or 0.
16179.jpg,1,0,0,"Classify this meme: 1 = misogynous, 0 = not misogynous. Output only the digit."
16179.jpg,1,0,0,Is this image and text combination offensive towards women? Answer 1 (Offensive) or 0 (Safe).
16179.jpg,1,0,0,Look at the meme. Is it sexist? Answer only 1 or 0.
15633.jpg,0,0,0,Analyze both the image and the text. Is this meme misogynistic? Reply with 1 for yes or 0 for no.
15633.jpg,0,0,0,Does this content promote hate or sexism against women? Answer 1 or 0.
15633.jpg,0,0,0,"Classify this meme: 1 = misogynous, 0 = not misogynous. Output only the digit."
15633.jpg,0,0,0 (Safe).,Is this image and text combination offensive towards women? Answer 1 (Offensive) or 0 (Safe).
15633.jpg,0,0,0,Look at the meme. Is it sexist? Answer only 1 or 0.
15202.jpg,1,1,1,Analyze both the image and the text. Is this meme misogynistic? Reply with 1 for yes or 0 for no.
15202.jpg,1,0,0,Does this content promote hate or sexism against women? Answer 1 or 0.
15202.jpg,1,1,1,"Classify this meme: 1 = misogynous, 0 = not misogynous. Output only the digit."
15202.jpg,1,1,1,Is this image and text combination offensive towards women? Answer 1 (Offensive) or 0 (Safe).
15202.jpg,1,1,1,Look at the meme. Is it sexist? Answer only 1 or 0.
15121.jpg,1,1,1,Analyze both the image and the text. Is this meme misogynistic? Reply with 1 for yes or 0 for no.
15121.jpg,1,1,1,Does this content promote hate or sexism against women? Answer 1 or 0.
15121.jpg,1,1,1,"Classify this meme: 1 = misogynous, 0 = not misogynous. Output only the digit."
15121.jpg,1,1,Yes.,Is this image and text combination offensive towards women? Answer 1 (Offensive) or 0 (Safe).
15121.jpg,1,1,1,Look at the meme. Is it sexist? Answer only 1 or 0.
16035.jpg,1,0,0,Analyze both the image and the text. Is this meme misogynistic? Reply with 1 for yes or 0 for no.
16035.jpg,1,0,0,Does this content promote hate or sexism against women? Answer 1 or 0.
16035.jpg,1,0,0,"Classify this meme: 1 = misogynous, 0 = not misogynous. Output only the digit."
16035.jpg,1,0,0,Is this image and text combination offensive towards women? Answer 1 (Offensive) or 0 (Safe).
16035.jpg,1,0,0,Look at the meme. Is it sexist? Answer only 1 or 0.
15247.jpg,1,0,0,Analyze both the image and the text. Is this meme misogynistic? Reply with 1 for yes or 0 for no.
15247.jpg,1,0,0,Does this content promote hate or sexism against women? Answer 1 or 0.
15247.jpg,1,0,0,"Classify this meme: 1 = misogynous, 0 = not misogynous. Output only the digit."
15247.jpg,1,0,0,Is this image and text combination offensive towards women? Answer 1 (Offensive) or 0 (Safe).
15247.jpg,1,0,0,Look at the meme. Is it sexist? Answer only 1 or 0.
16159.jpg,0,0,0,Analyze both the image and the text. Is this meme misogynistic? Reply with 1 for yes or 0 for no.
16159.jpg,0,0,0,Does this content promote hate or sexism against women? Answer 1 or 0.
16159.jpg,0,0,0,"Classify this meme: 1 = misogynous, 0 = not misogynous. Output only the digit."
16159.jpg,0,0,0,Is this image and text combination offensive towards women? Answer 1 (Offensive) or 0 (Safe).
16159.jpg,0,0,0,Look at the meme. Is it sexist? Answer only 1 or 0.
15698.jpg,0,0,0,Analyze both the image and the text. Is this meme misogynistic? Reply with 1 for yes or 0 for no.
15698.jpg,0,0,0,Does this content promote hate or sexism against women? Answer 1 or 0.
15698.jpg,0,0,0,"Classify this meme: 1 = misogynous, 0 = not misogynous. Output only the digit."
15698.jpg,0,0,0 (Safe).,Is this image and text combination offensive towards women? Answer 1 (Offensive) or 0 (Safe).
15698.jpg,0,0,0,Look at the meme. Is it sexist? Answer only 1 or 0.
15143.jpg,1,1,1,Analyze both the image and the text. Is this meme misogynistic? Reply with 1 for yes or 0 for no.
15143.jpg,1,1,1,Does this content promote hate or sexism against women? Answer 1 or 0.
15143.jpg,1,1,1,"Classify this meme: 1 = misogynous, 0 = not misogynous. Output only the digit."
15143.jpg,1,1,1,Is this image and text combination offensive towards women? Answer 1 (Offensive) or 0 (Safe).
15143.jpg,1,1,1,Look at the meme. Is it sexist? Answer only 1 or 0.
16132.jpg,1,0,0,Analyze both the image and the text. Is this meme misogynistic? Reply with 1 for yes or 0 for no.
16132.jpg,1,0,0,Does this content promote hate or sexism against women? Answer 1 or 0.
16132.jpg,1,0,0,"Classify this meme: 1 = misogynous, 0 = not misogynous. Output only the digit."
16132.jpg,1,0,0,Is this image and text combination offensive towards women? Answer 1 (Offensive) or 0 (Safe).
16132.jpg,1,0,0,Look at the meme. Is it sexist? Answer only 1 or 0.
17039.jpg,1,0,0,Analyze both the image and the text. Is this meme misogynistic? Reply with 1 for yes or 0 for no.
17039.jpg,1,0,0,Does this content promote hate or sexism against women? Answer 1 or 0.
17039.jpg,1,0,0,"Classify this meme: 1 = misogynous, 0 = not misogynous. Output only the digit."
17039.jpg,1,0,0,Is this image and text combination offensive towards women? Answer 1 (Offensive) or 0 (Safe).
17039.jpg,1,0,0,Look at the meme. Is it sexist? Answer only 1 or 0.
15714.jpg,1,1,1,Analyze both the image and the text. Is this meme misogynistic? Reply with 1 for yes or 0 for no.
15714.jpg,1,1,1,Does this content promote hate or sexism against women? Answer 1 or 0.
15714.jpg,1,1,1,"Classify this meme: 1 = misogynous, 0 = not misogynous. Output only the digit."
15714.jpg,1,1,1,Is this image and text combination offensive towards women? Answer 1 (Offensive) or 0 (Safe).
15714.jpg,1,1,1,Look at the meme. Is it sexist? Answer only 1 or 0.
15213.jpg,1,0,0,Analyze both the image and the text. Is this meme misogynistic? Reply with 1 for yes or 0 for no.
15213.jpg,1,0,0,Does this content promote hate or sexism against women? Answer 1 or 0.
15213.jpg,1,0,0,"Classify this meme: 1 = misogynous, 0 = not misogynous. Output only the digit."
15213.jpg,1,0,0,Is this image and text combination offensive towards women? Answer 1 (Offensive) or 0 (Safe).
15213.jpg,1,0,0,Look at the meme. Is it sexist? Answer only 1 or 0.
15171.jpg,0,0,0,Analyze both the image and the text. Is this meme misogynistic? Reply with 1 for yes or 0 for no.
15171.jpg,0,0,0,Does this content promote hate or sexism against women? Answer 1 or 0.
15171.jpg,0,0,0,"Classify this meme: 1 = misogynous, 0 = not misogynous. Output only the digit."
15171.jpg,0,0,0 (Safe).,Is this image and text combination offensive towards women? Answer 1 (Offensive) or 0 (Safe).
15171.jpg,0,0,0,Look at the meme. Is it sexist? Answer only 1 or 0.
15081.jpg,0,1,1,Analyze both the image and the text. Is this meme misogynistic? Reply with 1 for yes or 0 for no.
15081.jpg,0,1,1,Does this content promote hate or sexism against women? Answer 1 or 0.
15081.jpg,0,1,1,"Classify this meme: 1 = misogynous, 0 = not misogynous. Output only the digit."
15081.jpg,0,0,0,Is this image and text combination offensive towards women? Answer 1 (Offensive) or 0 (Safe).
15081.jpg,0,1,1,Look at the meme. Is it sexist? Answer only 1 or 0.
15423.jpg,1,1,1,Analyze both the image and the text. Is this meme misogynistic? Reply with 1 for yes or 0 for no.
15423.jpg,1,1,1,Does this content promote hate or sexism against women? Answer 1 or 0.
15423.jpg,1,1,1,"Classify this meme: 1 = misogynous, 0 = not misogynous. Output only the digit."
15423.jpg,1,0,0,Is this image and text combination offensive towards women? Answer 1 (Offensive) or 0 (Safe).
15423.jpg,1,1,1,Look at the meme. Is it sexist? Answer only 1 or 0.
15776.jpg,0,0,0,Analyze both the image and the text. Is this meme misogynistic? Reply with 1 for yes or 0 for no.
15776.jpg,0,0,0,Does this content promote hate or sexism against women? Answer 1 or 0.
15776.jpg,0,0,0,"Classify this meme: 1 = misogynous, 0 = not misogynous. Output only the digit."
15776.jpg,0,0,0,Is this image and text combination offensive towards women? Answer 1 (Offensive) or 0 (Safe).
15776.jpg,0,0,0,Look at the meme. Is it sexist? Answer only 1 or 0.
15017.jpg,1,0,0,Analyze both the image and the text. Is this meme misogynistic? Reply with 1 for yes or 0 for no.
15017.jpg,1,0,0,Does this content promote hate or sexism against women? Answer 1 or 0.
15017.jpg,1,0,0,"Classify this meme: 1 = misogynous, 0 = not misogynous. Output only the digit."
15017.jpg,1,0,0,Is this image and text combination offensive towards women? Answer 1 (Offensive) or 0 (Safe).
15017.jpg,1,0,0,Look at the meme. Is it sexist? Answer only 1 or 0.
15974.jpg,1,1,1,Analyze both the image and the text. Is this meme misogynistic? Reply with 1 for yes or 0 for no.
15974.jpg,1,1,1,Does this content promote hate or sexism against women? Answer 1 or 0.
15974.jpg,1,1,1,"Classify this meme: 1 = misogynous, 0 = not misogynous. Output only the digit."
15974.jpg,1,0,0,Is this image and text combination offensive towards women? Answer 1 (Offensive) or 0 (Safe).
15974.jpg,1,1,1,Look at the meme. Is it sexist? Answer only 1 or 0.
16084.jpg,0,1,1,Analyze both the image and the text. Is this meme misogynistic? Reply with 1 for yes or 0 for no.
16084.jpg,0,0,0,Does this content promote hate or sexism against women? Answer 1 or 0.
16084.jpg,0,0,0,"Classify this meme: 1 = misogynous, 0 = not misogynous. Output only the digit."
16084.jpg,0,0,0,Is this image and text combination offensive towards women? Answer 1 (Offensive) or 0 (Safe).
16084.jpg,0,1,1,Look at the meme. Is it sexist? Answer only 1 or 0.
15089.jpg,1,0,0,Analyze both the image and the text. Is this meme misogynistic? Reply with 1 for yes or 0 for no.
15089.jpg,1,0,0,Does this content promote hate or sexism against women? Answer 1 or 0.
15089.jpg,1,0,0,"Classify this meme: 1 = misogynous, 0 = not misogynous. Output only the digit."
15089.jpg,1,0,0,Is this image and text combination offensive towards women? Answer 1 (Offensive) or 0 (Safe).
15089.jpg,1,0,0,Look at the meme. Is it sexist? Answer only 1 or 0.
15792.jpg,1,0,0,Analyze both the image and the text. Is this meme misogynistic? Reply with 1 for yes or 0 for no.
15792.jpg,1,0,0,Does this content promote hate or sexism against women? Answer 1 or 0.
15792.jpg,1,1,1,"Classify this meme: 1 = misogynous, 0 = not misogynous. Output only the digit."
15792.jpg,1,0,0,Is this image and text combination offensive towards women? Answer 1 (Offensive) or 0 (Safe).
15792.jpg,1,0,0,Look at the meme. Is it sexist? Answer only 1 or 0.
16118.jpg,1,1,1,Analyze both the image and the text. Is this meme misogynistic? Reply with 1 for yes or 0 for no.
16118.jpg,1,0,0,Does this content promote hate or sexism against women? Answer 1 or 0.
16118.jpg,1,1,1,"Classify this meme: 1 = misogynous, 0 = not misogynous. Output only the digit."
16118.jpg,1,0,0,Is this image and text combination offensive towards women? Answer 1 (Offensive) or 0 (Safe).
16118.jpg,1,1,1,Look at the meme. Is it sexist? Answer only 1 or 0.
15699.jpg,0,0,0,Analyze both the image and the text. Is this meme misogynistic? Reply with 1 for yes or 0 for no.
15699.jpg,0,0,0,Does this content promote hate or sexism against women? Answer 1 or 0.
15699.jpg,0,0,0,"Classify this meme: 1 = misogynous, 0 = not misogynous. Output only the digit."
15699.jpg,0,0,0,Is this image and text combination offensive towards women? Answer 1 (Offensive) or 0 (Safe).
15699.jpg,0,0,0,Look at the meme. Is it sexist? Answer only 1 or 0.
15866.jpg,1,1,1,Analyze both the image and the text. Is this meme misogynistic? Reply with 1 for yes or 0 for no.
15866.jpg,1,1,1,Does this content promote hate or sexism against women? Answer 1 or 0.
15866.jpg,1,1,1,"Classify this meme: 1 = misogynous, 0 = not misogynous. Output only the digit."
15866.jpg,1,1,1,Is this image and text combination offensive towards women? Answer 1 (Offensive) or 0 (Safe).
15866.jpg,1,1,1,Look at the meme. Is it sexist? Answer only 1 or 0.
15582.jpg,0,0,0,Analyze both the image and the text. Is this meme misogynistic? Reply with 1 for yes or 0 for no.
15582.jpg,0,0,0,Does this content promote hate or sexism against women? Answer 1 or 0.
15582.jpg,0,0,0,"Classify this meme: 1 = misogynous, 0 = not misogynous. Output only the digit."
15582.jpg,0,0,0 (Safe).,Is this image and text combination offensive towards women? Answer 1 (Offensive) or 0 (Safe).
15582.jpg,0,0,0,Look at the meme. Is it sexist? Answer only 1 or 0.
16034.jpg,1,1,1,Analyze both the image and the text. Is this meme misogynistic? Reply with 1 for yes or 0 for no.
16034.jpg,1,1,1,Does this content promote hate or sexism against women? Answer 1 or 0.
16034.jpg,1,1,1,"Classify this meme: 1 = misogynous, 0 = not misogynous. Output only the digit."
16034.jpg,1,1,1,Is this image and text combination offensive towards women? Answer 1 (Offensive) or 0 (Safe).
16034.jpg,1,1,1,Look at the meme. Is it sexist? Answer only 1 or 0.
15025.jpg,0,0,0,Analyze both the image and the text. Is this meme misogynistic? Reply with 1 for yes or 0 for no.
15025.jpg,0,0,0,Does this content promote hate or sexism against women? Answer 1 or 0.
15025.jpg,0,0,0,"Classify this meme: 1 = misogynous, 0 = not misogynous. Output only the digit."
15025.jpg,0,0,0,Is this image and text combination offensive towards women? Answer 1 (Offensive) or 0 (Safe).
15025.jpg,0,0,0,Look at the meme. Is it sexist? Answer only 1 or 0.
15631.jpg,1,1,1,Analyze both the image and the text. Is this meme misogynistic? Reply with 1 for yes or 0 for no.
15631.jpg,1,1,1,Does this content promote hate or sexism against women? Answer 1 or 0.
15631.jpg,1,1,1,"Classify this meme: 1 = misogynous, 0 = not misogynous. Output only the digit."
15631.jpg,1,1,1,Is this image and text combination offensive towards women? Answer 1 (Offensive) or 0 (Safe).
15631.jpg,1,1,1,Look at the meme. Is it sexist? Answer only 1 or 0.
15887.jpg,0,0,0,Analyze both the image and the text. Is this meme misogynistic? Reply with 1 for yes or 0 for no.
15887.jpg,0,0,0,Does this content promote hate or sexism against women? Answer 1 or 0.
15887.jpg,0,0,0,"Classify this meme: 1 = misogynous, 0 = not misogynous. Output only the digit."
15887.jpg,0,0,0,Is this image and text combination offensive towards women? Answer 1 (Offensive) or 0 (Safe).
15887.jpg,0,0,0,Look at the meme. Is it sexist? Answer only 1 or 0.
17021.jpg,1,1,1,Analyze both the image and the text. Is this meme misogynistic? Reply with 1 for yes or 0 for no.
17021.jpg,1,1,1,Does this content promote hate or sexism against women? Answer 1 or 0.
17021.jpg,1,1,1,"Classify this meme: 1 = misogynous, 0 = not misogynous. Output only the digit."
17021.jpg,1,0,0,Is this image and text combination offensive towards women? Answer 1 (Offensive) or 0 (Safe).
17021.jpg,1,1,1,Look at the meme. Is it sexist? Answer only 1 or 0.
15317.jpg,1,0,0,Analyze both the image and the text. Is this meme misogynistic? Reply with 1 for yes or 0 for no.
15317.jpg,1,0,0,Does this content promote hate or sexism against women? Answer 1 or 0.
15317.jpg,1,0,0,"Classify this meme: 1 = misogynous, 0 = not misogynous. Output only the digit."
15317.jpg,1,0,0,Is this image and text combination offensive towards women? Answer 1 (Offensive) or 0 (Safe).
15317.jpg,1,1,1,Look at the meme. Is it sexist? Answer only 1 or 0.
15913.jpg,1,0,0,Analyze both the image and the text. Is this meme misogynistic? Reply with 1 for yes or 0 for no.
15913.jpg,1,0,0,Does this content promote hate or sexism against women? Answer 1 or 0.
15913.jpg,1,0,0,"Classify this meme: 1 = misogynous, 0 = not misogynous. Output only the digit."
15913.jpg,1,0,0 (Safe).,Is this image and text combination offensive towards women? Answer 1 (Offensive) or 0 (Safe).
15913.jpg,1,0,0,Look at the meme. Is it sexist? Answer only 1 or 0.
15390.jpg,0,1,1,Analyze both the image and the text. Is this meme misogynistic? Reply with 1 for yes or 0 for no.
15390.jpg,0,0,0,Does this content promote hate or sexism against women? Answer 1 or 0.
15390.jpg,0,1,1,"Classify this meme: 1 = misogynous, 0 = not misogynous. Output only the digit."
15390.jpg,0,0,0,Is this image and text combination offensive towards women? Answer 1 (Offensive) or 0 (Safe).
15390.jpg,0,1,1,Look at the meme. Is it sexist? Answer only 1 or 0.
15196.jpg,0,1,1,Analyze both the image and the text. Is this meme misogynistic? Reply with 1 for yes or 0 for no.
15196.jpg,0,1,1,Does this content promote hate or sexism against women? Answer 1 or 0.
15196.jpg,0,1,1,"Classify this meme: 1 = misogynous, 0 = not misogynous. Output only the digit."
15196.jpg,0,1,1,Is this image and text combination offensive towards women? Answer 1 (Offensive) or 0 (Safe).
15196.jpg,0,1,1,Look at the meme. Is it sexist? Answer only 1 or 0.
17048.jpg,1,0,0,Analyze both the image and the text. Is this meme misogynistic? Reply with 1 for yes or 0 for no.
17048.jpg,1,0,0,Does this content promote hate or sexism against women? Answer 1 or 0.
17048.jpg,1,0,0,"Classify this meme: 1 = misogynous, 0 = not misogynous. Output only the digit."
17048.jpg,1,0,0,Is this image and text combination offensive towards women? Answer 1 (Offensive) or 0 (Safe).
17048.jpg,1,0,0,Look at the meme. Is it sexist? Answer only 1 or 0.
16308.jpg,1,1,1,Analyze both the image and the text. Is this meme misogynistic? Reply with 1 for yes or 0 for no.
16308.jpg,1,1,1,Does this content promote hate or sexism against women? Answer 1 or 0.
16308.jpg,1,1,1,"Classify this meme: 1 = misogynous, 0 = not misogynous. Output only the digit."
16308.jpg,1,1,1,Is this image and text combination offensive towards women? Answer 1 (Offensive) or 0 (Safe).
16308.jpg,1,1,1,Look at the meme. Is it sexist? Answer only 1 or 0.
15432.jpg,1,1,1,Analyze both the image and the text. Is this meme misogynistic? Reply with 1 for yes or 0 for no.
15432.jpg,1,1,1,Does this content promote hate or sexism against women? Answer 1 or 0.
15432.jpg,1,1,1,"Classify this meme: 1 = misogynous, 0 = not misogynous. Output only the digit."
15432.jpg,1,0,0,Is this image and text combination offensive towards women? Answer 1 (Offensive) or 0 (Safe).
15432.jpg,1,1,1,Look at the meme. Is it sexist? Answer only 1 or 0.
15305.jpg,1,1,1,Analyze both the image and the text. Is this meme misogynistic? Reply with 1 for yes or 0 for no.
15305.jpg,1,1,1,Does this content promote hate or sexism against women? Answer 1 or 0.
15305.jpg,1,1,1,"Classify this meme: 1 = misogynous, 0 = not misogynous. Output only the digit."
15305.jpg,1,0,0,Is this image and text combination offensive towards women? Answer 1 (Offensive) or 0 (Safe).
15305.jpg,1,1,1,Look at the meme. Is it sexist? Answer only 1 or 0.
15324.jpg,0,0,0,Analyze both the image and the text. Is this meme misogynistic? Reply with 1 for yes or 0 for no.
15324.jpg,0,0,0,Does this content promote hate or sexism against women? Answer 1 or 0.
15324.jpg,0,0,0,"Classify this meme: 1 = misogynous, 0 = not misogynous. Output only the digit."
15324.jpg,0,0,0,Is this image and text combination offensive towards women? Answer 1 (Offensive) or 0 (Safe).
15324.jpg,0,0,0,Look at the meme. Is it sexist? Answer only 1 or 0.
15180.jpg,1,0,0,Analyze both the image and the text. Is this meme misogynistic? Reply with 1 for yes or 0 for no.
15180.jpg,1,0,0,Does this content promote hate or sexism against women? Answer 1 or 0.
15180.jpg,1,0,0,"Classify this meme: 1 = misogynous, 0 = not misogynous. Output only the digit."
15180.jpg,1,0,0,Is this image and text combination offensive towards women? Answer 1 (Offensive) or 0 (Safe).
15180.jpg,1,0,0,Look at the meme. Is it sexist? Answer only 1 or 0.
16061.jpg,0,0,0,Analyze both the image and the text. Is this meme misogynistic? Reply with 1 for yes or 0 for no.
16061.jpg,0,0,0,Does this content promote hate or sexism against women? Answer 1 or 0.
16061.jpg,0,0,0,"Classify this meme: 1 = misogynous, 0 = not misogynous. Output only the digit."
16061.jpg,0,0,0,Is this image and text combination offensive towards women? Answer 1 (Offensive) or 0 (Safe).
16061.jpg,0,0,0,Look at the meme. Is it sexist? Answer only 1 or 0.
15956.jpg,1,0,0,Analyze both the image and the text. Is this meme misogynistic? Reply with 1 for yes or 0 for no.
15956.jpg,1,1,1,Does this content promote hate or sexism against women? Answer 1 or 0.
15956.jpg,1,0,0,"Classify this meme: 1 = misogynous, 0 = not misogynous. Output only the digit."
15956.jpg,1,0,0,Is this image and text combination offensive towards women? Answer 1 (Offensive) or 0 (Safe).
15956.jpg,1,1,1,Look at the meme. Is it sexist? Answer only 1 or 0.
16329.jpg,1,0,0,Analyze both the image and the text. Is this meme misogynistic? Reply with 1 for yes or 0 for no.
16329.jpg,1,0,0,Does this content promote hate or sexism against women? Answer 1 or 0.
16329.jpg,1,1,1,"Classify this meme: 1 = misogynous, 0 = not misogynous. Output only the digit."
16329.jpg,1,0,0,Is this image and text combination offensive towards women? Answer 1 (Offensive) or 0 (Safe).
16329.jpg,1,1,1,Look at the meme. Is it sexist? Answer only 1 or 0.
15803.jpg,0,1,1,Analyze both the image and the text. Is this meme misogynistic? Reply with 1 for yes or 0 for no.
15803.jpg,0,1,1,Does this content promote hate or sexism against women? Answer 1 or 0.
15803.jpg,0,0,0,"Classify this meme: 1 = misogynous, 0 = not misogynous. Output only the digit."
15803.jpg,0,1,1,Is this image and text combination offensive towards women? Answer 1 (Offensive) or 0 (Safe).
15803.jpg,0,1,1,Look at the meme. Is it sexist? Answer only 1 or 0.
15257.jpg,1,1,1,Analyze both the image and the text. Is this meme misogynistic? Reply with 1 for yes or 0 for no.
15257.jpg,1,1,1,Does this content promote hate or sexism against women? Answer 1 or 0.
15257.jpg,1,1,1,"Classify this meme: 1 = misogynous, 0 = not misogynous. Output only the digit."
15257.jpg,1,1,1,Is this image and text combination offensive towards women? Answer 1 (Offensive) or 0 (Safe).
15257.jpg,1,1,1,Look at the meme. Is it sexist? Answer only 1 or 0.
15880.jpg,0,0,0,Analyze both the image and the text. Is this meme misogynistic? Reply with 1 for yes or 0 for no.
15880.jpg,0,0,0,Does this content promote hate or sexism against women? Answer 1 or 0.
15880.jpg,0,0,0,"Classify this meme: 1 = misogynous, 0 = not misogynous. Output only the digit."
15880.jpg,0,0,0,Is this image and text combination offensive towards women? Answer 1 (Offensive) or 0 (Safe).
15880.jpg,0,0,0,Look at the meme. Is it sexist? Answer only 1 or 0.
15133.jpg,1,1,1,Analyze both the image and the text. Is this meme misogynistic? Reply with 1 for yes or 0 for no.
15133.jpg,1,1,1,Does this content promote hate or sexism against women? Answer 1 or 0.
15133.jpg,1,1,1,"Classify this meme: 1 = misogynous, 0 = not misogynous. Output only the digit."
15133.jpg,1,1,Yes.,Is this image and text combination offensive towards women? Answer 1 (Offensive) or 0 (Safe).
15133.jpg,1,1,1,Look at the meme. Is it sexist? Answer only 1 or 0.
15536.jpg,0,0,0,Analyze both the image and the text. Is this meme misogynistic? Reply with 1 for yes or 0 for no.
15536.jpg,0,0,0,Does this content promote hate or sexism against women? Answer 1 or 0.
15536.jpg,0,0,0,"Classify this meme: 1 = misogynous, 0 = not misogynous. Output only the digit."
15536.jpg,0,0,0 (Safe).,Is this image and text combination offensive towards women? Answer 1 (Offensive) or 0 (Safe).
15536.jpg,0,0,0,Look at the meme. Is it sexist? Answer only 1 or 0.
15671.jpg,1,1,1,Analyze both the image and the text. Is this meme misogynistic? Reply with 1 for yes or 0 for no.
15671.jpg,1,1,1,Does this content promote hate or sexism against women? Answer 1 or 0.
15671.jpg,1,1,1,"Classify this meme: 1 = misogynous, 0 = not misogynous. Output only the digit."
15671.jpg,1,1,1,Is this image and text combination offensive towards women? Answer 1 (Offensive) or 0 (Safe).
15671.jpg,1,1,1,Look at the meme. Is it sexist? Answer only 1 or 0.
15380.jpg,0,0,0,Analyze both the image and the text. Is this meme misogynistic? Reply with 1 for yes or 0 for no.
15380.jpg,0,0,0,Does this content promote hate or sexism against women? Answer 1 or 0.
15380.jpg,0,0,0,"Classify this meme: 1 = misogynous, 0 = not misogynous. Output only the digit."
15380.jpg,0,0,0 (Safe).,Is this image and text combination offensive towards women? Answer 1 (Offensive) or 0 (Safe).
15380.jpg,0,0,0,Look at the meme. Is it sexist? Answer only 1 or 0.
15088.jpg,1,1,1,Analyze both the image and the text. Is this meme misogynistic? Reply with 1 for yes or 0 for no.
15088.jpg,1,1,1,Does this content promote hate or sexism against women? Answer 1 or 0.
15088.jpg,1,1,1,"Classify this meme: 1 = misogynous, 0 = not misogynous. Output only the digit."
15088.jpg,1,1,1,Is this image and text combination offensive towards women? Answer 1 (Offensive) or 0 (Safe).
15088.jpg,1,1,1,Look at the meme. Is it sexist? Answer only 1 or 0.
15106.jpg,0,0,0,Analyze both the image and the text. Is this meme misogynistic? Reply with 1 for yes or 0 for no.
15106.jpg,0,0,0,Does this content promote hate or sexism against women? Answer 1 or 0.
15106.jpg,0,0,0,"Classify this meme: 1 = misogynous, 0 = not misogynous. Output only the digit."
15106.jpg,0,0,0,Is this image and text combination offensive towards women? Answer 1 (Offensive) or 0 (Safe).
15106.jpg,0,0,0,Look at the meme. Is it sexist? Answer only 1 or 0.
15636.jpg,0,1,1,Analyze both the image and the text. Is this meme misogynistic? Reply with 1 for yes or 0 for no.
15636.jpg,0,0,0,Does this content promote hate or sexism against women? Answer 1 or 0.
15636.jpg,0,0,0,"Classify this meme: 1 = misogynous, 0 = not misogynous. Output only the digit."
15636.jpg,0,0,0,Is this image and text combination offensive towards women? Answer 1 (Offensive) or 0 (Safe).
15636.jpg,0,1,1,Look at the meme. Is it sexist? Answer only 1 or 0.
17063.jpg,1,0,0,Analyze both the image and the text. Is this meme misogynistic? Reply with 1 for yes or 0 for no.
17063.jpg,1,0,0,Does this content promote hate or sexism against women? Answer 1 or 0.
17063.jpg,1,0,0,"Classify this meme: 1 = misogynous, 0 = not misogynous. Output only the digit."
17063.jpg,1,0,0,Is this image and text combination offensive towards women? Answer 1 (Offensive) or 0 (Safe).
17063.jpg,1,0,0,Look at the meme. Is it sexist? Answer only 1 or 0.
15972.jpg,1,0,0,Analyze both the image and the text. Is this meme misogynistic? Reply with 1 for yes or 0 for no.
15972.jpg,1,0,0,Does this content promote hate or sexism against women? Answer 1 or 0.
15972.jpg,1,0,0,"Classify this meme: 1 = misogynous, 0 = not misogynous. Output only the digit."
15972.jpg,1,0,0,Is this image and text combination offensive towards women? Answer 1 (Offensive) or 0 (Safe).
15972.jpg,1,0,0,Look at the meme. Is it sexist? Answer only 1 or 0.
15944.jpg,1,0,0,Analyze both the image and the text. Is this meme misogynistic? Reply with 1 for yes or 0 for no.
15944.jpg,1,0,0,Does this content promote hate or sexism against women? Answer 1 or 0.
15944.jpg,1,0,0,"Classify this meme: 1 = misogynous, 0 = not misogynous. Output only the digit."
15944.jpg,1,0,0,Is this image and text combination offensive towards women? Answer 1 (Offensive) or 0 (Safe).
15944.jpg,1,0,0,Look at the meme. Is it sexist? Answer only 1 or 0.
17008.jpg,1,1,1,Analyze both the image and the text. Is this meme misogynistic? Reply with 1 for yes or 0 for no.
17008.jpg,1,1,1,Does this content promote hate or sexism against women? Answer 1 or 0.
17008.jpg,1,1,1,"Classify this meme: 1 = misogynous, 0 = not misogynous. Output only the digit."
17008.jpg,1,1,1,Is this image and text combination offensive towards women? Answer 1 (Offensive) or 0 (Safe).
17008.jpg,1,1,1,Look at the meme. Is it sexist? Answer only 1 or 0.
15750.jpg,0,0,0,Analyze both the image and the text. Is this meme misogynistic? Reply with 1 for yes or 0 for no.
15750.jpg,0,0,0,Does this content promote hate or sexism against women? Answer 1 or 0.
15750.jpg,0,0,0,"Classify this meme: 1 = misogynous, 0 = not misogynous. Output only the digit."
15750.jpg,0,0,0 (Safe).,Is this image and text combination offensive towards women? Answer 1 (Offensive) or 0 (Safe).
15750.jpg,0,0,0,Look at the meme. Is it sexist? Answer only 1 or 0.
15189.jpg,0,0,0,Analyze both the image and the text. Is this meme misogynistic? Reply with 1 for yes or 0 for no.
15189.jpg,0,0,0,Does this content promote hate or sexism against women? Answer 1 or 0.
15189.jpg,0,0,0,"Classify this meme: 1 = misogynous, 0 = not misogynous. Output only the digit."
15189.jpg,0,0,0,Is this image and text combination offensive towards women? Answer 1 (Offensive) or 0 (Safe).
15189.jpg,0,0,0,Look at the meme. Is it sexist? Answer only 1 or 0.
15062.jpg,0,0,0,Analyze both the image and the text. Is this meme misogynistic? Reply with 1 for yes or 0 for no.
15062.jpg,0,0,0,Does this content promote hate or sexism against women? Answer 1 or 0.
15062.jpg,0,0,0,"Classify this meme: 1 = misogynous, 0 = not misogynous. Output only the digit."
15062.jpg,0,0,0,Is this image and text combination offensive towards women? Answer 1 (Offensive) or 0 (Safe).
15062.jpg,0,1,1,Look at the meme. Is it sexist? Answer only 1 or 0.
15485.jpg,0,0,0,Analyze both the image and the text. Is this meme misogynistic? Reply with 1 for yes or 0 for no.
15485.jpg,0,0,0,Does this content promote hate or sexism against women? Answer 1 or 0.
15485.jpg,0,0,0,"Classify this meme: 1 = misogynous, 0 = not misogynous. Output only the digit."
15485.jpg,0,0,0,Is this image and text combination offensive towards women? Answer 1 (Offensive) or 0 (Safe).
15485.jpg,0,1,1,Look at the meme. Is it sexist? Answer only 1 or 0.
15137.jpg,0,1,1,Analyze both the image and the text. Is this meme misogynistic? Reply with 1 for yes or 0 for no.
15137.jpg,0,1,1,Does this content promote hate or sexism against women? Answer 1 or 0.
15137.jpg,0,1,1,"Classify this meme: 1 = misogynous, 0 = not misogynous. Output only the digit."
15137.jpg,0,1,1,Is this image and text combination offensive towards women? Answer 1 (Offensive) or 0 (Safe).
15137.jpg,0,1,1,Look at the meme. Is it sexist? Answer only 1 or 0.
15723.jpg,0,0,0,Analyze both the image and the text. Is this meme misogynistic? Reply with 1 for yes or 0 for no.
15723.jpg,0,0,0,Does this content promote hate or sexism against women? Answer 1 or 0.
15723.jpg,0,0,0,"Classify this meme: 1 = misogynous, 0 = not misogynous. Output only the digit."
15723.jpg,0,0,0 (Safe).,Is this image and text combination offensive towards women? Answer 1 (Offensive) or 0 (Safe).
15723.jpg,0,0,0,Look at the meme. Is it sexist? Answer only 1 or 0.
15262.jpg,1,1,1,Analyze both the image and the text. Is this meme misogynistic? Reply with 1 for yes or 0 for no.
15262.jpg,1,0,0,Does this content promote hate or sexism against women? Answer 1 or 0.
15262.jpg,1,1,1,"Classify this meme: 1 = misogynous, 0 = not misogynous. Output only the digit."
15262.jpg,1,0,0,Is this image and text combination offensive towards women? Answer 1 (Offensive) or 0 (Safe).
15262.jpg,1,1,1,Look at the meme. Is it sexist? Answer only 1 or 0.
15990.jpg,1,1,1,Analyze both the image and the text. Is this meme misogynistic? Reply with 1 for yes or 0 for no.
15990.jpg,1,1,1,Does this content promote hate or sexism against women? Answer 1 or 0.
15990.jpg,1,1,1,"Classify this meme: 1 = misogynous, 0 = not misogynous. Output only the digit."
15990.jpg,1,1,1,Is this image and text combination offensive towards women? Answer 1 (Offensive) or 0 (Safe).
15990.jpg,1,1,1,Look at the meme. Is it sexist? Answer only 1 or 0.
16091.jpg,1,1,1,Analyze both the image and the text. Is this meme misogynistic? Reply with 1 for yes or 0 for no.
16091.jpg,1,1,1,Does this content promote hate or sexism against women? Answer 1 or 0.
16091.jpg,1,1,1,"Classify this meme: 1 = misogynous, 0 = not misogynous. Output only the digit."
16091.jpg,1,1,1,Is this image and text combination offensive towards women? Answer 1 (Offensive) or 0 (Safe).
16091.jpg,1,1,1,Look at the meme. Is it sexist? Answer only 1 or 0.
16284.jpg,1,1,1,Analyze both the image and the text. Is this meme misogynistic? Reply with 1 for yes or 0 for no.
16284.jpg,1,1,1,Does this content promote hate or sexism against women? Answer 1 or 0.
16284.jpg,1,1,1,"Classify this meme: 1 = misogynous, 0 = not misogynous. Output only the digit."
16284.jpg,1,1,1,Is this image and text combination offensive towards women? Answer 1 (Offensive) or 0 (Safe).
16284.jpg,1,1,1,Look at the meme. Is it sexist? Answer only 1 or 0.
16204.jpg,1,0,0,Analyze both the image and the text. Is this meme misogynistic? Reply with 1 for yes or 0 for no.
16204.jpg,1,0,0,Does this content promote hate or sexism against women? Answer 1 or 0.
16204.jpg,1,0,0,"Classify this meme: 1 = misogynous, 0 = not misogynous. Output only the digit."
16204.jpg,1,0,0,Is this image and text combination offensive towards women? Answer 1 (Offensive) or 0 (Safe).
16204.jpg,1,0,0,Look at the meme. Is it sexist? Answer only 1 or 0.
15164.jpg,0,0,0,Analyze both the image and the text. Is this meme misogynistic? Reply with 1 for yes or 0 for no.
15164.jpg,0,0,0,Does this content promote hate or sexism against women? Answer 1 or 0.
15164.jpg,0,0,0,"Classify this meme: 1 = misogynous, 0 = not misogynous. Output only the digit."
15164.jpg,0,0,0,Is this image and text combination offensive towards women? Answer 1 (Offensive) or 0 (Safe).
15164.jpg,0,0,0,Look at the meme. Is it sexist? Answer only 1 or 0.
15882.jpg,1,0,0,Analyze both the image and the text. Is this meme misogynistic? Reply with 1 for yes or 0 for no.
15882.jpg,1,0,0,Does this content promote hate or sexism against women? Answer 1 or 0.
15882.jpg,1,0,0,"Classify this meme: 1 = misogynous, 0 = not misogynous. Output only the digit."
15882.jpg,1,0,0,Is this image and text combination offensive towards women? Answer 1 (Offensive) or 0 (Safe).
15882.jpg,1,0,0,Look at the meme. Is it sexist? Answer only 1 or 0.
15780.jpg,1,1,1,Analyze both the image and the text. Is this meme misogynistic? Reply with 1 for yes or 0 for no.
15780.jpg,1,0,0,Does this content promote hate or sexism against women? Answer 1 or 0.
15780.jpg,1,1,1,"Classify this meme: 1 = misogynous, 0 = not misogynous. Output only the digit."
15780.jpg,1,0,0,Is this image and text combination offensive towards women? Answer 1 (Offensive) or 0 (Safe).
15780.jpg,1,1,1,Look at the meme. Is it sexist? Answer only 1 or 0.
15288.jpg,1,0,0,Analyze both the image and the text. Is this meme misogynistic? Reply with 1 for yes or 0 for no.
15288.jpg,1,0,0,Does this content promote hate or sexism against women? Answer 1 or 0.
15288.jpg,1,0,0,"Classify this meme: 1 = misogynous, 0 = not misogynous. Output only the digit."
15288.jpg,1,0,0,Is this image and text combination offensive towards women? Answer 1 (Offensive) or 0 (Safe).
15288.jpg,1,1,1,Look at the meme. Is it sexist? Answer only 1 or 0.
16043.jpg,0,0,0,Analyze both the image and the text. Is this meme misogynistic? Reply with 1 for yes or 0 for no.
16043.jpg,0,0,0,Does this content promote hate or sexism against women? Answer 1 or 0.
16043.jpg,0,0,0,"Classify this meme: 1 = misogynous, 0 = not misogynous. Output only the digit."
16043.jpg,0,0,0,Is this image and text combination offensive towards women? Answer 1 (Offensive) or 0 (Safe).
16043.jpg,0,0,0,Look at the meme. Is it sexist? Answer only 1 or 0.
15024.jpg,1,0,0,Analyze both the image and the text. Is this meme misogynistic? Reply with 1 for yes or 0 for no.
15024.jpg,1,0,0,Does this content promote hate or sexism against women? Answer 1 or 0.
15024.jpg,1,0,0,"Classify this meme: 1 = misogynous, 0 = not misogynous. Output only the digit."
15024.jpg,1,0,0,Is this image and text combination offensive towards women? Answer 1 (Offensive) or 0 (Safe).
15024.jpg,1,0,0,Look at the meme. Is it sexist? Answer only 1 or 0.
15774.jpg,1,0,0,Analyze both the image and the text. Is this meme misogynistic? Reply with 1 for yes or 0 for no.
15774.jpg,1,0,0,Does this content promote hate or sexism against women? Answer 1 or 0.
15774.jpg,1,0,0,"Classify this meme: 1 = misogynous, 0 = not misogynous. Output only the digit."
15774.jpg,1,0,0,Is this image and text combination offensive towards women? Answer 1 (Offensive) or 0 (Safe).
15774.jpg,1,0,0,Look at the meme. Is it sexist? Answer only 1 or 0.
15616.jpg,1,1,1,Analyze both the image and the text. Is this meme misogynistic? Reply with 1 for yes or 0 for no.
15616.jpg,1,0,0,Does this content promote hate or sexism against women? Answer 1 or 0.
15616.jpg,1,0,0,"Classify this meme: 1 = misogynous, 0 = not misogynous. Output only the digit."
15616.jpg,1,0,0,Is this image and text combination offensive towards women? Answer 1 (Offensive) or 0 (Safe).
15616.jpg,1,1,1,Look at the meme. Is it sexist? Answer only 1 or 0.
16148.jpg,0,0,0,Analyze both the image and the text. Is this meme misogynistic? Reply with 1 for yes or 0 for no.
16148.jpg,0,0,0,Does this content promote hate or sexism against women? Answer 1 or 0.
16148.jpg,0,0,0,"Classify this meme: 1 = misogynous, 0 = not misogynous. Output only the digit."
16148.jpg,0,0,0 (Safe).,Is this image and text combination offensive towards women? Answer 1 (Offensive) or 0 (Safe).
16148.jpg,0,0,0,Look at the meme. Is it sexist? Answer only 1 or 0.
15109.jpg,0,0,0,Analyze both the image and the text. Is this meme misogynistic? Reply with 1 for yes or 0 for no.
15109.jpg,0,0,0,Does this content promote hate or sexism against women? Answer 1 or 0.
15109.jpg,0,0,0,"Classify this meme: 1 = misogynous, 0 = not misogynous. Output only the digit."
15109.jpg,0,0,0,Is this image and text combination offensive towards women? Answer 1 (Offensive) or 0 (Safe).
15109.jpg,0,0,0,Look at the meme. Is it sexist? Answer only 1 or 0.
15995.jpg,1,0,0,Analyze both the image and the text. Is this meme misogynistic? Reply with 1 for yes or 0 for no.
15995.jpg,1,0,0,Does this content promote hate or sexism against women? Answer 1 or 0.
15995.jpg,1,0,0,"Classify this meme: 1 = misogynous, 0 = not misogynous. Output only the digit."
15995.jpg,1,0,0,Is this image and text combination offensive towards women? Answer 1 (Offensive) or 0 (Safe).
15995.jpg,1,0,0,Look at the meme. Is it sexist? Answer only 1 or 0.
16062.jpg,0,0,0,Analyze both the image and the text. Is this meme misogynistic? Reply with 1 for yes or 0 for no.
16062.jpg,0,0,0,Does this content promote hate or sexism against women? Answer 1 or 0.
16062.jpg,0,0,0,"Classify this meme: 1 = misogynous, 0 = not misogynous. Output only the digit."
16062.jpg,0,0,0,Is this image and text combination offensive towards women? Answer 1 (Offensive) or 0 (Safe).
16062.jpg,0,0,0,Look at the meme. Is it sexist? Answer only 1 or 0.
15704.jpg,1,1,1,Analyze both the image and the text. Is this meme misogynistic? Reply with 1 for yes or 0 for no.
15704.jpg,1,1,1,Does this content promote hate or sexism against women? Answer 1 or 0.
15704.jpg,1,1,1,"Classify this meme: 1 = misogynous, 0 = not misogynous. Output only the digit."
15704.jpg,1,1,1,Is this image and text combination offensive towards women? Answer 1 (Offensive) or 0 (Safe).
15704.jpg,1,1,1,Look at the meme. Is it sexist? Answer only 1 or 0.
15595.jpg,0,0,0,Analyze both the image and the text. Is this meme misogynistic? Reply with 1 for yes or 0 for no.
15595.jpg,0,0,0,Does this content promote hate or sexism against women? Answer 1 or 0.
15595.jpg,0,0,0,"Classify this meme: 1 = misogynous, 0 = not misogynous. Output only the digit."
15595.jpg,0,0,0,Is this image and text combination offensive towards women? Answer 1 (Offensive) or 0 (Safe).
15595.jpg,0,0,0,Look at the meme. Is it sexist? Answer only 1 or 0.
16045.jpg,1,0,0,Analyze both the image and the text. Is this meme misogynistic? Reply with 1 for yes or 0 for no.
16045.jpg,1,0,0,Does this content promote hate or sexism against women? Answer 1 or 0.
16045.jpg,1,0,0,"Classify this meme: 1 = misogynous, 0 = not misogynous. Output only the digit."
16045.jpg,1,0,0,Is this image and text combination offensive towards women? Answer 1 (Offensive) or 0 (Safe).
16045.jpg,1,1,1,Look at the meme. Is it sexist? Answer only 1 or 0.
15626.jpg,0,0,0,Analyze both the image and the text. Is this meme misogynistic? Reply with 1 for yes or 0 for no.
15626.jpg,0,1,1,Does this content promote hate or sexism against women? Answer 1 or 0.
15626.jpg,0,0,0,"Classify this meme: 1 = misogynous, 0 = not misogynous. Output only the digit."
15626.jpg,0,1,1,Is this image and text combination offensive towards women? Answer 1 (Offensive) or 0 (Safe).
15626.jpg,0,0,0,Look at the meme. Is it sexist? Answer only 1 or 0.
16196.jpg,1,0,0,Analyze both the image and the text. Is this meme misogynistic? Reply with 1 for yes or 0 for no.
16196.jpg,1,0,0,Does this content promote hate or sexism against women? Answer 1 or 0.
16196.jpg,1,1,1,"Classify this meme: 1 = misogynous, 0 = not misogynous. Output only the digit."
16196.jpg,1,0,0,Is this image and text combination offensive towards women? Answer 1 (Offensive) or 0 (Safe).
16196.jpg,1,0,0,Look at the meme. Is it sexist? Answer only 1 or 0.
15901.jpg,1,1,1,Analyze both the image and the text. Is this meme misogynistic? Reply with 1 for yes or 0 for no.
15901.jpg,1,1,1,Does this content promote hate or sexism against women? Answer 1 or 0.
15901.jpg,1,1,1,"Classify this meme: 1 = misogynous, 0 = not misogynous. Output only the digit."
15901.jpg,1,1,1,Is this image and text combination offensive towards women? Answer 1 (Offensive) or 0 (Safe).
15901.jpg,1,1,1,Look at the meme. Is it sexist? Answer only 1 or 0.
17044.jpg,1,0,0,Analyze both the image and the text. Is this meme misogynistic? Reply with 1 for yes or 0 for no.
17044.jpg,1,0,0,Does this content promote hate or sexism against women? Answer 1 or 0.
17044.jpg,1,0,0,"Classify this meme: 1 = misogynous, 0 = not misogynous. Output only the digit."
17044.jpg,1,0,0,Is this image and text combination offensive towards women? Answer 1 (Offensive) or 0 (Safe).
17044.jpg,1,0,0,Look at the meme. Is it sexist? Answer only 1 or 0.
15985.jpg,1,1,1,Analyze both the image and the text. Is this meme misogynistic? Reply with 1 for yes or 0 for no.
15985.jpg,1,0,0,Does this content promote hate or sexism against women? Answer 1 or 0.
15985.jpg,1,1,1,"Classify this meme: 1 = misogynous, 0 = not misogynous. Output only the digit."
15985.jpg,1,0,0,Is this image and text combination offensive towards women? Answer 1 (Offensive) or 0 (Safe).
15985.jpg,1,1,1,Look at the meme. Is it sexist? Answer only 1 or 0.
15207.jpg,1,0,0,Analyze both the image and the text. Is this meme misogynistic? Reply with 1 for yes or 0 for no.
15207.jpg,1,0,0,Does this content promote hate or sexism against women? Answer 1 or 0.
15207.jpg,1,0,0,"Classify this meme: 1 = misogynous, 0 = not misogynous. Output only the digit."
15207.jpg,1,0,0,Is this image and text combination offensive towards women? Answer 1 (Offensive) or 0 (Safe).
15207.jpg,1,0,0,Look at the meme. Is it sexist? Answer only 1 or 0.
15849.jpg,1,0,0,Analyze both the image and the text. Is this meme misogynistic? Reply with 1 for yes or 0 for no.
15849.jpg,1,0,0,Does this content promote hate or sexism against women? Answer 1 or 0.
15849.jpg,1,0,0,"Classify this meme: 1 = misogynous, 0 = not misogynous. Output only the digit."
15849.jpg,1,0,0,Is this image and text combination offensive towards women? Answer 1 (Offensive) or 0 (Safe).
15849.jpg,1,0,0,Look at the meme. Is it sexist? Answer only 1 or 0.
17052.jpg,1,0,0,Analyze both the image and the text. Is this meme misogynistic? Reply with 1 for yes or 0 for no.
17052.jpg,1,0,0,Does this content promote hate or sexism against women? Answer 1 or 0.
17052.jpg,1,0,0,"Classify this meme: 1 = misogynous, 0 = not misogynous. Output only the digit."
17052.jpg,1,0,0,Is this image and text combination offensive towards women? Answer 1 (Offensive) or 0 (Safe).
17052.jpg,1,0,0,Look at the meme. Is it sexist? Answer only 1 or 0.
15450.jpg,0,0,0,Analyze both the image and the text. Is this meme misogynistic? Reply with 1 for yes or 0 for no.
15450.jpg,0,0,0,Does this content promote hate or sexism against women? Answer 1 or 0.
15450.jpg,0,0,0,"Classify this meme: 1 = misogynous, 0 = not misogynous. Output only the digit."
15450.jpg,0,0,0,Is this image and text combination offensive towards women? Answer 1 (Offensive) or 0 (Safe).
15450.jpg,0,0,0,Look at the meme. Is it sexist? Answer only 1 or 0.
15177.jpg,0,1,1,Analyze both the image and the text. Is this meme misogynistic? Reply with 1 for yes or 0 for no.
15177.jpg,0,0,0,Does this content promote hate or sexism against women? Answer 1 or 0.
15177.jpg,0,1,1,"Classify this meme: 1 = misogynous, 0 = not misogynous. Output only the digit."
15177.jpg,0,0,0,Is this image and text combination offensive towards women? Answer 1 (Offensive) or 0 (Safe).
15177.jpg,0,1,1,Look at the meme. Is it sexist? Answer only 1 or 0.
16087.jpg,1,0,0,Analyze both the image and the text. Is this meme misogynistic? Reply with 1 for yes or 0 for no.
16087.jpg,1,0,0,Does this content promote hate or sexism against women? Answer 1 or 0.
16087.jpg,1,0,0,"Classify this meme: 1 = misogynous, 0 = not misogynous. Output only the digit."
16087.jpg,1,0,0,Is this image and text combination offensive towards women? Answer 1 (Offensive) or 0 (Safe).
16087.jpg,1,0,0,Look at the meme. Is it sexist? Answer only 1 or 0.
15808.jpg,1,1,1,Analyze both the image and the text. Is this meme misogynistic? Reply with 1 for yes or 0 for no.
15808.jpg,1,1,1,Does this content promote hate or sexism against women? Answer 1 or 0.
15808.jpg,1,1,1,"Classify this meme: 1 = misogynous, 0 = not misogynous. Output only the digit."
15808.jpg,1,1,1,Is this image and text combination offensive towards women? Answer 1 (Offensive) or 0 (Safe).
15808.jpg,1,1,1,Look at the meme. Is it sexist? Answer only 1 or 0.
15580.jpg,1,0,0,Analyze both the image and the text. Is this meme misogynistic? Reply with 1 for yes or 0 for no.
15580.jpg,1,0,0,Does this content promote hate or sexism against women? Answer 1 or 0.
15580.jpg,1,0,0,"Classify this meme: 1 = misogynous, 0 = not misogynous. Output only the digit."
15580.jpg,1,0,0,Is this image and text combination offensive towards women? Answer 1 (Offensive) or 0 (Safe).
15580.jpg,1,1,1,Look at the meme. Is it sexist? Answer only 1 or 0.
16096.jpg,1,0,0,Analyze both the image and the text. Is this meme misogynistic? Reply with 1 for yes or 0 for no.
16096.jpg,1,0,0,Does this content promote hate or sexism against women? Answer 1 or 0.
16096.jpg,1,0,0,"Classify this meme: 1 = misogynous, 0 = not misogynous. Output only the digit."
16096.jpg,1,0,0,Is this image and text combination offensive towards women? Answer 1 (Offensive) or 0 (Safe).
16096.jpg,1,0,0,Look at the meme. Is it sexist? Answer only 1 or 0.
15184.jpg,0,0,0,Analyze both the image and the text. Is this meme misogynistic? Reply with 1 for yes or 0 for no.
15184.jpg,0,0,0,Does this content promote hate or sexism against women? Answer 1 or 0.
15184.jpg,0,0,0,"Classify this meme: 1 = misogynous, 0 = not misogynous. Output only the digit."
15184.jpg,0,0,0,Is this image and text combination offensive towards women? Answer 1 (Offensive) or 0 (Safe).
15184.jpg,0,0,0,Look at the meme. Is it sexist? Answer only 1 or 0.
15804.jpg,1,1,1,Analyze both the image and the text. Is this meme misogynistic? Reply with 1 for yes or 0 for no.
15804.jpg,1,1,1,Does this content promote hate or sexism against women? Answer 1 or 0.
15804.jpg,1,1,1,"Classify this meme: 1 = misogynous, 0 = not misogynous. Output only the digit."
15804.jpg,1,1,1,Is this image and text combination offensive towards women? Answer 1 (Offensive) or 0 (Safe).
15804.jpg,1,1,1,Look at the meme. Is it sexist? Answer only 1 or 0.
17005.jpg,0,0,0,Analyze both the image and the text. Is this meme misogynistic? Reply with 1 for yes or 0 for no.
17005.jpg,0,0,0,Does this content promote hate or sexism against women? Answer 1 or 0.
17005.jpg,0,0,0,"Classify this meme: 1 = misogynous, 0 = not misogynous. Output only the digit."
17005.jpg,0,0,0,Is this image and text combination offensive towards women? Answer 1 (Offensive) or 0 (Safe).
17005.jpg,0,0,0,Look at the meme. Is it sexist? Answer only 1 or 0.
15403.jpg,0,0,0,Analyze both the image and the text. Is this meme misogynistic? Reply with 1 for yes or 0 for no.
15403.jpg,0,0,0,Does this content promote hate or sexism against women? Answer 1 or 0.
15403.jpg,0,0,0,"Classify this meme: 1 = misogynous, 0 = not misogynous. Output only the digit."
15403.jpg,0,0,0 (Safe).,Is this image and text combination offensive towards women? Answer 1 (Offensive) or 0 (Safe).
15403.jpg,0,0,0,Look at the meme. Is it sexist? Answer only 1 or 0.
15746.jpg,0,1,1,Analyze both the image and the text. Is this meme misogynistic? Reply with 1 for yes or 0 for no.
15746.jpg,0,0,0,Does this content promote hate or sexism against women? Answer 1 or 0.
15746.jpg,0,0,0,"Classify this meme: 1 = misogynous, 0 = not misogynous. Output only the digit."
15746.jpg,0,0,0,Is this image and text combination offensive towards women? Answer 1 (Offensive) or 0 (Safe).
15746.jpg,0,1,1,Look at the meme. Is it sexist? Answer only 1 or 0.
16040.jpg,0,1,1,Analyze both the image and the text. Is this meme misogynistic? Reply with 1 for yes or 0 for no.
16040.jpg,0,0,0,Does this content promote hate or sexism against women? Answer 1 or 0.
16040.jpg,0,0,0,"Classify this meme: 1 = misogynous, 0 = not misogynous. Output only the digit."
16040.jpg,0,0,0,Is this image and text combination offensive towards women? Answer 1 (Offensive) or 0 (Safe).
16040.jpg,0,1,1,Look at the meme. Is it sexist? Answer only 1 or 0.
16320.jpg,1,0,0,Analyze both the image and the text. Is this meme misogynistic? Reply with 1 for yes or 0 for no.
16320.jpg,1,0,0,Does this content promote hate or sexism against women? Answer 1 or 0.
16320.jpg,1,1,1,"Classify this meme: 1 = misogynous, 0 = not misogynous. Output only the digit."
16320.jpg,1,0,0,Is this image and text combination offensive towards women? Answer 1 (Offensive) or 0 (Safe).
16320.jpg,1,1,1,Look at the meme. Is it sexist? Answer only 1 or 0.
15841.jpg,1,1,1,Analyze both the image and the text. Is this meme misogynistic? Reply with 1 for yes or 0 for no.
15841.jpg,1,1,1,Does this content promote hate or sexism against women? Answer 1 or 0.
15841.jpg,1,1,1,"Classify this meme: 1 = misogynous, 0 = not misogynous. Output only the digit."
15841.jpg,1,0,0,Is this image and text combination offensive towards women? Answer 1 (Offensive) or 0 (Safe).
15841.jpg,1,1,1,Look at the meme. Is it sexist? Answer only 1 or 0.
15620.jpg,0,0,0,Analyze both the image and the text. Is this meme misogynistic? Reply with 1 for yes or 0 for no.
15620.jpg,0,0,0,Does this content promote hate or sexism against women? Answer 1 or 0.
15620.jpg,0,0,0,"Classify this meme: 1 = misogynous, 0 = not misogynous. Output only the digit."
15620.jpg,0,0,0 (Safe).,Is this image and text combination offensive towards women? Answer 1 (Offensive) or 0 (Safe).
15620.jpg,0,0,0,Look at the meme. Is it sexist? Answer only 1 or 0.
15254.jpg,0,1,1,Analyze both the image and the text. Is this meme misogynistic? Reply with 1 for yes or 0 for no.
15254.jpg,0,1,1,Does this content promote hate or sexism against women? Answer 1 or 0.
15254.jpg,0,1,1,"Classify this meme: 1 = misogynous, 0 = not misogynous. Output only the digit."
15254.jpg,0,1,1,Is this image and text combination offensive towards women? Answer 1 (Offensive) or 0 (Safe).
15254.jpg,0,1,1,Look at the meme. Is it sexist? Answer only 1 or 0.
15488.jpg,0,0,0,Analyze both the image and the text. Is this meme misogynistic? Reply with 1 for yes or 0 for no.
15488.jpg,0,0,0,Does this content promote hate or sexism against women? Answer 1 or 0.
15488.jpg,0,0,0,"Classify this meme: 1 = misogynous, 0 = not misogynous. Output only the digit."
15488.jpg,0,0,0,Is this image and text combination offensive towards women? Answer 1 (Offensive) or 0 (Safe).
15488.jpg,0,0,0,Look at the meme. Is it sexist? Answer only 1 or 0.
15414.jpg,0,0,0,Analyze both the image and the text. Is this meme misogynistic? Reply with 1 for yes or 0 for no.
15414.jpg,0,0,0,Does this content promote hate or sexism against women? Answer 1 or 0.
15414.jpg,0,0,0,"Classify this meme: 1 = misogynous, 0 = not misogynous. Output only the digit."
15414.jpg,0,0,0,Is this image and text combination offensive towards women? Answer 1 (Offensive) or 0 (Safe).
15414.jpg,0,0,0,Look at the meme. Is it sexist? Answer only 1 or 0.
15552.jpg,0,0,0,Analyze both the image and the text. Is this meme misogynistic? Reply with 1 for yes or 0 for no.
15552.jpg,0,0,0,Does this content promote hate or sexism against women? Answer 1 or 0.
15552.jpg,0,0,0,"Classify this meme: 1 = misogynous, 0 = not misogynous. Output only the digit."
15552.jpg,0,0,0,Is this image and text combination offensive towards women? Answer 1 (Offensive) or 0 (Safe).
15552.jpg,0,0,0,Look at the meme. Is it sexist? Answer only 1 or 0.
16241.jpg,1,0,0,Analyze both the image and the text. Is this meme misogynistic? Reply with 1 for yes or 0 for no.
16241.jpg,1,1,1,Does this content promote hate or sexism against women? Answer 1 or 0.
16241.jpg,1,1,1,"Classify this meme: 1 = misogynous, 0 = not misogynous. Output only the digit."
16241.jpg,1,0,0,Is this image and text combination offensive towards women? Answer 1 (Offensive) or 0 (Safe).
16241.jpg,1,1,1,Look at the meme. Is it sexist? Answer only 1 or 0.
15622.jpg,1,1,1,Analyze both the image and the text. Is this meme misogynistic? Reply with 1 for yes or 0 for no.
15622.jpg,1,1,1,Does this content promote hate or sexism against women? Answer 1 or 0.
15622.jpg,1,0,0,"Classify this meme: 1 = misogynous, 0 = not misogynous. Output only the digit."
15622.jpg,1,1,1,Is this image and text combination offensive towards women? Answer 1 (Offensive) or 0 (Safe).
15622.jpg,1,1,1,Look at the meme. Is it sexist? Answer only 1 or 0.
17067.jpg,1,0,0,Analyze both the image and the text. Is this meme misogynistic? Reply with 1 for yes or 0 for no.
17067.jpg,1,0,0,Does this content promote hate or sexism against women? Answer 1 or 0.
17067.jpg,1,0,0,"Classify this meme: 1 = misogynous, 0 = not misogynous. Output only the digit."
17067.jpg,1,0,0,Is this image and text combination offensive towards women? Answer 1 (Offensive) or 0 (Safe).
17067.jpg,1,1,1,Look at the meme. Is it sexist? Answer only 1 or 0.
15209.jpg,0,0,0,Analyze both the image and the text. Is this meme misogynistic? Reply with 1 for yes or 0 for no.
15209.jpg,0,0,0,Does this content promote hate or sexism against women? Answer 1 or 0.
15209.jpg,0,0,0,"Classify this meme: 1 = misogynous, 0 = not misogynous. Output only the digit."
15209.jpg,0,0,0,Is this image and text combination offensive towards women? Answer 1 (Offensive) or 0 (Safe).
15209.jpg,0,0,0,Look at the meme. Is it sexist? Answer only 1 or 0.
15016.jpg,0,0,0,Analyze both the image and the text. Is this meme misogynistic? Reply with 1 for yes or 0 for no.
15016.jpg,0,0,0,Does this content promote hate or sexism against women? Answer 1 or 0.
15016.jpg,0,0,0,"Classify this meme: 1 = misogynous, 0 = not misogynous. Output only the digit."
15016.jpg,0,0,0,Is this image and text combination offensive towards women? Answer 1 (Offensive) or 0 (Safe).
15016.jpg,0,0,0,Look at the meme. Is it sexist? Answer only 1 or 0.
16184.jpg,0,1,1,Analyze both the image and the text. Is this meme misogynistic? Reply with 1 for yes or 0 for no.
16184.jpg,0,1,1,Does this content promote hate or sexism against women? Answer 1 or 0.
16184.jpg,0,1,1,"Classify this meme: 1 = misogynous, 0 = not misogynous. Output only the digit."
16184.jpg,0,1,1,Is this image and text combination offensive towards women? Answer 1 (Offensive) or 0 (Safe).
16184.jpg,0,1,1,Look at the meme. Is it sexist? Answer only 1 or 0.
15722.jpg,1,1,1,Analyze both the image and the text. Is this meme misogynistic? Reply with 1 for yes or 0 for no.
15722.jpg,1,1,1,Does this content promote hate or sexism against women? Answer 1 or 0.
15722.jpg,1,1,1,"Classify this meme: 1 = misogynous, 0 = not misogynous. Output only the digit."
15722.jpg,1,1,1,Is this image and text combination offensive towards women? Answer 1 (Offensive) or 0 (Safe).
15722.jpg,1,1,1,Look at the meme. Is it sexist? Answer only 1 or 0.
15541.jpg,1,0,0,Analyze both the image and the text. Is this meme misogynistic? Reply with 1 for yes or 0 for no.
15541.jpg,1,0,0,Does this content promote hate or sexism against women? Answer 1 or 0.
15541.jpg,1,1,1,"Classify this meme: 1 = misogynous, 0 = not misogynous. Output only the digit."
15541.jpg,1,0,0,Is this image and text combination offensive towards women? Answer 1 (Offensive) or 0 (Safe).
15541.jpg,1,0,0,Look at the meme. Is it sexist? Answer only 1 or 0.
16081.jpg,1,1,1,Analyze both the image and the text. Is this meme misogynistic? Reply with 1 for yes or 0 for no.
16081.jpg,1,1,1,Does this content promote hate or sexism against women? Answer 1 or 0.
16081.jpg,1,1,1,"Classify this meme: 1 = misogynous, 0 = not misogynous. Output only the digit."
16081.jpg,1,1,1,Is this image and text combination offensive towards women? Answer 1 (Offensive) or 0 (Safe).
16081.jpg,1,1,1,Look at the meme. Is it sexist? Answer only 1 or 0.
16089.jpg,1,0,0,Analyze both the image and the text. Is this meme misogynistic? Reply with 1 for yes or 0 for no.
16089.jpg,1,0,0,Does this content promote hate or sexism against women? Answer 1 or 0.
16089.jpg,1,0,0,"Classify this meme: 1 = misogynous, 0 = not misogynous. Output only the digit."
16089.jpg,1,0,0,Is this image and text combination offensive towards women? Answer 1 (Offensive) or 0 (Safe).
16089.jpg,1,1,1,Look at the meme. Is it sexist? Answer only 1 or 0.
15858.jpg,1,0,0,Analyze both the image and the text. Is this meme misogynistic? Reply with 1 for yes or 0 for no.
15858.jpg,1,0,0,Does this content promote hate or sexism against women? Answer 1 or 0.
15858.jpg,1,0,0,"Classify this meme: 1 = misogynous, 0 = not misogynous. Output only the digit."
15858.jpg,1,0,0,Is this image and text combination offensive towards women? Answer 1 (Offensive) or 0 (Safe).
15858.jpg,1,0,0,Look at the meme. Is it sexist? Answer only 1 or 0.
15908.jpg,1,0,0,Analyze both the image and the text. Is this meme misogynistic? Reply with 1 for yes or 0 for no.
15908.jpg,1,0,0,Does this content promote hate or sexism against women? Answer 1 or 0.
15908.jpg,1,0,0,"Classify this meme: 1 = misogynous, 0 = not misogynous. Output only the digit."
15908.jpg,1,0,0,Is this image and text combination offensive towards women? Answer 1 (Offensive) or 0 (Safe).
15908.jpg,1,0,0,Look at the meme. Is it sexist? Answer only 1 or 0.
16226.jpg,0,0,0,Analyze both the image and the text. Is this meme misogynistic? Reply with 1 for yes or 0 for no.
16226.jpg,0,0,0,Does this content promote hate or sexism against women? Answer 1 or 0.
16226.jpg,0,0,0,"Classify this meme: 1 = misogynous, 0 = not misogynous. Output only the digit."
16226.jpg,0,0,0,Is this image and text combination offensive towards women? Answer 1 (Offensive) or 0 (Safe).
16226.jpg,0,0,0,Look at the meme. Is it sexist? Answer only 1 or 0.
15470.jpg,1,1,1,Analyze both the image and the text. Is this meme misogynistic? Reply with 1 for yes or 0 for no.
15470.jpg,1,0,0,Does this content promote hate or sexism against women? Answer 1 or 0.
15470.jpg,1,1,1,"Classify this meme: 1 = misogynous, 0 = not misogynous. Output only the digit."
15470.jpg,1,0,0,Is this image and text combination offensive towards women? Answer 1 (Offensive) or 0 (Safe).
15470.jpg,1,1,1,Look at the meme. Is it sexist? Answer only 1 or 0.
16328.jpg,0,0,0,Analyze both the image and the text. Is this meme misogynistic? Reply with 1 for yes or 0 for no.
16328.jpg,0,0,0,Does this content promote hate or sexism against women? Answer 1 or 0.
16328.jpg,0,0,0,"Classify this meme: 1 = misogynous, 0 = not misogynous. Output only the digit."
16328.jpg,0,0,0,Is this image and text combination offensive towards women? Answer 1 (Offensive) or 0 (Safe).
16328.jpg,0,0,0,Look at the meme. Is it sexist? Answer only 1 or 0.
16049.jpg,0,0,0,Analyze both the image and the text. Is this meme misogynistic? Reply with 1 for yes or 0 for no.
16049.jpg,0,0,0,Does this content promote hate or sexism against women? Answer 1 or 0.
16049.jpg,0,0,0,"Classify this meme: 1 = misogynous, 0 = not misogynous. Output only the digit."
16049.jpg,0,0,0,Is this image and text combination offensive towards women? Answer 1 (Offensive) or 0 (Safe).
16049.jpg,0,0,0,Look at the meme. Is it sexist? Answer only 1 or 0.
15421.jpg,0,0,0,Analyze both the image and the text. Is this meme misogynistic? Reply with 1 for yes or 0 for no.
15421.jpg,0,0,0,Does this content promote hate or sexism against women? Answer 1 or 0.
15421.jpg,0,0,0,"Classify this meme: 1 = misogynous, 0 = not misogynous. Output only the digit."
15421.jpg,0,0,0,Is this image and text combination offensive towards women? Answer 1 (Offensive) or 0 (Safe).
15421.jpg,0,0,0,Look at the meme. Is it sexist? Answer only 1 or 0.
17017.jpg,0,0,0,Analyze both the image and the text. Is this meme misogynistic? Reply with 1 for yes or 0 for no.
17017.jpg,0,0,0,Does this content promote hate or sexism against women? Answer 1 or 0.
17017.jpg,0,0,0,"Classify this meme: 1 = misogynous, 0 = not misogynous. Output only the digit."
17017.jpg,0,0,0,Is this image and text combination offensive towards women? Answer 1 (Offensive) or 0 (Safe).
17017.jpg,0,0,0,Look at the meme. Is it sexist? Answer only 1 or 0.
17012.jpg,1,1,1,Analyze both the image and the text. Is this meme misogynistic? Reply with 1 for yes or 0 for no.
17012.jpg,1,1,1,Does this content promote hate or sexism against women? Answer 1 or 0.
17012.jpg,1,1,1,"Classify this meme: 1 = misogynous, 0 = not misogynous. Output only the digit."
17012.jpg,1,1,1,Is this image and text combination offensive towards women? Answer 1 (Offensive) or 0 (Safe).
17012.jpg,1,1,1,Look at the meme. Is it sexist? Answer only 1 or 0.
15809.jpg,1,1,1,Analyze both the image and the text. Is this meme misogynistic? Reply with 1 for yes or 0 for no.
15809.jpg,1,1,1,Does this content promote hate or sexism against women? Answer 1 or 0.
15809.jpg,1,1,1,"Classify this meme: 1 = misogynous, 0 = not misogynous. Output only the digit."
15809.jpg,1,1,1,Is this image and text combination offensive towards women? Answer 1 (Offensive) or 0 (Safe).
15809.jpg,1,1,1,Look at the meme. Is it sexist? Answer only 1 or 0.
16224.jpg,0,1,1,Analyze both the image and the text. Is this meme misogynistic? Reply with 1 for yes or 0 for no.
16224.jpg,0,1,1,Does this content promote hate or sexism against women? Answer 1 or 0.
16224.jpg,0,1,1,"Classify this meme: 1 = misogynous, 0 = not misogynous. Output only the digit."
16224.jpg,0,1,1,Is this image and text combination offensive towards women? Answer 1 (Offensive) or 0 (Safe).
16224.jpg,0,1,1,Look at the meme. Is it sexist? Answer only 1 or 0.
16243.jpg,0,1,1,Analyze both the image and the text. Is this meme misogynistic? Reply with 1 for yes or 0 for no.
16243.jpg,0,1,1,Does this content promote hate or sexism against women? Answer 1 or 0.
16243.jpg,0,1,1,"Classify this meme: 1 = misogynous, 0 = not misogynous. Output only the digit."
16243.jpg,0,1,1,Is this image and text combination offensive towards women? Answer 1 (Offensive) or 0 (Safe).
16243.jpg,0,1,1,Look at the meme. Is it sexist? Answer only 1 or 0.
17071.jpg,1,0,0,Analyze both the image and the text. Is this meme misogynistic? Reply with 1 for yes or 0 for no.
17071.jpg,1,0,0,Does this content promote hate or sexism against women? Answer 1 or 0.
17071.jpg,1,0,0,"Classify this meme: 1 = misogynous, 0 = not misogynous. Output only the digit."
17071.jpg,1,0,0,Is this image and text combination offensive towards women? Answer 1 (Offensive) or 0 (Safe).
17071.jpg,1,0,0,Look at the meme. Is it sexist? Answer only 1 or 0.
15428.jpg,1,1,1,Analyze both the image and the text. Is this meme misogynistic? Reply with 1 for yes or 0 for no.
15428.jpg,1,1,1,Does this content promote hate or sexism against women? Answer 1 or 0.
15428.jpg,1,1,1,"Classify this meme: 1 = misogynous, 0 = not misogynous. Output only the digit."
15428.jpg,1,1,1,Is this image and text combination offensive towards women? Answer 1 (Offensive) or 0 (Safe).
15428.jpg,1,1,1,Look at the meme. Is it sexist? Answer only 1 or 0.
15291.jpg,0,1,1,Analyze both the image and the text. Is this meme misogynistic? Reply with 1 for yes or 0 for no.
15291.jpg,0,0,0,Does this content promote hate or sexism against women? Answer 1 or 0.
15291.jpg,0,1,1,"Classify this meme: 1 = misogynous, 0 = not misogynous. Output only the digit."
15291.jpg,0,0,0,Is this image and text combination offensive towards women? Answer 1 (Offensive) or 0 (Safe).
15291.jpg,0,0,0,Look at the meme. Is it sexist? Answer only 1 or 0.
17020.jpg,1,1,1,Analyze both the image and the text. Is this meme misogynistic? Reply with 1 for yes or 0 for no.
17020.jpg,1,1,1,Does this content promote hate or sexism against women? Answer 1 or 0.
17020.jpg,1,1,1,"Classify this meme: 1 = misogynous, 0 = not misogynous. Output only the digit."
17020.jpg,1,1,1,Is this image and text combination offensive towards women? Answer 1 (Offensive) or 0 (Safe).
17020.jpg,1,1,1,Look at the meme. Is it sexist? Answer only 1 or 0.
15802.jpg,1,1,1,Analyze both the image and the text. Is this meme misogynistic? Reply with 1 for yes or 0 for no.
15802.jpg,1,1,1,Does this content promote hate or sexism against women? Answer 1 or 0.
15802.jpg,1,1,1,"Classify this meme: 1 = misogynous, 0 = not misogynous. Output only the digit."
15802.jpg,1,1,1,Is this image and text combination offensive towards women? Answer 1 (Offensive) or 0 (Safe).
15802.jpg,1,1,1,Look at the meme. Is it sexist? Answer only 1 or 0.
16238.jpg,0,1,1,Analyze both the image and the text. Is this meme misogynistic? Reply with 1 for yes or 0 for no.
16238.jpg,0,0,0,Does this content promote hate or sexism against women? Answer 1 or 0.
16238.jpg,0,0,0,"Classify this meme: 1 = misogynous, 0 = not misogynous. Output only the digit."
16238.jpg,0,0,0,Is this image and text combination offensive towards women? Answer 1 (Offensive) or 0 (Safe).
16238.jpg,0,1,1,Look at the meme. Is it sexist? Answer only 1 or 0.
15356.jpg,0,1,1,Analyze both the image and the text. Is this meme misogynistic? Reply with 1 for yes or 0 for no.
15356.jpg,0,0,0,Does this content promote hate or sexism against women? Answer 1 or 0.
15356.jpg,0,1,1,"Classify this meme: 1 = misogynous, 0 = not misogynous. Output only the digit."
15356.jpg,0,0,0,Is this image and text combination offensive towards women? Answer 1 (Offensive) or 0 (Safe).
15356.jpg,0,1,1,Look at the meme. Is it sexist? Answer only 1 or 0.
16078.jpg,1,1,1,Analyze both the image and the text. Is this meme misogynistic? Reply with 1 for yes or 0 for no.
16078.jpg,1,1,1,Does this content promote hate or sexism against women? Answer 1 or 0.
16078.jpg,1,1,1,"Classify this meme: 1 = misogynous, 0 = not misogynous. Output only the digit."
16078.jpg,1,1,1,Is this image and text combination offensive towards women? Answer 1 (Offensive) or 0 (Safe).
16078.jpg,1,1,1,Look at the meme. Is it sexist? Answer only 1 or 0.
15096.jpg,0,1,1,Analyze both the image and the text. Is this meme misogynistic? Reply with 1 for yes or 0 for no.
15096.jpg,0,0,0,Does this content promote hate or sexism against women? Answer 1 or 0.
15096.jpg,0,0,0,"Classify this meme: 1 = misogynous, 0 = not misogynous. Output only the digit."
15096.jpg,0,0,0,Is this image and text combination offensive towards women? Answer 1 (Offensive) or 0 (Safe).
15096.jpg,0,1,1,Look at the meme. Is it sexist? Answer only 1 or 0.
16016.jpg,1,0,0,Analyze both the image and the text. Is this meme misogynistic? Reply with 1 for yes or 0 for no.
16016.jpg,1,0,0,Does this content promote hate or sexism against women? Answer 1 or 0.
16016.jpg,1,0,0,"Classify this meme: 1 = misogynous, 0 = not misogynous. Output only the digit."
16016.jpg,1,0,0,Is this image and text combination offensive towards women? Answer 1 (Offensive) or 0 (Safe).
16016.jpg,1,0,0,Look at the meme. Is it sexist? Answer only 1 or 0.
16223.jpg,1,0,0,Analyze both the image and the text. Is this meme misogynistic? Reply with 1 for yes or 0 for no.
16223.jpg,1,0,0,Does this content promote hate or sexism against women? Answer 1 or 0.
16223.jpg,1,1,1,"Classify this meme: 1 = misogynous, 0 = not misogynous. Output only the digit."
16223.jpg,1,0,0,Is this image and text combination offensive towards women? Answer 1 (Offensive) or 0 (Safe).
16223.jpg,1,1,1,Look at the meme. Is it sexist? Answer only 1 or 0.
15874.jpg,0,0,0,Analyze both the image and the text. Is this meme misogynistic? Reply with 1 for yes or 0 for no.
15874.jpg,0,0,0,Does this content promote hate or sexism against women? Answer 1 or 0.
15874.jpg,0,0,0,"Classify this meme: 1 = misogynous, 0 = not misogynous. Output only the digit."
15874.jpg,0,0,0,Is this image and text combination offensive towards women? Answer 1 (Offensive) or 0 (Safe).
15874.jpg,0,0,0,Look at the meme. Is it sexist? Answer only 1 or 0.
15712.jpg,1,1,1,Analyze both the image and the text. Is this meme misogynistic? Reply with 1 for yes or 0 for no.
15712.jpg,1,0,0,Does this content promote hate or sexism against women? Answer 1 or 0.
15712.jpg,1,1,1,"Classify this meme: 1 = misogynous, 0 = not misogynous. Output only the digit."
15712.jpg,1,0,0,Is this image and text combination offensive towards women? Answer 1 (Offensive) or 0 (Safe).
15712.jpg,1,1,1,Look at the meme. Is it sexist? Answer only 1 or 0.
15937.jpg,1,1,1,Analyze both the image and the text. Is this meme misogynistic? Reply with 1 for yes or 0 for no.
15937.jpg,1,1,1,Does this content promote hate or sexism against women? Answer 1 or 0.
15937.jpg,1,1,1,"Classify this meme: 1 = misogynous, 0 = not misogynous. Output only the digit."
15937.jpg,1,1,1,Is this image and text combination offensive towards women? Answer 1 (Offensive) or 0 (Safe).
15937.jpg,1,1,1,Look at the meme. Is it sexist? Answer only 1 or 0.
15170.jpg,1,0,0,Analyze both the image and the text. Is this meme misogynistic? Reply with 1 for yes or 0 for no.
15170.jpg,1,0,0,Does this content promote hate or sexism against women? Answer 1 or 0.
15170.jpg,1,1,1,"Classify this meme: 1 = misogynous, 0 = not misogynous. Output only the digit."
15170.jpg,1,0,0,Is this image and text combination offensive towards women? Answer 1 (Offensive) or 0 (Safe).
15170.jpg,1,0,0,Look at the meme. Is it sexist? Answer only 1 or 0.
15153.jpg,0,0,0,Analyze both the image and the text. Is this meme misogynistic? Reply with 1 for yes or 0 for no.
15153.jpg,0,0,0,Does this content promote hate or sexism against women? Answer 1 or 0.
15153.jpg,0,0,0,"Classify this meme: 1 = misogynous, 0 = not misogynous. Output only the digit."
15153.jpg,0,0,0 (Safe).,Is this image and text combination offensive towards women? Answer 1 (Offensive) or 0 (Safe).
15153.jpg,0,0,0,Look at the meme. Is it sexist? Answer only 1 or 0.
15832.jpg,1,1,1,Analyze both the image and the text. Is this meme misogynistic? Reply with 1 for yes or 0 for no.
15832.jpg,1,0,0,Does this content promote hate or sexism against women? Answer 1 or 0.
15832.jpg,1,1,1,"Classify this meme: 1 = misogynous, 0 = not misogynous. Output only the digit."
15832.jpg,1,0,0,Is this image and text combination offensive towards women? Answer 1 (Offensive) or 0 (Safe).
15832.jpg,1,1,1,Look at the meme. Is it sexist? Answer only 1 or 0.
16307.jpg,1,1,1,Analyze both the image and the text. Is this meme misogynistic? Reply with 1 for yes or 0 for no.
16307.jpg,1,1,1,Does this content promote hate or sexism against women? Answer 1 or 0.
16307.jpg,1,1,1,"Classify this meme: 1 = misogynous, 0 = not misogynous. Output only the digit."
16307.jpg,1,1,1,Is this image and text combination offensive towards women? Answer 1 (Offensive) or 0 (Safe).
16307.jpg,1,1,1,Look at the meme. Is it sexist? Answer only 1 or 0.
16020.jpg,1,0,0,Analyze both the image and the text. Is this meme misogynistic? Reply with 1 for yes or 0 for no.
16020.jpg,1,0,0,Does this content promote hate or sexism against women? Answer 1 or 0.
16020.jpg,1,0,0,"Classify this meme: 1 = misogynous, 0 = not misogynous. Output only the digit."
16020.jpg,1,0,0,Is this image and text combination offensive towards women? Answer 1 (Offensive) or 0 (Safe).
16020.jpg,1,0,0,Look at the meme. Is it sexist? Answer only 1 or 0.
15738.jpg,1,1,1,Analyze both the image and the text. Is this meme misogynistic? Reply with 1 for yes or 0 for no.
15738.jpg,1,0,0,Does this content promote hate or sexism against women? Answer 1 or 0.
15738.jpg,1,1,1,"Classify this meme: 1 = misogynous, 0 = not misogynous. Output only the digit."
15738.jpg,1,0,0,Is this image and text combination offensive towards women? Answer 1 (Offensive) or 0 (Safe).
15738.jpg,1,0,0,Look at the meme. Is it sexist? Answer only 1 or 0.
15599.jpg,1,1,1,Analyze both the image and the text. Is this meme misogynistic? Reply with 1 for yes or 0 for no.
15599.jpg,1,1,1,Does this content promote hate or sexism against women? Answer 1 or 0.
15599.jpg,1,1,1,"Classify this meme: 1 = misogynous, 0 = not misogynous. Output only the digit."
15599.jpg,1,1,1,Is this image and text combination offensive towards women? Answer 1 (Offensive) or 0 (Safe).
15599.jpg,1,1,1,Look at the meme. Is it sexist? Answer only 1 or 0.
16088.jpg,1,1,1,Analyze both the image and the text. Is this meme misogynistic? Reply with 1 for yes or 0 for no.
16088.jpg,1,0,0,Does this content promote hate or sexism against women? Answer 1 or 0.
16088.jpg,1,0,0,"Classify this meme: 1 = misogynous, 0 = not misogynous. Output only the digit."
16088.jpg,1,0,0,Is this image and text combination offensive towards women? Answer 1 (Offensive) or 0 (Safe).
16088.jpg,1,1,1,Look at the meme. Is it sexist? Answer only 1 or 0.
15921.jpg,1,1,1,Analyze both the image and the text. Is this meme misogynistic? Reply with 1 for yes or 0 for no.
15921.jpg,1,1,1,Does this content promote hate or sexism against women? Answer 1 or 0.
15921.jpg,1,1,1,"Classify this meme: 1 = misogynous, 0 = not misogynous. Output only the digit."
15921.jpg,1,0,0,Is this image and text combination offensive towards women? Answer 1 (Offensive) or 0 (Safe).
15921.jpg,1,1,1,Look at the meme. Is it sexist? Answer only 1 or 0.
15825.jpg,0,0,0,Analyze both the image and the text. Is this meme misogynistic? Reply with 1 for yes or 0 for no.
15825.jpg,0,0,0,Does this content promote hate or sexism against women? Answer 1 or 0.
15825.jpg,0,0,0,"Classify this meme: 1 = misogynous, 0 = not misogynous. Output only the digit."
15825.jpg,0,0,0,Is this image and text combination offensive towards women? Answer 1 (Offensive) or 0 (Safe).
15825.jpg,0,1,1,Look at the meme. Is it sexist? Answer only 1 or 0.
15201.jpg,0,0,0,Analyze both the image and the text. Is this meme misogynistic? Reply with 1 for yes or 0 for no.
15201.jpg,0,0,0,Does this content promote hate or sexism against women? Answer 1 or 0.
15201.jpg,0,0,0,"Classify this meme: 1 = misogynous, 0 = not misogynous. Output only the digit."
15201.jpg,0,0,0,Is this image and text combination offensive towards women? Answer 1 (Offensive) or 0 (Safe).
15201.jpg,0,0,0,Look at the meme. Is it sexist? Answer only 1 or 0.
17003.jpg,0,0,0,Analyze both the image and the text. Is this meme misogynistic? Reply with 1 for yes or 0 for no.
17003.jpg,0,0,0,Does this content promote hate or sexism against women? Answer 1 or 0.
17003.jpg,0,0,0,"Classify this meme: 1 = misogynous, 0 = not misogynous. Output only the digit."
17003.jpg,0,0,0 (Safe).,Is this image and text combination offensive towards women? Answer 1 (Offensive) or 0 (Safe).
17003.jpg,0,0,0,Look at the meme. Is it sexist? Answer only 1 or 0.
15215.jpg,0,0,0,Analyze both the image and the text. Is this meme misogynistic? Reply with 1 for yes or 0 for no.
15215.jpg,0,0,0,Does this content promote hate or sexism against women? Answer 1 or 0.
15215.jpg,0,0,0,"Classify this meme: 1 = misogynous, 0 = not misogynous. Output only the digit."
15215.jpg,0,0,0,Is this image and text combination offensive towards women? Answer 1 (Offensive) or 0 (Safe).
15215.jpg,0,0,0,Look at the meme. Is it sexist? Answer only 1 or 0.
15473.jpg,1,1,1,Analyze both the image and the text. Is this meme misogynistic? Reply with 1 for yes or 0 for no.
15473.jpg,1,1,1,Does this content promote hate or sexism against women? Answer 1 or 0.
15473.jpg,1,1,1,"Classify this meme: 1 = misogynous, 0 = not misogynous. Output only the digit."
15473.jpg,1,1,1,Is this image and text combination offensive towards women? Answer 1 (Offensive) or 0 (Safe).
15473.jpg,1,1,1,Look at the meme. Is it sexist? Answer only 1 or 0.
16074.jpg,0,0,0,Analyze both the image and the text. Is this meme misogynistic? Reply with 1 for yes or 0 for no.
16074.jpg,0,0,0,Does this content promote hate or sexism against women? Answer 1 or 0.
16074.jpg,0,0,0,"Classify this meme: 1 = misogynous, 0 = not misogynous. Output only the digit."
16074.jpg,0,0,0,Is this image and text combination offensive towards women? Answer 1 (Offensive) or 0 (Safe).
16074.jpg,0,0,0,Look at the meme. Is it sexist? Answer only 1 or 0.
15308.jpg,1,1,1,Analyze both the image and the text. Is this meme misogynistic? Reply with 1 for yes or 0 for no.
15308.jpg,1,1,1,Does this content promote hate or sexism against women? Answer 1 or 0.
15308.jpg,1,1,1,"Classify this meme: 1 = misogynous, 0 = not misogynous. Output only the digit."
15308.jpg,1,1,1,Is this image and text combination offensive towards women? Answer 1 (Offensive) or 0 (Safe).
15308.jpg,1,1,1,Look at the meme. Is it sexist? Answer only 1 or 0.
16325.jpg,0,0,0,Analyze both the image and the text. Is this meme misogynistic? Reply with 1 for yes or 0 for no.
16325.jpg,0,0,0,Does this content promote hate or sexism against women? Answer 1 or 0.
16325.jpg,0,0,0,"Classify this meme: 1 = misogynous, 0 = not misogynous. Output only the digit."
16325.jpg,0,0,0,Is this image and text combination offensive towards women? Answer 1 (Offensive) or 0 (Safe).
16325.jpg,0,0,0,Look at the meme. Is it sexist? Answer only 1 or 0.
15538.jpg,1,1,1,Analyze both the image and the text. Is this meme misogynistic? Reply with 1 for yes or 0 for no.
15538.jpg,1,1,1,Does this content promote hate or sexism against women? Answer 1 or 0.
15538.jpg,1,1,1,"Classify this meme: 1 = misogynous, 0 = not misogynous. Output only the digit."
15538.jpg,1,1,1,Is this image and text combination offensive towards women? Answer 1 (Offensive) or 0 (Safe).
15538.jpg,1,1,1,Look at the meme. Is it sexist? Answer only 1 or 0.
16228.jpg,1,1,1,Analyze both the image and the text. Is this meme misogynistic? Reply with 1 for yes or 0 for no.
16228.jpg,1,1,1,Does this content promote hate or sexism against women? Answer 1 or 0.
16228.jpg,1,1,1,"Classify this meme: 1 = misogynous, 0 = not misogynous. Output only the digit."
16228.jpg,1,1,1,Is this image and text combination offensive towards women? Answer 1 (Offensive) or 0 (Safe).
16228.jpg,1,1,1,Look at the meme. Is it sexist? Answer only 1 or 0.
15120.jpg,0,0,0,Analyze both the image and the text. Is this meme misogynistic? Reply with 1 for yes or 0 for no.
15120.jpg,0,0,0,Does this content promote hate or sexism against women? Answer 1 or 0.
15120.jpg,0,0,0,"Classify this meme: 1 = misogynous, 0 = not misogynous. Output only the digit."
15120.jpg,0,0,0,Is this image and text combination offensive towards women? Answer 1 (Offensive) or 0 (Safe).
15120.jpg,0,0,0,Look at the meme. Is it sexist? Answer only 1 or 0.
15862.jpg,0,1,1,Analyze both the image and the text. Is this meme misogynistic? Reply with 1 for yes or 0 for no.
15862.jpg,0,1,1,Does this content promote hate or sexism against women? Answer 1 or 0.
15862.jpg,0,1,1,"Classify this meme: 1 = misogynous, 0 = not misogynous. Output only the digit."
15862.jpg,0,1,1,Is this image and text combination offensive towards women? Answer 1 (Offensive) or 0 (Safe).
15862.jpg,0,1,1,Look at the meme. Is it sexist? Answer only 1 or 0.
15891.jpg,0,0,0,Analyze both the image and the text. Is this meme misogynistic? Reply with 1 for yes or 0 for no.
15891.jpg,0,0,0,Does this content promote hate or sexism against women? Answer 1 or 0.
15891.jpg,0,0,0,"Classify this meme: 1 = misogynous, 0 = not misogynous. Output only the digit."
15891.jpg,0,0,0,Is this image and text combination offensive towards women? Answer 1 (Offensive) or 0 (Safe).
15891.jpg,0,0,0,Look at the meme. Is it sexist? Answer only 1 or 0.
16332.jpg,0,0,0,Analyze both the image and the text. Is this meme misogynistic? Reply with 1 for yes or 0 for no.
16332.jpg,0,0,0,Does this content promote hate or sexism against women? Answer 1 or 0.
16332.jpg,0,0,0,"Classify this meme: 1 = misogynous, 0 = not misogynous. Output only the digit."
16332.jpg,0,0,0,Is this image and text combination offensive towards women? Answer 1 (Offensive) or 0 (Safe).
16332.jpg,0,0,0,Look at the meme. Is it sexist? Answer only 1 or 0.
15318.jpg,1,1,1,Analyze both the image and the text. Is this meme misogynistic? Reply with 1 for yes or 0 for no.
15318.jpg,1,1,1,Does this content promote hate or sexism against women? Answer 1 or 0.
15318.jpg,1,1,1,"Classify this meme: 1 = misogynous, 0 = not misogynous. Output only the digit."
15318.jpg,1,1,1,Is this image and text combination offensive towards women? Answer 1 (Offensive) or 0 (Safe).
15318.jpg,1,1,1,Look at the meme. Is it sexist? Answer only 1 or 0.
16211.jpg,0,1,1,Analyze both the image and the text. Is this meme misogynistic? Reply with 1 for yes or 0 for no.
16211.jpg,0,0,0,Does this content promote hate or sexism against women? Answer 1 or 0.
16211.jpg,0,1,1,"Classify this meme: 1 = misogynous, 0 = not misogynous. Output only the digit."
16211.jpg,0,0,0,Is this image and text combination offensive towards women? Answer 1 (Offensive) or 0 (Safe).
16211.jpg,0,1,1,Look at the meme. Is it sexist? Answer only 1 or 0.
15078.jpg,0,0,0,Analyze both the image and the text. Is this meme misogynistic? Reply with 1 for yes or 0 for no.
15078.jpg,0,0,0,Does this content promote hate or sexism against women? Answer 1 or 0.
15078.jpg,0,0,0,"Classify this meme: 1 = misogynous, 0 = not misogynous. Output only the digit."
15078.jpg,0,0,0 (Safe).,Is this image and text combination offensive towards women? Answer 1 (Offensive) or 0 (Safe).
15078.jpg,0,0,0,Look at the meme. Is it sexist? Answer only 1 or 0.
16219.jpg,1,1,1,Analyze both the image and the text. Is this meme misogynistic? Reply with 1 for yes or 0 for no.
16219.jpg,1,1,1,Does this content promote hate or sexism against women? Answer 1 or 0.
16219.jpg,1,0,0,"Classify this meme: 1 = misogynous, 0 = not misogynous. Output only the digit."
16219.jpg,1,0,0,Is this image and text combination offensive towards women? Answer 1 (Offensive) or 0 (Safe).
16219.jpg,1,1,1,Look at the meme. Is it sexist? Answer only 1 or 0.
16111.jpg,1,1,1,Analyze both the image and the text. Is this meme misogynistic? Reply with 1 for yes or 0 for no.
16111.jpg,1,1,1,Does this content promote hate or sexism against women? Answer 1 or 0.
16111.jpg,1,1,1,"Classify this meme: 1 = misogynous, 0 = not misogynous. Output only the digit."
16111.jpg,1,0,0,Is this image and text combination offensive towards women? Answer 1 (Offensive) or 0 (Safe).
16111.jpg,1,1,1,Look at the meme. Is it sexist? Answer only 1 or 0.
15014.jpg,0,0,0,Analyze both the image and the text. Is this meme misogynistic? Reply with 1 for yes or 0 for no.
15014.jpg,0,0,0,Does this content promote hate or sexism against women? Answer 1 or 0.
15014.jpg,0,0,0,"Classify this meme: 1 = misogynous, 0 = not misogynous. Output only the digit."
15014.jpg,0,0,0 (Safe).,Is this image and text combination offensive towards women? Answer 1 (Offensive) or 0 (Safe).
15014.jpg,0,0,0,Look at the meme. Is it sexist? Answer only 1 or 0.
15408.jpg,0,0,0,Analyze both the image and the text. Is this meme misogynistic? Reply with 1 for yes or 0 for no.
15408.jpg,0,0,0,Does this content promote hate or sexism against women? Answer 1 or 0.
15408.jpg,0,0,0,"Classify this meme: 1 = misogynous, 0 = not misogynous. Output only the digit."
15408.jpg,0,0,0,Is this image and text combination offensive towards women? Answer 1 (Offensive) or 0 (Safe).
15408.jpg,0,0,0,Look at the meme. Is it sexist? Answer only 1 or 0.
17027.jpg,1,0,0,Analyze both the image and the text. Is this meme misogynistic? Reply with 1 for yes or 0 for no.
17027.jpg,1,0,0,Does this content promote hate or sexism against women? Answer 1 or 0.
17027.jpg,1,0,0,"Classify this meme: 1 = misogynous, 0 = not misogynous. Output only the digit."
17027.jpg,1,0,0,Is this image and text combination offensive towards women? Answer 1 (Offensive) or 0 (Safe).
17027.jpg,1,0,0,Look at the meme. Is it sexist? Answer only 1 or 0.
15240.jpg,1,1,1,Analyze both the image and the text. Is this meme misogynistic? Reply with 1 for yes or 0 for no.
15240.jpg,1,1,1,Does this content promote hate or sexism against women? Answer 1 or 0.
15240.jpg,1,1,1,"Classify this meme: 1 = misogynous, 0 = not misogynous. Output only the digit."
15240.jpg,1,1,1,Is this image and text combination offensive towards women? Answer 1 (Offensive) or 0 (Safe).
15240.jpg,1,1,1,Look at the meme. Is it sexist? Answer only 1 or 0.
15056.jpg,0,1,1,Analyze both the image and the text. Is this meme misogynistic? Reply with 1 for yes or 0 for no.
15056.jpg,0,1,1,Does this content promote hate or sexism against women? Answer 1 or 0.
15056.jpg,0,0,0,"Classify this meme: 1 = misogynous, 0 = not misogynous. Output only the digit."
15056.jpg,0,0,0,Is this image and text combination offensive towards women? Answer 1 (Offensive) or 0 (Safe).
15056.jpg,0,1,1,Look at the meme. Is it sexist? Answer only 1 or 0.
16309.jpg,1,1,1,Analyze both the image and the text. Is this meme misogynistic? Reply with 1 for yes or 0 for no.
16309.jpg,1,0,0,Does this content promote hate or sexism against women? Answer 1 or 0.
16309.jpg,1,1,1,"Classify this meme: 1 = misogynous, 0 = not misogynous. Output only the digit."
16309.jpg,1,0,0,Is this image and text combination offensive towards women? Answer 1 (Offensive) or 0 (Safe).
16309.jpg,1,1,1,Look at the meme. Is it sexist? Answer only 1 or 0.
15958.jpg,0,0,0,Analyze both the image and the text. Is this meme misogynistic? Reply with 1 for yes or 0 for no.
15958.jpg,0,0,0,Does this content promote hate or sexism against women? Answer 1 or 0.
15958.jpg,0,0,0,"Classify this meme: 1 = misogynous, 0 = not misogynous. Output only the digit."
15958.jpg,0,0,0,Is this image and text combination offensive towards women? Answer 1 (Offensive) or 0 (Safe).
15958.jpg,0,0,0,Look at the meme. Is it sexist? Answer only 1 or 0.
15867.jpg,0,0,0,Analyze both the image and the text. Is this meme misogynistic? Reply with 1 for yes or 0 for no.
15867.jpg,0,0,0,Does this content promote hate or sexism against women? Answer 1 or 0.
15867.jpg,0,1,1,"Classify this meme: 1 = misogynous, 0 = not misogynous. Output only the digit."
15867.jpg,0,0,0,Is this image and text combination offensive towards women? Answer 1 (Offensive) or 0 (Safe).
15867.jpg,0,0,0,Look at the meme. Is it sexist? Answer only 1 or 0.
15950.jpg,0,0,0,Analyze both the image and the text. Is this meme misogynistic? Reply with 1 for yes or 0 for no.
15950.jpg,0,0,0,Does this content promote hate or sexism against women? Answer 1 or 0.
15950.jpg,0,0,0,"Classify this meme: 1 = misogynous, 0 = not misogynous. Output only the digit."
15950.jpg,0,0,0,Is this image and text combination offensive towards women? Answer 1 (Offensive) or 0 (Safe).
15950.jpg,0,1,1,Look at the meme. Is it sexist? Answer only 1 or 0.
15906.jpg,1,0,0,Analyze both the image and the text. Is this meme misogynistic? Reply with 1 for yes or 0 for no.
15906.jpg,1,0,0,Does this content promote hate or sexism against women? Answer 1 or 0.
15906.jpg,1,0,0,"Classify this meme: 1 = misogynous, 0 = not misogynous. Output only the digit."
15906.jpg,1,0,0,Is this image and text combination offensive towards women? Answer 1 (Offensive) or 0 (Safe).
15906.jpg,1,0,0,Look at the meme. Is it sexist? Answer only 1 or 0.
17042.jpg,1,1,1,Analyze both the image and the text. Is this meme misogynistic? Reply with 1 for yes or 0 for no.
17042.jpg,1,0,0,Does this content promote hate or sexism against women? Answer 1 or 0.
17042.jpg,1,1,1,"Classify this meme: 1 = misogynous, 0 = not misogynous. Output only the digit."
17042.jpg,1,0,0,Is this image and text combination offensive towards women? Answer 1 (Offensive) or 0 (Safe).
17042.jpg,1,1,1,Look at the meme. Is it sexist? Answer only 1 or 0.
15330.jpg,1,1,1,Analyze both the image and the text. Is this meme misogynistic? Reply with 1 for yes or 0 for no.
15330.jpg,1,1,1,Does this content promote hate or sexism against women? Answer 1 or 0.
15330.jpg,1,0,0,"Classify this meme: 1 = misogynous, 0 = not misogynous. Output only the digit."
15330.jpg,1,0,0,Is this image and text combination offensive towards women? Answer 1 (Offensive) or 0 (Safe).
15330.jpg,1,1,1,Look at the meme. Is it sexist? Answer only 1 or 0.
15349.jpg,1,0,0,Analyze both the image and the text. Is this meme misogynistic? Reply with 1 for yes or 0 for no.
15349.jpg,1,0,0,Does this content promote hate or sexism against women? Answer 1 or 0.
15349.jpg,1,0,0,"Classify this meme: 1 = misogynous, 0 = not misogynous. Output only the digit."
15349.jpg,1,0,0,Is this image and text combination offensive towards women? Answer 1 (Offensive) or 0 (Safe).
15349.jpg,1,0,0,Look at the meme. Is it sexist? Answer only 1 or 0.
16248.jpg,1,1,1,Analyze both the image and the text. Is this meme misogynistic? Reply with 1 for yes or 0 for no.
16248.jpg,1,0,0,Does this content promote hate or sexism against women? Answer 1 or 0.
16248.jpg,1,1,1,"Classify this meme: 1 = misogynous, 0 = not misogynous. Output only the digit."
16248.jpg,1,0,0,Is this image and text combination offensive towards women? Answer 1 (Offensive) or 0 (Safe).
16248.jpg,1,1,1,Look at the meme. Is it sexist? Answer only 1 or 0.
15602.jpg,0,0,0,Analyze both the image and the text. Is this meme misogynistic? Reply with 1 for yes or 0 for no.
15602.jpg,0,0,0,Does this content promote hate or sexism against women? Answer 1 or 0.
15602.jpg,0,0,0,"Classify this meme: 1 = misogynous, 0 = not misogynous. Output only the digit."
15602.jpg,0,0,0,Is this image and text combination offensive towards women? Answer 1 (Offensive) or 0 (Safe).
15602.jpg,0,0,0,Look at the meme. Is it sexist? Answer only 1 or 0.
17022.jpg,0,1,1,Analyze both the image and the text. Is this meme misogynistic? Reply with 1 for yes or 0 for no.
17022.jpg,0,0,0,Does this content promote hate or sexism against women? Answer 1 or 0.
17022.jpg,0,0,0,"Classify this meme: 1 = misogynous, 0 = not misogynous. Output only the digit."
17022.jpg,0,0,0,Is this image and text combination offensive towards women? Answer 1 (Offensive) or 0 (Safe).
17022.jpg,0,1,1,Look at the meme. Is it sexist? Answer only 1 or 0.
17025.jpg,1,1,1,Analyze both the image and the text. Is this meme misogynistic? Reply with 1 for yes or 0 for no.
17025.jpg,1,1,1,Does this content promote hate or sexism against women? Answer 1 or 0.
17025.jpg,1,1,1,"Classify this meme: 1 = misogynous, 0 = not misogynous. Output only the digit."
17025.jpg,1,1,1,Is this image and text combination offensive towards women? Answer 1 (Offensive) or 0 (Safe).
17025.jpg,1,1,1,Look at the meme. Is it sexist? Answer only 1 or 0.
15097.jpg,0,1,1,Analyze both the image and the text. Is this meme misogynistic? Reply with 1 for yes or 0 for no.
15097.jpg,0,0,0,Does this content promote hate or sexism against women? Answer 1 or 0.
15097.jpg,0,0,0,"Classify this meme: 1 = misogynous, 0 = not misogynous. Output only the digit."
15097.jpg,0,0,0,Is this image and text combination offensive towards women? Answer 1 (Offensive) or 0 (Safe).
15097.jpg,0,1,1,Look at the meme. Is it sexist? Answer only 1 or 0.
16023.jpg,0,1,1,Analyze both the image and the text. Is this meme misogynistic? Reply with 1 for yes or 0 for no.
16023.jpg,0,0,0,Does this content promote hate or sexism against women? Answer 1 or 0.
16023.jpg,0,0,0,"Classify this meme: 1 = misogynous, 0 = not misogynous. Output only the digit."
16023.jpg,0,0,0,Is this image and text combination offensive towards women? Answer 1 (Offensive) or 0 (Safe).
16023.jpg,0,1,1,Look at the meme. Is it sexist? Answer only 1 or 0.
15823.jpg,1,0,0,Analyze both the image and the text. Is this meme misogynistic? Reply with 1 for yes or 0 for no.
15823.jpg,1,0,0,Does this content promote hate or sexism against women? Answer 1 or 0.
15823.jpg,1,0,0,"Classify this meme: 1 = misogynous, 0 = not misogynous. Output only the digit."
15823.jpg,1,0,0,Is this image and text combination offensive towards women? Answer 1 (Offensive) or 0 (Safe).
15823.jpg,1,0,0,Look at the meme. Is it sexist? Answer only 1 or 0.
16161.jpg,1,0,0,Analyze both the image and the text. Is this meme misogynistic? Reply with 1 for yes or 0 for no.
16161.jpg,1,0,0,Does this content promote hate or sexism against women? Answer 1 or 0.
16161.jpg,1,0,0,"Classify this meme: 1 = misogynous, 0 = not misogynous. Output only the digit."
16161.jpg,1,0,0,Is this image and text combination offensive towards women? Answer 1 (Offensive) or 0 (Safe).
16161.jpg,1,1,1,Look at the meme. Is it sexist? Answer only 1 or 0.
17043.jpg,0,0,0,Analyze both the image and the text. Is this meme misogynistic? Reply with 1 for yes or 0 for no.
17043.jpg,0,0,0,Does this content promote hate or sexism against women? Answer 1 or 0.
17043.jpg,0,0,0,"Classify this meme: 1 = misogynous, 0 = not misogynous. Output only the digit."
17043.jpg,0,0,0,Is this image and text combination offensive towards women? Answer 1 (Offensive) or 0 (Safe).
17043.jpg,0,0,0,Look at the meme. Is it sexist? Answer only 1 or 0.
15966.jpg,0,0,0,Analyze both the image and the text. Is this meme misogynistic? Reply with 1 for yes or 0 for no.
15966.jpg,0,0,0,Does this content promote hate or sexism against women? Answer 1 or 0.
15966.jpg,0,0,0,"Classify this meme: 1 = misogynous, 0 = not misogynous. Output only the digit."
15966.jpg,0,0,0,Is this image and text combination offensive towards women? Answer 1 (Offensive) or 0 (Safe).
15966.jpg,0,0,0,Look at the meme. Is it sexist? Answer only 1 or 0.
15412.jpg,0,0,0,Analyze both the image and the text. Is this meme misogynistic? Reply with 1 for yes or 0 for no.
15412.jpg,0,0,0,Does this content promote hate or sexism against women? Answer 1 or 0.
15412.jpg,0,0,0,"Classify this meme: 1 = misogynous, 0 = not misogynous. Output only the digit."
15412.jpg,0,0,0,Is this image and text combination offensive towards women? Answer 1 (Offensive) or 0 (Safe).
15412.jpg,0,0,0,Look at the meme. Is it sexist? Answer only 1 or 0.
15969.jpg,1,0,0,Analyze both the image and the text. Is this meme misogynistic? Reply with 1 for yes or 0 for no.
15969.jpg,1,0,0,Does this content promote hate or sexism against women? Answer 1 or 0.
15969.jpg,1,0,0,"Classify this meme: 1 = misogynous, 0 = not misogynous. Output only the digit."
15969.jpg,1,0,0,Is this image and text combination offensive towards women? Answer 1 (Offensive) or 0 (Safe).
15969.jpg,1,0,0,Look at the meme. Is it sexist? Answer only 1 or 0.
16117.jpg,0,1,1,Analyze both the image and the text. Is this meme misogynistic? Reply with 1 for yes or 0 for no.
16117.jpg,0,0,0,Does this content promote hate or sexism against women? Answer 1 or 0.
16117.jpg,0,0,0,"Classify this meme: 1 = misogynous, 0 = not misogynous. Output only the digit."
16117.jpg,0,0,0,Is this image and text combination offensive towards women? Answer 1 (Offensive) or 0 (Safe).
16117.jpg,0,0,0,Look at the meme. Is it sexist? Answer only 1 or 0.
15578.jpg,0,0,0,Analyze both the image and the text. Is this meme misogynistic? Reply with 1 for yes or 0 for no.
15578.jpg,0,0,0,Does this content promote hate or sexism against women? Answer 1 or 0.
15578.jpg,0,0,0,"Classify this meme: 1 = misogynous, 0 = not misogynous. Output only the digit."
15578.jpg,0,0,0 (Safe).,Is this image and text combination offensive towards women? Answer 1 (Offensive) or 0 (Safe).
15578.jpg,0,0,0,Look at the meme. Is it sexist? Answer only 1 or 0.
15300.jpg,1,0,0,Analyze both the image and the text. Is this meme misogynistic? Reply with 1 for yes or 0 for no.
15300.jpg,1,0,0,Does this content promote hate or sexism against women? Answer 1 or 0.
15300.jpg,1,0,0,"Classify this meme: 1 = misogynous, 0 = not misogynous. Output only the digit."
15300.jpg,1,0,0,Is this image and text combination offensive towards women? Answer 1 (Offensive) or 0 (Safe).
15300.jpg,1,0,0,Look at the meme. Is it sexist? Answer only 1 or 0.
15557.jpg,0,0,0,Analyze both the image and the text. Is this meme misogynistic? Reply with 1 for yes or 0 for no.
15557.jpg,0,0,0,Does this content promote hate or sexism against women? Answer 1 or 0.
15557.jpg,0,0,0,"Classify this meme: 1 = misogynous, 0 = not misogynous. Output only the digit."
15557.jpg,0,0,0,Is this image and text combination offensive towards women? Answer 1 (Offensive) or 0 (Safe).
15557.jpg,0,0,0,Look at the meme. Is it sexist? Answer only 1 or 0.
15161.jpg,0,0,0,Analyze both the image and the text. Is this meme misogynistic? Reply with 1 for yes or 0 for no.
15161.jpg,0,0,0,Does this content promote hate or sexism against women? Answer 1 or 0.
15161.jpg,0,0,0,"Classify this meme: 1 = misogynous, 0 = not misogynous. Output only the digit."
15161.jpg,0,0,0,Is this image and text combination offensive towards women? Answer 1 (Offensive) or 0 (Safe).
15161.jpg,0,0,0,Look at the meme. Is it sexist? Answer only 1 or 0.
17023.jpg,1,1,1,Analyze both the image and the text. Is this meme misogynistic? Reply with 1 for yes or 0 for no.
17023.jpg,1,1,1,Does this content promote hate or sexism against women? Answer 1 or 0.
17023.jpg,1,1,1,"Classify this meme: 1 = misogynous, 0 = not misogynous. Output only the digit."
17023.jpg,1,1,1,Is this image and text combination offensive towards women? Answer 1 (Offensive) or 0 (Safe).
17023.jpg,1,1,1,Look at the meme. Is it sexist? Answer only 1 or 0.
15222.jpg,0,0,0,Analyze both the image and the text. Is this meme misogynistic? Reply with 1 for yes or 0 for no.
15222.jpg,0,0,0,Does this content promote hate or sexism against women? Answer 1 or 0.
15222.jpg,0,0,0,"Classify this meme: 1 = misogynous, 0 = not misogynous. Output only the digit."
15222.jpg,0,0,0,Is this image and text combination offensive towards women? Answer 1 (Offensive) or 0 (Safe).
15222.jpg,0,0,0,Look at the meme. Is it sexist? Answer only 1 or 0.
15090.jpg,0,0,0,Analyze both the image and the text. Is this meme misogynistic? Reply with 1 for yes or 0 for no.
15090.jpg,0,0,0,Does this content promote hate or sexism against women? Answer 1 or 0.
15090.jpg,0,0,0,"Classify this meme: 1 = misogynous, 0 = not misogynous. Output only the digit."
15090.jpg,0,0,0,Is this image and text combination offensive towards women? Answer 1 (Offensive) or 0 (Safe).
15090.jpg,0,0,0,Look at the meme. Is it sexist? Answer only 1 or 0.
15854.jpg,1,0,0,Analyze both the image and the text. Is this meme misogynistic? Reply with 1 for yes or 0 for no.
15854.jpg,1,0,0,Does this content promote hate or sexism against women? Answer 1 or 0.
15854.jpg,1,0,0,"Classify this meme: 1 = misogynous, 0 = not misogynous. Output only the digit."
15854.jpg,1,0,0,Is this image and text combination offensive towards women? Answer 1 (Offensive) or 0 (Safe).
15854.jpg,1,0,0,Look at the meme. Is it sexist? Answer only 1 or 0.
15483.jpg,1,1,1,Analyze both the image and the text. Is this meme misogynistic? Reply with 1 for yes or 0 for no.
15483.jpg,1,1,1,Does this content promote hate or sexism against women? Answer 1 or 0.
15483.jpg,1,1,1,"Classify this meme: 1 = misogynous, 0 = not misogynous. Output only the digit."
15483.jpg,1,1,1,Is this image and text combination offensive towards women? Answer 1 (Offensive) or 0 (Safe).
15483.jpg,1,1,1,Look at the meme. Is it sexist? Answer only 1 or 0.
16131.jpg,1,0,0,Analyze both the image and the text. Is this meme misogynistic? Reply with 1 for yes or 0 for no.
16131.jpg,1,0,0,Does this content promote hate or sexism against women? Answer 1 or 0.
16131.jpg,1,0,0,"Classify this meme: 1 = misogynous, 0 = not misogynous. Output only the digit."
16131.jpg,1,0,0,Is this image and text combination offensive towards women? Answer 1 (Offensive) or 0 (Safe).
16131.jpg,1,0,0,Look at the meme. Is it sexist? Answer only 1 or 0.
15333.jpg,1,1,1,Analyze both the image and the text. Is this meme misogynistic? Reply with 1 for yes or 0 for no.
15333.jpg,1,1,1,Does this content promote hate or sexism against women? Answer 1 or 0.
15333.jpg,1,1,1,"Classify this meme: 1 = misogynous, 0 = not misogynous. Output only the digit."
15333.jpg,1,1,1,Is this image and text combination offensive towards women? Answer 1 (Offensive) or 0 (Safe).
15333.jpg,1,1,1,Look at the meme. Is it sexist? Answer only 1 or 0.
15159.jpg,1,1,1,Analyze both the image and the text. Is this meme misogynistic? Reply with 1 for yes or 0 for no.
15159.jpg,1,1,1,Does this content promote hate or sexism against women? Answer 1 or 0.
15159.jpg,1,1,1,"Classify this meme: 1 = misogynous, 0 = not misogynous. Output only the digit."
15159.jpg,1,1,1,Is this image and text combination offensive towards women? Answer 1 (Offensive) or 0 (Safe).
15159.jpg,1,1,1,Look at the meme. Is it sexist? Answer only 1 or 0.
15770.jpg,1,0,0,Analyze both the image and the text. Is this meme misogynistic? Reply with 1 for yes or 0 for no.
15770.jpg,1,0,0,Does this content promote hate or sexism against women? Answer 1 or 0.
15770.jpg,1,0,0,"Classify this meme: 1 = misogynous, 0 = not misogynous. Output only the digit."
15770.jpg,1,0,0,Is this image and text combination offensive towards women? Answer 1 (Offensive) or 0 (Safe).
15770.jpg,1,0,0,Look at the meme. Is it sexist? Answer only 1 or 0.
16076.jpg,1,1,1,Analyze both the image and the text. Is this meme misogynistic? Reply with 1 for yes or 0 for no.
16076.jpg,1,1,1,Does this content promote hate or sexism against women? Answer 1 or 0.
16076.jpg,1,1,1,"Classify this meme: 1 = misogynous, 0 = not misogynous. Output only the digit."
16076.jpg,1,0,0,Is this image and text combination offensive towards women? Answer 1 (Offensive) or 0 (Safe).
16076.jpg,1,1,1,Look at the meme. Is it sexist? Answer only 1 or 0.
16290.jpg,0,1,1,Analyze both the image and the text. Is this meme misogynistic? Reply with 1 for yes or 0 for no.
16290.jpg,0,1,1,Does this content promote hate or sexism against women? Answer 1 or 0.
16290.jpg,0,1,1,"Classify this meme: 1 = misogynous, 0 = not misogynous. Output only the digit."
16290.jpg,0,1,1,Is this image and text combination offensive towards women? Answer 1 (Offensive) or 0 (Safe).
16290.jpg,0,1,1,Look at the meme. Is it sexist? Answer only 1 or 0.
15651.jpg,0,1,1,Analyze both the image and the text. Is this meme misogynistic? Reply with 1 for yes or 0 for no.
15651.jpg,0,1,1,Does this content promote hate or sexism against women? Answer 1 or 0.
15651.jpg,0,1,1,"Classify this meme: 1 = misogynous, 0 = not misogynous. Output only the digit."
15651.jpg,0,0,0,Is this image and text combination offensive towards women? Answer 1 (Offensive) or 0 (Safe).
15651.jpg,0,1,1,Look at the meme. Is it sexist? Answer only 1 or 0.
15237.jpg,0,0,0,Analyze both the image and the text. Is this meme misogynistic? Reply with 1 for yes or 0 for no.
15237.jpg,0,0,0,Does this content promote hate or sexism against women? Answer 1 or 0.
15237.jpg,0,0,0,"Classify this meme: 1 = misogynous, 0 = not misogynous. Output only the digit."
15237.jpg,0,0,0,Is this image and text combination offensive towards women? Answer 1 (Offensive) or 0 (Safe).
15237.jpg,0,0,0,Look at the meme. Is it sexist? Answer only 1 or 0.
16113.jpg,1,1,1,Analyze both the image and the text. Is this meme misogynistic? Reply with 1 for yes or 0 for no.
16113.jpg,1,1,1,Does this content promote hate or sexism against women? Answer 1 or 0.
16113.jpg,1,1,1,"Classify this meme: 1 = misogynous, 0 = not misogynous. Output only the digit."
16113.jpg,1,1,1,Is this image and text combination offensive towards women? Answer 1 (Offensive) or 0 (Safe).
16113.jpg,1,0,0,Look at the meme. Is it sexist? Answer only 1 or 0.
15845.jpg,1,1,1,Analyze both the image and the text. Is this meme misogynistic? Reply with 1 for yes or 0 for no.
15845.jpg,1,1,1,Does this content promote hate or sexism against women? Answer 1 or 0.
15845.jpg,1,1,1,"Classify this meme: 1 = misogynous, 0 = not misogynous. Output only the digit."
15845.jpg,1,1,1,Is this image and text combination offensive towards women? Answer 1 (Offensive) or 0 (Safe).
15845.jpg,1,1,1,Look at the meme. Is it sexist? Answer only 1 or 0.
15228.jpg,0,0,0,Analyze both the image and the text. Is this meme misogynistic? Reply with 1 for yes or 0 for no.
15228.jpg,0,0,0,Does this content promote hate or sexism against women? Answer 1 or 0.
15228.jpg,0,0,0,"Classify this meme: 1 = misogynous, 0 = not misogynous. Output only the digit."
15228.jpg,0,0,0,Is this image and text combination offensive towards women? Answer 1 (Offensive) or 0 (Safe).
15228.jpg,0,0,0,Look at the meme. Is it sexist? Answer only 1 or 0.
15915.jpg,0,0,0,Analyze both the image and the text. Is this meme misogynistic? Reply with 1 for yes or 0 for no.
15915.jpg,0,0,0,Does this content promote hate or sexism against women? Answer 1 or 0.
15915.jpg,0,0,0,"Classify this meme: 1 = misogynous, 0 = not misogynous. Output only the digit."
15915.jpg,0,0,0,Is this image and text combination offensive towards women? Answer 1 (Offensive) or 0 (Safe).
15915.jpg,0,0,0,Look at the meme. Is it sexist? Answer only 1 or 0.
15008.jpg,1,1,1,Analyze both the image and the text. Is this meme misogynistic? Reply with 1 for yes or 0 for no.
15008.jpg,1,1,1,Does this content promote hate or sexism against women? Answer 1 or 0.
15008.jpg,1,1,1,"Classify this meme: 1 = misogynous, 0 = not misogynous. Output only the digit."
15008.jpg,1,1,1,Is this image and text combination offensive towards women? Answer 1 (Offensive) or 0 (Safe).
15008.jpg,1,1,1,Look at the meme. Is it sexist? Answer only 1 or 0.
16071.jpg,0,0,0,Analyze both the image and the text. Is this meme misogynistic? Reply with 1 for yes or 0 for no.
16071.jpg,0,0,0,Does this content promote hate or sexism against women? Answer 1 or 0.
16071.jpg,0,0,0,"Classify this meme: 1 = misogynous, 0 = not misogynous. Output only the digit."
16071.jpg,0,0,0,Is this image and text combination offensive towards women? Answer 1 (Offensive) or 0 (Safe).
16071.jpg,0,0,0,Look at the meme. Is it sexist? Answer only 1 or 0.
16189.jpg,1,0,0,Analyze both the image and the text. Is this meme misogynistic? Reply with 1 for yes or 0 for no.
16189.jpg,1,0,0,Does this content promote hate or sexism against women? Answer 1 or 0.
16189.jpg,1,1,1,"Classify this meme: 1 = misogynous, 0 = not misogynous. Output only the digit."
16189.jpg,1,0,0,Is this image and text combination offensive towards women? Answer 1 (Offensive) or 0 (Safe).
16189.jpg,1,1,1,Look at the meme. Is it sexist? Answer only 1 or 0.
17066.jpg,1,1,1,Analyze both the image and the text. Is this meme misogynistic? Reply with 1 for yes or 0 for no.
17066.jpg,1,1,1,Does this content promote hate or sexism against women? Answer 1 or 0.
17066.jpg,1,1,1,"Classify this meme: 1 = misogynous, 0 = not misogynous. Output only the digit."
17066.jpg,1,1,1,Is this image and text combination offensive towards women? Answer 1 (Offensive) or 0 (Safe).
17066.jpg,1,1,1,Look at the meme. Is it sexist? Answer only 1 or 0.
16299.jpg,0,1,1,Analyze both the image and the text. Is this meme misogynistic? Reply with 1 for yes or 0 for no.
16299.jpg,0,0,0,Does this content promote hate or sexism against women? Answer 1 or 0.
16299.jpg,0,1,1,"Classify this meme: 1 = misogynous, 0 = not misogynous. Output only the digit."
16299.jpg,0,0,0,Is this image and text combination offensive towards women? Answer 1 (Offensive) or 0 (Safe).
16299.jpg,0,1,1,Look at the meme. Is it sexist? Answer only 1 or 0.
15221.jpg,1,1,1,Analyze both the image and the text. Is this meme misogynistic? Reply with 1 for yes or 0 for no.
15221.jpg,1,0,0,Does this content promote hate or sexism against women? Answer 1 or 0.
15221.jpg,1,0,0,"Classify this meme: 1 = misogynous, 0 = not misogynous. Output only the digit."
15221.jpg,1,0,0,Is this image and text combination offensive towards women? Answer 1 (Offensive) or 0 (Safe).
15221.jpg,1,1,1,Look at the meme. Is it sexist? Answer only 1 or 0.
15351.jpg,0,0,0,Analyze both the image and the text. Is this meme misogynistic? Reply with 1 for yes or 0 for no.
15351.jpg,0,0,0,Does this content promote hate or sexism against women? Answer 1 or 0.
15351.jpg,0,0,0,"Classify this meme: 1 = misogynous, 0 = not misogynous. Output only the digit."
15351.jpg,0,0,0 (Safe).,Is this image and text combination offensive towards women? Answer 1 (Offensive) or 0 (Safe).
15351.jpg,0,0,0,Look at the meme. Is it sexist? Answer only 1 or 0.
15967.jpg,0,0,0,Analyze both the image and the text. Is this meme misogynistic? Reply with 1 for yes or 0 for no.
15967.jpg,0,0,0,Does this content promote hate or sexism against women? Answer 1 or 0.
15967.jpg,0,0,0,"Classify this meme: 1 = misogynous, 0 = not misogynous. Output only the digit."
15967.jpg,0,0,0,Is this image and text combination offensive towards women? Answer 1 (Offensive) or 0 (Safe).
15967.jpg,0,0,0,Look at the meme. Is it sexist? Answer only 1 or 0.
15103.jpg,0,1,1,Analyze both the image and the text. Is this meme misogynistic? Reply with 1 for yes or 0 for no.
15103.jpg,0,0,0,Does this content promote hate or sexism against women? Answer 1 or 0.
15103.jpg,0,0,0,"Classify this meme: 1 = misogynous, 0 = not misogynous. Output only the digit."
15103.jpg,0,0,0 (Safe).,Is this image and text combination offensive towards women? Answer 1 (Offensive) or 0 (Safe).
15103.jpg,0,0,0,Look at the meme. Is it sexist? Answer only 1 or 0.
17016.jpg,1,1,1,Analyze both the image and the text. Is this meme misogynistic? Reply with 1 for yes or 0 for no.
17016.jpg,1,1,1,Does this content promote hate or sexism against women? Answer 1 or 0.
17016.jpg,1,1,1,"Classify this meme: 1 = misogynous, 0 = not misogynous. Output only the digit."
17016.jpg,1,1,1,Is this image and text combination offensive towards women? Answer 1 (Offensive) or 0 (Safe).
17016.jpg,1,1,1,Look at the meme. Is it sexist? Answer only 1 or 0.
16094.jpg,1,1,1,Analyze both the image and the text. Is this meme misogynistic? Reply with 1 for yes or 0 for no.
16094.jpg,1,0,0,Does this content promote hate or sexism against women? Answer 1 or 0.
16094.jpg,1,1,1,"Classify this meme: 1 = misogynous, 0 = not misogynous. Output only the digit."
16094.jpg,1,0,0,Is this image and text combination offensive towards women? Answer 1 (Offensive) or 0 (Safe).
16094.jpg,1,1,1,Look at the meme. Is it sexist? Answer only 1 or 0.
15579.jpg,0,0,0,Analyze both the image and the text. Is this meme misogynistic? Reply with 1 for yes or 0 for no.
15579.jpg,0,0,0,Does this content promote hate or sexism against women? Answer 1 or 0.
15579.jpg,0,0,0,"Classify this meme: 1 = misogynous, 0 = not misogynous. Output only the digit."
15579.jpg,0,0,0,Is this image and text combination offensive towards women? Answer 1 (Offensive) or 0 (Safe).
15579.jpg,0,0,0,Look at the meme. Is it sexist? Answer only 1 or 0.
15873.jpg,1,0,0,Analyze both the image and the text. Is this meme misogynistic? Reply with 1 for yes or 0 for no.
15873.jpg,1,0,0,Does this content promote hate or sexism against women? Answer 1 or 0.
15873.jpg,1,0,0,"Classify this meme: 1 = misogynous, 0 = not misogynous. Output only the digit."
15873.jpg,1,0,0,Is this image and text combination offensive towards women? Answer 1 (Offensive) or 0 (Safe).
15873.jpg,1,0,0,Look at the meme. Is it sexist? Answer only 1 or 0.
17079.jpg,1,1,1,Analyze both the image and the text. Is this meme misogynistic? Reply with 1 for yes or 0 for no.
17079.jpg,1,1,1,Does this content promote hate or sexism against women? Answer 1 or 0.
17079.jpg,1,1,1,"Classify this meme: 1 = misogynous, 0 = not misogynous. Output only the digit."
17079.jpg,1,1,1,Is this image and text combination offensive towards women? Answer 1 (Offensive) or 0 (Safe).
17079.jpg,1,1,1,Look at the meme. Is it sexist? Answer only 1 or 0.
15558.jpg,0,0,0,Analyze both the image and the text. Is this meme misogynistic? Reply with 1 for yes or 0 for no.
15558.jpg,0,0,0,Does this content promote hate or sexism against women? Answer 1 or 0.
15558.jpg,0,0,0,"Classify this meme: 1 = misogynous, 0 = not misogynous. Output only the digit."
15558.jpg,0,0,0,Is this image and text combination offensive towards women? Answer 1 (Offensive) or 0 (Safe).
15558.jpg,0,0,0,Look at the meme. Is it sexist? Answer only 1 or 0.
15745.jpg,0,0,0,Analyze both the image and the text. Is this meme misogynistic? Reply with 1 for yes or 0 for no.
15745.jpg,0,0,0,Does this content promote hate or sexism against women? Answer 1 or 0.
15745.jpg,0,0,0,"Classify this meme: 1 = misogynous, 0 = not misogynous. Output only the digit."
15745.jpg,0,0,0,Is this image and text combination offensive towards women? Answer 1 (Offensive) or 0 (Safe).
15745.jpg,0,0,0,Look at the meme. Is it sexist? Answer only 1 or 0.
15020.jpg,0,0,0,Analyze both the image and the text. Is this meme misogynistic? Reply with 1 for yes or 0 for no.
15020.jpg,0,0,0,Does this content promote hate or sexism against women? Answer 1 or 0.
15020.jpg,0,0,0,"Classify this meme: 1 = misogynous, 0 = not misogynous. Output only the digit."
15020.jpg,0,0,0,Is this image and text combination offensive towards women? Answer 1 (Offensive) or 0 (Safe).
15020.jpg,0,0,0,Look at the meme. Is it sexist? Answer only 1 or 0.
16339.jpg,0,0,0,Analyze both the image and the text. Is this meme misogynistic? Reply with 1 for yes or 0 for no.
16339.jpg,0,0,0,Does this content promote hate or sexism against women? Answer 1 or 0.
16339.jpg,0,0,0,"Classify this meme: 1 = misogynous, 0 = not misogynous. Output only the digit."
16339.jpg,0,0,0,Is this image and text combination offensive towards women? Answer 1 (Offensive) or 0 (Safe).
16339.jpg,0,0,0,Look at the meme. Is it sexist? Answer only 1 or 0.
15890.jpg,0,0,0,Analyze both the image and the text. Is this meme misogynistic? Reply with 1 for yes or 0 for no.
15890.jpg,0,0,0,Does this content promote hate or sexism against women? Answer 1 or 0.
15890.jpg,0,0,0,"Classify this meme: 1 = misogynous, 0 = not misogynous. Output only the digit."
15890.jpg,0,0,0,Is this image and text combination offensive towards women? Answer 1 (Offensive) or 0 (Safe).
15890.jpg,0,0,0,Look at the meme. Is it sexist? Answer only 1 or 0.
16303.jpg,1,1,1,Analyze both the image and the text. Is this meme misogynistic? Reply with 1 for yes or 0 for no.
16303.jpg,1,1,1,Does this content promote hate or sexism against women? Answer 1 or 0.
16303.jpg,1,1,1,"Classify this meme: 1 = misogynous, 0 = not misogynous. Output only the digit."
16303.jpg,1,1,1,Is this image and text combination offensive towards women? Answer 1 (Offensive) or 0 (Safe).
16303.jpg,1,1,1,Look at the meme. Is it sexist? Answer only 1 or 0.
16240.jpg,1,0,0,Analyze both the image and the text. Is this meme misogynistic? Reply with 1 for yes or 0 for no.
16240.jpg,1,0,0,Does this content promote hate or sexism against women? Answer 1 or 0.
16240.jpg,1,0,0,"Classify this meme: 1 = misogynous, 0 = not misogynous. Output only the digit."
16240.jpg,1,0,0,Is this image and text combination offensive towards women? Answer 1 (Offensive) or 0 (Safe).
16240.jpg,1,0,0,Look at the meme. Is it sexist? Answer only 1 or 0.
15539.jpg,0,0,0,Analyze both the image and the text. Is this meme misogynistic? Reply with 1 for yes or 0 for no.
15539.jpg,0,0,0,Does this content promote hate or sexism against women? Answer 1 or 0.
15539.jpg,0,0,0,"Classify this meme: 1 = misogynous, 0 = not misogynous. Output only the digit."
15539.jpg,0,0,0,Is this image and text combination offensive towards women? Answer 1 (Offensive) or 0 (Safe).
15539.jpg,0,0,0,Look at the meme. Is it sexist? Answer only 1 or 0.
17007.jpg,1,0,0,Analyze both the image and the text. Is this meme misogynistic? Reply with 1 for yes or 0 for no.
17007.jpg,1,0,0,Does this content promote hate or sexism against women? Answer 1 or 0.
17007.jpg,1,0,0,"Classify this meme: 1 = misogynous, 0 = not misogynous. Output only the digit."
17007.jpg,1,0,0 (Safe).,Is this image and text combination offensive towards women? Answer 1 (Offensive) or 0 (Safe).
17007.jpg,1,0,0,Look at the meme. Is it sexist? Answer only 1 or 0.
17030.jpg,1,1,1,Analyze both the image and the text. Is this meme misogynistic? Reply with 1 for yes or 0 for no.
17030.jpg,1,0,0,Does this content promote hate or sexism against women? Answer 1 or 0.
17030.jpg,1,1,1,"Classify this meme: 1 = misogynous, 0 = not misogynous. Output only the digit."
17030.jpg,1,0,0,Is this image and text combination offensive towards women? Answer 1 (Offensive) or 0 (Safe).
17030.jpg,1,1,1,Look at the meme. Is it sexist? Answer only 1 or 0.
15642.jpg,1,0,0,Analyze both the image and the text. Is this meme misogynistic? Reply with 1 for yes or 0 for no.
15642.jpg,1,0,0,Does this content promote hate or sexism against women? Answer 1 or 0.
15642.jpg,1,0,0,"Classify this meme: 1 = misogynous, 0 = not misogynous. Output only the digit."
15642.jpg,1,0,0,Is this image and text combination offensive towards women? Answer 1 (Offensive) or 0 (Safe).
15642.jpg,1,1,1,Look at the meme. Is it sexist? Answer only 1 or 0.
15685.jpg,1,0,0,Analyze both the image and the text. Is this meme misogynistic? Reply with 1 for yes or 0 for no.
15685.jpg,1,0,0,Does this content promote hate or sexism against women? Answer 1 or 0.
15685.jpg,1,0,0,"Classify this meme: 1 = misogynous, 0 = not misogynous. Output only the digit."
15685.jpg,1,0,0,Is this image and text combination offensive towards women? Answer 1 (Offensive) or 0 (Safe).
15685.jpg,1,0,0,Look at the meme. Is it sexist? Answer only 1 or 0.
16181.jpg,0,1,1,Analyze both the image and the text. Is this meme misogynistic? Reply with 1 for yes or 0 for no.
16181.jpg,0,1,1,Does this content promote hate or sexism against women? Answer 1 or 0.
16181.jpg,0,1,1,"Classify this meme: 1 = misogynous, 0 = not misogynous. Output only the digit."
16181.jpg,0,1,1,Is this image and text combination offensive towards women? Answer 1 (Offensive) or 0 (Safe).
16181.jpg,0,1,1,Look at the meme. Is it sexist? Answer only 1 or 0.
16324.jpg,1,1,1,Analyze both the image and the text. Is this meme misogynistic? Reply with 1 for yes or 0 for no.
16324.jpg,1,1,1,Does this content promote hate or sexism against women? Answer 1 or 0.
16324.jpg,1,1,1,"Classify this meme: 1 = misogynous, 0 = not misogynous. Output only the digit."
16324.jpg,1,0,0,Is this image and text combination offensive towards women? Answer 1 (Offensive) or 0 (Safe).
16324.jpg,1,1,1,Look at the meme. Is it sexist? Answer only 1 or 0.
16109.jpg,1,0,0,Analyze both the image and the text. Is this meme misogynistic? Reply with 1 for yes or 0 for no.
16109.jpg,1,0,0,Does this content promote hate or sexism against women? Answer 1 or 0.
16109.jpg,1,0,0,"Classify this meme: 1 = misogynous, 0 = not misogynous. Output only the digit."
16109.jpg,1,0,0,Is this image and text combination offensive towards women? Answer 1 (Offensive) or 0 (Safe).
16109.jpg,1,1,1,Look at the meme. Is it sexist? Answer only 1 or 0.
15768.jpg,1,1,1,Analyze both the image and the text. Is this meme misogynistic? Reply with 1 for yes or 0 for no.
15768.jpg,1,1,1,Does this content promote hate or sexism against women? Answer 1 or 0.
15768.jpg,1,1,1,"Classify this meme: 1 = misogynous, 0 = not misogynous. Output only the digit."
15768.jpg,1,1,1,Is this image and text combination offensive towards women? Answer 1 (Offensive) or 0 (Safe).
15768.jpg,1,1,1,Look at the meme. Is it sexist? Answer only 1 or 0.
15614.jpg,0,0,0,Analyze both the image and the text. Is this meme misogynistic? Reply with 1 for yes or 0 for no.
15614.jpg,0,0,0,Does this content promote hate or sexism against women? Answer 1 or 0.
15614.jpg,0,0,0,"Classify this meme: 1 = misogynous, 0 = not misogynous. Output only the digit."
15614.jpg,0,0,0,Is this image and text combination offensive towards women? Answer 1 (Offensive) or 0 (Safe).
15614.jpg,0,0,0,Look at the meme. Is it sexist? Answer only 1 or 0.
15897.jpg,1,0,0,Analyze both the image and the text. Is this meme misogynistic? Reply with 1 for yes or 0 for no.
15897.jpg,1,0,0,Does this content promote hate or sexism against women? Answer 1 or 0.
15897.jpg,1,0,0,"Classify this meme: 1 = misogynous, 0 = not misogynous. Output only the digit."
15897.jpg,1,0,0,Is this image and text combination offensive towards women? Answer 1 (Offensive) or 0 (Safe).
15897.jpg,1,1,1,Look at the meme. Is it sexist? Answer only 1 or 0.
15157.jpg,0,0,0,Analyze both the image and the text. Is this meme misogynistic? Reply with 1 for yes or 0 for no.
15157.jpg,0,0,0,Does this content promote hate or sexism against women? Answer 1 or 0.
15157.jpg,0,0,0,"Classify this meme: 1 = misogynous, 0 = not misogynous. Output only the digit."
15157.jpg,0,0,0,Is this image and text combination offensive towards women? Answer 1 (Offensive) or 0 (Safe).
15157.jpg,0,0,0,Look at the meme. Is it sexist? Answer only 1 or 0.
16058.jpg,1,1,1,Analyze both the image and the text. Is this meme misogynistic? Reply with 1 for yes or 0 for no.
16058.jpg,1,1,1,Does this content promote hate or sexism against women? Answer 1 or 0.
16058.jpg,1,1,1,"Classify this meme: 1 = misogynous, 0 = not misogynous. Output only the digit."
16058.jpg,1,1,1,Is this image and text combination offensive towards women? Answer 1 (Offensive) or 0 (Safe).
16058.jpg,1,1,1,Look at the meme. Is it sexist? Answer only 1 or 0.
15713.jpg,0,0,0,Analyze both the image and the text. Is this meme misogynistic? Reply with 1 for yes or 0 for no.
15713.jpg,0,0,0,Does this content promote hate or sexism against women? Answer 1 or 0.
15713.jpg,0,0,0,"Classify this meme: 1 = misogynous, 0 = not misogynous. Output only the digit."
15713.jpg,0,0,0,Is this image and text combination offensive towards women? Answer 1 (Offensive) or 0 (Safe).
15713.jpg,0,0,0,Look at the meme. Is it sexist? Answer only 1 or 0.
15606.jpg,1,1,1,Analyze both the image and the text. Is this meme misogynistic? Reply with 1 for yes or 0 for no.
15606.jpg,1,1,1,Does this content promote hate or sexism against women? Answer 1 or 0.
15606.jpg,1,1,1,"Classify this meme: 1 = misogynous, 0 = not misogynous. Output only the digit."
15606.jpg,1,1,1,Is this image and text combination offensive towards women? Answer 1 (Offensive) or 0 (Safe).
15606.jpg,1,1,1,Look at the meme. Is it sexist? Answer only 1 or 0.
15652.jpg,0,0,0,Analyze both the image and the text. Is this meme misogynistic? Reply with 1 for yes or 0 for no.
15652.jpg,0,0,0,Does this content promote hate or sexism against women? Answer 1 or 0.
15652.jpg,0,1,1,"Classify this meme: 1 = misogynous, 0 = not misogynous. Output only the digit."
15652.jpg,0,0,0,Is this image and text combination offensive towards women? Answer 1 (Offensive) or 0 (Safe).
15652.jpg,0,0,0,Look at the meme. Is it sexist? Answer only 1 or 0.
16261.jpg,1,0,0,Analyze both the image and the text. Is this meme misogynistic? Reply with 1 for yes or 0 for no.
16261.jpg,1,0,0,Does this content promote hate or sexism against women? Answer 1 or 0.
16261.jpg,1,0,0,"Classify this meme: 1 = misogynous, 0 = not misogynous. Output only the digit."
16261.jpg,1,0,0,Is this image and text combination offensive towards women? Answer 1 (Offensive) or 0 (Safe).
16261.jpg,1,0,0,Look at the meme. Is it sexist? Answer only 1 or 0.
15241.jpg,0,0,0,Analyze both the image and the text. Is this meme misogynistic? Reply with 1 for yes or 0 for no.
15241.jpg,0,0,0,Does this content promote hate or sexism against women? Answer 1 or 0.
15241.jpg,0,0,0,"Classify this meme: 1 = misogynous, 0 = not misogynous. Output only the digit."
15241.jpg,0,0,0,Is this image and text combination offensive towards women? Answer 1 (Offensive) or 0 (Safe).
15241.jpg,0,0,0,Look at the meme. Is it sexist? Answer only 1 or 0.
15195.jpg,0,0,0,Analyze both the image and the text. Is this meme misogynistic? Reply with 1 for yes or 0 for no.
15195.jpg,0,0,0,Does this content promote hate or sexism against women? Answer 1 or 0.
15195.jpg,0,0,0,"Classify this meme: 1 = misogynous, 0 = not misogynous. Output only the digit."
15195.jpg,0,0,0,Is this image and text combination offensive towards women? Answer 1 (Offensive) or 0 (Safe).
15195.jpg,0,0,0,Look at the meme. Is it sexist? Answer only 1 or 0.
16038.jpg,1,0,0,Analyze both the image and the text. Is this meme misogynistic? Reply with 1 for yes or 0 for no.
16038.jpg,1,0,0,Does this content promote hate or sexism against women? Answer 1 or 0.
16038.jpg,1,0,0,"Classify this meme: 1 = misogynous, 0 = not misogynous. Output only the digit."
16038.jpg,1,0,0,Is this image and text combination offensive towards women? Answer 1 (Offensive) or 0 (Safe).
16038.jpg,1,1,1,Look at the meme. Is it sexist? Answer only 1 or 0.
15419.jpg,0,0,0,Analyze both the image and the text. Is this meme misogynistic? Reply with 1 for yes or 0 for no.
15419.jpg,0,0,0,Does this content promote hate or sexism against women? Answer 1 or 0.
15419.jpg,0,0,0,"Classify this meme: 1 = misogynous, 0 = not misogynous. Output only the digit."
15419.jpg,0,0,0,Is this image and text combination offensive towards women? Answer 1 (Offensive) or 0 (Safe).
15419.jpg,0,0,0,Look at the meme. Is it sexist? Answer only 1 or 0.
16237.jpg,0,1,1,Analyze both the image and the text. Is this meme misogynistic? Reply with 1 for yes or 0 for no.
16237.jpg,0,0,0,Does this content promote hate or sexism against women? Answer 1 or 0.
16237.jpg,0,0,0,"Classify this meme: 1 = misogynous, 0 = not misogynous. Output only the digit."
16237.jpg,0,0,0,Is this image and text combination offensive towards women? Answer 1 (Offensive) or 0 (Safe).
16237.jpg,0,1,1,Look at the meme. Is it sexist? Answer only 1 or 0.
15612.jpg,0,0,0,Analyze both the image and the text. Is this meme misogynistic? Reply with 1 for yes or 0 for no.
15612.jpg,0,0,0,Does this content promote hate or sexism against women? Answer 1 or 0.
15612.jpg,0,0,0,"Classify this meme: 1 = misogynous, 0 = not misogynous. Output only the digit."
15612.jpg,0,0,0,Is this image and text combination offensive towards women? Answer 1 (Offensive) or 0 (Safe).
15612.jpg,0,0,0,Look at the meme. Is it sexist? Answer only 1 or 0.
15840.jpg,1,0,0,Analyze both the image and the text. Is this meme misogynistic? Reply with 1 for yes or 0 for no.
15840.jpg,1,0,0,Does this content promote hate or sexism against women? Answer 1 or 0.
15840.jpg,1,0,0,"Classify this meme: 1 = misogynous, 0 = not misogynous. Output only the digit."
15840.jpg,1,0,0,Is this image and text combination offensive towards women? Answer 1 (Offensive) or 0 (Safe).
15840.jpg,1,1,1,Look at the meme. Is it sexist? Answer only 1 or 0.
16046.jpg,1,1,1,Analyze both the image and the text. Is this meme misogynistic? Reply with 1 for yes or 0 for no.
16046.jpg,1,0,0,Does this content promote hate or sexism against women? Answer 1 or 0.
16046.jpg,1,1,1,"Classify this meme: 1 = misogynous, 0 = not misogynous. Output only the digit."
16046.jpg,1,1,1,Is this image and text combination offensive towards women? Answer 1 (Offensive) or 0 (Safe).
16046.jpg,1,0,0,Look at the meme. Is it sexist? Answer only 1 or 0.
15525.jpg,0,0,0,Analyze both the image and the text. Is this meme misogynistic? Reply with 1 for yes or 0 for no.
15525.jpg,0,0,0,Does this content promote hate or sexism against women? Answer 1 or 0.
15525.jpg,0,0,0,"Classify this meme: 1 = misogynous, 0 = not misogynous. Output only the digit."
15525.jpg,0,0,0 (Safe).,Is this image and text combination offensive towards women? Answer 1 (Offensive) or 0 (Safe).
15525.jpg,0,0,0,Look at the meme. Is it sexist? Answer only 1 or 0.
15627.jpg,1,0,0,Analyze both the image and the text. Is this meme misogynistic? Reply with 1 for yes or 0 for no.
15627.jpg,1,0,0,Does this content promote hate or sexism against women? Answer 1 or 0.
15627.jpg,1,0,0,"Classify this meme: 1 = misogynous, 0 = not misogynous. Output only the digit."
15627.jpg,1,0,0,Is this image and text combination offensive towards women? Answer 1 (Offensive) or 0 (Safe).
15627.jpg,1,0,0,Look at the meme. Is it sexist? Answer only 1 or 0.
16053.jpg,0,0,0,Analyze both the image and the text. Is this meme misogynistic? Reply with 1 for yes or 0 for no.
16053.jpg,0,0,0,Does this content promote hate or sexism against women? Answer 1 or 0.
16053.jpg,0,0,0,"Classify this meme: 1 = misogynous, 0 = not misogynous. Output only the digit."
16053.jpg,0,0,0,Is this image and text combination offensive towards women? Answer 1 (Offensive) or 0 (Safe).
16053.jpg,0,0,0,Look at the meme. Is it sexist? Answer only 1 or 0.
16222.jpg,1,0,0,Analyze both the image and the text. Is this meme misogynistic? Reply with 1 for yes or 0 for no.
16222.jpg,1,0,0,Does this content promote hate or sexism against women? Answer 1 or 0.
16222.jpg,1,0,0,"Classify this meme: 1 = misogynous, 0 = not misogynous. Output only the digit."
16222.jpg,1,0,0,Is this image and text combination offensive towards women? Answer 1 (Offensive) or 0 (Safe).
16222.jpg,1,0,0,Look at the meme. Is it sexist? Answer only 1 or 0.
15230.jpg,0,1,1,Analyze both the image and the text. Is this meme misogynistic? Reply with 1 for yes or 0 for no.
15230.jpg,0,0,0,Does this content promote hate or sexism against women? Answer 1 or 0.
15230.jpg,0,1,1,"Classify this meme: 1 = misogynous, 0 = not misogynous. Output only the digit."
15230.jpg,0,0,0,Is this image and text combination offensive towards women? Answer 1 (Offensive) or 0 (Safe).
15230.jpg,0,1,1,Look at the meme. Is it sexist? Answer only 1 or 0.
16108.jpg,1,1,1,Analyze both the image and the text. Is this meme misogynistic? Reply with 1 for yes or 0 for no.
16108.jpg,1,1,1,Does this content promote hate or sexism against women? Answer 1 or 0.
16108.jpg,1,1,1,"Classify this meme: 1 = misogynous, 0 = not misogynous. Output only the digit."
16108.jpg,1,1,1,Is this image and text combination offensive towards women? Answer 1 (Offensive) or 0 (Safe).
16108.jpg,1,1,1,Look at the meme. Is it sexist? Answer only 1 or 0.
15946.jpg,0,0,0,Analyze both the image and the text. Is this meme misogynistic? Reply with 1 for yes or 0 for no.
15946.jpg,0,0,0,Does this content promote hate or sexism against women? Answer 1 or 0.
15946.jpg,0,0,0,"Classify this meme: 1 = misogynous, 0 = not misogynous. Output only the digit."
15946.jpg,0,0,0,Is this image and text combination offensive towards women? Answer 1 (Offensive) or 0 (Safe).
15946.jpg,0,0,0,Look at the meme. Is it sexist? Answer only 1 or 0.
16017.jpg,1,1,1,Analyze both the image and the text. Is this meme misogynistic? Reply with 1 for yes or 0 for no.
16017.jpg,1,1,1,Does this content promote hate or sexism against women? Answer 1 or 0.
16017.jpg,1,1,1,"Classify this meme: 1 = misogynous, 0 = not misogynous. Output only the digit."
16017.jpg,1,1,1,Is this image and text combination offensive towards women? Answer 1 (Offensive) or 0 (Safe).
16017.jpg,1,1,1,Look at the meme. Is it sexist? Answer only 1 or 0.
15566.jpg,0,0,0,Analyze both the image and the text. Is this meme misogynistic? Reply with 1 for yes or 0 for no.
15566.jpg,0,0,0,Does this content promote hate or sexism against women? Answer 1 or 0.
15566.jpg,0,0,0,"Classify this meme: 1 = misogynous, 0 = not misogynous. Output only the digit."
15566.jpg,0,0,0,Is this image and text combination offensive towards women? Answer 1 (Offensive) or 0 (Safe).
15566.jpg,0,0,0,Look at the meme. Is it sexist? Answer only 1 or 0.
15104.jpg,0,0,0,Analyze both the image and the text. Is this meme misogynistic? Reply with 1 for yes or 0 for no.
15104.jpg,0,0,0,Does this content promote hate or sexism against women? Answer 1 or 0.
15104.jpg,0,0,0,"Classify this meme: 1 = misogynous, 0 = not misogynous. Output only the digit."
15104.jpg,0,0,0 (Safe).,Is this image and text combination offensive towards women? Answer 1 (Offensive) or 0 (Safe).
15104.jpg,0,0,0,Look at the meme. Is it sexist? Answer only 1 or 0.
15664.jpg,0,0,0,Analyze both the image and the text. Is this meme misogynistic? Reply with 1 for yes or 0 for no.
15664.jpg,0,0,0,Does this content promote hate or sexism against women? Answer 1 or 0.
15664.jpg,0,0,0,"Classify this meme: 1 = misogynous, 0 = not misogynous. Output only the digit."
15664.jpg,0,0,0,Is this image and text combination offensive towards women? Answer 1 (Offensive) or 0 (Safe).
15664.jpg,0,0,0,Look at the meme. Is it sexist? Answer only 1 or 0.
15216.jpg,0,0,0,Analyze both the image and the text. Is this meme misogynistic? Reply with 1 for yes or 0 for no.
15216.jpg,0,0,0,Does this content promote hate or sexism against women? Answer 1 or 0.
15216.jpg,0,0,0,"Classify this meme: 1 = misogynous, 0 = not misogynous. Output only the digit."
15216.jpg,0,0,0,Is this image and text combination offensive towards women? Answer 1 (Offensive) or 0 (Safe).
15216.jpg,0,0,0,Look at the meme. Is it sexist? Answer only 1 or 0.
15142.jpg,1,1,1,Analyze both the image and the text. Is this meme misogynistic? Reply with 1 for yes or 0 for no.
15142.jpg,1,1,1,Does this content promote hate or sexism against women? Answer 1 or 0.
15142.jpg,1,1,1,"Classify this meme: 1 = misogynous, 0 = not misogynous. Output only the digit."
15142.jpg,1,1,1,Is this image and text combination offensive towards women? Answer 1 (Offensive) or 0 (Safe).
15142.jpg,1,1,1,Look at the meme. Is it sexist? Answer only 1 or 0.
15755.jpg,1,1,1,Analyze both the image and the text. Is this meme misogynistic? Reply with 1 for yes or 0 for no.
15755.jpg,1,0,0,Does this content promote hate or sexism against women? Answer 1 or 0.
15755.jpg,1,1,1,"Classify this meme: 1 = misogynous, 0 = not misogynous. Output only the digit."
15755.jpg,1,0,0,Is this image and text combination offensive towards women? Answer 1 (Offensive) or 0 (Safe).
15755.jpg,1,1,1,Look at the meme. Is it sexist? Answer only 1 or 0.
15598.jpg,1,1,1,Analyze both the image and the text. Is this meme misogynistic? Reply with 1 for yes or 0 for no.
15598.jpg,1,1,1,Does this content promote hate or sexism against women? Answer 1 or 0.
15598.jpg,1,1,1,"Classify this meme: 1 = misogynous, 0 = not misogynous. Output only the digit."
15598.jpg,1,1,1,Is this image and text combination offensive towards women? Answer 1 (Offensive) or 0 (Safe).
15598.jpg,1,1,1,Look at the meme. Is it sexist? Answer only 1 or 0.
15670.jpg,0,0,0,Analyze both the image and the text. Is this meme misogynistic? Reply with 1 for yes or 0 for no.
15670.jpg,0,0,0,Does this content promote hate or sexism against women? Answer 1 or 0.
15670.jpg,0,0,0,"Classify this meme: 1 = misogynous, 0 = not misogynous. Output only the digit."
15670.jpg,0,0,0,Is this image and text combination offensive towards women? Answer 1 (Offensive) or 0 (Safe).
15670.jpg,0,0,0,Look at the meme. Is it sexist? Answer only 1 or 0.
15941.jpg,0,0,0,Analyze both the image and the text. Is this meme misogynistic? Reply with 1 for yes or 0 for no.
15941.jpg,0,0,0,Does this content promote hate or sexism against women? Answer 1 or 0.
15941.jpg,0,0,0,"Classify this meme: 1 = misogynous, 0 = not misogynous. Output only the digit."
15941.jpg,0,0,0,Is this image and text combination offensive towards women? Answer 1 (Offensive) or 0 (Safe).
15941.jpg,0,0,0,Look at the meme. Is it sexist? Answer only 1 or 0.
17081.jpg,0,0,0,Analyze both the image and the text. Is this meme misogynistic? Reply with 1 for yes or 0 for no.
17081.jpg,0,0,0,Does this content promote hate or sexism against women? Answer 1 or 0.
17081.jpg,0,0,0,"Classify this meme: 1 = misogynous, 0 = not misogynous. Output only the digit."
17081.jpg,0,0,0,Is this image and text combination offensive towards women? Answer 1 (Offensive) or 0 (Safe).
17081.jpg,0,0,0,Look at the meme. Is it sexist? Answer only 1 or 0.
15987.jpg,1,0,0,Analyze both the image and the text. Is this meme misogynistic? Reply with 1 for yes or 0 for no.
15987.jpg,1,0,0,Does this content promote hate or sexism against women? Answer 1 or 0.
15987.jpg,1,0,0,"Classify this meme: 1 = misogynous, 0 = not misogynous. Output only the digit."
15987.jpg,1,0,0,Is this image and text combination offensive towards women? Answer 1 (Offensive) or 0 (Safe).
15987.jpg,1,0,0,Look at the meme. Is it sexist? Answer only 1 or 0.
16233.jpg,0,1,1,Analyze both the image and the text. Is this meme misogynistic? Reply with 1 for yes or 0 for no.
16233.jpg,0,0,0,Does this content promote hate or sexism against women? Answer 1 or 0.
16233.jpg,0,1,1,"Classify this meme: 1 = misogynous, 0 = not misogynous. Output only the digit."
16233.jpg,0,1,1,Is this image and text combination offensive towards women? Answer 1 (Offensive) or 0 (Safe).
16233.jpg,0,1,1,Look at the meme. Is it sexist? Answer only 1 or 0.
15678.jpg,0,0,0,Analyze both the image and the text. Is this meme misogynistic? Reply with 1 for yes or 0 for no.
15678.jpg,0,0,0,Does this content promote hate or sexism against women? Answer 1 or 0.
15678.jpg,0,0,0,"Classify this meme: 1 = misogynous, 0 = not misogynous. Output only the digit."
15678.jpg,0,0,0,Is this image and text combination offensive towards women? Answer 1 (Offensive) or 0 (Safe).
15678.jpg,0,0,0,Look at the meme. Is it sexist? Answer only 1 or 0.
15737.jpg,0,0,0,Analyze both the image and the text. Is this meme misogynistic? Reply with 1 for yes or 0 for no.
15737.jpg,0,0,0,Does this content promote hate or sexism against women? Answer 1 or 0.
15737.jpg,0,0,0,"Classify this meme: 1 = misogynous, 0 = not misogynous. Output only the digit."
15737.jpg,0,0,0,Is this image and text combination offensive towards women? Answer 1 (Offensive) or 0 (Safe).
15737.jpg,0,0,0,Look at the meme. Is it sexist? Answer only 1 or 0.
16170.jpg,0,0,0,Analyze both the image and the text. Is this meme misogynistic? Reply with 1 for yes or 0 for no.
16170.jpg,0,0,0,Does this content promote hate or sexism against women? Answer 1 or 0.
16170.jpg,0,0,0,"Classify this meme: 1 = misogynous, 0 = not misogynous. Output only the digit."
16170.jpg,0,0,0,Is this image and text combination offensive towards women? Answer 1 (Offensive) or 0 (Safe).
16170.jpg,0,0,0,Look at the meme. Is it sexist? Answer only 1 or 0.
17070.jpg,1,1,1,Analyze both the image and the text. Is this meme misogynistic? Reply with 1 for yes or 0 for no.
17070.jpg,1,1,1,Does this content promote hate or sexism against women? Answer 1 or 0.
17070.jpg,1,1,1,"Classify this meme: 1 = misogynous, 0 = not misogynous. Output only the digit."
17070.jpg,1,1,1,Is this image and text combination offensive towards women? Answer 1 (Offensive) or 0 (Safe).
17070.jpg,1,1,1,Look at the meme. Is it sexist? Answer only 1 or 0.
16145.jpg,0,1,1,Analyze both the image and the text. Is this meme misogynistic? Reply with 1 for yes or 0 for no.
16145.jpg,0,1,1,Does this content promote hate or sexism against women? Answer 1 or 0.
16145.jpg,0,1,1,"Classify this meme: 1 = misogynous, 0 = not misogynous. Output only the digit."
16145.jpg,0,1,1,Is this image and text combination offensive towards women? Answer 1 (Offensive) or 0 (Safe).
16145.jpg,0,1,1,Look at the meme. Is it sexist? Answer only 1 or 0.
15569.jpg,0,0,0,Analyze both the image and the text. Is this meme misogynistic? Reply with 1 for yes or 0 for no.
15569.jpg,0,0,0,Does this content promote hate or sexism against women? Answer 1 or 0.
15569.jpg,0,0,0,"Classify this meme: 1 = misogynous, 0 = not misogynous. Output only the digit."
15569.jpg,0,0,0,Is this image and text combination offensive towards women? Answer 1 (Offensive) or 0 (Safe).
15569.jpg,0,0,0,Look at the meme. Is it sexist? Answer only 1 or 0.
15649.jpg,0,0,0,Analyze both the image and the text. Is this meme misogynistic? Reply with 1 for yes or 0 for no.
15649.jpg,0,0,0,Does this content promote hate or sexism against women? Answer 1 or 0.
15649.jpg,0,0,0,"Classify this meme: 1 = misogynous, 0 = not misogynous. Output only the digit."
15649.jpg,0,0,0,Is this image and text combination offensive towards women? Answer 1 (Offensive) or 0 (Safe).
15649.jpg,0,1,1,Look at the meme. Is it sexist? Answer only 1 or 0.
15004.jpg,0,0,0,Analyze both the image and the text. Is this meme misogynistic? Reply with 1 for yes or 0 for no.
15004.jpg,0,0,0,Does this content promote hate or sexism against women? Answer 1 or 0.
15004.jpg,0,0,0,"Classify this meme: 1 = misogynous, 0 = not misogynous. Output only the digit."
15004.jpg,0,0,0,Is this image and text combination offensive towards women? Answer 1 (Offensive) or 0 (Safe).
15004.jpg,0,0,0,Look at the meme. Is it sexist? Answer only 1 or 0.
17055.jpg,0,0,0,Analyze both the image and the text. Is this meme misogynistic? Reply with 1 for yes or 0 for no.
17055.jpg,0,0,0,Does this content promote hate or sexism against women? Answer 1 or 0.
17055.jpg,0,0,0,"Classify this meme: 1 = misogynous, 0 = not misogynous. Output only the digit."
17055.jpg,0,0,0,Is this image and text combination offensive towards women? Answer 1 (Offensive) or 0 (Safe).
17055.jpg,0,0,0,Look at the meme. Is it sexist? Answer only 1 or 0.
15756.jpg,0,1,1,Analyze both the image and the text. Is this meme misogynistic? Reply with 1 for yes or 0 for no.
15756.jpg,0,1,1,Does this content promote hate or sexism against women? Answer 1 or 0.
15756.jpg,0,1,1,"Classify this meme: 1 = misogynous, 0 = not misogynous. Output only the digit."
15756.jpg,0,0,0,Is this image and text combination offensive towards women? Answer 1 (Offensive) or 0 (Safe).
15756.jpg,0,1,1,Look at the meme. Is it sexist? Answer only 1 or 0.
15126.jpg,1,1,1,Analyze both the image and the text. Is this meme misogynistic? Reply with 1 for yes or 0 for no.
15126.jpg,1,0,0,Does this content promote hate or sexism against women? Answer 1 or 0.
15126.jpg,1,1,1,"Classify this meme: 1 = misogynous, 0 = not misogynous. Output only the digit."
15126.jpg,1,1,1,Is this image and text combination offensive towards women? Answer 1 (Offensive) or 0 (Safe).
15126.jpg,1,1,1,Look at the meme. Is it sexist? Answer only 1 or 0.
15212.jpg,0,0,0,Analyze both the image and the text. Is this meme misogynistic? Reply with 1 for yes or 0 for no.
15212.jpg,0,0,0,Does this content promote hate or sexism against women? Answer 1 or 0.
15212.jpg,0,0,0,"Classify this meme: 1 = misogynous, 0 = not misogynous. Output only the digit."
15212.jpg,0,0,0,Is this image and text combination offensive towards women? Answer 1 (Offensive) or 0 (Safe).
15212.jpg,0,0,0,Look at the meme. Is it sexist? Answer only 1 or 0.
15800.jpg,1,0,0,Analyze both the image and the text. Is this meme misogynistic? Reply with 1 for yes or 0 for no.
15800.jpg,1,0,0,Does this content promote hate or sexism against women? Answer 1 or 0.
15800.jpg,1,1,1,"Classify this meme: 1 = misogynous, 0 = not misogynous. Output only the digit."
15800.jpg,1,0,0,Is this image and text combination offensive towards women? Answer 1 (Offensive) or 0 (Safe).
15800.jpg,1,1,1,Look at the meme. Is it sexist? Answer only 1 or 0.
15055.jpg,0,0,0,Analyze both the image and the text. Is this meme misogynistic? Reply with 1 for yes or 0 for no.
15055.jpg,0,0,0,Does this content promote hate or sexism against women? Answer 1 or 0.
15055.jpg,0,0,0,"Classify this meme: 1 = misogynous, 0 = not misogynous. Output only the digit."
15055.jpg,0,0,0,Is this image and text combination offensive towards women? Answer 1 (Offensive) or 0 (Safe).
15055.jpg,0,0,0,Look at the meme. Is it sexist? Answer only 1 or 0.
16129.jpg,1,1,1,Analyze both the image and the text. Is this meme misogynistic? Reply with 1 for yes or 0 for no.
16129.jpg,1,1,1,Does this content promote hate or sexism against women? Answer 1 or 0.
16129.jpg,1,1,1,"Classify this meme: 1 = misogynous, 0 = not misogynous. Output only the digit."
16129.jpg,1,0,0,Is this image and text combination offensive towards women? Answer 1 (Offensive) or 0 (Safe).
16129.jpg,1,1,1,Look at the meme. Is it sexist? Answer only 1 or 0.
16026.jpg,1,1,1,Analyze both the image and the text. Is this meme misogynistic? Reply with 1 for yes or 0 for no.
16026.jpg,1,1,1,Does this content promote hate or sexism against women? Answer 1 or 0.
16026.jpg,1,1,1,"Classify this meme: 1 = misogynous, 0 = not misogynous. Output only the digit."
16026.jpg,1,1,1,Is this image and text combination offensive towards women? Answer 1 (Offensive) or 0 (Safe).
16026.jpg,1,1,1,Look at the meme. Is it sexist? Answer only 1 or 0.
15058.jpg,1,0,0,Analyze both the image and the text. Is this meme misogynistic? Reply with 1 for yes or 0 for no.
15058.jpg,1,0,0,Does this content promote hate or sexism against women? Answer 1 or 0.
15058.jpg,1,0,0,"Classify this meme: 1 = misogynous, 0 = not misogynous. Output only the digit."
15058.jpg,1,0,0 (Safe).,Is this image and text combination offensive towards women? Answer 1 (Offensive) or 0 (Safe).
15058.jpg,1,1,1,Look at the meme. Is it sexist? Answer only 1 or 0.
15548.jpg,0,0,0,Analyze both the image and the text. Is this meme misogynistic? Reply with 1 for yes or 0 for no.
15548.jpg,0,0,0,Does this content promote hate or sexism against women? Answer 1 or 0.
15548.jpg,0,0,0,"Classify this meme: 1 = misogynous, 0 = not misogynous. Output only the digit."
15548.jpg,0,0,0,Is this image and text combination offensive towards women? Answer 1 (Offensive) or 0 (Safe).
15548.jpg,0,0,0,Look at the meme. Is it sexist? Answer only 1 or 0.
15361.jpg,1,1,1,Analyze both the image and the text. Is this meme misogynistic? Reply with 1 for yes or 0 for no.
15361.jpg,1,1,1,Does this content promote hate or sexism against women? Answer 1 or 0.
15361.jpg,1,1,1,"Classify this meme: 1 = misogynous, 0 = not misogynous. Output only the digit."
15361.jpg,1,1,1,Is this image and text combination offensive towards women? Answer 1 (Offensive) or 0 (Safe).
15361.jpg,1,1,1,Look at the meme. Is it sexist? Answer only 1 or 0.
16069.jpg,1,1,1,Analyze both the image and the text. Is this meme misogynistic? Reply with 1 for yes or 0 for no.
16069.jpg,1,1,1,Does this content promote hate or sexism against women? Answer 1 or 0.
16069.jpg,1,1,1,"Classify this meme: 1 = misogynous, 0 = not misogynous. Output only the digit."
16069.jpg,1,0,0,Is this image and text combination offensive towards women? Answer 1 (Offensive) or 0 (Safe).
16069.jpg,1,1,1,Look at the meme. Is it sexist? Answer only 1 or 0.
15452.jpg,0,0,0,Analyze both the image and the text. Is this meme misogynistic? Reply with 1 for yes or 0 for no.
15452.jpg,0,0,0,Does this content promote hate or sexism against women? Answer 1 or 0.
15452.jpg,0,0,0,"Classify this meme: 1 = misogynous, 0 = not misogynous. Output only the digit."
15452.jpg,0,0,0,Is this image and text combination offensive towards women? Answer 1 (Offensive) or 0 (Safe).
15452.jpg,0,0,0,Look at the meme. Is it sexist? Answer only 1 or 0.
15783.jpg,0,0,0,Analyze both the image and the text. Is this meme misogynistic? Reply with 1 for yes or 0 for no.
15783.jpg,0,0,0,Does this content promote hate or sexism against women? Answer 1 or 0.
15783.jpg,0,0,0,"Classify this meme: 1 = misogynous, 0 = not misogynous. Output only the digit."
15783.jpg,0,0,0,Is this image and text combination offensive towards women? Answer 1 (Offensive) or 0 (Safe).
15783.jpg,0,0,0,Look at the meme. Is it sexist? Answer only 1 or 0.
15047.jpg,0,0,0,Analyze both the image and the text. Is this meme misogynistic? Reply with 1 for yes or 0 for no.
15047.jpg,0,0,0,Does this content promote hate or sexism against women? Answer 1 or 0.
15047.jpg,0,0,0,"Classify this meme: 1 = misogynous, 0 = not misogynous. Output only the digit."
15047.jpg,0,0,0 (Safe).,Is this image and text combination offensive towards women? Answer 1 (Offensive) or 0 (Safe).
15047.jpg,0,0,0,Look at the meme. Is it sexist? Answer only 1 or 0.
15833.jpg,1,0,0,Analyze both the image and the text. Is this meme misogynistic? Reply with 1 for yes or 0 for no.
15833.jpg,1,0,0,Does this content promote hate or sexism against women? Answer 1 or 0.
15833.jpg,1,1,1,"Classify this meme: 1 = misogynous, 0 = not misogynous. Output only the digit."
15833.jpg,1,0,0,Is this image and text combination offensive towards women? Answer 1 (Offensive) or 0 (Safe).
15833.jpg,1,1,1,Look at the meme. Is it sexist? Answer only 1 or 0.
15130.jpg,0,0,0,Analyze both the image and the text. Is this meme misogynistic? Reply with 1 for yes or 0 for no.
15130.jpg,0,0,0,Does this content promote hate or sexism against women? Answer 1 or 0.
15130.jpg,0,0,0,"Classify this meme: 1 = misogynous, 0 = not misogynous. Output only the digit."
15130.jpg,0,0,0,Is this image and text combination offensive towards women? Answer 1 (Offensive) or 0 (Safe).
15130.jpg,0,0,0,Look at the meme. Is it sexist? Answer only 1 or 0.
15763.jpg,0,0,0,Analyze both the image and the text. Is this meme misogynistic? Reply with 1 for yes or 0 for no.
15763.jpg,0,0,0,Does this content promote hate or sexism against women? Answer 1 or 0.
15763.jpg,0,0,0,"Classify this meme: 1 = misogynous, 0 = not misogynous. Output only the digit."
15763.jpg,0,0,0,Is this image and text combination offensive towards women? Answer 1 (Offensive) or 0 (Safe).
15763.jpg,0,0,0,Look at the meme. Is it sexist? Answer only 1 or 0.
15879.jpg,1,1,1,Analyze both the image and the text. Is this meme misogynistic? Reply with 1 for yes or 0 for no.
15879.jpg,1,1,1,Does this content promote hate or sexism against women? Answer 1 or 0.
15879.jpg,1,1,1,"Classify this meme: 1 = misogynous, 0 = not misogynous. Output only the digit."
15879.jpg,1,1,1,Is this image and text combination offensive towards women? Answer 1 (Offensive) or 0 (Safe).
15879.jpg,1,1,1,Look at the meme. Is it sexist? Answer only 1 or 0.
15752.jpg,1,1,1,Analyze both the image and the text. Is this meme misogynistic? Reply with 1 for yes or 0 for no.
15752.jpg,1,1,1,Does this content promote hate or sexism against women? Answer 1 or 0.
15752.jpg,1,0,0,"Classify this meme: 1 = misogynous, 0 = not misogynous. Output only the digit."
15752.jpg,1,0,0,Is this image and text combination offensive towards women? Answer 1 (Offensive) or 0 (Safe).
15752.jpg,1,1,1,Look at the meme. Is it sexist? Answer only 1 or 0.
15476.jpg,0,0,0,Analyze both the image and the text. Is this meme misogynistic? Reply with 1 for yes or 0 for no.
15476.jpg,0,0,0,Does this content promote hate or sexism against women? Answer 1 or 0.
15476.jpg,0,0,0,"Classify this meme: 1 = misogynous, 0 = not misogynous. Output only the digit."
15476.jpg,0,0,0,Is this image and text combination offensive towards women? Answer 1 (Offensive) or 0 (Safe).
15476.jpg,0,0,0,Look at the meme. Is it sexist? Answer only 1 or 0.
15409.jpg,0,0,0,Analyze both the image and the text. Is this meme misogynistic? Reply with 1 for yes or 0 for no.
15409.jpg,0,0,0,Does this content promote hate or sexism against women? Answer 1 or 0.
15409.jpg,0,0,0,"Classify this meme: 1 = misogynous, 0 = not misogynous. Output only the digit."
15409.jpg,0,0,0,Is this image and text combination offensive towards women? Answer 1 (Offensive) or 0 (Safe).
15409.jpg,0,0,0,Look at the meme. Is it sexist? Answer only 1 or 0.
15965.jpg,1,1,1,Analyze both the image and the text. Is this meme misogynistic? Reply with 1 for yes or 0 for no.
15965.jpg,1,0,0,Does this content promote hate or sexism against women? Answer 1 or 0.
15965.jpg,1,0,0,"Classify this meme: 1 = misogynous, 0 = not misogynous. Output only the digit."
15965.jpg,1,0,0,Is this image and text combination offensive towards women? Answer 1 (Offensive) or 0 (Safe).
15965.jpg,1,0,0,Look at the meme. Is it sexist? Answer only 1 or 0.
15772.jpg,0,1,1,Analyze both the image and the text. Is this meme misogynistic? Reply with 1 for yes or 0 for no.
15772.jpg,0,1,1,Does this content promote hate or sexism against women? Answer 1 or 0.
15772.jpg,0,1,1,"Classify this meme: 1 = misogynous, 0 = not misogynous. Output only the digit."
15772.jpg,0,1,Offensive,Is this image and text combination offensive towards women? Answer 1 (Offensive) or 0 (Safe).
15772.jpg,0,1,1,Look at the meme. Is it sexist? Answer only 1 or 0.
15655.jpg,0,1,1,Analyze both the image and the text. Is this meme misogynistic? Reply with 1 for yes or 0 for no.
15655.jpg,0,0,0,Does this content promote hate or sexism against women? Answer 1 or 0.
15655.jpg,0,0,0,"Classify this meme: 1 = misogynous, 0 = not misogynous. Output only the digit."
15655.jpg,0,0,0,Is this image and text combination offensive towards women? Answer 1 (Offensive) or 0 (Safe).
15655.jpg,0,1,1,Look at the meme. Is it sexist? Answer only 1 or 0.
15847.jpg,1,1,1,Analyze both the image and the text. Is this meme misogynistic? Reply with 1 for yes or 0 for no.
15847.jpg,1,1,1,Does this content promote hate or sexism against women? Answer 1 or 0.
15847.jpg,1,1,1,"Classify this meme: 1 = misogynous, 0 = not misogynous. Output only the digit."
15847.jpg,1,0,0,Is this image and text combination offensive towards women? Answer 1 (Offensive) or 0 (Safe).
15847.jpg,1,1,1,Look at the meme. Is it sexist? Answer only 1 or 0.
15499.jpg,0,1,1,Analyze both the image and the text. Is this meme misogynistic? Reply with 1 for yes or 0 for no.
15499.jpg,0,0,0,Does this content promote hate or sexism against women? Answer 1 or 0.
15499.jpg,0,1,1,"Classify this meme: 1 = misogynous, 0 = not misogynous. Output only the digit."
15499.jpg,0,0,0,Is this image and text combination offensive towards women? Answer 1 (Offensive) or 0 (Safe).
15499.jpg,0,1,1,Look at the meme. Is it sexist? Answer only 1 or 0.
15303.jpg,0,0,0,Analyze both the image and the text. Is this meme misogynistic? Reply with 1 for yes or 0 for no.
15303.jpg,0,0,0,Does this content promote hate or sexism against women? Answer 1 or 0.
15303.jpg,0,0,0,"Classify this meme: 1 = misogynous, 0 = not misogynous. Output only the digit."
15303.jpg,0,0,0,Is this image and text combination offensive towards women? Answer 1 (Offensive) or 0 (Safe).
15303.jpg,0,1,1,Look at the meme. Is it sexist? Answer only 1 or 0.
16212.jpg,0,1,1,Analyze both the image and the text. Is this meme misogynistic? Reply with 1 for yes or 0 for no.
16212.jpg,0,0,0,Does this content promote hate or sexism against women? Answer 1 or 0.
16212.jpg,0,1,1,"Classify this meme: 1 = misogynous, 0 = not misogynous. Output only the digit."
16212.jpg,0,0,0,Is this image and text combination offensive towards women? Answer 1 (Offensive) or 0 (Safe).
16212.jpg,0,1,1,Look at the meme. Is it sexist? Answer only 1 or 0.
15619.jpg,1,1,1,Analyze both the image and the text. Is this meme misogynistic? Reply with 1 for yes or 0 for no.
15619.jpg,1,1,1,Does this content promote hate or sexism against women? Answer 1 or 0.
15619.jpg,1,1,1,"Classify this meme: 1 = misogynous, 0 = not misogynous. Output only the digit."
15619.jpg,1,1,1,Is this image and text combination offensive towards women? Answer 1 (Offensive) or 0 (Safe).
15619.jpg,1,1,1,Look at the meme. Is it sexist? Answer only 1 or 0.
15444.jpg,0,0,0,Analyze both the image and the text. Is this meme misogynistic? Reply with 1 for yes or 0 for no.
15444.jpg,0,0,0,Does this content promote hate or sexism against women? Answer 1 or 0.
15444.jpg,0,0,0,"Classify this meme: 1 = misogynous, 0 = not misogynous. Output only the digit."
15444.jpg,0,0,0,Is this image and text combination offensive towards women? Answer 1 (Offensive) or 0 (Safe).
15444.jpg,0,0,0,Look at the meme. Is it sexist? Answer only 1 or 0.
15784.jpg,1,0,0,Analyze both the image and the text. Is this meme misogynistic? Reply with 1 for yes or 0 for no.
15784.jpg,1,0,0,Does this content promote hate or sexism against women? Answer 1 or 0.
15784.jpg,1,0,0,"Classify this meme: 1 = misogynous, 0 = not misogynous. Output only the digit."
15784.jpg,1,0,0,Is this image and text combination offensive towards women? Answer 1 (Offensive) or 0 (Safe).
15784.jpg,1,0,0,Look at the meme. Is it sexist? Answer only 1 or 0.
15748.jpg,1,1,1,Analyze both the image and the text. Is this meme misogynistic? Reply with 1 for yes or 0 for no.
15748.jpg,1,0,0,Does this content promote hate or sexism against women? Answer 1 or 0.
15748.jpg,1,1,1,"Classify this meme: 1 = misogynous, 0 = not misogynous. Output only the digit."
15748.jpg,1,0,0,Is this image and text combination offensive towards women? Answer 1 (Offensive) or 0 (Safe).
15748.jpg,1,1,1,Look at the meme. Is it sexist? Answer only 1 or 0.
15588.jpg,1,1,1,Analyze both the image and the text. Is this meme misogynistic? Reply with 1 for yes or 0 for no.
15588.jpg,1,1,1,Does this content promote hate or sexism against women? Answer 1 or 0.
15588.jpg,1,1,1,"Classify this meme: 1 = misogynous, 0 = not misogynous. Output only the digit."
15588.jpg,1,1,1,Is this image and text combination offensive towards women? Answer 1 (Offensive) or 0 (Safe).
15588.jpg,1,1,1,Look at the meme. Is it sexist? Answer only 1 or 0.
16220.jpg,1,0,0,Analyze both the image and the text. Is this meme misogynistic? Reply with 1 for yes or 0 for no.
16220.jpg,1,0,0,Does this content promote hate or sexism against women? Answer 1 or 0.
16220.jpg,1,0,0,"Classify this meme: 1 = misogynous, 0 = not misogynous. Output only the digit."
16220.jpg,1,0,0,Is this image and text combination offensive towards women? Answer 1 (Offensive) or 0 (Safe).
16220.jpg,1,1,1,Look at the meme. Is it sexist? Answer only 1 or 0.
15962.jpg,0,1,1,Analyze both the image and the text. Is this meme misogynistic? Reply with 1 for yes or 0 for no.
15962.jpg,0,1,1,Does this content promote hate or sexism against women? Answer 1 or 0.
15962.jpg,0,1,1,"Classify this meme: 1 = misogynous, 0 = not misogynous. Output only the digit."
15962.jpg,0,0,0,Is this image and text combination offensive towards women? Answer 1 (Offensive) or 0 (Safe).
15962.jpg,0,1,1,Look at the meme. Is it sexist? Answer only 1 or 0.
16029.jpg,0,0,0,Analyze both the image and the text. Is this meme misogynistic? Reply with 1 for yes or 0 for no.
16029.jpg,0,0,0,Does this content promote hate or sexism against women? Answer 1 or 0.
16029.jpg,0,0,0,"Classify this meme: 1 = misogynous, 0 = not misogynous. Output only the digit."
16029.jpg,0,0,0,Is this image and text combination offensive towards women? Answer 1 (Offensive) or 0 (Safe).
16029.jpg,0,0,0,Look at the meme. Is it sexist? Answer only 1 or 0.
15328.jpg,0,0,0,Analyze both the image and the text. Is this meme misogynistic? Reply with 1 for yes or 0 for no.
15328.jpg,0,0,0,Does this content promote hate or sexism against women? Answer 1 or 0.
15328.jpg,0,0,0,"Classify this meme: 1 = misogynous, 0 = not misogynous. Output only the digit."
15328.jpg,0,0,0,Is this image and text combination offensive towards women? Answer 1 (Offensive) or 0 (Safe).
15328.jpg,0,0,0,Look at the meme. Is it sexist? Answer only 1 or 0.
17068.jpg,0,0,0,Analyze both the image and the text. Is this meme misogynistic? Reply with 1 for yes or 0 for no.
17068.jpg,0,0,0,Does this content promote hate or sexism against women? Answer 1 or 0.
17068.jpg,0,0,0,"Classify this meme: 1 = misogynous, 0 = not misogynous. Output only the digit."
17068.jpg,0,0,0,Is this image and text combination offensive towards women? Answer 1 (Offensive) or 0 (Safe).
17068.jpg,0,0,0,Look at the meme. Is it sexist? Answer only 1 or 0.
15355.jpg,0,1,1,Analyze both the image and the text. Is this meme misogynistic? Reply with 1 for yes or 0 for no.
15355.jpg,0,0,0,Does this content promote hate or sexism against women? Answer 1 or 0.
15355.jpg,0,0,0,"Classify this meme: 1 = misogynous, 0 = not misogynous. Output only the digit."
15355.jpg,0,0,0 (Safe).,Is this image and text combination offensive towards women? Answer 1 (Offensive) or 0 (Safe).
15355.jpg,0,1,1,Look at the meme. Is it sexist? Answer only 1 or 0.
15280.jpg,1,1,1,Analyze both the image and the text. Is this meme misogynistic? Reply with 1 for yes or 0 for no.
15280.jpg,1,1,1,Does this content promote hate or sexism against women? Answer 1 or 0.
15280.jpg,1,1,1,"Classify this meme: 1 = misogynous, 0 = not misogynous. Output only the digit."
15280.jpg,1,1,1,Is this image and text combination offensive towards women? Answer 1 (Offensive) or 0 (Safe).
15280.jpg,1,1,1,Look at the meme. Is it sexist? Answer only 1 or 0.
15448.jpg,0,0,0,Analyze both the image and the text. Is this meme misogynistic? Reply with 1 for yes or 0 for no.
15448.jpg,0,0,0,Does this content promote hate or sexism against women? Answer 1 or 0.
15448.jpg,0,0,0,"Classify this meme: 1 = misogynous, 0 = not misogynous. Output only the digit."
15448.jpg,0,0,0,Is this image and text combination offensive towards women? Answer 1 (Offensive) or 0 (Safe).
15448.jpg,0,0,0,Look at the meme. Is it sexist? Answer only 1 or 0.
16335.jpg,0,0,0,Analyze both the image and the text. Is this meme misogynistic? Reply with 1 for yes or 0 for no.
16335.jpg,0,0,0,Does this content promote hate or sexism against women? Answer 1 or 0.
16335.jpg,0,0,0,"Classify this meme: 1 = misogynous, 0 = not misogynous. Output only the digit."
16335.jpg,0,0,0,Is this image and text combination offensive towards women? Answer 1 (Offensive) or 0 (Safe).
16335.jpg,0,0,0,Look at the meme. Is it sexist? Answer only 1 or 0.
15561.jpg,0,0,0,Analyze both the image and the text. Is this meme misogynistic? Reply with 1 for yes or 0 for no.
15561.jpg,0,0,0,Does this content promote hate or sexism against women? Answer 1 or 0.
15561.jpg,0,0,0,"Classify this meme: 1 = misogynous, 0 = not misogynous. Output only the digit."
15561.jpg,0,0,0,Is this image and text combination offensive towards women? Answer 1 (Offensive) or 0 (Safe).
15561.jpg,0,0,0,Look at the meme. Is it sexist? Answer only 1 or 0.
15065.jpg,1,1,1,Analyze both the image and the text. Is this meme misogynistic? Reply with 1 for yes or 0 for no.
15065.jpg,1,1,1,Does this content promote hate or sexism against women? Answer 1 or 0.
15065.jpg,1,1,1,"Classify this meme: 1 = misogynous, 0 = not misogynous. Output only the digit."
15065.jpg,1,1,1,Is this image and text combination offensive towards women? Answer 1 (Offensive) or 0 (Safe).
15065.jpg,1,1,1,Look at the meme. Is it sexist? Answer only 1 or 0.
15838.jpg,0,1,1,Analyze both the image and the text. Is this meme misogynistic? Reply with 1 for yes or 0 for no.
15838.jpg,0,1,1,Does this content promote hate or sexism against women? Answer 1 or 0.
15838.jpg,0,1,1,"Classify this meme: 1 = misogynous, 0 = not misogynous. Output only the digit."
15838.jpg,0,1,1,Is this image and text combination offensive towards women? Answer 1 (Offensive) or 0 (Safe).
15838.jpg,0,1,1,Look at the meme. Is it sexist? Answer only 1 or 0.
15304.jpg,1,1,1,Analyze both the image and the text. Is this meme misogynistic? Reply with 1 for yes or 0 for no.
15304.jpg,1,1,1,Does this content promote hate or sexism against women? Answer 1 or 0.
15304.jpg,1,1,1,"Classify this meme: 1 = misogynous, 0 = not misogynous. Output only the digit."
15304.jpg,1,1,1,Is this image and text combination offensive towards women? Answer 1 (Offensive) or 0 (Safe).
15304.jpg,1,1,1,Look at the meme. Is it sexist? Answer only 1 or 0.
15150.jpg,0,0,0,Analyze both the image and the text. Is this meme misogynistic? Reply with 1 for yes or 0 for no.
15150.jpg,0,0,0,Does this content promote hate or sexism against women? Answer 1 or 0.
15150.jpg,0,0,0,"Classify this meme: 1 = misogynous, 0 = not misogynous. Output only the digit."
15150.jpg,0,0,0,Is this image and text combination offensive towards women? Answer 1 (Offensive) or 0 (Safe).
15150.jpg,0,0,0,Look at the meme. Is it sexist? Answer only 1 or 0.
15818.jpg,0,0,0,Analyze both the image and the text. Is this meme misogynistic? Reply with 1 for yes or 0 for no.
15818.jpg,0,0,0,Does this content promote hate or sexism against women? Answer 1 or 0.
15818.jpg,0,0,0,"Classify this meme: 1 = misogynous, 0 = not misogynous. Output only the digit."
15818.jpg,0,0,0,Is this image and text combination offensive towards women? Answer 1 (Offensive) or 0 (Safe).
15818.jpg,0,0,0,Look at the meme. Is it sexist? Answer only 1 or 0.
15210.jpg,0,1,1,Analyze both the image and the text. Is this meme misogynistic? Reply with 1 for yes or 0 for no.
15210.jpg,0,1,1,Does this content promote hate or sexism against women? Answer 1 or 0.
15210.jpg,0,1,1,"Classify this meme: 1 = misogynous, 0 = not misogynous. Output only the digit."
15210.jpg,0,1,1,Is this image and text combination offensive towards women? Answer 1 (Offensive) or 0 (Safe).
15210.jpg,0,1,1,Look at the meme. Is it sexist? Answer only 1 or 0.
17024.jpg,1,0,0,Analyze both the image and the text. Is this meme misogynistic? Reply with 1 for yes or 0 for no.
17024.jpg,1,0,0,Does this content promote hate or sexism against women? Answer 1 or 0.
17024.jpg,1,0,0,"Classify this meme: 1 = misogynous, 0 = not misogynous. Output only the digit."
17024.jpg,1,0,0,Is this image and text combination offensive towards women? Answer 1 (Offensive) or 0 (Safe).
17024.jpg,1,1,1,Look at the meme. Is it sexist? Answer only 1 or 0.
16250.jpg,1,1,1,Analyze both the image and the text. Is this meme misogynistic? Reply with 1 for yes or 0 for no.
16250.jpg,1,0,0,Does this content promote hate or sexism against women? Answer 1 or 0.
16250.jpg,1,0,0,"Classify this meme: 1 = misogynous, 0 = not misogynous. Output only the digit."
16250.jpg,1,0,0,Is this image and text combination offensive towards women? Answer 1 (Offensive) or 0 (Safe).
16250.jpg,1,1,1,Look at the meme. Is it sexist? Answer only 1 or 0.
15041.jpg,1,1,1,Analyze both the image and the text. Is this meme misogynistic? Reply with 1 for yes or 0 for no.
15041.jpg,1,0,0,Does this content promote hate or sexism against women? Answer 1 or 0.
15041.jpg,1,1,1,"Classify this meme: 1 = misogynous, 0 = not misogynous. Output only the digit."
15041.jpg,1,0,0,Is this image and text combination offensive towards women? Answer 1 (Offensive) or 0 (Safe).
15041.jpg,1,1,1,Look at the meme. Is it sexist? Answer only 1 or 0.
16128.jpg,1,0,0,Analyze both the image and the text. Is this meme misogynistic? Reply with 1 for yes or 0 for no.
16128.jpg,1,0,0,Does this content promote hate or sexism against women? Answer 1 or 0.
16128.jpg,1,0,0,"Classify this meme: 1 = misogynous, 0 = not misogynous. Output only the digit."
16128.jpg,1,0,0,Is this image and text combination offensive towards women? Answer 1 (Offensive) or 0 (Safe).
16128.jpg,1,1,1,Look at the meme. Is it sexist? Answer only 1 or 0.
15255.jpg,1,1,1,Analyze both the image and the text. Is this meme misogynistic? Reply with 1 for yes or 0 for no.
15255.jpg,1,1,1,Does this content promote hate or sexism against women? Answer 1 or 0.
15255.jpg,1,1,1,"Classify this meme: 1 = misogynous, 0 = not misogynous. Output only the digit."
15255.jpg,1,1,1,Is this image and text combination offensive towards women? Answer 1 (Offensive) or 0 (Safe).
15255.jpg,1,1,1,Look at the meme. Is it sexist? Answer only 1 or 0.
16314.jpg,1,1,1,Analyze both the image and the text. Is this meme misogynistic? Reply with 1 for yes or 0 for no.
16314.jpg,1,0,0,Does this content promote hate or sexism against women? Answer 1 or 0.
16314.jpg,1,0,0,"Classify this meme: 1 = misogynous, 0 = not misogynous. Output only the digit."
16314.jpg,1,0,0,Is this image and text combination offensive towards women? Answer 1 (Offensive) or 0 (Safe).
16314.jpg,1,1,1,Look at the meme. Is it sexist? Answer only 1 or 0.
16317.jpg,1,1,1,Analyze both the image and the text. Is this meme misogynistic? Reply with 1 for yes or 0 for no.
16317.jpg,1,0,0,Does this content promote hate or sexism against women? Answer 1 or 0.
16317.jpg,1,0,0,"Classify this meme: 1 = misogynous, 0 = not misogynous. Output only the digit."
16317.jpg,1,0,0,Is this image and text combination offensive towards women? Answer 1 (Offensive) or 0 (Safe).
16317.jpg,1,1,1,Look at the meme. Is it sexist? Answer only 1 or 0.
16283.jpg,0,0,0,Analyze both the image and the text. Is this meme misogynistic? Reply with 1 for yes or 0 for no.
16283.jpg,0,0,0,Does this content promote hate or sexism against women? Answer 1 or 0.
16283.jpg,0,0,0,"Classify this meme: 1 = misogynous, 0 = not misogynous. Output only the digit."
16283.jpg,0,0,0,Is this image and text combination offensive towards women? Answer 1 (Offensive) or 0 (Safe).
16283.jpg,0,0,0,Look at the meme. Is it sexist? Answer only 1 or 0.
15206.jpg,1,1,1,Analyze both the image and the text. Is this meme misogynistic? Reply with 1 for yes or 0 for no.
15206.jpg,1,0,0,Does this content promote hate or sexism against women? Answer 1 or 0.
15206.jpg,1,1,1,"Classify this meme: 1 = misogynous, 0 = not misogynous. Output only the digit."
15206.jpg,1,0,0,Is this image and text combination offensive towards women? Answer 1 (Offensive) or 0 (Safe).
15206.jpg,1,0,0,Look at the meme. Is it sexist? Answer only 1 or 0.
15669.jpg,0,0,0,Analyze both the image and the text. Is this meme misogynistic? Reply with 1 for yes or 0 for no.
15669.jpg,0,0,0,Does this content promote hate or sexism against women? Answer 1 or 0.
15669.jpg,0,0,0,"Classify this meme: 1 = misogynous, 0 = not misogynous. Output only the digit."
15669.jpg,0,0,0,Is this image and text combination offensive towards women? Answer 1 (Offensive) or 0 (Safe).
15669.jpg,0,0,0,Look at the meme. Is it sexist? Answer only 1 or 0.
15348.jpg,1,1,1,Analyze both the image and the text. Is this meme misogynistic? Reply with 1 for yes or 0 for no.
15348.jpg,1,1,1,Does this content promote hate or sexism against women? Answer 1 or 0.
15348.jpg,1,1,1,"Classify this meme: 1 = misogynous, 0 = not misogynous. Output only the digit."
15348.jpg,1,1,1,Is this image and text combination offensive towards women? Answer 1 (Offensive) or 0 (Safe).
15348.jpg,1,1,1,Look at the meme. Is it sexist? Answer only 1 or 0.
15656.jpg,0,0,0,Analyze both the image and the text. Is this meme misogynistic? Reply with 1 for yes or 0 for no.
15656.jpg,0,0,0,Does this content promote hate or sexism against women? Answer 1 or 0.
15656.jpg,0,0,0,"Classify this meme: 1 = misogynous, 0 = not misogynous. Output only the digit."
15656.jpg,0,0,0,Is this image and text combination offensive towards women? Answer 1 (Offensive) or 0 (Safe).
15656.jpg,0,0,0,Look at the meme. Is it sexist? Answer only 1 or 0.
15454.jpg,0,1,1,Analyze both the image and the text. Is this meme misogynistic? Reply with 1 for yes or 0 for no.
15454.jpg,0,1,1,Does this content promote hate or sexism against women? Answer 1 or 0.
15454.jpg,0,1,1,"Classify this meme: 1 = misogynous, 0 = not misogynous. Output only the digit."
15454.jpg,0,0,0,Is this image and text combination offensive towards women? Answer 1 (Offensive) or 0 (Safe).
15454.jpg,0,1,1,Look at the meme. Is it sexist? Answer only 1 or 0.
15789.jpg,1,0,0,Analyze both the image and the text. Is this meme misogynistic? Reply with 1 for yes or 0 for no.
15789.jpg,1,0,0,Does this content promote hate or sexism against women? Answer 1 or 0.
15789.jpg,1,0,0,"Classify this meme: 1 = misogynous, 0 = not misogynous. Output only the digit."
15789.jpg,1,0,0,Is this image and text combination offensive towards women? Answer 1 (Offensive) or 0 (Safe).
15789.jpg,1,0,0,Look at the meme. Is it sexist? Answer only 1 or 0.
15493.jpg,0,0,0,Analyze both the image and the text. Is this meme misogynistic? Reply with 1 for yes or 0 for no.
15493.jpg,0,0,0,Does this content promote hate or sexism against women? Answer 1 or 0.
15493.jpg,0,0,0,"Classify this meme: 1 = misogynous, 0 = not misogynous. Output only the digit."
15493.jpg,0,0,0,Is this image and text combination offensive towards women? Answer 1 (Offensive) or 0 (Safe).
15493.jpg,0,0,0,Look at the meme. Is it sexist? Answer only 1 or 0.
15892.jpg,1,0,0,Analyze both the image and the text. Is this meme misogynistic? Reply with 1 for yes or 0 for no.
15892.jpg,1,0,0,Does this content promote hate or sexism against women? Answer 1 or 0.
15892.jpg,1,0,0,"Classify this meme: 1 = misogynous, 0 = not misogynous. Output only the digit."
15892.jpg,1,0,0,Is this image and text combination offensive towards women? Answer 1 (Offensive) or 0 (Safe).
15892.jpg,1,0,0,Look at the meme. Is it sexist? Answer only 1 or 0.
15167.jpg,0,0,0,Analyze both the image and the text. Is this meme misogynistic? Reply with 1 for yes or 0 for no.
15167.jpg,0,0,0,Does this content promote hate or sexism against women? Answer 1 or 0.
15167.jpg,0,0,0,"Classify this meme: 1 = misogynous, 0 = not misogynous. Output only the digit."
15167.jpg,0,0,0,Is this image and text combination offensive towards women? Answer 1 (Offensive) or 0 (Safe).
15167.jpg,0,1,1,Look at the meme. Is it sexist? Answer only 1 or 0.
15289.jpg,1,1,1,Analyze both the image and the text. Is this meme misogynistic? Reply with 1 for yes or 0 for no.
15289.jpg,1,0,0,Does this content promote hate or sexism against women? Answer 1 or 0.
15289.jpg,1,0,0,"Classify this meme: 1 = misogynous, 0 = not misogynous. Output only the digit."
15289.jpg,1,0,0,Is this image and text combination offensive towards women? Answer 1 (Offensive) or 0 (Safe).
15289.jpg,1,0,0,Look at the meme. Is it sexist? Answer only 1 or 0.
15835.jpg,1,0,0,Analyze both the image and the text. Is this meme misogynistic? Reply with 1 for yes or 0 for no.
15835.jpg,1,0,0,Does this content promote hate or sexism against women? Answer 1 or 0.
15835.jpg,1,1,1,"Classify this meme: 1 = misogynous, 0 = not misogynous. Output only the digit."
15835.jpg,1,0,0,Is this image and text combination offensive towards women? Answer 1 (Offensive) or 0 (Safe).
15835.jpg,1,0,0,Look at the meme. Is it sexist? Answer only 1 or 0.
15009.jpg,0,0,0,Analyze both the image and the text. Is this meme misogynistic? Reply with 1 for yes or 0 for no.
15009.jpg,0,0,0,Does this content promote hate or sexism against women? Answer 1 or 0.
15009.jpg,0,0,0,"Classify this meme: 1 = misogynous, 0 = not misogynous. Output only the digit."
15009.jpg,0,0,0 (Safe).,Is this image and text combination offensive towards women? Answer 1 (Offensive) or 0 (Safe).
15009.jpg,0,0,0,Look at the meme. Is it sexist? Answer only 1 or 0.
15829.jpg,1,0,0,Analyze both the image and the text. Is this meme misogynistic? Reply with 1 for yes or 0 for no.
15829.jpg,1,0,0,Does this content promote hate or sexism against women? Answer 1 or 0.
15829.jpg,1,0,0,"Classify this meme: 1 = misogynous, 0 = not misogynous. Output only the digit."
15829.jpg,1,0,0,Is this image and text combination offensive towards women? Answer 1 (Offensive) or 0 (Safe).
15829.jpg,1,1,1,Look at the meme. Is it sexist? Answer only 1 or 0.
16090.jpg,1,0,0,Analyze both the image and the text. Is this meme misogynistic? Reply with 1 for yes or 0 for no.
16090.jpg,1,0,0,Does this content promote hate or sexism against women? Answer 1 or 0.
16090.jpg,1,0,0,"Classify this meme: 1 = misogynous, 0 = not misogynous. Output only the digit."
16090.jpg,1,0,0,Is this image and text combination offensive towards women? Answer 1 (Offensive) or 0 (Safe).
16090.jpg,1,0,0,Look at the meme. Is it sexist? Answer only 1 or 0.
17032.jpg,1,1,1,Analyze both the image and the text. Is this meme misogynistic? Reply with 1 for yes or 0 for no.
17032.jpg,1,1,1,Does this content promote hate or sexism against women? Answer 1 or 0.
17032.jpg,1,1,1,"Classify this meme: 1 = misogynous, 0 = not misogynous. Output only the digit."
17032.jpg,1,1,1,Is this image and text combination offensive towards women? Answer 1 (Offensive) or 0 (Safe).
17032.jpg,1,1,1,Look at the meme. Is it sexist? Answer only 1 or 0.
16275.jpg,1,1,1,Analyze both the image and the text. Is this meme misogynistic? Reply with 1 for yes or 0 for no.
16275.jpg,1,0,0,Does this content promote hate or sexism against women? Answer 1 or 0.
16275.jpg,1,1,1,"Classify this meme: 1 = misogynous, 0 = not misogynous. Output only the digit."
16275.jpg,1,0,0,Is this image and text combination offensive towards women? Answer 1 (Offensive) or 0 (Safe).
16275.jpg,1,1,1,Look at the meme. Is it sexist? Answer only 1 or 0.
17013.jpg,1,0,0,Analyze both the image and the text. Is this meme misogynistic? Reply with 1 for yes or 0 for no.
17013.jpg,1,0,0,Does this content promote hate or sexism against women? Answer 1 or 0.
17013.jpg,1,0,0,"Classify this meme: 1 = misogynous, 0 = not misogynous. Output only the digit."
17013.jpg,1,0,0,Is this image and text combination offensive towards women? Answer 1 (Offensive) or 0 (Safe).
17013.jpg,1,0,0,Look at the meme. Is it sexist? Answer only 1 or 0.
15036.jpg,0,1,1,Analyze both the image and the text. Is this meme misogynistic? Reply with 1 for yes or 0 for no.
15036.jpg,0,1,1,Does this content promote hate or sexism against women? Answer 1 or 0.
15036.jpg,0,0,0,"Classify this meme: 1 = misogynous, 0 = not misogynous. Output only the digit."
15036.jpg,0,0,0,Is this image and text combination offensive towards women? Answer 1 (Offensive) or 0 (Safe).
15036.jpg,0,1,1,Look at the meme. Is it sexist? Answer only 1 or 0.
15155.jpg,0,0,0,Analyze both the image and the text. Is this meme misogynistic? Reply with 1 for yes or 0 for no.
15155.jpg,0,0,0,Does this content promote hate or sexism against women? Answer 1 or 0.
15155.jpg,0,0,0,"Classify this meme: 1 = misogynous, 0 = not misogynous. Output only the digit."
15155.jpg,0,0,0,Is this image and text combination offensive towards women? Answer 1 (Offensive) or 0 (Safe).
15155.jpg,0,0,0,Look at the meme. Is it sexist? Answer only 1 or 0.
15045.jpg,0,0,0,Analyze both the image and the text. Is this meme misogynistic? Reply with 1 for yes or 0 for no.
15045.jpg,0,0,0,Does this content promote hate or sexism against women? Answer 1 or 0.
15045.jpg,0,0,0,"Classify this meme: 1 = misogynous, 0 = not misogynous. Output only the digit."
15045.jpg,0,0,0 (Safe).,Is this image and text combination offensive towards women? Answer 1 (Offensive) or 0 (Safe).
15045.jpg,0,0,0,Look at the meme. Is it sexist? Answer only 1 or 0.
15522.jpg,0,0,0,Analyze both the image and the text. Is this meme misogynistic? Reply with 1 for yes or 0 for no.
15522.jpg,0,0,0,Does this content promote hate or sexism against women? Answer 1 or 0.
15522.jpg,0,0,0,"Classify this meme: 1 = misogynous, 0 = not misogynous. Output only the digit."
15522.jpg,0,0,0 (Safe).,Is this image and text combination offensive towards women? Answer 1 (Offensive) or 0 (Safe).
15522.jpg,0,0,0,Look at the meme. Is it sexist? Answer only 1 or 0.
16289.jpg,0,0,0,Analyze both the image and the text. Is this meme misogynistic? Reply with 1 for yes or 0 for no.
16289.jpg,0,0,0,Does this content promote hate or sexism against women? Answer 1 or 0.
16289.jpg,0,0,0,"Classify this meme: 1 = misogynous, 0 = not misogynous. Output only the digit."
16289.jpg,0,0,0 (Safe).,Is this image and text combination offensive towards women? Answer 1 (Offensive) or 0 (Safe).
16289.jpg,0,0,0,Look at the meme. Is it sexist? Answer only 1 or 0.
15648.jpg,1,1,1,Analyze both the image and the text. Is this meme misogynistic? Reply with 1 for yes or 0 for no.
15648.jpg,1,0,0,Does this content promote hate or sexism against women? Answer 1 or 0.
15648.jpg,1,1,1,"Classify this meme: 1 = misogynous, 0 = not misogynous. Output only the digit."
15648.jpg,1,0,0,Is this image and text combination offensive towards women? Answer 1 (Offensive) or 0 (Safe).
15648.jpg,1,1,1,Look at the meme. Is it sexist? Answer only 1 or 0.
15067.jpg,1,1,1,Analyze both the image and the text. Is this meme misogynistic? Reply with 1 for yes or 0 for no.
15067.jpg,1,0,0,Does this content promote hate or sexism against women? Answer 1 or 0.
15067.jpg,1,0,0,"Classify this meme: 1 = misogynous, 0 = not misogynous. Output only the digit."
15067.jpg,1,0,0,Is this image and text combination offensive towards women? Answer 1 (Offensive) or 0 (Safe).
15067.jpg,1,1,1,Look at the meme. Is it sexist? Answer only 1 or 0.
15860.jpg,0,1,1,Analyze both the image and the text. Is this meme misogynistic? Reply with 1 for yes or 0 for no.
15860.jpg,0,0,0,Does this content promote hate or sexism against women? Answer 1 or 0.
15860.jpg,0,1,1,"Classify this meme: 1 = misogynous, 0 = not misogynous. Output only the digit."
15860.jpg,0,1,1,Is this image and text combination offensive towards women? Answer 1 (Offensive) or 0 (Safe).
15860.jpg,0,1,1,Look at the meme. Is it sexist? Answer only 1 or 0.
15747.jpg,1,0,0,Analyze both the image and the text. Is this meme misogynistic? Reply with 1 for yes or 0 for no.
15747.jpg,1,0,0,Does this content promote hate or sexism against women? Answer 1 or 0.
15747.jpg,1,0,0,"Classify this meme: 1 = misogynous, 0 = not misogynous. Output only the digit."
15747.jpg,1,0,0,Is this image and text combination offensive towards women? Answer 1 (Offensive) or 0 (Safe).
15747.jpg,1,0,0,Look at the meme. Is it sexist? Answer only 1 or 0.
15924.jpg,1,1,1,Analyze both the image and the text. Is this meme misogynistic? Reply with 1 for yes or 0 for no.
15924.jpg,1,1,1,Does this content promote hate or sexism against women? Answer 1 or 0.
15924.jpg,1,1,1,"Classify this meme: 1 = misogynous, 0 = not misogynous. Output only the digit."
15924.jpg,1,1,1,Is this image and text combination offensive towards women? Answer 1 (Offensive) or 0 (Safe).
15924.jpg,1,1,1,Look at the meme. Is it sexist? Answer only 1 or 0.
17026.jpg,0,0,0,Analyze both the image and the text. Is this meme misogynistic? Reply with 1 for yes or 0 for no.
17026.jpg,0,0,0,Does this content promote hate or sexism against women? Answer 1 or 0.
17026.jpg,0,0,0,"Classify this meme: 1 = misogynous, 0 = not misogynous. Output only the digit."
17026.jpg,0,0,0,Is this image and text combination offensive towards women? Answer 1 (Offensive) or 0 (Safe).
17026.jpg,0,0,0,Look at the meme. Is it sexist? Answer only 1 or 0.
16073.jpg,1,1,1,Analyze both the image and the text. Is this meme misogynistic? Reply with 1 for yes or 0 for no.
16073.jpg,1,0,0,Does this content promote hate or sexism against women? Answer 1 or 0.
16073.jpg,1,1,1,"Classify this meme: 1 = misogynous, 0 = not misogynous. Output only the digit."
16073.jpg,1,0,0,Is this image and text combination offensive towards women? Answer 1 (Offensive) or 0 (Safe).
16073.jpg,1,1,1,Look at the meme. Is it sexist? Answer only 1 or 0.
15138.jpg,0,1,1,Analyze both the image and the text. Is this meme misogynistic? Reply with 1 for yes or 0 for no.
15138.jpg,0,1,1,Does this content promote hate or sexism against women? Answer 1 or 0.
15138.jpg,0,1,1,"Classify this meme: 1 = misogynous, 0 = not misogynous. Output only the digit."
15138.jpg,0,0,0,Is this image and text combination offensive towards women? Answer 1 (Offensive) or 0 (Safe).
15138.jpg,0,1,1,Look at the meme. Is it sexist? Answer only 1 or 0.
15925.jpg,1,0,0,Analyze both the image and the text. Is this meme misogynistic? Reply with 1 for yes or 0 for no.
15925.jpg,1,0,0,Does this content promote hate or sexism against women? Answer 1 or 0.
15925.jpg,1,1,1,"Classify this meme: 1 = misogynous, 0 = not misogynous. Output only the digit."
15925.jpg,1,0,0,Is this image and text combination offensive towards women? Answer 1 (Offensive) or 0 (Safe).
15925.jpg,1,1,1,Look at the meme. Is it sexist? Answer only 1 or 0.
15621.jpg,0,1,1,Analyze both the image and the text. Is this meme misogynistic? Reply with 1 for yes or 0 for no.
15621.jpg,0,1,1,Does this content promote hate or sexism against women? Answer 1 or 0.
15621.jpg,0,1,1,"Classify this meme: 1 = misogynous, 0 = not misogynous. Output only the digit."
15621.jpg,0,1,1,Is this image and text combination offensive towards women? Answer 1 (Offensive) or 0 (Safe).
15621.jpg,0,1,1,Look at the meme. Is it sexist? Answer only 1 or 0.
15293.jpg,1,0,0,Analyze both the image and the text. Is this meme misogynistic? Reply with 1 for yes or 0 for no.
15293.jpg,1,0,0,Does this content promote hate or sexism against women? Answer 1 or 0.
15293.jpg,1,0,0,"Classify this meme: 1 = misogynous, 0 = not misogynous. Output only the digit."
15293.jpg,1,0,0,Is this image and text combination offensive towards women? Answer 1 (Offensive) or 0 (Safe).
15293.jpg,1,1,1,Look at the meme. Is it sexist? Answer only 1 or 0.
15813.jpg,1,1,1,Analyze both the image and the text. Is this meme misogynistic? Reply with 1 for yes or 0 for no.
15813.jpg,1,1,1,Does this content promote hate or sexism against women? Answer 1 or 0.
15813.jpg,1,0,0,"Classify this meme: 1 = misogynous, 0 = not misogynous. Output only the digit."
15813.jpg,1,1,1,Is this image and text combination offensive towards women? Answer 1 (Offensive) or 0 (Safe).
15813.jpg,1,1,1,Look at the meme. Is it sexist? Answer only 1 or 0.
15433.jpg,1,1,1,Analyze both the image and the text. Is this meme misogynistic? Reply with 1 for yes or 0 for no.
15433.jpg,1,1,1,Does this content promote hate or sexism against women? Answer 1 or 0.
15433.jpg,1,1,1,"Classify this meme: 1 = misogynous, 0 = not misogynous. Output only the digit."
15433.jpg,1,1,1,Is this image and text combination offensive towards women? Answer 1 (Offensive) or 0 (Safe).
15433.jpg,1,1,1,Look at the meme. Is it sexist? Answer only 1 or 0.
16255.jpg,0,0,0,Analyze both the image and the text. Is this meme misogynistic? Reply with 1 for yes or 0 for no.
16255.jpg,0,0,0,Does this content promote hate or sexism against women? Answer 1 or 0.
16255.jpg,0,0,0,"Classify this meme: 1 = misogynous, 0 = not misogynous. Output only the digit."
16255.jpg,0,0,0,Is this image and text combination offensive towards women? Answer 1 (Offensive) or 0 (Safe).
16255.jpg,0,0,0,Look at the meme. Is it sexist? Answer only 1 or 0.
15048.jpg,0,0,0,Analyze both the image and the text. Is this meme misogynistic? Reply with 1 for yes or 0 for no.
15048.jpg,0,0,0,Does this content promote hate or sexism against women? Answer 1 or 0.
15048.jpg,0,0,0,"Classify this meme: 1 = misogynous, 0 = not misogynous. Output only the digit."
15048.jpg,0,0,0,Is this image and text combination offensive towards women? Answer 1 (Offensive) or 0 (Safe).
15048.jpg,0,0,0,Look at the meme. Is it sexist? Answer only 1 or 0.
15233.jpg,0,0,0,Analyze both the image and the text. Is this meme misogynistic? Reply with 1 for yes or 0 for no.
15233.jpg,0,0,0,Does this content promote hate or sexism against women? Answer 1 or 0.
15233.jpg,0,0,0,"Classify this meme: 1 = misogynous, 0 = not misogynous. Output only the digit."
15233.jpg,0,0,0,Is this image and text combination offensive towards women? Answer 1 (Offensive) or 0 (Safe).
15233.jpg,0,0,0,Look at the meme. Is it sexist? Answer only 1 or 0.
16188.jpg,1,0,0,Analyze both the image and the text. Is this meme misogynistic? Reply with 1 for yes or 0 for no.
16188.jpg,1,0,0,Does this content promote hate or sexism against women? Answer 1 or 0.
16188.jpg,1,0,0,"Classify this meme: 1 = misogynous, 0 = not misogynous. Output only the digit."
16188.jpg,1,0,0,Is this image and text combination offensive towards women? Answer 1 (Offensive) or 0 (Safe).
16188.jpg,1,1,1,Look at the meme. Is it sexist? Answer only 1 or 0.
15515.jpg,1,1,1,Analyze both the image and the text. Is this meme misogynistic? Reply with 1 for yes or 0 for no.
15515.jpg,1,0,0,Does this content promote hate or sexism against women? Answer 1 or 0.
15515.jpg,1,0,0,"Classify this meme: 1 = misogynous, 0 = not misogynous. Output only the digit."
15515.jpg,1,0,0,Is this image and text combination offensive towards women? Answer 1 (Offensive) or 0 (Safe).
15515.jpg,1,1,1,Look at the meme. Is it sexist? Answer only 1 or 0.
15198.jpg,0,1,1,Analyze both the image and the text. Is this meme misogynistic? Reply with 1 for yes or 0 for no.
15198.jpg,0,0,0,Does this content promote hate or sexism against women? Answer 1 or 0.
15198.jpg,0,0,0,"Classify this meme: 1 = misogynous, 0 = not misogynous. Output only the digit."
15198.jpg,0,0,0,Is this image and text combination offensive towards women? Answer 1 (Offensive) or 0 (Safe).
15198.jpg,0,1,1,Look at the meme. Is it sexist? Answer only 1 or 0.
15145.jpg,0,0,0,Analyze both the image and the text. Is this meme misogynistic? Reply with 1 for yes or 0 for no.
15145.jpg,0,0,0,Does this content promote hate or sexism against women? Answer 1 or 0.
15145.jpg,0,0,0,"Classify this meme: 1 = misogynous, 0 = not misogynous. Output only the digit."
15145.jpg,0,0,0,Is this image and text combination offensive towards women? Answer 1 (Offensive) or 0 (Safe).
15145.jpg,0,1,1,Look at the meme. Is it sexist? Answer only 1 or 0.
15852.jpg,0,1,1,Analyze both the image and the text. Is this meme misogynistic? Reply with 1 for yes or 0 for no.
15852.jpg,0,1,1,Does this content promote hate or sexism against women? Answer 1 or 0.
15852.jpg,0,1,1,"Classify this meme: 1 = misogynous, 0 = not misogynous. Output only the digit."
15852.jpg,0,1,1,Is this image and text combination offensive towards women? Answer 1 (Offensive) or 0 (Safe).
15852.jpg,0,1,1,Look at the meme. Is it sexist? Answer only 1 or 0.
15311.jpg,0,0,0,Analyze both the image and the text. Is this meme misogynistic? Reply with 1 for yes or 0 for no.
15311.jpg,0,0,0,Does this content promote hate or sexism against women? Answer 1 or 0.
15311.jpg,0,0,0,"Classify this meme: 1 = misogynous, 0 = not misogynous. Output only the digit."
15311.jpg,0,0,0,Is this image and text combination offensive towards women? Answer 1 (Offensive) or 0 (Safe).
15311.jpg,0,0,0,Look at the meme. Is it sexist? Answer only 1 or 0.
15930.jpg,1,0,0,Analyze both the image and the text. Is this meme misogynistic? Reply with 1 for yes or 0 for no.
15930.jpg,1,0,0,Does this content promote hate or sexism against women? Answer 1 or 0.
15930.jpg,1,0,0,"Classify this meme: 1 = misogynous, 0 = not misogynous. Output only the digit."
15930.jpg,1,0,0,Is this image and text combination offensive towards women? Answer 1 (Offensive) or 0 (Safe).
15930.jpg,1,0,0,Look at the meme. Is it sexist? Answer only 1 or 0.
15677.jpg,1,1,1,Analyze both the image and the text. Is this meme misogynistic? Reply with 1 for yes or 0 for no.
15677.jpg,1,1,1,Does this content promote hate or sexism against women? Answer 1 or 0.
15677.jpg,1,1,1,"Classify this meme: 1 = misogynous, 0 = not misogynous. Output only the digit."
15677.jpg,1,0,0,Is this image and text combination offensive towards women? Answer 1 (Offensive) or 0 (Safe).
15677.jpg,1,1,1,Look at the meme. Is it sexist? Answer only 1 or 0.
15650.jpg,0,0,0,Analyze both the image and the text. Is this meme misogynistic? Reply with 1 for yes or 0 for no.
15650.jpg,0,0,0,Does this content promote hate or sexism against women? Answer 1 or 0.
15650.jpg,0,0,0,"Classify this meme: 1 = misogynous, 0 = not misogynous. Output only the digit."
15650.jpg,0,0,0 (Safe).,Is this image and text combination offensive towards women? Answer 1 (Offensive) or 0 (Safe).
15650.jpg,0,0,0,Look at the meme. Is it sexist? Answer only 1 or 0.
15683.jpg,0,0,0,Analyze both the image and the text. Is this meme misogynistic? Reply with 1 for yes or 0 for no.
15683.jpg,0,0,0,Does this content promote hate or sexism against women? Answer 1 or 0.
15683.jpg,0,0,0,"Classify this meme: 1 = misogynous, 0 = not misogynous. Output only the digit."
15683.jpg,0,0,0,Is this image and text combination offensive towards women? Answer 1 (Offensive) or 0 (Safe).
15683.jpg,0,0,0,Look at the meme. Is it sexist? Answer only 1 or 0.
15875.jpg,1,0,0,Analyze both the image and the text. Is this meme misogynistic? Reply with 1 for yes or 0 for no.
15875.jpg,1,0,0,Does this content promote hate or sexism against women? Answer 1 or 0.
15875.jpg,1,0,0,"Classify this meme: 1 = misogynous, 0 = not misogynous. Output only the digit."
15875.jpg,1,0,0,Is this image and text combination offensive towards women? Answer 1 (Offensive) or 0 (Safe).
15875.jpg,1,0,0,Look at the meme. Is it sexist? Answer only 1 or 0.
15904.jpg,0,0,0,Analyze both the image and the text. Is this meme misogynistic? Reply with 1 for yes or 0 for no.
15904.jpg,0,0,0,Does this content promote hate or sexism against women? Answer 1 or 0.
15904.jpg,0,0,0,"Classify this meme: 1 = misogynous, 0 = not misogynous. Output only the digit."
15904.jpg,0,0,0,Is this image and text combination offensive towards women? Answer 1 (Offensive) or 0 (Safe).
15904.jpg,0,0,0,Look at the meme. Is it sexist? Answer only 1 or 0.
15926.jpg,1,0,0,Analyze both the image and the text. Is this meme misogynistic? Reply with 1 for yes or 0 for no.
15926.jpg,1,0,0,Does this content promote hate or sexism against women? Answer 1 or 0.
15926.jpg,1,0,0,"Classify this meme: 1 = misogynous, 0 = not misogynous. Output only the digit."
15926.jpg,1,0,0,Is this image and text combination offensive towards women? Answer 1 (Offensive) or 0 (Safe).
15926.jpg,1,0,0,Look at the meme. Is it sexist? Answer only 1 or 0.
15691.jpg,0,0,0,Analyze both the image and the text. Is this meme misogynistic? Reply with 1 for yes or 0 for no.
15691.jpg,0,0,0,Does this content promote hate or sexism against women? Answer 1 or 0.
15691.jpg,0,0,0,"Classify this meme: 1 = misogynous, 0 = not misogynous. Output only the digit."
15691.jpg,0,0,0,Is this image and text combination offensive towards women? Answer 1 (Offensive) or 0 (Safe).
15691.jpg,0,0,0,Look at the meme. Is it sexist? Answer only 1 or 0.
15002.jpg,0,0,0,Analyze both the image and the text. Is this meme misogynistic? Reply with 1 for yes or 0 for no.
15002.jpg,0,0,0,Does this content promote hate or sexism against women? Answer 1 or 0.
15002.jpg,0,0,0,"Classify this meme: 1 = misogynous, 0 = not misogynous. Output only the digit."
15002.jpg,0,0,0,Is this image and text combination offensive towards women? Answer 1 (Offensive) or 0 (Safe).
15002.jpg,0,0,0,Look at the meme. Is it sexist? Answer only 1 or 0.
15219.jpg,0,0,0,Analyze both the image and the text. Is this meme misogynistic? Reply with 1 for yes or 0 for no.
15219.jpg,0,0,0,Does this content promote hate or sexism against women? Answer 1 or 0.
15219.jpg,0,0,0,"Classify this meme: 1 = misogynous, 0 = not misogynous. Output only the digit."
15219.jpg,0,0,0,Is this image and text combination offensive towards women? Answer 1 (Offensive) or 0 (Safe).
15219.jpg,0,0,0,Look at the meme. Is it sexist? Answer only 1 or 0.
16305.jpg,1,1,1,Analyze both the image and the text. Is this meme misogynistic? Reply with 1 for yes or 0 for no.
16305.jpg,1,0,0,Does this content promote hate or sexism against women? Answer 1 or 0.
16305.jpg,1,0,0,"Classify this meme: 1 = misogynous, 0 = not misogynous. Output only the digit."
16305.jpg,1,0,0,Is this image and text combination offensive towards women? Answer 1 (Offensive) or 0 (Safe).
16305.jpg,1,1,1,Look at the meme. Is it sexist? Answer only 1 or 0.
16198.jpg,1,1,1,Analyze both the image and the text. Is this meme misogynistic? Reply with 1 for yes or 0 for no.
16198.jpg,1,0,0,Does this content promote hate or sexism against women? Answer 1 or 0.
16198.jpg,1,1,1,"Classify this meme: 1 = misogynous, 0 = not misogynous. Output only the digit."
16198.jpg,1,0,0,Is this image and text combination offensive towards women? Answer 1 (Offensive) or 0 (Safe).
16198.jpg,1,1,1,Look at the meme. Is it sexist? Answer only 1 or 0.
15981.jpg,1,1,1,Analyze both the image and the text. Is this meme misogynistic? Reply with 1 for yes or 0 for no.
15981.jpg,1,0,0,Does this content promote hate or sexism against women? Answer 1 or 0.
15981.jpg,1,1,1,"Classify this meme: 1 = misogynous, 0 = not misogynous. Output only the digit."
15981.jpg,1,0,0,Is this image and text combination offensive towards women? Answer 1 (Offensive) or 0 (Safe).
15981.jpg,1,1,1,Look at the meme. Is it sexist? Answer only 1 or 0.
15645.jpg,1,0,0,Analyze both the image and the text. Is this meme misogynistic? Reply with 1 for yes or 0 for no.
15645.jpg,1,0,0,Does this content promote hate or sexism against women? Answer 1 or 0.
15645.jpg,1,0,0,"Classify this meme: 1 = misogynous, 0 = not misogynous. Output only the digit."
15645.jpg,1,0,0,Is this image and text combination offensive towards women? Answer 1 (Offensive) or 0 (Safe).
15645.jpg,1,0,0,Look at the meme. Is it sexist? Answer only 1 or 0.
15869.jpg,1,1,1,Analyze both the image and the text. Is this meme misogynistic? Reply with 1 for yes or 0 for no.
15869.jpg,1,1,1,Does this content promote hate or sexism against women? Answer 1 or 0.
15869.jpg,1,1,1,"Classify this meme: 1 = misogynous, 0 = not misogynous. Output only the digit."
15869.jpg,1,1,1,Is this image and text combination offensive towards women? Answer 1 (Offensive) or 0 (Safe).
15869.jpg,1,1,1,Look at the meme. Is it sexist? Answer only 1 or 0.
16156.jpg,1,0,0,Analyze both the image and the text. Is this meme misogynistic? Reply with 1 for yes or 0 for no.
16156.jpg,1,1,1,Does this content promote hate or sexism against women? Answer 1 or 0.
16156.jpg,1,1,1,"Classify this meme: 1 = misogynous, 0 = not misogynous. Output only the digit."
16156.jpg,1,0,0,Is this image and text combination offensive towards women? Answer 1 (Offensive) or 0 (Safe).
16156.jpg,1,1,1,Look at the meme. Is it sexist? Answer only 1 or 0.
15546.jpg,0,0,0,Analyze both the image and the text. Is this meme misogynistic? Reply with 1 for yes or 0 for no.
15546.jpg,0,0,0,Does this content promote hate or sexism against women? Answer 1 or 0.
15546.jpg,0,0,0,"Classify this meme: 1 = misogynous, 0 = not misogynous. Output only the digit."
15546.jpg,0,0,0,Is this image and text combination offensive towards women? Answer 1 (Offensive) or 0 (Safe).
15546.jpg,0,1,1,Look at the meme. Is it sexist? Answer only 1 or 0.
15528.jpg,1,1,1,Analyze both the image and the text. Is this meme misogynistic? Reply with 1 for yes or 0 for no.
15528.jpg,1,1,1,Does this content promote hate or sexism against women? Answer 1 or 0.
15528.jpg,1,1,1,"Classify this meme: 1 = misogynous, 0 = not misogynous. Output only the digit."
15528.jpg,1,1,1,Is this image and text combination offensive towards women? Answer 1 (Offensive) or 0 (Safe).
15528.jpg,1,1,1,Look at the meme. Is it sexist? Answer only 1 or 0.
15018.jpg,0,1,1,Analyze both the image and the text. Is this meme misogynistic? Reply with 1 for yes or 0 for no.
15018.jpg,0,1,1,Does this content promote hate or sexism against women? Answer 1 or 0.
15018.jpg,0,1,1,"Classify this meme: 1 = misogynous, 0 = not misogynous. Output only the digit."
15018.jpg,0,0,0,Is this image and text combination offensive towards women? Answer 1 (Offensive) or 0 (Safe).
15018.jpg,0,1,1,Look at the meme. Is it sexist? Answer only 1 or 0.
15843.jpg,0,0,0,Analyze both the image and the text. Is this meme misogynistic? Reply with 1 for yes or 0 for no.
15843.jpg,0,0,0,Does this content promote hate or sexism against women? Answer 1 or 0.
15843.jpg,0,0,0,"Classify this meme: 1 = misogynous, 0 = not misogynous. Output only the digit."
15843.jpg,0,0,0,Is this image and text combination offensive towards women? Answer 1 (Offensive) or 0 (Safe).
15843.jpg,0,0,0,Look at the meme. Is it sexist? Answer only 1 or 0.
16098.jpg,0,0,0,Analyze both the image and the text. Is this meme misogynistic? Reply with 1 for yes or 0 for no.
16098.jpg,0,0,0,Does this content promote hate or sexism against women? Answer 1 or 0.
16098.jpg,0,0,0,"Classify this meme: 1 = misogynous, 0 = not misogynous. Output only the digit."
16098.jpg,0,0,0,Is this image and text combination offensive towards women? Answer 1 (Offensive) or 0 (Safe).
16098.jpg,0,0,0,Look at the meme. Is it sexist? Answer only 1 or 0.
15777.jpg,1,0,0,Analyze both the image and the text. Is this meme misogynistic? Reply with 1 for yes or 0 for no.
15777.jpg,1,0,0,Does this content promote hate or sexism against women? Answer 1 or 0.
15777.jpg,1,0,0,"Classify this meme: 1 = misogynous, 0 = not misogynous. Output only the digit."
15777.jpg,1,0,0,Is this image and text combination offensive towards women? Answer 1 (Offensive) or 0 (Safe).
15777.jpg,1,1,1,Look at the meme. Is it sexist? Answer only 1 or 0.
15093.jpg,0,0,0,Analyze both the image and the text. Is this meme misogynistic? Reply with 1 for yes or 0 for no.
15093.jpg,0,0,0,Does this content promote hate or sexism against women? Answer 1 or 0.
15093.jpg,0,1,1,"Classify this meme: 1 = misogynous, 0 = not misogynous. Output only the digit."
15093.jpg,0,0,0,Is this image and text combination offensive towards women? Answer 1 (Offensive) or 0 (Safe).
15093.jpg,0,1,1,Look at the meme. Is it sexist? Answer only 1 or 0.
15068.jpg,0,1,1,Analyze both the image and the text. Is this meme misogynistic? Reply with 1 for yes or 0 for no.
15068.jpg,0,1,1,Does this content promote hate or sexism against women? Answer 1 or 0.
15068.jpg,0,0,0,"Classify this meme: 1 = misogynous, 0 = not misogynous. Output only the digit."
15068.jpg,0,1,1,Is this image and text combination offensive towards women? Answer 1 (Offensive) or 0 (Safe).
15068.jpg,0,1,1,Look at the meme. Is it sexist? Answer only 1 or 0.
15424.jpg,1,1,1,Analyze both the image and the text. Is this meme misogynistic? Reply with 1 for yes or 0 for no.
15424.jpg,1,1,1,Does this content promote hate or sexism against women? Answer 1 or 0.
15424.jpg,1,1,1,"Classify this meme: 1 = misogynous, 0 = not misogynous. Output only the digit."
15424.jpg,1,1,1,Is this image and text combination offensive towards women? Answer 1 (Offensive) or 0 (Safe).
15424.jpg,1,1,1,Look at the meme. Is it sexist? Answer only 1 or 0.
17078.jpg,0,0,0,Analyze both the image and the text. Is this meme misogynistic? Reply with 1 for yes or 0 for no.
17078.jpg,0,0,0,Does this content promote hate or sexism against women? Answer 1 or 0.
17078.jpg,0,0,0,"Classify this meme: 1 = misogynous, 0 = not misogynous. Output only the digit."
17078.jpg,0,0,0 (Safe).,Is this image and text combination offensive towards women? Answer 1 (Offensive) or 0 (Safe).
17078.jpg,0,0,0,Look at the meme. Is it sexist? Answer only 1 or 0.
16050.jpg,1,0,0,Analyze both the image and the text. Is this meme misogynistic? Reply with 1 for yes or 0 for no.
16050.jpg,1,0,0,Does this content promote hate or sexism against women? Answer 1 or 0.
16050.jpg,1,0,0,"Classify this meme: 1 = misogynous, 0 = not misogynous. Output only the digit."
16050.jpg,1,0,0 (Safe).,Is this image and text combination offensive towards women? Answer 1 (Offensive) or 0 (Safe).
16050.jpg,1,0,0,Look at the meme. Is it sexist? Answer only 1 or 0.
15006.jpg,0,1,1,Analyze both the image and the text. Is this meme misogynistic? Reply with 1 for yes or 0 for no.
15006.jpg,0,0,0,Does this content promote hate or sexism against women? Answer 1 or 0.
15006.jpg,0,1,1,"Classify this meme: 1 = misogynous, 0 = not misogynous. Output only the digit."
15006.jpg,0,0,0,Is this image and text combination offensive towards women? Answer 1 (Offensive) or 0 (Safe).
15006.jpg,0,1,1,Look at the meme. Is it sexist? Answer only 1 or 0.
15449.jpg,1,1,1,Analyze both the image and the text. Is this meme misogynistic? Reply with 1 for yes or 0 for no.
15449.jpg,1,0,0,Does this content promote hate or sexism against women? Answer 1 or 0.
15449.jpg,1,1,1,"Classify this meme: 1 = misogynous, 0 = not misogynous. Output only the digit."
15449.jpg,1,0,0,Is this image and text combination offensive towards women? Answer 1 (Offensive) or 0 (Safe).
15449.jpg,1,1,1,Look at the meme. Is it sexist? Answer only 1 or 0.
15959.jpg,0,1,1,Analyze both the image and the text. Is this meme misogynistic? Reply with 1 for yes or 0 for no.
15959.jpg,0,1,1,Does this content promote hate or sexism against women? Answer 1 or 0.
15959.jpg,0,1,1,"Classify this meme: 1 = misogynous, 0 = not misogynous. Output only the digit."
15959.jpg,0,1,1,Is this image and text combination offensive towards women? Answer 1 (Offensive) or 0 (Safe).
15959.jpg,0,1,1,Look at the meme. Is it sexist? Answer only 1 or 0.
16033.jpg,1,0,0,Analyze both the image and the text. Is this meme misogynistic? Reply with 1 for yes or 0 for no.
16033.jpg,1,0,0,Does this content promote hate or sexism against women? Answer 1 or 0.
16033.jpg,1,0,0,"Classify this meme: 1 = misogynous, 0 = not misogynous. Output only the digit."
16033.jpg,1,0,0,Is this image and text combination offensive towards women? Answer 1 (Offensive) or 0 (Safe).
16033.jpg,1,1,1,Look at the meme. Is it sexist? Answer only 1 or 0.
16105.jpg,0,1,1,Analyze both the image and the text. Is this meme misogynistic? Reply with 1 for yes or 0 for no.
16105.jpg,0,1,1,Does this content promote hate or sexism against women? Answer 1 or 0.
16105.jpg,0,1,1,"Classify this meme: 1 = misogynous, 0 = not misogynous. Output only the digit."
16105.jpg,0,0,0,Is this image and text combination offensive towards women? Answer 1 (Offensive) or 0 (Safe).
16105.jpg,0,1,1,Look at the meme. Is it sexist? Answer only 1 or 0.
15551.jpg,1,1,1,Analyze both the image and the text. Is this meme misogynistic? Reply with 1 for yes or 0 for no.
15551.jpg,1,1,1,Does this content promote hate or sexism against women? Answer 1 or 0.
15551.jpg,1,1,1,"Classify this meme: 1 = misogynous, 0 = not misogynous. Output only the digit."
15551.jpg,1,1,1,Is this image and text combination offensive towards women? Answer 1 (Offensive) or 0 (Safe).
15551.jpg,1,1,1,Look at the meme. Is it sexist? Answer only 1 or 0.
15707.jpg,1,0,0,Analyze both the image and the text. Is this meme misogynistic? Reply with 1 for yes or 0 for no.
15707.jpg,1,0,0,Does this content promote hate or sexism against women? Answer 1 or 0.
15707.jpg,1,0,0,"Classify this meme: 1 = misogynous, 0 = not misogynous. Output only the digit."
15707.jpg,1,0,0,Is this image and text combination offensive towards women? Answer 1 (Offensive) or 0 (Safe).
15707.jpg,1,1,1,Look at the meme. Is it sexist? Answer only 1 or 0.
15928.jpg,1,0,0,Analyze both the image and the text. Is this meme misogynistic? Reply with 1 for yes or 0 for no.
15928.jpg,1,0,0,Does this content promote hate or sexism against women? Answer 1 or 0.
15928.jpg,1,0,0,"Classify this meme: 1 = misogynous, 0 = not misogynous. Output only the digit."
15928.jpg,1,0,0,Is this image and text combination offensive towards women? Answer 1 (Offensive) or 0 (Safe).
15928.jpg,1,0,0,Look at the meme. Is it sexist? Answer only 1 or 0.
16175.jpg,0,0,0,Analyze both the image and the text. Is this meme misogynistic? Reply with 1 for yes or 0 for no.
16175.jpg,0,0,0,Does this content promote hate or sexism against women? Answer 1 or 0.
16175.jpg,0,0,0,"Classify this meme: 1 = misogynous, 0 = not misogynous. Output only the digit."
16175.jpg,0,0,0,Is this image and text combination offensive towards women? Answer 1 (Offensive) or 0 (Safe).
16175.jpg,0,0,0,Look at the meme. Is it sexist? Answer only 1 or 0.
15110.jpg,1,1,1,Analyze both the image and the text. Is this meme misogynistic? Reply with 1 for yes or 0 for no.
15110.jpg,1,1,1,Does this content promote hate or sexism against women? Answer 1 or 0.
15110.jpg,1,1,1,"Classify this meme: 1 = misogynous, 0 = not misogynous. Output only the digit."
15110.jpg,1,1,1,Is this image and text combination offensive towards women? Answer 1 (Offensive) or 0 (Safe).
15110.jpg,1,1,1,Look at the meme. Is it sexist? Answer only 1 or 0.
15986.jpg,1,1,1,Analyze both the image and the text. Is this meme misogynistic? Reply with 1 for yes or 0 for no.
15986.jpg,1,0,0,Does this content promote hate or sexism against women? Answer 1 or 0.
15986.jpg,1,0,0,"Classify this meme: 1 = misogynous, 0 = not misogynous. Output only the digit."
15986.jpg,1,0,0,Is this image and text combination offensive towards women? Answer 1 (Offensive) or 0 (Safe).
15986.jpg,1,1,1,Look at the meme. Is it sexist? Answer only 1 or 0.
15129.jpg,1,1,1,Analyze both the image and the text. Is this meme misogynistic? Reply with 1 for yes or 0 for no.
15129.jpg,1,1,1,Does this content promote hate or sexism against women? Answer 1 or 0.
15129.jpg,1,1,1,"Classify this meme: 1 = misogynous, 0 = not misogynous. Output only the digit."
15129.jpg,1,1,1,Is this image and text combination offensive towards women? Answer 1 (Offensive) or 0 (Safe).
15129.jpg,1,1,1,Look at the meme. Is it sexist? Answer only 1 or 0.
15259.jpg,0,0,0,Analyze both the image and the text. Is this meme misogynistic? Reply with 1 for yes or 0 for no.
15259.jpg,0,0,0,Does this content promote hate or sexism against women? Answer 1 or 0.
15259.jpg,0,0,0,"Classify this meme: 1 = misogynous, 0 = not misogynous. Output only the digit."
15259.jpg,0,0,0,Is this image and text combination offensive towards women? Answer 1 (Offensive) or 0 (Safe).
15259.jpg,0,1,1,Look at the meme. Is it sexist? Answer only 1 or 0.
16063.jpg,1,0,0,Analyze both the image and the text. Is this meme misogynistic? Reply with 1 for yes or 0 for no.
16063.jpg,1,0,0,Does this content promote hate or sexism against women? Answer 1 or 0.
16063.jpg,1,0,0,"Classify this meme: 1 = misogynous, 0 = not misogynous. Output only the digit."
16063.jpg,1,0,0,Is this image and text combination offensive towards women? Answer 1 (Offensive) or 0 (Safe).
16063.jpg,1,1,1,Look at the meme. Is it sexist? Answer only 1 or 0.
16208.jpg,1,1,1,Analyze both the image and the text. Is this meme misogynistic? Reply with 1 for yes or 0 for no.
16208.jpg,1,0,0,Does this content promote hate or sexism against women? Answer 1 or 0.
16208.jpg,1,1,1,"Classify this meme: 1 = misogynous, 0 = not misogynous. Output only the digit."
16208.jpg,1,0,0,Is this image and text combination offensive towards women? Answer 1 (Offensive) or 0 (Safe).
16208.jpg,1,1,1,Look at the meme. Is it sexist? Answer only 1 or 0.
15335.jpg,0,0,0,Analyze both the image and the text. Is this meme misogynistic? Reply with 1 for yes or 0 for no.
15335.jpg,0,0,0,Does this content promote hate or sexism against women? Answer 1 or 0.
15335.jpg,0,0,0,"Classify this meme: 1 = misogynous, 0 = not misogynous. Output only the digit."
15335.jpg,0,0,0,Is this image and text combination offensive towards women? Answer 1 (Offensive) or 0 (Safe).
15335.jpg,0,1,1,Look at the meme. Is it sexist? Answer only 1 or 0.
15790.jpg,1,0,0,Analyze both the image and the text. Is this meme misogynistic? Reply with 1 for yes or 0 for no.
15790.jpg,1,0,0,Does this content promote hate or sexism against women? Answer 1 or 0.
15790.jpg,1,0,0,"Classify this meme: 1 = misogynous, 0 = not misogynous. Output only the digit."
15790.jpg,1,0,0,Is this image and text combination offensive towards women? Answer 1 (Offensive) or 0 (Safe).
15790.jpg,1,0,0,Look at the meme. Is it sexist? Answer only 1 or 0.
15044.jpg,0,0,0,Analyze both the image and the text. Is this meme misogynistic? Reply with 1 for yes or 0 for no.
15044.jpg,0,0,0,Does this content promote hate or sexism against women? Answer 1 or 0.
15044.jpg,0,0,0,"Classify this meme: 1 = misogynous, 0 = not misogynous. Output only the digit."
15044.jpg,0,0,0,Is this image and text combination offensive towards women? Answer 1 (Offensive) or 0 (Safe).
15044.jpg,0,0,0,Look at the meme. Is it sexist? Answer only 1 or 0.
17031.jpg,1,1,1,Analyze both the image and the text. Is this meme misogynistic? Reply with 1 for yes or 0 for no.
17031.jpg,1,1,1,Does this content promote hate or sexism against women? Answer 1 or 0.
17031.jpg,1,1,1,"Classify this meme: 1 = misogynous, 0 = not misogynous. Output only the digit."
17031.jpg,1,1,1,Is this image and text combination offensive towards women? Answer 1 (Offensive) or 0 (Safe).
17031.jpg,1,1,1,Look at the meme. Is it sexist? Answer only 1 or 0.
15719.jpg,0,0,0,Analyze both the image and the text. Is this meme misogynistic? Reply with 1 for yes or 0 for no.
15719.jpg,0,0,0,Does this content promote hate or sexism against women? Answer 1 or 0.
15719.jpg,0,1,1,"Classify this meme: 1 = misogynous, 0 = not misogynous. Output only the digit."
15719.jpg,0,0,0,Is this image and text combination offensive towards women? Answer 1 (Offensive) or 0 (Safe).
15719.jpg,0,1,1,Look at the meme. Is it sexist? Answer only 1 or 0.
15162.jpg,0,0,0,Analyze both the image and the text. Is this meme misogynistic? Reply with 1 for yes or 0 for no.
15162.jpg,0,0,0,Does this content promote hate or sexism against women? Answer 1 or 0.
15162.jpg,0,0,0,"Classify this meme: 1 = misogynous, 0 = not misogynous. Output only the digit."
15162.jpg,0,0,0,Is this image and text combination offensive towards women? Answer 1 (Offensive) or 0 (Safe).
15162.jpg,0,1,1,Look at the meme. Is it sexist? Answer only 1 or 0.
15490.jpg,1,1,1,Analyze both the image and the text. Is this meme misogynistic? Reply with 1 for yes or 0 for no.
15490.jpg,1,1,1,Does this content promote hate or sexism against women? Answer 1 or 0.
15490.jpg,1,1,1,"Classify this meme: 1 = misogynous, 0 = not misogynous. Output only the digit."
15490.jpg,1,0,0,Is this image and text combination offensive towards women? Answer 1 (Offensive) or 0 (Safe).
15490.jpg,1,1,1,Look at the meme. Is it sexist? Answer only 1 or 0.
15346.jpg,1,1,1,Analyze both the image and the text. Is this meme misogynistic? Reply with 1 for yes or 0 for no.
15346.jpg,1,1,1,Does this content promote hate or sexism against women? Answer 1 or 0.
15346.jpg,1,1,1,"Classify this meme: 1 = misogynous, 0 = not misogynous. Output only the digit."
15346.jpg,1,0,0,Is this image and text combination offensive towards women? Answer 1 (Offensive) or 0 (Safe).
15346.jpg,1,1,1,Look at the meme. Is it sexist? Answer only 1 or 0.
16095.jpg,1,1,1,Analyze both the image and the text. Is this meme misogynistic? Reply with 1 for yes or 0 for no.
16095.jpg,1,0,0,Does this content promote hate or sexism against women? Answer 1 or 0.
16095.jpg,1,1,1,"Classify this meme: 1 = misogynous, 0 = not misogynous. Output only the digit."
16095.jpg,1,0,0,Is this image and text combination offensive towards women? Answer 1 (Offensive) or 0 (Safe).
16095.jpg,1,0,0,Look at the meme. Is it sexist? Answer only 1 or 0.
15285.jpg,0,0,0,Analyze both the image and the text. Is this meme misogynistic? Reply with 1 for yes or 0 for no.
15285.jpg,0,0,0,Does this content promote hate or sexism against women? Answer 1 or 0.
15285.jpg,0,0,0,"Classify this meme: 1 = misogynous, 0 = not misogynous. Output only the digit."
15285.jpg,0,0,0,Is this image and text combination offensive towards women? Answer 1 (Offensive) or 0 (Safe).
15285.jpg,0,0,0,Look at the meme. Is it sexist? Answer only 1 or 0.
16103.jpg,0,0,0,Analyze both the image and the text. Is this meme misogynistic? Reply with 1 for yes or 0 for no.
16103.jpg,0,0,0,Does this content promote hate or sexism against women? Answer 1 or 0.
16103.jpg,0,0,0,"Classify this meme: 1 = misogynous, 0 = not misogynous. Output only the digit."
16103.jpg,0,0,0,Is this image and text combination offensive towards women? Answer 1 (Offensive) or 0 (Safe).
16103.jpg,0,1,1,Look at the meme. Is it sexist? Answer only 1 or 0.
17050.jpg,1,1,1,Analyze both the image and the text. Is this meme misogynistic? Reply with 1 for yes or 0 for no.
17050.jpg,1,1,1,Does this content promote hate or sexism against women? Answer 1 or 0.
17050.jpg,1,1,1,"Classify this meme: 1 = misogynous, 0 = not misogynous. Output only the digit."
17050.jpg,1,0,0,Is this image and text combination offensive towards women? Answer 1 (Offensive) or 0 (Safe).
17050.jpg,1,1,1,Look at the meme. Is it sexist? Answer only 1 or 0.
15782.jpg,1,1,1,Analyze both the image and the text. Is this meme misogynistic? Reply with 1 for yes or 0 for no.
15782.jpg,1,0,0,Does this content promote hate or sexism against women? Answer 1 or 0.
15782.jpg,1,1,1,"Classify this meme: 1 = misogynous, 0 = not misogynous. Output only the digit."
15782.jpg,1,0,0 (Safe).,Is this image and text combination offensive towards women? Answer 1 (Offensive) or 0 (Safe).
15782.jpg,1,1,1,Look at the meme. Is it sexist? Answer only 1 or 0.
16134.jpg,1,1,1,Analyze both the image and the text. Is this meme misogynistic? Reply with 1 for yes or 0 for no.
16134.jpg,1,1,1,Does this content promote hate or sexism against women? Answer 1 or 0.
16134.jpg,1,1,1,"Classify this meme: 1 = misogynous, 0 = not misogynous. Output only the digit."
16134.jpg,1,0,0,Is this image and text combination offensive towards women? Answer 1 (Offensive) or 0 (Safe).
16134.jpg,1,1,1,Look at the meme. Is it sexist? Answer only 1 or 0.
15864.jpg,1,1,1,Analyze both the image and the text. Is this meme misogynistic? Reply with 1 for yes or 0 for no.
15864.jpg,1,0,0,Does this content promote hate or sexism against women? Answer 1 or 0.
15864.jpg,1,0,0,"Classify this meme: 1 = misogynous, 0 = not misogynous. Output only the digit."
15864.jpg,1,0,0,Is this image and text combination offensive towards women? Answer 1 (Offensive) or 0 (Safe).
15864.jpg,1,1,1,Look at the meme. Is it sexist? Answer only 1 or 0.
17058.jpg,1,0,0,Analyze both the image and the text. Is this meme misogynistic? Reply with 1 for yes or 0 for no.
17058.jpg,1,0,0,Does this content promote hate or sexism against women? Answer 1 or 0.
17058.jpg,1,0,0,"Classify this meme: 1 = misogynous, 0 = not misogynous. Output only the digit."
17058.jpg,1,0,0,Is this image and text combination offensive towards women? Answer 1 (Offensive) or 0 (Safe).
17058.jpg,1,0,0,Look at the meme. Is it sexist? Answer only 1 or 0.
16153.jpg,1,0,0,Analyze both the image and the text. Is this meme misogynistic? Reply with 1 for yes or 0 for no.
16153.jpg,1,0,0,Does this content promote hate or sexism against women? Answer 1 or 0.
16153.jpg,1,0,0,"Classify this meme: 1 = misogynous, 0 = not misogynous. Output only the digit."
16153.jpg,1,0,0 (Safe).,Is this image and text combination offensive towards women? Answer 1 (Offensive) or 0 (Safe).
16153.jpg,1,0,0,Look at the meme. Is it sexist? Answer only 1 or 0.
15544.jpg,0,0,0,Analyze both the image and the text. Is this meme misogynistic? Reply with 1 for yes or 0 for no.
15544.jpg,0,0,0,Does this content promote hate or sexism against women? Answer 1 or 0.
15544.jpg,0,0,0,"Classify this meme: 1 = misogynous, 0 = not misogynous. Output only the digit."
15544.jpg,0,0,0,Is this image and text combination offensive towards women? Answer 1 (Offensive) or 0 (Safe).
15544.jpg,0,0,0,Look at the meme. Is it sexist? Answer only 1 or 0.
16101.jpg,0,0,0,Analyze both the image and the text. Is this meme misogynistic? Reply with 1 for yes or 0 for no.
16101.jpg,0,0,0,Does this content promote hate or sexism against women? Answer 1 or 0.
16101.jpg,0,0,0,"Classify this meme: 1 = misogynous, 0 = not misogynous. Output only the digit."
16101.jpg,0,0,0,Is this image and text combination offensive towards women? Answer 1 (Offensive) or 0 (Safe).
16101.jpg,0,0,0,Look at the meme. Is it sexist? Answer only 1 or 0.
16012.jpg,0,0,0,Analyze both the image and the text. Is this meme misogynistic? Reply with 1 for yes or 0 for no.
16012.jpg,0,0,0,Does this content promote hate or sexism against women? Answer 1 or 0.
16012.jpg,0,0,0,"Classify this meme: 1 = misogynous, 0 = not misogynous. Output only the digit."
16012.jpg,0,0,0,Is this image and text combination offensive towards women? Answer 1 (Offensive) or 0 (Safe).
16012.jpg,0,0,0,Look at the meme. Is it sexist? Answer only 1 or 0.
15146.jpg,1,1,1,Analyze both the image and the text. Is this meme misogynistic? Reply with 1 for yes or 0 for no.
15146.jpg,1,0,0,Does this content promote hate or sexism against women? Answer 1 or 0.
15146.jpg,1,1,1,"Classify this meme: 1 = misogynous, 0 = not misogynous. Output only the digit."
15146.jpg,1,1,1,Is this image and text combination offensive towards women? Answer 1 (Offensive) or 0 (Safe).
15146.jpg,1,1,1,Look at the meme. Is it sexist? Answer only 1 or 0.
15767.jpg,0,0,0,Analyze both the image and the text. Is this meme misogynistic? Reply with 1 for yes or 0 for no.
15767.jpg,0,0,0,Does this content promote hate or sexism against women? Answer 1 or 0.
15767.jpg,0,0,0,"Classify this meme: 1 = misogynous, 0 = not misogynous. Output only the digit."
15767.jpg,0,0,0 (Safe).,Is this image and text combination offensive towards women? Answer 1 (Offensive) or 0 (Safe).
15767.jpg,0,0,0,Look at the meme. Is it sexist? Answer only 1 or 0.
16162.jpg,1,1,1,Analyze both the image and the text. Is this meme misogynistic? Reply with 1 for yes or 0 for no.
16162.jpg,1,1,1,Does this content promote hate or sexism against women? Answer 1 or 0.
16162.jpg,1,1,1,"Classify this meme: 1 = misogynous, 0 = not misogynous. Output only the digit."
16162.jpg,1,1,1,Is this image and text combination offensive towards women? Answer 1 (Offensive) or 0 (Safe).
16162.jpg,1,1,1,Look at the meme. Is it sexist? Answer only 1 or 0.
15624.jpg,1,0,0,Analyze both the image and the text. Is this meme misogynistic? Reply with 1 for yes or 0 for no.
15624.jpg,1,0,0,Does this content promote hate or sexism against women? Answer 1 or 0.
15624.jpg,1,0,0,"Classify this meme: 1 = misogynous, 0 = not misogynous. Output only the digit."
15624.jpg,1,0,0,Is this image and text combination offensive towards women? Answer 1 (Offensive) or 0 (Safe).
15624.jpg,1,0,0,Look at the meme. Is it sexist? Answer only 1 or 0.
15753.jpg,1,1,1,Analyze both the image and the text. Is this meme misogynistic? Reply with 1 for yes or 0 for no.
15753.jpg,1,0,0,Does this content promote hate or sexism against women? Answer 1 or 0.
15753.jpg,1,1,1,"Classify this meme: 1 = misogynous, 0 = not misogynous. Output only the digit."
15753.jpg,1,0,0,Is this image and text combination offensive towards women? Answer 1 (Offensive) or 0 (Safe).
15753.jpg,1,1,1,Look at the meme. Is it sexist? Answer only 1 or 0.
16120.jpg,1,1,1,Analyze both the image and the text. Is this meme misogynistic? Reply with 1 for yes or 0 for no.
16120.jpg,1,1,1,Does this content promote hate or sexism against women? Answer 1 or 0.
16120.jpg,1,1,1,"Classify this meme: 1 = misogynous, 0 = not misogynous. Output only the digit."
16120.jpg,1,1,1,Is this image and text combination offensive towards women? Answer 1 (Offensive) or 0 (Safe).
16120.jpg,1,1,1,Look at the meme. Is it sexist? Answer only 1 or 0.
15902.jpg,1,0,0,Analyze both the image and the text. Is this meme misogynistic? Reply with 1 for yes or 0 for no.
15902.jpg,1,0,0,Does this content promote hate or sexism against women? Answer 1 or 0.
15902.jpg,1,0,0,"Classify this meme: 1 = misogynous, 0 = not misogynous. Output only the digit."
15902.jpg,1,0,0 (Safe).,Is this image and text combination offensive towards women? Answer 1 (Offensive) or 0 (Safe).
15902.jpg,1,0,0,Look at the meme. Is it sexist? Answer only 1 or 0.
16282.jpg,1,1,1,Analyze both the image and the text. Is this meme misogynistic? Reply with 1 for yes or 0 for no.
16282.jpg,1,1,1,Does this content promote hate or sexism against women? Answer 1 or 0.
16282.jpg,1,1,1,"Classify this meme: 1 = misogynous, 0 = not misogynous. Output only the digit."
16282.jpg,1,1,1,Is this image and text combination offensive towards women? Answer 1 (Offensive) or 0 (Safe).
16282.jpg,1,1,1,Look at the meme. Is it sexist? Answer only 1 or 0.
15693.jpg,0,0,0,Analyze both the image and the text. Is this meme misogynistic? Reply with 1 for yes or 0 for no.
15693.jpg,0,0,0,Does this content promote hate or sexism against women? Answer 1 or 0.
15693.jpg,0,0,0,"Classify this meme: 1 = misogynous, 0 = not misogynous. Output only the digit."
15693.jpg,0,0,0 (Safe).,Is this image and text combination offensive towards women? Answer 1 (Offensive) or 0 (Safe).
15693.jpg,0,0,0,Look at the meme. Is it sexist? Answer only 1 or 0.
16183.jpg,1,1,1,Analyze both the image and the text. Is this meme misogynistic? Reply with 1 for yes or 0 for no.
16183.jpg,1,1,1,Does this content promote hate or sexism against women? Answer 1 or 0.
16183.jpg,1,1,1,"Classify this meme: 1 = misogynous, 0 = not misogynous. Output only the digit."
16183.jpg,1,1,1,Is this image and text combination offensive towards women? Answer 1 (Offensive) or 0 (Safe).
16183.jpg,1,1,1,Look at the meme. Is it sexist? Answer only 1 or 0.
17006.jpg,1,1,1,Analyze both the image and the text. Is this meme misogynistic? Reply with 1 for yes or 0 for no.
17006.jpg,1,0,0,Does this content promote hate or sexism against women? Answer 1 or 0.
17006.jpg,1,1,1,"Classify this meme: 1 = misogynous, 0 = not misogynous. Output only the digit."
17006.jpg,1,0,0,Is this image and text combination offensive towards women? Answer 1 (Offensive) or 0 (Safe).
17006.jpg,1,1,1,Look at the meme. Is it sexist? Answer only 1 or 0.
15321.jpg,1,1,1,Analyze both the image and the text. Is this meme misogynistic? Reply with 1 for yes or 0 for no.
15321.jpg,1,1,1,Does this content promote hate or sexism against women? Answer 1 or 0.
15321.jpg,1,1,1,"Classify this meme: 1 = misogynous, 0 = not misogynous. Output only the digit."
15321.jpg,1,1,1,Is this image and text combination offensive towards women? Answer 1 (Offensive) or 0 (Safe).
15321.jpg,1,1,1,Look at the meme. Is it sexist? Answer only 1 or 0.
16173.jpg,1,1,1,Analyze both the image and the text. Is this meme misogynistic? Reply with 1 for yes or 0 for no.
16173.jpg,1,1,1,Does this content promote hate or sexism against women? Answer 1 or 0.
16173.jpg,1,1,1,"Classify this meme: 1 = misogynous, 0 = not misogynous. Output only the digit."
16173.jpg,1,0,0,Is this image and text combination offensive towards women? Answer 1 (Offensive) or 0 (Safe).
16173.jpg,1,1,1,Look at the meme. Is it sexist? Answer only 1 or 0.
15266.jpg,0,1,1,Analyze both the image and the text. Is this meme misogynistic? Reply with 1 for yes or 0 for no.
15266.jpg,0,1,1,Does this content promote hate or sexism against women? Answer 1 or 0.
15266.jpg,0,1,1,"Classify this meme: 1 = misogynous, 0 = not misogynous. Output only the digit."
15266.jpg,0,0,0,Is this image and text combination offensive towards women? Answer 1 (Offensive) or 0 (Safe).
15266.jpg,0,1,1,Look at the meme. Is it sexist? Answer only 1 or 0.
15429.jpg,1,1,1,Analyze both the image and the text. Is this meme misogynistic? Reply with 1 for yes or 0 for no.
15429.jpg,1,1,1,Does this content promote hate or sexism against women? Answer 1 or 0.
15429.jpg,1,1,1,"Classify this meme: 1 = misogynous, 0 = not misogynous. Output only the digit."
15429.jpg,1,1,1,Is this image and text combination offensive towards women? Answer 1 (Offensive) or 0 (Safe).
15429.jpg,1,1,1,Look at the meme. Is it sexist? Answer only 1 or 0.
15083.jpg,0,1,1,Analyze both the image and the text. Is this meme misogynistic? Reply with 1 for yes or 0 for no.
15083.jpg,0,0,0,Does this content promote hate or sexism against women? Answer 1 or 0.
15083.jpg,0,0,0,"Classify this meme: 1 = misogynous, 0 = not misogynous. Output only the digit."
15083.jpg,0,1,1,Is this image and text combination offensive towards women? Answer 1 (Offensive) or 0 (Safe).
15083.jpg,0,0,0,Look at the meme. Is it sexist? Answer only 1 or 0.
15680.jpg,1,1,1,Analyze both the image and the text. Is this meme misogynistic? Reply with 1 for yes or 0 for no.
15680.jpg,1,1,1,Does this content promote hate or sexism against women? Answer 1 or 0.
15680.jpg,1,1,1,"Classify this meme: 1 = misogynous, 0 = not misogynous. Output only the digit."
15680.jpg,1,1,1,Is this image and text combination offensive towards women? Answer 1 (Offensive) or 0 (Safe).
15680.jpg,1,1,1,Look at the meme. Is it sexist? Answer only 1 or 0.
15963.jpg,1,0,0,Analyze both the image and the text. Is this meme misogynistic? Reply with 1 for yes or 0 for no.
15963.jpg,1,0,0,Does this content promote hate or sexism against women? Answer 1 or 0.
15963.jpg,1,0,0,"Classify this meme: 1 = misogynous, 0 = not misogynous. Output only the digit."
15963.jpg,1,0,0,Is this image and text combination offensive towards women? Answer 1 (Offensive) or 0 (Safe).
15963.jpg,1,0,0,Look at the meme. Is it sexist? Answer only 1 or 0.
16015.jpg,0,0,0,Analyze both the image and the text. Is this meme misogynistic? Reply with 1 for yes or 0 for no.
16015.jpg,0,0,0,Does this content promote hate or sexism against women? Answer 1 or 0.
16015.jpg,0,0,0,"Classify this meme: 1 = misogynous, 0 = not misogynous. Output only the digit."
16015.jpg,0,0,0,Is this image and text combination offensive towards women? Answer 1 (Offensive) or 0 (Safe).
16015.jpg,0,0,0,Look at the meme. Is it sexist? Answer only 1 or 0.
15545.jpg,0,1,1,Analyze both the image and the text. Is this meme misogynistic? Reply with 1 for yes or 0 for no.
15545.jpg,0,0,0,Does this content promote hate or sexism against women? Answer 1 or 0.
15545.jpg,0,1,1,"Classify this meme: 1 = misogynous, 0 = not misogynous. Output only the digit."
15545.jpg,0,0,0,Is this image and text combination offensive towards women? Answer 1 (Offensive) or 0 (Safe).
15545.jpg,0,1,1,Look at the meme. Is it sexist? Answer only 1 or 0.
15043.jpg,0,0,0,Analyze both the image and the text. Is this meme misogynistic? Reply with 1 for yes or 0 for no.
15043.jpg,0,0,0,Does this content promote hate or sexism against women? Answer 1 or 0.
15043.jpg,0,0,0,"Classify this meme: 1 = misogynous, 0 = not misogynous. Output only the digit."
15043.jpg,0,0,0,Is this image and text combination offensive towards women? Answer 1 (Offensive) or 0 (Safe).
15043.jpg,0,0,0,Look at the meme. Is it sexist? Answer only 1 or 0.
15920.jpg,0,0,0,Analyze both the image and the text. Is this meme misogynistic? Reply with 1 for yes or 0 for no.
15920.jpg,0,0,0,Does this content promote hate or sexism against women? Answer 1 or 0.
15920.jpg,0,0,0,"Classify this meme: 1 = misogynous, 0 = not misogynous. Output only the digit."
15920.jpg,0,0,0 (Safe).,Is this image and text combination offensive towards women? Answer 1 (Offensive) or 0 (Safe).
15920.jpg,0,0,0,Look at the meme. Is it sexist? Answer only 1 or 0.
17064.jpg,1,0,0,Analyze both the image and the text. Is this meme misogynistic? Reply with 1 for yes or 0 for no.
17064.jpg,1,0,0,Does this content promote hate or sexism against women? Answer 1 or 0.
17064.jpg,1,0,0,"Classify this meme: 1 = misogynous, 0 = not misogynous. Output only the digit."
17064.jpg,1,0,0 (Safe).,Is this image and text combination offensive towards women? Answer 1 (Offensive) or 0 (Safe).
17064.jpg,1,0,0,Look at the meme. Is it sexist? Answer only 1 or 0.
15559.jpg,1,0,0,Analyze both the image and the text. Is this meme misogynistic? Reply with 1 for yes or 0 for no.
15559.jpg,1,0,0,Does this content promote hate or sexism against women? Answer 1 or 0.
15559.jpg,1,0,0,"Classify this meme: 1 = misogynous, 0 = not misogynous. Output only the digit."
15559.jpg,1,0,0,Is this image and text combination offensive towards women? Answer 1 (Offensive) or 0 (Safe).
15559.jpg,1,1,1,Look at the meme. Is it sexist? Answer only 1 or 0.
17049.jpg,1,1,1,Analyze both the image and the text. Is this meme misogynistic? Reply with 1 for yes or 0 for no.
17049.jpg,1,1,1,Does this content promote hate or sexism against women? Answer 1 or 0.
17049.jpg,1,1,1,"Classify this meme: 1 = misogynous, 0 = not misogynous. Output only the digit."
17049.jpg,1,1,1,Is this image and text combination offensive towards women? Answer 1 (Offensive) or 0 (Safe).
17049.jpg,1,1,1,Look at the meme. Is it sexist? Answer only 1 or 0.
15922.jpg,0,0,0,Analyze both the image and the text. Is this meme misogynistic? Reply with 1 for yes or 0 for no.
15922.jpg,0,0,0,Does this content promote hate or sexism against women? Answer 1 or 0.
15922.jpg,0,0,0,"Classify this meme: 1 = misogynous, 0 = not misogynous. Output only the digit."
15922.jpg,0,0,0,Is this image and text combination offensive towards women? Answer 1 (Offensive) or 0 (Safe).
15922.jpg,0,1,1,Look at the meme. Is it sexist? Answer only 1 or 0.
16186.jpg,1,1,1,Analyze both the image and the text. Is this meme misogynistic? Reply with 1 for yes or 0 for no.
16186.jpg,1,1,1,Does this content promote hate or sexism against women? Answer 1 or 0.
16186.jpg,1,1,1,"Classify this meme: 1 = misogynous, 0 = not misogynous. Output only the digit."
16186.jpg,1,1,1,Is this image and text combination offensive towards women? Answer 1 (Offensive) or 0 (Safe).
16186.jpg,1,1,1,Look at the meme. Is it sexist? Answer only 1 or 0.
16054.jpg,1,1,1,Analyze both the image and the text. Is this meme misogynistic? Reply with 1 for yes or 0 for no.
16054.jpg,1,1,1,Does this content promote hate or sexism against women? Answer 1 or 0.
16054.jpg,1,1,1,"Classify this meme: 1 = misogynous, 0 = not misogynous. Output only the digit."
16054.jpg,1,1,1,Is this image and text combination offensive towards women? Answer 1 (Offensive) or 0 (Safe).
16054.jpg,1,1,1,Look at the meme. Is it sexist? Answer only 1 or 0.
15461.jpg,1,1,1,Analyze both the image and the text. Is this meme misogynistic? Reply with 1 for yes or 0 for no.
15461.jpg,1,0,0,Does this content promote hate or sexism against women? Answer 1 or 0.
15461.jpg,1,1,1,"Classify this meme: 1 = misogynous, 0 = not misogynous. Output only the digit."
15461.jpg,1,0,0,Is this image and text combination offensive towards women? Answer 1 (Offensive) or 0 (Safe).
15461.jpg,1,1,1,Look at the meme. Is it sexist? Answer only 1 or 0.
15584.jpg,0,0,0,Analyze both the image and the text. Is this meme misogynistic? Reply with 1 for yes or 0 for no.
15584.jpg,0,0,0,Does this content promote hate or sexism against women? Answer 1 or 0.
15584.jpg,0,0,0,"Classify this meme: 1 = misogynous, 0 = not misogynous. Output only the digit."
15584.jpg,0,0,0,Is this image and text combination offensive towards women? Answer 1 (Offensive) or 0 (Safe).
15584.jpg,0,0,0,Look at the meme. Is it sexist? Answer only 1 or 0.
15589.jpg,1,0,0,Analyze both the image and the text. Is this meme misogynistic? Reply with 1 for yes or 0 for no.
15589.jpg,1,0,0,Does this content promote hate or sexism against women? Answer 1 or 0.
15589.jpg,1,1,1,"Classify this meme: 1 = misogynous, 0 = not misogynous. Output only the digit."
15589.jpg,1,0,0,Is this image and text combination offensive towards women? Answer 1 (Offensive) or 0 (Safe).
15589.jpg,1,1,1,Look at the meme. Is it sexist? Answer only 1 or 0.
15694.jpg,0,0,0,Analyze both the image and the text. Is this meme misogynistic? Reply with 1 for yes or 0 for no.
15694.jpg,0,0,0,Does this content promote hate or sexism against women? Answer 1 or 0.
15694.jpg,0,0,0,"Classify this meme: 1 = misogynous, 0 = not misogynous. Output only the digit."
15694.jpg,0,0,0,Is this image and text combination offensive towards women? Answer 1 (Offensive) or 0 (Safe).
15694.jpg,0,0,0,Look at the meme. Is it sexist? Answer only 1 or 0.
15072.jpg,0,1,1,Analyze both the image and the text. Is this meme misogynistic? Reply with 1 for yes or 0 for no.
15072.jpg,0,1,1,Does this content promote hate or sexism against women? Answer 1 or 0.
15072.jpg,0,1,1,"Classify this meme: 1 = misogynous, 0 = not misogynous. Output only the digit."
15072.jpg,0,0,0,Is this image and text combination offensive towards women? Answer 1 (Offensive) or 0 (Safe).
15072.jpg,0,1,1,Look at the meme. Is it sexist? Answer only 1 or 0.
15238.jpg,0,0,0,Analyze both the image and the text. Is this meme misogynistic? Reply with 1 for yes or 0 for no.
15238.jpg,0,0,0,Does this content promote hate or sexism against women? Answer 1 or 0.
15238.jpg,0,0,0,"Classify this meme: 1 = misogynous, 0 = not misogynous. Output only the digit."
15238.jpg,0,0,0 (Safe).,Is this image and text combination offensive towards women? Answer 1 (Offensive) or 0 (Safe).
15238.jpg,0,0,0,Look at the meme. Is it sexist? Answer only 1 or 0.
15573.jpg,0,0,0,Analyze both the image and the text. Is this meme misogynistic? Reply with 1 for yes or 0 for no.
15573.jpg,0,0,0,Does this content promote hate or sexism against women? Answer 1 or 0.
15573.jpg,0,0,0,"Classify this meme: 1 = misogynous, 0 = not misogynous. Output only the digit."
15573.jpg,0,0,0,Is this image and text combination offensive towards women? Answer 1 (Offensive) or 0 (Safe).
15573.jpg,0,0,0,Look at the meme. Is it sexist? Answer only 1 or 0.
15844.jpg,1,1,1,Analyze both the image and the text. Is this meme misogynistic? Reply with 1 for yes or 0 for no.
15844.jpg,1,1,1,Does this content promote hate or sexism against women? Answer 1 or 0.
15844.jpg,1,1,1,"Classify this meme: 1 = misogynous, 0 = not misogynous. Output only the digit."
15844.jpg,1,1,1,Is this image and text combination offensive towards women? Answer 1 (Offensive) or 0 (Safe).
15844.jpg,1,1,1,Look at the meme. Is it sexist? Answer only 1 or 0.
16300.jpg,1,1,1,Analyze both the image and the text. Is this meme misogynistic? Reply with 1 for yes or 0 for no.
16300.jpg,1,1,1,Does this content promote hate or sexism against women? Answer 1 or 0.
16300.jpg,1,1,1,"Classify this meme: 1 = misogynous, 0 = not misogynous. Output only the digit."
16300.jpg,1,0,0,Is this image and text combination offensive towards women? Answer 1 (Offensive) or 0 (Safe).
16300.jpg,1,1,1,Look at the meme. Is it sexist? Answer only 1 or 0.
16277.jpg,1,1,1,Analyze both the image and the text. Is this meme misogynistic? Reply with 1 for yes or 0 for no.
16277.jpg,1,0,0,Does this content promote hate or sexism against women? Answer 1 or 0.
16277.jpg,1,1,1,"Classify this meme: 1 = misogynous, 0 = not misogynous. Output only the digit."
16277.jpg,1,0,0,Is this image and text combination offensive towards women? Answer 1 (Offensive) or 0 (Safe).
16277.jpg,1,1,1,Look at the meme. Is it sexist? Answer only 1 or 0.
17034.jpg,0,0,0,Analyze both the image and the text. Is this meme misogynistic? Reply with 1 for yes or 0 for no.
17034.jpg,0,0,0,Does this content promote hate or sexism against women? Answer 1 or 0.
17034.jpg,0,0,0,"Classify this meme: 1 = misogynous, 0 = not misogynous. Output only the digit."
17034.jpg,0,0,0,Is this image and text combination offensive towards women? Answer 1 (Offensive) or 0 (Safe).
17034.jpg,0,0,0,Look at the meme. Is it sexist? Answer only 1 or 0.
15010.jpg,0,0,0,Analyze both the image and the text. Is this meme misogynistic? Reply with 1 for yes or 0 for no.
15010.jpg,0,0,0,Does this content promote hate or sexism against women? Answer 1 or 0.
15010.jpg,0,0,0,"Classify this meme: 1 = misogynous, 0 = not misogynous. Output only the digit."
15010.jpg,0,0,0,Is this image and text combination offensive towards women? Answer 1 (Offensive) or 0 (Safe).
15010.jpg,0,0,0,Look at the meme. Is it sexist? Answer only 1 or 0.
15635.jpg,0,0,0,Analyze both the image and the text. Is this meme misogynistic? Reply with 1 for yes or 0 for no.
15635.jpg,0,0,0,Does this content promote hate or sexism against women? Answer 1 or 0.
15635.jpg,0,0,0,"Classify this meme: 1 = misogynous, 0 = not misogynous. Output only the digit."
15635.jpg,0,0,0,Is this image and text combination offensive towards women? Answer 1 (Offensive) or 0 (Safe).
15635.jpg,0,1,1,Look at the meme. Is it sexist? Answer only 1 or 0.
15900.jpg,1,0,0,Analyze both the image and the text. Is this meme misogynistic? Reply with 1 for yes or 0 for no.
15900.jpg,1,0,0,Does this content promote hate or sexism against women? Answer 1 or 0.
15900.jpg,1,0,0,"Classify this meme: 1 = misogynous, 0 = not misogynous. Output only the digit."
15900.jpg,1,0,0,Is this image and text combination offensive towards women? Answer 1 (Offensive) or 0 (Safe).
15900.jpg,1,1,1,Look at the meme. Is it sexist? Answer only 1 or 0.
15933.jpg,1,0,0,Analyze both the image and the text. Is this meme misogynistic? Reply with 1 for yes or 0 for no.
15933.jpg,1,0,0,Does this content promote hate or sexism against women? Answer 1 or 0.
15933.jpg,1,0,0,"Classify this meme: 1 = misogynous, 0 = not misogynous. Output only the digit."
15933.jpg,1,0,0,Is this image and text combination offensive towards women? Answer 1 (Offensive) or 0 (Safe).
15933.jpg,1,0,0,Look at the meme. Is it sexist? Answer only 1 or 0.
15576.jpg,1,0,0,Analyze both the image and the text. Is this meme misogynistic? Reply with 1 for yes or 0 for no.
15576.jpg,1,0,0,Does this content promote hate or sexism against women? Answer 1 or 0.
15576.jpg,1,0,0,"Classify this meme: 1 = misogynous, 0 = not misogynous. Output only the digit."
15576.jpg,1,0,0,Is this image and text combination offensive towards women? Answer 1 (Offensive) or 0 (Safe).
15576.jpg,1,0,0,Look at the meme. Is it sexist? Answer only 1 or 0.
15878.jpg,1,1,1,Analyze both the image and the text. Is this meme misogynistic? Reply with 1 for yes or 0 for no.
15878.jpg,1,0,0,Does this content promote hate or sexism against women? Answer 1 or 0.
15878.jpg,1,1,1,"Classify this meme: 1 = misogynous, 0 = not misogynous. Output only the digit."
15878.jpg,1,0,0,Is this image and text combination offensive towards women? Answer 1 (Offensive) or 0 (Safe).
15878.jpg,1,1,1,Look at the meme. Is it sexist? Answer only 1 or 0.
16209.jpg,0,0,0,Analyze both the image and the text. Is this meme misogynistic? Reply with 1 for yes or 0 for no.
16209.jpg,0,0,0,Does this content promote hate or sexism against women? Answer 1 or 0.
16209.jpg,0,0,0,"Classify this meme: 1 = misogynous, 0 = not misogynous. Output only the digit."
16209.jpg,0,0,0,Is this image and text combination offensive towards women? Answer 1 (Offensive) or 0 (Safe).
16209.jpg,0,0,0,Look at the meme. Is it sexist? Answer only 1 or 0.
16276.jpg,0,0,0,Analyze both the image and the text. Is this meme misogynistic? Reply with 1 for yes or 0 for no.
16276.jpg,0,0,0,Does this content promote hate or sexism against women? Answer 1 or 0.
16276.jpg,0,0,0,"Classify this meme: 1 = misogynous, 0 = not misogynous. Output only the digit."
16276.jpg,0,0,0,Is this image and text combination offensive towards women? Answer 1 (Offensive) or 0 (Safe).
16276.jpg,0,0,0,Look at the meme. Is it sexist? Answer only 1 or 0.
15889.jpg,1,0,0,Analyze both the image and the text. Is this meme misogynistic? Reply with 1 for yes or 0 for no.
15889.jpg,1,0,0,Does this content promote hate or sexism against women? Answer 1 or 0.
15889.jpg,1,0,0,"Classify this meme: 1 = misogynous, 0 = not misogynous. Output only the digit."
15889.jpg,1,0,0,Is this image and text combination offensive towards women? Answer 1 (Offensive) or 0 (Safe).
15889.jpg,1,0,0,Look at the meme. Is it sexist? Answer only 1 or 0.
15397.jpg,0,0,0,Analyze both the image and the text. Is this meme misogynistic? Reply with 1 for yes or 0 for no.
15397.jpg,0,0,0,Does this content promote hate or sexism against women? Answer 1 or 0.
15397.jpg,0,0,0,"Classify this meme: 1 = misogynous, 0 = not misogynous. Output only the digit."
15397.jpg,0,0,0,Is this image and text combination offensive towards women? Answer 1 (Offensive) or 0 (Safe).
15397.jpg,0,0,0,Look at the meme. Is it sexist? Answer only 1 or 0.
16192.jpg,0,0,0,Analyze both the image and the text. Is this meme misogynistic? Reply with 1 for yes or 0 for no.
16192.jpg,0,0,0,Does this content promote hate or sexism against women? Answer 1 or 0.
16192.jpg,0,0,0,"Classify this meme: 1 = misogynous, 0 = not misogynous. Output only the digit."
16192.jpg,0,0,0,Is this image and text combination offensive towards women? Answer 1 (Offensive) or 0 (Safe).
16192.jpg,0,0,0,Look at the meme. Is it sexist? Answer only 1 or 0.
17036.jpg,1,1,1,Analyze both the image and the text. Is this meme misogynistic? Reply with 1 for yes or 0 for no.
17036.jpg,1,1,1,Does this content promote hate or sexism against women? Answer 1 or 0.
17036.jpg,1,1,1,"Classify this meme: 1 = misogynous, 0 = not misogynous. Output only the digit."
17036.jpg,1,1,1,Is this image and text combination offensive towards women? Answer 1 (Offensive) or 0 (Safe).
17036.jpg,1,1,1,Look at the meme. Is it sexist? Answer only 1 or 0.
15644.jpg,1,0,0,Analyze both the image and the text. Is this meme misogynistic? Reply with 1 for yes or 0 for no.
15644.jpg,1,0,0,Does this content promote hate or sexism against women? Answer 1 or 0.
15644.jpg,1,0,0,"Classify this meme: 1 = misogynous, 0 = not misogynous. Output only the digit."
15644.jpg,1,0,0,Is this image and text combination offensive towards women? Answer 1 (Offensive) or 0 (Safe).
15644.jpg,1,0,0,Look at the meme. Is it sexist? Answer only 1 or 0.
15431.jpg,0,0,0,Analyze both the image and the text. Is this meme misogynistic? Reply with 1 for yes or 0 for no.
15431.jpg,0,0,0,Does this content promote hate or sexism against women? Answer 1 or 0.
15431.jpg,0,0,0,"Classify this meme: 1 = misogynous, 0 = not misogynous. Output only the digit."
15431.jpg,0,0,0,Is this image and text combination offensive towards women? Answer 1 (Offensive) or 0 (Safe).
15431.jpg,0,1,1,Look at the meme. Is it sexist? Answer only 1 or 0.
16315.jpg,1,0,0,Analyze both the image and the text. Is this meme misogynistic? Reply with 1 for yes or 0 for no.
16315.jpg,1,0,0,Does this content promote hate or sexism against women? Answer 1 or 0.
16315.jpg,1,0,0,"Classify this meme: 1 = misogynous, 0 = not misogynous. Output only the digit."
16315.jpg,1,0,0,Is this image and text combination offensive towards women? Answer 1 (Offensive) or 0 (Safe).
16315.jpg,1,0,0,Look at the meme. Is it sexist? Answer only 1 or 0.
16185.jpg,0,0,0,Analyze both the image and the text. Is this meme misogynistic? Reply with 1 for yes or 0 for no.
16185.jpg,0,0,0,Does this content promote hate or sexism against women? Answer 1 or 0.
16185.jpg,0,0,0,"Classify this meme: 1 = misogynous, 0 = not misogynous. Output only the digit."
16185.jpg,0,0,0,Is this image and text combination offensive towards women? Answer 1 (Offensive) or 0 (Safe).
16185.jpg,0,0,0,Look at the meme. Is it sexist? Answer only 1 or 0.
16112.jpg,1,0,0,Analyze both the image and the text. Is this meme misogynistic? Reply with 1 for yes or 0 for no.
16112.jpg,1,0,0,Does this content promote hate or sexism against women? Answer 1 or 0.
16112.jpg,1,0,0,"Classify this meme: 1 = misogynous, 0 = not misogynous. Output only the digit."
16112.jpg,1,0,0,Is this image and text combination offensive towards women? Answer 1 (Offensive) or 0 (Safe).
16112.jpg,1,0,0,Look at the meme. Is it sexist? Answer only 1 or 0.
15896.jpg,1,1,1,Analyze both the image and the text. Is this meme misogynistic? Reply with 1 for yes or 0 for no.
15896.jpg,1,1,1,Does this content promote hate or sexism against women? Answer 1 or 0.
15896.jpg,1,1,1,"Classify this meme: 1 = misogynous, 0 = not misogynous. Output only the digit."
15896.jpg,1,0,0,Is this image and text combination offensive towards women? Answer 1 (Offensive) or 0 (Safe).
15896.jpg,1,1,1,Look at the meme. Is it sexist? Answer only 1 or 0.
17056.jpg,1,1,1,Analyze both the image and the text. Is this meme misogynistic? Reply with 1 for yes or 0 for no.
17056.jpg,1,1,1,Does this content promote hate or sexism against women? Answer 1 or 0.
17056.jpg,1,1,1,"Classify this meme: 1 = misogynous, 0 = not misogynous. Output only the digit."
17056.jpg,1,1,1,Is this image and text combination offensive towards women? Answer 1 (Offensive) or 0 (Safe).
17056.jpg,1,1,1,Look at the meme. Is it sexist? Answer only 1 or 0.
16147.jpg,1,1,1,Analyze both the image and the text. Is this meme misogynistic? Reply with 1 for yes or 0 for no.
16147.jpg,1,1,1,Does this content promote hate or sexism against women? Answer 1 or 0.
16147.jpg,1,1,1,"Classify this meme: 1 = misogynous, 0 = not misogynous. Output only the digit."
16147.jpg,1,1,1,Is this image and text combination offensive towards women? Answer 1 (Offensive) or 0 (Safe).
16147.jpg,1,1,1,Look at the meme. Is it sexist? Answer only 1 or 0.
15601.jpg,1,1,1,Analyze both the image and the text. Is this meme misogynistic? Reply with 1 for yes or 0 for no.
15601.jpg,1,1,1,Does this content promote hate or sexism against women? Answer 1 or 0.
15601.jpg,1,1,1,"Classify this meme: 1 = misogynous, 0 = not misogynous. Output only the digit."
15601.jpg,1,1,Yes.,Is this image and text combination offensive towards women? Answer 1 (Offensive) or 0 (Safe).
15601.jpg,1,1,1,Look at the meme. Is it sexist? Answer only 1 or 0.
15903.jpg,1,1,1,Analyze both the image and the text. Is this meme misogynistic? Reply with 1 for yes or 0 for no.
15903.jpg,1,1,1,Does this content promote hate or sexism against women? Answer 1 or 0.
15903.jpg,1,1,1,"Classify this meme: 1 = misogynous, 0 = not misogynous. Output only the digit."
15903.jpg,1,1,1,Is this image and text combination offensive towards women? Answer 1 (Offensive) or 0 (Safe).
15903.jpg,1,1,1,Look at the meme. Is it sexist? Answer only 1 or 0.
15352.jpg,1,1,1,Analyze both the image and the text. Is this meme misogynistic? Reply with 1 for yes or 0 for no.
15352.jpg,1,0,0,Does this content promote hate or sexism against women? Answer 1 or 0.
15352.jpg,1,1,1,"Classify this meme: 1 = misogynous, 0 = not misogynous. Output only the digit."
15352.jpg,1,0,0,Is this image and text combination offensive towards women? Answer 1 (Offensive) or 0 (Safe).
15352.jpg,1,0,0,Look at the meme. Is it sexist? Answer only 1 or 0.
15628.jpg,1,0,0,Analyze both the image and the text. Is this meme misogynistic? Reply with 1 for yes or 0 for no.
15628.jpg,1,0,0,Does this content promote hate or sexism against women? Answer 1 or 0.
15628.jpg,1,0,0,"Classify this meme: 1 = misogynous, 0 = not misogynous. Output only the digit."
15628.jpg,1,0,0,Is this image and text combination offensive towards women? Answer 1 (Offensive) or 0 (Safe).
15628.jpg,1,0,0,Look at the meme. Is it sexist? Answer only 1 or 0.
15600.jpg,0,0,0,Analyze both the image and the text. Is this meme misogynistic? Reply with 1 for yes or 0 for no.
15600.jpg,0,0,0,Does this content promote hate or sexism against women? Answer 1 or 0.
15600.jpg,0,0,0,"Classify this meme: 1 = misogynous, 0 = not misogynous. Output only the digit."
15600.jpg,0,0,0,Is this image and text combination offensive towards women? Answer 1 (Offensive) or 0 (Safe).
15600.jpg,0,0,0,Look at the meme. Is it sexist? Answer only 1 or 0.
16294.jpg,0,0,0,Analyze both the image and the text. Is this meme misogynistic? Reply with 1 for yes or 0 for no.
16294.jpg,0,0,0,Does this content promote hate or sexism against women? Answer 1 or 0.
16294.jpg,0,0,0,"Classify this meme: 1 = misogynous, 0 = not misogynous. Output only the digit."
16294.jpg,0,0,0 (Safe).,Is this image and text combination offensive towards women? Answer 1 (Offensive) or 0 (Safe).
16294.jpg,0,0,0,Look at the meme. Is it sexist? Answer only 1 or 0.
15585.jpg,1,0,0,Analyze both the image and the text. Is this meme misogynistic? Reply with 1 for yes or 0 for no.
15585.jpg,1,0,0,Does this content promote hate or sexism against women? Answer 1 or 0.
15585.jpg,1,0,0,"Classify this meme: 1 = misogynous, 0 = not misogynous. Output only the digit."
15585.jpg,1,0,0,Is this image and text combination offensive towards women? Answer 1 (Offensive) or 0 (Safe).
15585.jpg,1,0,0,Look at the meme. Is it sexist? Answer only 1 or 0.
15123.jpg,0,0,0,Analyze both the image and the text. Is this meme misogynistic? Reply with 1 for yes or 0 for no.
15123.jpg,0,0,0,Does this content promote hate or sexism against women? Answer 1 or 0.
15123.jpg,0,0,0,"Classify this meme: 1 = misogynous, 0 = not misogynous. Output only the digit."
15123.jpg,0,0,0,Is this image and text combination offensive towards women? Answer 1 (Offensive) or 0 (Safe).
15123.jpg,0,0,0,Look at the meme. Is it sexist? Answer only 1 or 0.
15893.jpg,1,1,1,Analyze both the image and the text. Is this meme misogynistic? Reply with 1 for yes or 0 for no.
15893.jpg,1,1,1,Does this content promote hate or sexism against women? Answer 1 or 0.
15893.jpg,1,1,1,"Classify this meme: 1 = misogynous, 0 = not misogynous. Output only the digit."
15893.jpg,1,0,0,Is this image and text combination offensive towards women? Answer 1 (Offensive) or 0 (Safe).
15893.jpg,1,1,1,Look at the meme. Is it sexist? Answer only 1 or 0.
15342.jpg,0,0,0,Analyze both the image and the text. Is this meme misogynistic? Reply with 1 for yes or 0 for no.
15342.jpg,0,0,0,Does this content promote hate or sexism against women? Answer 1 or 0.
15342.jpg,0,0,0,"Classify this meme: 1 = misogynous, 0 = not misogynous. Output only the digit."
15342.jpg,0,0,0,Is this image and text combination offensive towards women? Answer 1 (Offensive) or 0 (Safe).
15342.jpg,0,0,0,Look at the meme. Is it sexist? Answer only 1 or 0.
15203.jpg,1,0,0,Analyze both the image and the text. Is this meme misogynistic? Reply with 1 for yes or 0 for no.
15203.jpg,1,0,0,Does this content promote hate or sexism against women? Answer 1 or 0.
15203.jpg,1,0,0,"Classify this meme: 1 = misogynous, 0 = not misogynous. Output only the digit."
15203.jpg,1,0,0,Is this image and text combination offensive towards women? Answer 1 (Offensive) or 0 (Safe).
15203.jpg,1,0,0,Look at the meme. Is it sexist? Answer only 1 or 0.
17015.jpg,1,1,1,Analyze both the image and the text. Is this meme misogynistic? Reply with 1 for yes or 0 for no.
17015.jpg,1,1,1,Does this content promote hate or sexism against women? Answer 1 or 0.
17015.jpg,1,1,1,"Classify this meme: 1 = misogynous, 0 = not misogynous. Output only the digit."
17015.jpg,1,1,1,Is this image and text combination offensive towards women? Answer 1 (Offensive) or 0 (Safe).
17015.jpg,1,1,1,Look at the meme. Is it sexist? Answer only 1 or 0.
15553.jpg,1,1,1,Analyze both the image and the text. Is this meme misogynistic? Reply with 1 for yes or 0 for no.
15553.jpg,1,1,1,Does this content promote hate or sexism against women? Answer 1 or 0.
15553.jpg,1,1,1,"Classify this meme: 1 = misogynous, 0 = not misogynous. Output only the digit."
15553.jpg,1,1,1,Is this image and text combination offensive towards women? Answer 1 (Offensive) or 0 (Safe).
15553.jpg,1,1,1,Look at the meme. Is it sexist? Answer only 1 or 0.
15227.jpg,0,0,0,Analyze both the image and the text. Is this meme misogynistic? Reply with 1 for yes or 0 for no.
15227.jpg,0,0,0,Does this content promote hate or sexism against women? Answer 1 or 0.
15227.jpg,0,0,0,"Classify this meme: 1 = misogynous, 0 = not misogynous. Output only the digit."
15227.jpg,0,0,0,Is this image and text combination offensive towards women? Answer 1 (Offensive) or 0 (Safe).
15227.jpg,0,0,0,Look at the meme. Is it sexist? Answer only 1 or 0.
15660.jpg,1,1,1,Analyze both the image and the text. Is this meme misogynistic? Reply with 1 for yes or 0 for no.
15660.jpg,1,1,1,Does this content promote hate or sexism against women? Answer 1 or 0.
15660.jpg,1,1,1,"Classify this meme: 1 = misogynous, 0 = not misogynous. Output only the digit."
15660.jpg,1,1,1,Is this image and text combination offensive towards women? Answer 1 (Offensive) or 0 (Safe).
15660.jpg,1,1,1,Look at the meme. Is it sexist? Answer only 1 or 0.
16337.jpg,1,0,0,Analyze both the image and the text. Is this meme misogynistic? Reply with 1 for yes or 0 for no.
16337.jpg,1,0,0,Does this content promote hate or sexism against women? Answer 1 or 0.
16337.jpg,1,1,1,"Classify this meme: 1 = misogynous, 0 = not misogynous. Output only the digit."
16337.jpg,1,0,0,Is this image and text combination offensive towards women? Answer 1 (Offensive) or 0 (Safe).
16337.jpg,1,1,1,Look at the meme. Is it sexist? Answer only 1 or 0.
17002.jpg,1,1,1,Analyze both the image and the text. Is this meme misogynistic? Reply with 1 for yes or 0 for no.
17002.jpg,1,1,1,Does this content promote hate or sexism against women? Answer 1 or 0.
17002.jpg,1,1,1,"Classify this meme: 1 = misogynous, 0 = not misogynous. Output only the digit."
17002.jpg,1,1,1,Is this image and text combination offensive towards women? Answer 1 (Offensive) or 0 (Safe).
17002.jpg,1,1,1,Look at the meme. Is it sexist? Answer only 1 or 0.
15881.jpg,0,0,0,Analyze both the image and the text. Is this meme misogynistic? Reply with 1 for yes or 0 for no.
15881.jpg,0,0,0,Does this content promote hate or sexism against women? Answer 1 or 0.
15881.jpg,0,0,0,"Classify this meme: 1 = misogynous, 0 = not misogynous. Output only the digit."
15881.jpg,0,0,0,Is this image and text combination offensive towards women? Answer 1 (Offensive) or 0 (Safe).
15881.jpg,0,0,0,Look at the meme. Is it sexist? Answer only 1 or 0.
17038.jpg,1,0,0,Analyze both the image and the text. Is this meme misogynistic? Reply with 1 for yes or 0 for no.
17038.jpg,1,0,0,Does this content promote hate or sexism against women? Answer 1 or 0.
17038.jpg,1,0,0,"Classify this meme: 1 = misogynous, 0 = not misogynous. Output only the digit."
17038.jpg,1,0,0,Is this image and text combination offensive towards women? Answer 1 (Offensive) or 0 (Safe).
17038.jpg,1,0,0,Look at the meme. Is it sexist? Answer only 1 or 0.
15975.jpg,1,1,1,Analyze both the image and the text. Is this meme misogynistic? Reply with 1 for yes or 0 for no.
15975.jpg,1,0,0,Does this content promote hate or sexism against women? Answer 1 or 0.
15975.jpg,1,1,1,"Classify this meme: 1 = misogynous, 0 = not misogynous. Output only the digit."
15975.jpg,1,0,0,Is this image and text combination offensive towards women? Answer 1 (Offensive) or 0 (Safe).
15975.jpg,1,1,1,Look at the meme. Is it sexist? Answer only 1 or 0.
15575.jpg,1,1,1,Analyze both the image and the text. Is this meme misogynistic? Reply with 1 for yes or 0 for no.
15575.jpg,1,1,1,Does this content promote hate or sexism against women? Answer 1 or 0.
15575.jpg,1,1,1,"Classify this meme: 1 = misogynous, 0 = not misogynous. Output only the digit."
15575.jpg,1,0,0,Is this image and text combination offensive towards women? Answer 1 (Offensive) or 0 (Safe).
15575.jpg,1,1,1,Look at the meme. Is it sexist? Answer only 1 or 0.
15716.jpg,1,1,1,Analyze both the image and the text. Is this meme misogynistic? Reply with 1 for yes or 0 for no.
15716.jpg,1,1,1,Does this content promote hate or sexism against women? Answer 1 or 0.
15716.jpg,1,1,1,"Classify this meme: 1 = misogynous, 0 = not misogynous. Output only the digit."
15716.jpg,1,1,1,Is this image and text combination offensive towards women? Answer 1 (Offensive) or 0 (Safe).
15716.jpg,1,1,1,Look at the meme. Is it sexist? Answer only 1 or 0.
15270.jpg,0,0,0,Analyze both the image and the text. Is this meme misogynistic? Reply with 1 for yes or 0 for no.
15270.jpg,0,0,0,Does this content promote hate or sexism against women? Answer 1 or 0.
15270.jpg,0,0,0,"Classify this meme: 1 = misogynous, 0 = not misogynous. Output only the digit."
15270.jpg,0,0,0,Is this image and text combination offensive towards women? Answer 1 (Offensive) or 0 (Safe).
15270.jpg,0,0,0,Look at the meme. Is it sexist? Answer only 1 or 0.
16195.jpg,0,0,0,Analyze both the image and the text. Is this meme misogynistic? Reply with 1 for yes or 0 for no.
16195.jpg,0,0,0,Does this content promote hate or sexism against women? Answer 1 or 0.
16195.jpg,0,0,0,"Classify this meme: 1 = misogynous, 0 = not misogynous. Output only the digit."
16195.jpg,0,0,0 (Safe).,Is this image and text combination offensive towards women? Answer 1 (Offensive) or 0 (Safe).
16195.jpg,0,0,0,Look at the meme. Is it sexist? Answer only 1 or 0.
16312.jpg,0,1,1,Analyze both the image and the text. Is this meme misogynistic? Reply with 1 for yes or 0 for no.
16312.jpg,0,1,1,Does this content promote hate or sexism against women? Answer 1 or 0.
16312.jpg,0,1,1,"Classify this meme: 1 = misogynous, 0 = not misogynous. Output only the digit."
16312.jpg,0,0,0,Is this image and text combination offensive towards women? Answer 1 (Offensive) or 0 (Safe).
16312.jpg,0,1,1,Look at the meme. Is it sexist? Answer only 1 or 0.
15174.jpg,0,0,0,Analyze both the image and the text. Is this meme misogynistic? Reply with 1 for yes or 0 for no.
15174.jpg,0,0,0,Does this content promote hate or sexism against women? Answer 1 or 0.
15174.jpg,0,0,0,"Classify this meme: 1 = misogynous, 0 = not misogynous. Output only the digit."
15174.jpg,0,0,0,Is this image and text combination offensive towards women? Answer 1 (Offensive) or 0 (Safe).
15174.jpg,0,0,0,Look at the meme. Is it sexist? Answer only 1 or 0.
15603.jpg,0,0,0,Analyze both the image and the text. Is this meme misogynistic? Reply with 1 for yes or 0 for no.
15603.jpg,0,0,0,Does this content promote hate or sexism against women? Answer 1 or 0.
15603.jpg,0,0,0,"Classify this meme: 1 = misogynous, 0 = not misogynous. Output only the digit."
15603.jpg,0,0,0 (Safe).,Is this image and text combination offensive towards women? Answer 1 (Offensive) or 0 (Safe).
15603.jpg,0,1,1,Look at the meme. Is it sexist? Answer only 1 or 0.
16126.jpg,1,1,1,Analyze both the image and the text. Is this meme misogynistic? Reply with 1 for yes or 0 for no.
16126.jpg,1,0,0,Does this content promote hate or sexism against women? Answer 1 or 0.
16126.jpg,1,1,1,"Classify this meme: 1 = misogynous, 0 = not misogynous. Output only the digit."
16126.jpg,1,0,0,Is this image and text combination offensive towards women? Answer 1 (Offensive) or 0 (Safe).
16126.jpg,1,1,1,Look at the meme. Is it sexist? Answer only 1 or 0.
15591.jpg,1,1,1,Analyze both the image and the text. Is this meme misogynistic? Reply with 1 for yes or 0 for no.
15591.jpg,1,0,0,Does this content promote hate or sexism against women? Answer 1 or 0.
15591.jpg,1,1,1,"Classify this meme: 1 = misogynous, 0 = not misogynous. Output only the digit."
15591.jpg,1,0,0,Is this image and text combination offensive towards women? Answer 1 (Offensive) or 0 (Safe).
15591.jpg,1,1,1,Look at the meme. Is it sexist? Answer only 1 or 0.
15049.jpg,0,0,0,Analyze both the image and the text. Is this meme misogynistic? Reply with 1 for yes or 0 for no.
15049.jpg,0,0,0,Does this content promote hate or sexism against women? Answer 1 or 0.
15049.jpg,0,0,0,"Classify this meme: 1 = misogynous, 0 = not misogynous. Output only the digit."
15049.jpg,0,0,0 (Safe).,Is this image and text combination offensive towards women? Answer 1 (Offensive) or 0 (Safe).
15049.jpg,0,0,0,Look at the meme. Is it sexist? Answer only 1 or 0.
15363.jpg,1,1,1,Analyze both the image and the text. Is this meme misogynistic? Reply with 1 for yes or 0 for no.
15363.jpg,1,1,1,Does this content promote hate or sexism against women? Answer 1 or 0.
15363.jpg,1,1,1,"Classify this meme: 1 = misogynous, 0 = not misogynous. Output only the digit."
15363.jpg,1,1,1,Is this image and text combination offensive towards women? Answer 1 (Offensive) or 0 (Safe).
15363.jpg,1,1,1,Look at the meme. Is it sexist? Answer only 1 or 0.
15199.jpg,0,1,1,Analyze both the image and the text. Is this meme misogynistic? Reply with 1 for yes or 0 for no.
15199.jpg,0,1,1,Does this content promote hate or sexism against women? Answer 1 or 0.
15199.jpg,0,1,1,"Classify this meme: 1 = misogynous, 0 = not misogynous. Output only the digit."
15199.jpg,0,1,1,Is this image and text combination offensive towards women? Answer 1 (Offensive) or 0 (Safe).
15199.jpg,0,1,1,Look at the meme. Is it sexist? Answer only 1 or 0.
15853.jpg,0,0,0,Analyze both the image and the text. Is this meme misogynistic? Reply with 1 for yes or 0 for no.
15853.jpg,0,0,0,Does this content promote hate or sexism against women? Answer 1 or 0.
15853.jpg,0,0,0,"Classify this meme: 1 = misogynous, 0 = not misogynous. Output only the digit."
15853.jpg,0,0,0,Is this image and text combination offensive towards women? Answer 1 (Offensive) or 0 (Safe).
15853.jpg,0,0,0,Look at the meme. Is it sexist? Answer only 1 or 0.
