id,true_label,pred,response,prompt
15236.jpg,0,0,0,"Considering the visual and textual content together, is this offensive or discriminatory? Answer 1 or 0."
15236.jpg,0,1,1,"Evaluate the meme’s image and caption together. If it expresses sexist or hateful content, output 1. If not, output 0."
15236.jpg,0,1,1,"Analyze the meme as a whole (image + text). If it contains misogynistic or sexist stereotypes, output 1. If it does not, output 0. Respond with only one character."
15236.jpg,0,0,0,"Using the combination of image and text, decide if the meme promotes hate or discrimination. Reply ONLY with 1 or 0."
15236.jpg,0,1,1,"Classify this meme: 1 = hateful or offensive toward women, 0 = not hateful. Output only the digit."
15236.jpg,0,0,No,"When interpreting the meme’s image and text jointly, does it demean or stereotype women? Answer 1 if yes, 0 if no."
15805.jpg,1,1,1,"Considering the visual and textual content together, is this offensive or discriminatory? Answer 1 or 0."
15805.jpg,1,1,1,"Evaluate the meme’s image and caption together. If it expresses sexist or hateful content, output 1. If not, output 0."
15805.jpg,1,1,1,"Analyze the meme as a whole (image + text). If it contains misogynistic or sexist stereotypes, output 1. If it does not, output 0. Respond with only one character."
15805.jpg,1,1,1,"Using the combination of image and text, decide if the meme promotes hate or discrimination. Reply ONLY with 1 or 0."
15805.jpg,1,1,1,"Classify this meme: 1 = hateful or offensive toward women, 0 = not hateful. Output only the digit."
15805.jpg,1,0,0,"When interpreting the meme’s image and text jointly, does it demean or stereotype women? Answer 1 if yes, 0 if no."
16254.jpg,0,0,0,"Considering the visual and textual content together, is this offensive or discriminatory? Answer 1 or 0."
16254.jpg,0,0,0,"Evaluate the meme’s image and caption together. If it expresses sexist or hateful content, output 1. If not, output 0."
16254.jpg,0,0,0,"Analyze the meme as a whole (image + text). If it contains misogynistic or sexist stereotypes, output 1. If it does not, output 0. Respond with only one character."
16254.jpg,0,0,0,"Using the combination of image and text, decide if the meme promotes hate or discrimination. Reply ONLY with 1 or 0."
16254.jpg,0,0,0,"Classify this meme: 1 = hateful or offensive toward women, 0 = not hateful. Output only the digit."
16254.jpg,0,0,0,"When interpreting the meme’s image and text jointly, does it demean or stereotype women? Answer 1 if yes, 0 if no."
16191.jpg,1,0,0,"Considering the visual and textual content together, is this offensive or discriminatory? Answer 1 or 0."
16191.jpg,1,1,1,"Evaluate the meme’s image and caption together. If it expresses sexist or hateful content, output 1. If not, output 0."
16191.jpg,1,1,1,"Analyze the meme as a whole (image + text). If it contains misogynistic or sexist stereotypes, output 1. If it does not, output 0. Respond with only one character."
16191.jpg,1,0,0,"Using the combination of image and text, decide if the meme promotes hate or discrimination. Reply ONLY with 1 or 0."
16191.jpg,1,1,1,"Classify this meme: 1 = hateful or offensive toward women, 0 = not hateful. Output only the digit."
16191.jpg,1,0,No,"When interpreting the meme’s image and text jointly, does it demean or stereotype women? Answer 1 if yes, 0 if no."
15952.jpg,0,0,0,"Considering the visual and textual content together, is this offensive or discriminatory? Answer 1 or 0."
15952.jpg,0,0,0,"Evaluate the meme’s image and caption together. If it expresses sexist or hateful content, output 1. If not, output 0."
15952.jpg,0,1,1,"Analyze the meme as a whole (image + text). If it contains misogynistic or sexist stereotypes, output 1. If it does not, output 0. Respond with only one character."
15952.jpg,0,0,0,"Using the combination of image and text, decide if the meme promotes hate or discrimination. Reply ONLY with 1 or 0."
15952.jpg,0,1,1,"Classify this meme: 1 = hateful or offensive toward women, 0 = not hateful. Output only the digit."
15952.jpg,0,0,0,"When interpreting the meme’s image and text jointly, does it demean or stereotype women? Answer 1 if yes, 0 if no."
15662.jpg,0,0,0,"Considering the visual and textual content together, is this offensive or discriminatory? Answer 1 or 0."
15662.jpg,0,0,0,"Evaluate the meme’s image and caption together. If it expresses sexist or hateful content, output 1. If not, output 0."
15662.jpg,0,1,1,"Analyze the meme as a whole (image + text). If it contains misogynistic or sexist stereotypes, output 1. If it does not, output 0. Respond with only one character."
15662.jpg,0,0,0,"Using the combination of image and text, decide if the meme promotes hate or discrimination. Reply ONLY with 1 or 0."
15662.jpg,0,1,1,"Classify this meme: 1 = hateful or offensive toward women, 0 = not hateful. Output only the digit."
15662.jpg,0,0,0,"When interpreting the meme’s image and text jointly, does it demean or stereotype women? Answer 1 if yes, 0 if no."
15828.jpg,1,1,1,"Considering the visual and textual content together, is this offensive or discriminatory? Answer 1 or 0."
15828.jpg,1,1,1,"Evaluate the meme’s image and caption together. If it expresses sexist or hateful content, output 1. If not, output 0."
15828.jpg,1,1,1,"Analyze the meme as a whole (image + text). If it contains misogynistic or sexist stereotypes, output 1. If it does not, output 0. Respond with only one character."
15828.jpg,1,1,1,"Using the combination of image and text, decide if the meme promotes hate or discrimination. Reply ONLY with 1 or 0."
15828.jpg,1,1,1,"Classify this meme: 1 = hateful or offensive toward women, 0 = not hateful. Output only the digit."
15828.jpg,1,1,Yes,"When interpreting the meme’s image and text jointly, does it demean or stereotype women? Answer 1 if yes, 0 if no."
15905.jpg,0,0,0,"Considering the visual and textual content together, is this offensive or discriminatory? Answer 1 or 0."
15905.jpg,0,0,0,"Evaluate the meme’s image and caption together. If it expresses sexist or hateful content, output 1. If not, output 0."
15905.jpg,0,0,0,"Analyze the meme as a whole (image + text). If it contains misogynistic or sexist stereotypes, output 1. If it does not, output 0. Respond with only one character."
15905.jpg,0,0,0,"Using the combination of image and text, decide if the meme promotes hate or discrimination. Reply ONLY with 1 or 0."
15905.jpg,0,0,0,"Classify this meme: 1 = hateful or offensive toward women, 0 = not hateful. Output only the digit."
15905.jpg,0,0,0,"When interpreting the meme’s image and text jointly, does it demean or stereotype women? Answer 1 if yes, 0 if no."
15971.jpg,1,1,1,"Considering the visual and textual content together, is this offensive or discriminatory? Answer 1 or 0."
15971.jpg,1,1,1,"Evaluate the meme’s image and caption together. If it expresses sexist or hateful content, output 1. If not, output 0."
15971.jpg,1,1,1,"Analyze the meme as a whole (image + text). If it contains misogynistic or sexist stereotypes, output 1. If it does not, output 0. Respond with only one character."
15971.jpg,1,1,1,"Using the combination of image and text, decide if the meme promotes hate or discrimination. Reply ONLY with 1 or 0."
15971.jpg,1,1,1,"Classify this meme: 1 = hateful or offensive toward women, 0 = not hateful. Output only the digit."
15971.jpg,1,0,0,"When interpreting the meme’s image and text jointly, does it demean or stereotype women? Answer 1 if yes, 0 if no."
16197.jpg,1,1,1,"Considering the visual and textual content together, is this offensive or discriminatory? Answer 1 or 0."
16197.jpg,1,1,1,"Evaluate the meme’s image and caption together. If it expresses sexist or hateful content, output 1. If not, output 0."
16197.jpg,1,1,1,"Analyze the meme as a whole (image + text). If it contains misogynistic or sexist stereotypes, output 1. If it does not, output 0. Respond with only one character."
16197.jpg,1,1,1,"Using the combination of image and text, decide if the meme promotes hate or discrimination. Reply ONLY with 1 or 0."
16197.jpg,1,1,1,"Classify this meme: 1 = hateful or offensive toward women, 0 = not hateful. Output only the digit."
16197.jpg,1,1,Yes,"When interpreting the meme’s image and text jointly, does it demean or stereotype women? Answer 1 if yes, 0 if no."
15916.jpg,0,0,0,"Considering the visual and textual content together, is this offensive or discriminatory? Answer 1 or 0."
15916.jpg,0,1,1,"Evaluate the meme’s image and caption together. If it expresses sexist or hateful content, output 1. If not, output 0."
15916.jpg,0,1,1,"Analyze the meme as a whole (image + text). If it contains misogynistic or sexist stereotypes, output 1. If it does not, output 0. Respond with only one character."
15916.jpg,0,0,0,"Using the combination of image and text, decide if the meme promotes hate or discrimination. Reply ONLY with 1 or 0."
15916.jpg,0,1,1,"Classify this meme: 1 = hateful or offensive toward women, 0 = not hateful. Output only the digit."
15916.jpg,0,0,No,"When interpreting the meme’s image and text jointly, does it demean or stereotype women? Answer 1 if yes, 0 if no."
16130.jpg,1,1,1,"Considering the visual and textual content together, is this offensive or discriminatory? Answer 1 or 0."
16130.jpg,1,1,1,"Evaluate the meme’s image and caption together. If it expresses sexist or hateful content, output 1. If not, output 0."
16130.jpg,1,1,1,"Analyze the meme as a whole (image + text). If it contains misogynistic or sexist stereotypes, output 1. If it does not, output 0. Respond with only one character."
16130.jpg,1,1,1,"Using the combination of image and text, decide if the meme promotes hate or discrimination. Reply ONLY with 1 or 0."
16130.jpg,1,1,1,"Classify this meme: 1 = hateful or offensive toward women, 0 = not hateful. Output only the digit."
16130.jpg,1,0,0,"When interpreting the meme’s image and text jointly, does it demean or stereotype women? Answer 1 if yes, 0 if no."
15742.jpg,1,1,1,"Considering the visual and textual content together, is this offensive or discriminatory? Answer 1 or 0."
15742.jpg,1,1,1,"Evaluate the meme’s image and caption together. If it expresses sexist or hateful content, output 1. If not, output 0."
15742.jpg,1,1,1,"Analyze the meme as a whole (image + text). If it contains misogynistic or sexist stereotypes, output 1. If it does not, output 0. Respond with only one character."
15742.jpg,1,1,1,"Using the combination of image and text, decide if the meme promotes hate or discrimination. Reply ONLY with 1 or 0."
15742.jpg,1,1,1,"Classify this meme: 1 = hateful or offensive toward women, 0 = not hateful. Output only the digit."
15742.jpg,1,0,0,"When interpreting the meme’s image and text jointly, does it demean or stereotype women? Answer 1 if yes, 0 if no."
15502.jpg,0,0,0,"Considering the visual and textual content together, is this offensive or discriminatory? Answer 1 or 0."
15502.jpg,0,0,0,"Evaluate the meme’s image and caption together. If it expresses sexist or hateful content, output 1. If not, output 0."
15502.jpg,0,1,1,"Analyze the meme as a whole (image + text). If it contains misogynistic or sexist stereotypes, output 1. If it does not, output 0. Respond with only one character."
15502.jpg,0,0,0,"Using the combination of image and text, decide if the meme promotes hate or discrimination. Reply ONLY with 1 or 0."
15502.jpg,0,0,0,"Classify this meme: 1 = hateful or offensive toward women, 0 = not hateful. Output only the digit."
15502.jpg,0,0,No,"When interpreting the meme’s image and text jointly, does it demean or stereotype women? Answer 1 if yes, 0 if no."
15037.jpg,1,0,0,"Considering the visual and textual content together, is this offensive or discriminatory? Answer 1 or 0."
15037.jpg,1,1,1,"Evaluate the meme’s image and caption together. If it expresses sexist or hateful content, output 1. If not, output 0."
15037.jpg,1,1,1,"Analyze the meme as a whole (image + text). If it contains misogynistic or sexist stereotypes, output 1. If it does not, output 0. Respond with only one character."
15037.jpg,1,0,0,"Using the combination of image and text, decide if the meme promotes hate or discrimination. Reply ONLY with 1 or 0."
15037.jpg,1,1,1,"Classify this meme: 1 = hateful or offensive toward women, 0 = not hateful. Output only the digit."
15037.jpg,1,0,No,"When interpreting the meme’s image and text jointly, does it demean or stereotype women? Answer 1 if yes, 0 if no."
15592.jpg,0,0,0,"Considering the visual and textual content together, is this offensive or discriminatory? Answer 1 or 0."
15592.jpg,0,0,0,"Evaluate the meme’s image and caption together. If it expresses sexist or hateful content, output 1. If not, output 0."
15592.jpg,0,0,0,"Analyze the meme as a whole (image + text). If it contains misogynistic or sexist stereotypes, output 1. If it does not, output 0. Respond with only one character."
15592.jpg,0,0,0,"Using the combination of image and text, decide if the meme promotes hate or discrimination. Reply ONLY with 1 or 0."
15592.jpg,0,0,0,"Classify this meme: 1 = hateful or offensive toward women, 0 = not hateful. Output only the digit."
15592.jpg,0,0,0,"When interpreting the meme’s image and text jointly, does it demean or stereotype women? Answer 1 if yes, 0 if no."
15540.jpg,1,1,1,"Considering the visual and textual content together, is this offensive or discriminatory? Answer 1 or 0."
15540.jpg,1,1,1,"Evaluate the meme’s image and caption together. If it expresses sexist or hateful content, output 1. If not, output 0."
15540.jpg,1,1,1,"Analyze the meme as a whole (image + text). If it contains misogynistic or sexist stereotypes, output 1. If it does not, output 0. Respond with only one character."
15540.jpg,1,1,1,"Using the combination of image and text, decide if the meme promotes hate or discrimination. Reply ONLY with 1 or 0."
15540.jpg,1,1,1,"Classify this meme: 1 = hateful or offensive toward women, 0 = not hateful. Output only the digit."
15540.jpg,1,0,0,"When interpreting the meme’s image and text jointly, does it demean or stereotype women? Answer 1 if yes, 0 if no."
16323.jpg,0,0,0,"Considering the visual and textual content together, is this offensive or discriminatory? Answer 1 or 0."
16323.jpg,0,0,0,"Evaluate the meme’s image and caption together. If it expresses sexist or hateful content, output 1. If not, output 0."
16323.jpg,0,0,0,"Analyze the meme as a whole (image + text). If it contains misogynistic or sexist stereotypes, output 1. If it does not, output 0. Respond with only one character."
16323.jpg,0,0,0,"Using the combination of image and text, decide if the meme promotes hate or discrimination. Reply ONLY with 1 or 0."
16323.jpg,0,1,1,"Classify this meme: 1 = hateful or offensive toward women, 0 = not hateful. Output only the digit."
16323.jpg,0,0,No,"When interpreting the meme’s image and text jointly, does it demean or stereotype women? Answer 1 if yes, 0 if no."
15136.jpg,0,1,1,"Considering the visual and textual content together, is this offensive or discriminatory? Answer 1 or 0."
15136.jpg,0,1,1,"Evaluate the meme’s image and caption together. If it expresses sexist or hateful content, output 1. If not, output 0."
15136.jpg,0,1,1,"Analyze the meme as a whole (image + text). If it contains misogynistic or sexist stereotypes, output 1. If it does not, output 0. Respond with only one character."
15136.jpg,0,0,0,"Using the combination of image and text, decide if the meme promotes hate or discrimination. Reply ONLY with 1 or 0."
15136.jpg,0,1,1,"Classify this meme: 1 = hateful or offensive toward women, 0 = not hateful. Output only the digit."
15136.jpg,0,0,0,"When interpreting the meme’s image and text jointly, does it demean or stereotype women? Answer 1 if yes, 0 if no."
16298.jpg,0,1,1,"Considering the visual and textual content together, is this offensive or discriminatory? Answer 1 or 0."
16298.jpg,0,1,1,"Evaluate the meme’s image and caption together. If it expresses sexist or hateful content, output 1. If not, output 0."
16298.jpg,0,1,1,"Analyze the meme as a whole (image + text). If it contains misogynistic or sexist stereotypes, output 1. If it does not, output 0. Respond with only one character."
16298.jpg,0,1,1,"Using the combination of image and text, decide if the meme promotes hate or discrimination. Reply ONLY with 1 or 0."
16298.jpg,0,0,0,"Classify this meme: 1 = hateful or offensive toward women, 0 = not hateful. Output only the digit."
16298.jpg,0,0,0,"When interpreting the meme’s image and text jointly, does it demean or stereotype women? Answer 1 if yes, 0 if no."
15846.jpg,1,0,0,"Considering the visual and textual content together, is this offensive or discriminatory? Answer 1 or 0."
15846.jpg,1,0,0,"Evaluate the meme’s image and caption together. If it expresses sexist or hateful content, output 1. If not, output 0."
15846.jpg,1,1,1,"Analyze the meme as a whole (image + text). If it contains misogynistic or sexist stereotypes, output 1. If it does not, output 0. Respond with only one character."
15846.jpg,1,0,0,"Using the combination of image and text, decide if the meme promotes hate or discrimination. Reply ONLY with 1 or 0."
15846.jpg,1,1,1,"Classify this meme: 1 = hateful or offensive toward women, 0 = not hateful. Output only the digit."
15846.jpg,1,0,0,"When interpreting the meme’s image and text jointly, does it demean or stereotype women? Answer 1 if yes, 0 if no."
16203.jpg,0,1,1,"Considering the visual and textual content together, is this offensive or discriminatory? Answer 1 or 0."
16203.jpg,0,0,0,"Evaluate the meme’s image and caption together. If it expresses sexist or hateful content, output 1. If not, output 0."
16203.jpg,0,1,1,"Analyze the meme as a whole (image + text). If it contains misogynistic or sexist stereotypes, output 1. If it does not, output 0. Respond with only one character."
16203.jpg,0,0,0,"Using the combination of image and text, decide if the meme promotes hate or discrimination. Reply ONLY with 1 or 0."
16203.jpg,0,1,1,"Classify this meme: 1 = hateful or offensive toward women, 0 = not hateful. Output only the digit."
16203.jpg,0,0,0,"When interpreting the meme’s image and text jointly, does it demean or stereotype women? Answer 1 if yes, 0 if no."
15560.jpg,0,0,0,"Considering the visual and textual content together, is this offensive or discriminatory? Answer 1 or 0."
15560.jpg,0,0,0,"Evaluate the meme’s image and caption together. If it expresses sexist or hateful content, output 1. If not, output 0."
15560.jpg,0,0,0,"Analyze the meme as a whole (image + text). If it contains misogynistic or sexist stereotypes, output 1. If it does not, output 0. Respond with only one character."
15560.jpg,0,0,0,"Using the combination of image and text, decide if the meme promotes hate or discrimination. Reply ONLY with 1 or 0."
15560.jpg,0,1,1,"Classify this meme: 1 = hateful or offensive toward women, 0 = not hateful. Output only the digit."
15560.jpg,0,0,0,"When interpreting the meme’s image and text jointly, does it demean or stereotype women? Answer 1 if yes, 0 if no."
16056.jpg,0,0,0,"Considering the visual and textual content together, is this offensive or discriminatory? Answer 1 or 0."
16056.jpg,0,0,0,"Evaluate the meme’s image and caption together. If it expresses sexist or hateful content, output 1. If not, output 0."
16056.jpg,0,1,1,"Analyze the meme as a whole (image + text). If it contains misogynistic or sexist stereotypes, output 1. If it does not, output 0. Respond with only one character."
16056.jpg,0,0,0,"Using the combination of image and text, decide if the meme promotes hate or discrimination. Reply ONLY with 1 or 0."
16056.jpg,0,1,1,"Classify this meme: 1 = hateful or offensive toward women, 0 = not hateful. Output only the digit."
16056.jpg,0,0,0,"When interpreting the meme’s image and text jointly, does it demean or stereotype women? Answer 1 if yes, 0 if no."
15038.jpg,0,1,1,"Considering the visual and textual content together, is this offensive or discriminatory? Answer 1 or 0."
15038.jpg,0,0,0,"Evaluate the meme’s image and caption together. If it expresses sexist or hateful content, output 1. If not, output 0."
15038.jpg,0,0,0,"Analyze the meme as a whole (image + text). If it contains misogynistic or sexist stereotypes, output 1. If it does not, output 0. Respond with only one character."
15038.jpg,0,0,0,"Using the combination of image and text, decide if the meme promotes hate or discrimination. Reply ONLY with 1 or 0."
15038.jpg,0,1,1,"Classify this meme: 1 = hateful or offensive toward women, 0 = not hateful. Output only the digit."
15038.jpg,0,0,0,"When interpreting the meme’s image and text jointly, does it demean or stereotype women? Answer 1 if yes, 0 if no."
15676.jpg,0,1,1,"Considering the visual and textual content together, is this offensive or discriminatory? Answer 1 or 0."
15676.jpg,0,0,0,"Evaluate the meme’s image and caption together. If it expresses sexist or hateful content, output 1. If not, output 0."
15676.jpg,0,1,1,"Analyze the meme as a whole (image + text). If it contains misogynistic or sexist stereotypes, output 1. If it does not, output 0. Respond with only one character."
15676.jpg,0,0,0,"Using the combination of image and text, decide if the meme promotes hate or discrimination. Reply ONLY with 1 or 0."
15676.jpg,0,0,0,"Classify this meme: 1 = hateful or offensive toward women, 0 = not hateful. Output only the digit."
15676.jpg,0,0,No,"When interpreting the meme’s image and text jointly, does it demean or stereotype women? Answer 1 if yes, 0 if no."
15457.jpg,1,1,1,"Considering the visual and textual content together, is this offensive or discriminatory? Answer 1 or 0."
15457.jpg,1,1,1,"Evaluate the meme’s image and caption together. If it expresses sexist or hateful content, output 1. If not, output 0."
15457.jpg,1,1,1,"Analyze the meme as a whole (image + text). If it contains misogynistic or sexist stereotypes, output 1. If it does not, output 0. Respond with only one character."
15457.jpg,1,0,0,"Using the combination of image and text, decide if the meme promotes hate or discrimination. Reply ONLY with 1 or 0."
15457.jpg,1,1,1,"Classify this meme: 1 = hateful or offensive toward women, 0 = not hateful. Output only the digit."
15457.jpg,1,0,0,"When interpreting the meme’s image and text jointly, does it demean or stereotype women? Answer 1 if yes, 0 if no."
15692.jpg,1,0,0,"Considering the visual and textual content together, is this offensive or discriminatory? Answer 1 or 0."
15692.jpg,1,0,0,"Evaluate the meme’s image and caption together. If it expresses sexist or hateful content, output 1. If not, output 0."
15692.jpg,1,0,0,"Analyze the meme as a whole (image + text). If it contains misogynistic or sexist stereotypes, output 1. If it does not, output 0. Respond with only one character."
15692.jpg,1,0,0,"Using the combination of image and text, decide if the meme promotes hate or discrimination. Reply ONLY with 1 or 0."
15692.jpg,1,1,1,"Classify this meme: 1 = hateful or offensive toward women, 0 = not hateful. Output only the digit."
15692.jpg,1,0,No,"When interpreting the meme’s image and text jointly, does it demean or stereotype women? Answer 1 if yes, 0 if no."
16334.jpg,0,0,0,"Considering the visual and textual content together, is this offensive or discriminatory? Answer 1 or 0."
16334.jpg,0,1,1,"Evaluate the meme’s image and caption together. If it expresses sexist or hateful content, output 1. If not, output 0."
16334.jpg,0,1,1,"Analyze the meme as a whole (image + text). If it contains misogynistic or sexist stereotypes, output 1. If it does not, output 0. Respond with only one character."
16334.jpg,0,0,0,"Using the combination of image and text, decide if the meme promotes hate or discrimination. Reply ONLY with 1 or 0."
16334.jpg,0,1,1,"Classify this meme: 1 = hateful or offensive toward women, 0 = not hateful. Output only the digit."
16334.jpg,0,0,0,"When interpreting the meme’s image and text jointly, does it demean or stereotype women? Answer 1 if yes, 0 if no."
17077.jpg,0,1,1,"Considering the visual and textual content together, is this offensive or discriminatory? Answer 1 or 0."
17077.jpg,0,0,0,"Evaluate the meme’s image and caption together. If it expresses sexist or hateful content, output 1. If not, output 0."
17077.jpg,0,0,0,"Analyze the meme as a whole (image + text). If it contains misogynistic or sexist stereotypes, output 1. If it does not, output 0. Respond with only one character."
17077.jpg,0,1,1,"Using the combination of image and text, decide if the meme promotes hate or discrimination. Reply ONLY with 1 or 0."
17077.jpg,0,1,1,"Classify this meme: 1 = hateful or offensive toward women, 0 = not hateful. Output only the digit."
17077.jpg,0,0,No,"When interpreting the meme’s image and text jointly, does it demean or stereotype women? Answer 1 if yes, 0 if no."
15491.jpg,1,0,0,"Considering the visual and textual content together, is this offensive or discriminatory? Answer 1 or 0."
15491.jpg,1,0,0,"Evaluate the meme’s image and caption together. If it expresses sexist or hateful content, output 1. If not, output 0."
15491.jpg,1,1,1,"Analyze the meme as a whole (image + text). If it contains misogynistic or sexist stereotypes, output 1. If it does not, output 0. Respond with only one character."
15491.jpg,1,0,0,"Using the combination of image and text, decide if the meme promotes hate or discrimination. Reply ONLY with 1 or 0."
15491.jpg,1,1,1,"Classify this meme: 1 = hateful or offensive toward women, 0 = not hateful. Output only the digit."
15491.jpg,1,0,0,"When interpreting the meme’s image and text jointly, does it demean or stereotype women? Answer 1 if yes, 0 if no."
15795.jpg,1,1,1,"Considering the visual and textual content together, is this offensive or discriminatory? Answer 1 or 0."
15795.jpg,1,1,1,"Evaluate the meme’s image and caption together. If it expresses sexist or hateful content, output 1. If not, output 0."
15795.jpg,1,1,1,"Analyze the meme as a whole (image + text). If it contains misogynistic or sexist stereotypes, output 1. If it does not, output 0. Respond with only one character."
15795.jpg,1,0,0,"Using the combination of image and text, decide if the meme promotes hate or discrimination. Reply ONLY with 1 or 0."
15795.jpg,1,1,1,"Classify this meme: 1 = hateful or offensive toward women, 0 = not hateful. Output only the digit."
15795.jpg,1,0,No,"When interpreting the meme’s image and text jointly, does it demean or stereotype women? Answer 1 if yes, 0 if no."
16232.jpg,1,0,0,"Considering the visual and textual content together, is this offensive or discriminatory? Answer 1 or 0."
16232.jpg,1,0,0,"Evaluate the meme’s image and caption together. If it expresses sexist or hateful content, output 1. If not, output 0."
16232.jpg,1,0,0,"Analyze the meme as a whole (image + text). If it contains misogynistic or sexist stereotypes, output 1. If it does not, output 0. Respond with only one character."
16232.jpg,1,0,0,"Using the combination of image and text, decide if the meme promotes hate or discrimination. Reply ONLY with 1 or 0."
16232.jpg,1,1,1,"Classify this meme: 1 = hateful or offensive toward women, 0 = not hateful. Output only the digit."
16232.jpg,1,0,0,"When interpreting the meme’s image and text jointly, does it demean or stereotype women? Answer 1 if yes, 0 if no."
16242.jpg,1,1,1,"Considering the visual and textual content together, is this offensive or discriminatory? Answer 1 or 0."
16242.jpg,1,1,1,"Evaluate the meme’s image and caption together. If it expresses sexist or hateful content, output 1. If not, output 0."
16242.jpg,1,1,1,"Analyze the meme as a whole (image + text). If it contains misogynistic or sexist stereotypes, output 1. If it does not, output 0. Respond with only one character."
16242.jpg,1,1,1,"Using the combination of image and text, decide if the meme promotes hate or discrimination. Reply ONLY with 1 or 0."
16242.jpg,1,1,1,"Classify this meme: 1 = hateful or offensive toward women, 0 = not hateful. Output only the digit."
16242.jpg,1,0,0,"When interpreting the meme’s image and text jointly, does it demean or stereotype women? Answer 1 if yes, 0 if no."
16245.jpg,1,1,1,"Considering the visual and textual content together, is this offensive or discriminatory? Answer 1 or 0."
16245.jpg,1,1,1,"Evaluate the meme’s image and caption together. If it expresses sexist or hateful content, output 1. If not, output 0."
16245.jpg,1,1,1,"Analyze the meme as a whole (image + text). If it contains misogynistic or sexist stereotypes, output 1. If it does not, output 0. Respond with only one character."
16245.jpg,1,0,0,"Using the combination of image and text, decide if the meme promotes hate or discrimination. Reply ONLY with 1 or 0."
16245.jpg,1,1,1,"Classify this meme: 1 = hateful or offensive toward women, 0 = not hateful. Output only the digit."
16245.jpg,1,0,0,"When interpreting the meme’s image and text jointly, does it demean or stereotype women? Answer 1 if yes, 0 if no."
15301.jpg,0,1,1,"Considering the visual and textual content together, is this offensive or discriminatory? Answer 1 or 0."
15301.jpg,0,1,1,"Evaluate the meme’s image and caption together. If it expresses sexist or hateful content, output 1. If not, output 0."
15301.jpg,0,1,1,"Analyze the meme as a whole (image + text). If it contains misogynistic or sexist stereotypes, output 1. If it does not, output 0. Respond with only one character."
15301.jpg,0,0,0,"Using the combination of image and text, decide if the meme promotes hate or discrimination. Reply ONLY with 1 or 0."
15301.jpg,0,1,1,"Classify this meme: 1 = hateful or offensive toward women, 0 = not hateful. Output only the digit."
15301.jpg,0,0,0,"When interpreting the meme’s image and text jointly, does it demean or stereotype women? Answer 1 if yes, 0 if no."
15917.jpg,1,1,1,"Considering the visual and textual content together, is this offensive or discriminatory? Answer 1 or 0."
15917.jpg,1,1,1,"Evaluate the meme’s image and caption together. If it expresses sexist or hateful content, output 1. If not, output 0."
15917.jpg,1,1,1,"Analyze the meme as a whole (image + text). If it contains misogynistic or sexist stereotypes, output 1. If it does not, output 0. Respond with only one character."
15917.jpg,1,1,1,"Using the combination of image and text, decide if the meme promotes hate or discrimination. Reply ONLY with 1 or 0."
15917.jpg,1,1,1,"Classify this meme: 1 = hateful or offensive toward women, 0 = not hateful. Output only the digit."
15917.jpg,1,0,0,"When interpreting the meme’s image and text jointly, does it demean or stereotype women? Answer 1 if yes, 0 if no."
16327.jpg,0,0,0,"Considering the visual and textual content together, is this offensive or discriminatory? Answer 1 or 0."
16327.jpg,0,0,0,"Evaluate the meme’s image and caption together. If it expresses sexist or hateful content, output 1. If not, output 0."
16327.jpg,0,1,1,"Analyze the meme as a whole (image + text). If it contains misogynistic or sexist stereotypes, output 1. If it does not, output 0. Respond with only one character."
16327.jpg,0,0,0,"Using the combination of image and text, decide if the meme promotes hate or discrimination. Reply ONLY with 1 or 0."
16327.jpg,0,0,0,"Classify this meme: 1 = hateful or offensive toward women, 0 = not hateful. Output only the digit."
16327.jpg,0,0,No,"When interpreting the meme’s image and text jointly, does it demean or stereotype women? Answer 1 if yes, 0 if no."
15115.jpg,1,1,1,"Considering the visual and textual content together, is this offensive or discriminatory? Answer 1 or 0."
15115.jpg,1,1,1,"Evaluate the meme’s image and caption together. If it expresses sexist or hateful content, output 1. If not, output 0."
15115.jpg,1,1,1,"Analyze the meme as a whole (image + text). If it contains misogynistic or sexist stereotypes, output 1. If it does not, output 0. Respond with only one character."
15115.jpg,1,1,1,"Using the combination of image and text, decide if the meme promotes hate or discrimination. Reply ONLY with 1 or 0."
15115.jpg,1,1,1,"Classify this meme: 1 = hateful or offensive toward women, 0 = not hateful. Output only the digit."
15115.jpg,1,0,0,"When interpreting the meme’s image and text jointly, does it demean or stereotype women? Answer 1 if yes, 0 if no."
15277.jpg,1,1,1,"Considering the visual and textual content together, is this offensive or discriminatory? Answer 1 or 0."
15277.jpg,1,0,0,"Evaluate the meme’s image and caption together. If it expresses sexist or hateful content, output 1. If not, output 0."
15277.jpg,1,1,1,"Analyze the meme as a whole (image + text). If it contains misogynistic or sexist stereotypes, output 1. If it does not, output 0. Respond with only one character."
15277.jpg,1,0,0,"Using the combination of image and text, decide if the meme promotes hate or discrimination. Reply ONLY with 1 or 0."
15277.jpg,1,1,1,"Classify this meme: 1 = hateful or offensive toward women, 0 = not hateful. Output only the digit."
15277.jpg,1,0,No,"When interpreting the meme’s image and text jointly, does it demean or stereotype women? Answer 1 if yes, 0 if no."
16304.jpg,0,1,1,"Considering the visual and textual content together, is this offensive or discriminatory? Answer 1 or 0."
16304.jpg,0,1,1,"Evaluate the meme’s image and caption together. If it expresses sexist or hateful content, output 1. If not, output 0."
16304.jpg,0,1,1,"Analyze the meme as a whole (image + text). If it contains misogynistic or sexist stereotypes, output 1. If it does not, output 0. Respond with only one character."
16304.jpg,0,0,0,"Using the combination of image and text, decide if the meme promotes hate or discrimination. Reply ONLY with 1 or 0."
16304.jpg,0,1,1,"Classify this meme: 1 = hateful or offensive toward women, 0 = not hateful. Output only the digit."
16304.jpg,0,0,0,"When interpreting the meme’s image and text jointly, does it demean or stereotype women? Answer 1 if yes, 0 if no."
15034.jpg,0,1,1,"Considering the visual and textual content together, is this offensive or discriminatory? Answer 1 or 0."
15034.jpg,0,0,0,"Evaluate the meme’s image and caption together. If it expresses sexist or hateful content, output 1. If not, output 0."
15034.jpg,0,1,1,"Analyze the meme as a whole (image + text). If it contains misogynistic or sexist stereotypes, output 1. If it does not, output 0. Respond with only one character."
15034.jpg,0,0,0,"Using the combination of image and text, decide if the meme promotes hate or discrimination. Reply ONLY with 1 or 0."
15034.jpg,0,1,1,"Classify this meme: 1 = hateful or offensive toward women, 0 = not hateful. Output only the digit."
15034.jpg,0,0,No,"When interpreting the meme’s image and text jointly, does it demean or stereotype women? Answer 1 if yes, 0 if no."
15148.jpg,1,1,1,"Considering the visual and textual content together, is this offensive or discriminatory? Answer 1 or 0."
15148.jpg,1,1,1,"Evaluate the meme’s image and caption together. If it expresses sexist or hateful content, output 1. If not, output 0."
15148.jpg,1,1,1,"Analyze the meme as a whole (image + text). If it contains misogynistic or sexist stereotypes, output 1. If it does not, output 0. Respond with only one character."
15148.jpg,1,0,0,"Using the combination of image and text, decide if the meme promotes hate or discrimination. Reply ONLY with 1 or 0."
15148.jpg,1,1,1,"Classify this meme: 1 = hateful or offensive toward women, 0 = not hateful. Output only the digit."
15148.jpg,1,0,No,"When interpreting the meme’s image and text jointly, does it demean or stereotype women? Answer 1 if yes, 0 if no."
16165.jpg,1,1,1,"Considering the visual and textual content together, is this offensive or discriminatory? Answer 1 or 0."
16165.jpg,1,1,1,"Evaluate the meme’s image and caption together. If it expresses sexist or hateful content, output 1. If not, output 0."
16165.jpg,1,1,1,"Analyze the meme as a whole (image + text). If it contains misogynistic or sexist stereotypes, output 1. If it does not, output 0. Respond with only one character."
16165.jpg,1,0,0,"Using the combination of image and text, decide if the meme promotes hate or discrimination. Reply ONLY with 1 or 0."
16165.jpg,1,1,1,"Classify this meme: 1 = hateful or offensive toward women, 0 = not hateful. Output only the digit."
16165.jpg,1,0,0,"When interpreting the meme’s image and text jointly, does it demean or stereotype women? Answer 1 if yes, 0 if no."
15005.jpg,0,0,0,"Considering the visual and textual content together, is this offensive or discriminatory? Answer 1 or 0."
15005.jpg,0,1,1,"Evaluate the meme’s image and caption together. If it expresses sexist or hateful content, output 1. If not, output 0."
15005.jpg,0,0,0,"Analyze the meme as a whole (image + text). If it contains misogynistic or sexist stereotypes, output 1. If it does not, output 0. Respond with only one character."
15005.jpg,0,0,0,"Using the combination of image and text, decide if the meme promotes hate or discrimination. Reply ONLY with 1 or 0."
15005.jpg,0,1,1,"Classify this meme: 1 = hateful or offensive toward women, 0 = not hateful. Output only the digit."
15005.jpg,0,0,0,"When interpreting the meme’s image and text jointly, does it demean or stereotype women? Answer 1 if yes, 0 if no."
15758.jpg,1,1,1,"Considering the visual and textual content together, is this offensive or discriminatory? Answer 1 or 0."
15758.jpg,1,1,1,"Evaluate the meme’s image and caption together. If it expresses sexist or hateful content, output 1. If not, output 0."
15758.jpg,1,1,1,"Analyze the meme as a whole (image + text). If it contains misogynistic or sexist stereotypes, output 1. If it does not, output 0. Respond with only one character."
15758.jpg,1,0,0,"Using the combination of image and text, decide if the meme promotes hate or discrimination. Reply ONLY with 1 or 0."
15758.jpg,1,1,1,"Classify this meme: 1 = hateful or offensive toward women, 0 = not hateful. Output only the digit."
15758.jpg,1,0,0,"When interpreting the meme’s image and text jointly, does it demean or stereotype women? Answer 1 if yes, 0 if no."
15095.jpg,1,0,0,"Considering the visual and textual content together, is this offensive or discriminatory? Answer 1 or 0."
15095.jpg,1,0,0,"Evaluate the meme’s image and caption together. If it expresses sexist or hateful content, output 1. If not, output 0."
15095.jpg,1,1,1,"Analyze the meme as a whole (image + text). If it contains misogynistic or sexist stereotypes, output 1. If it does not, output 0. Respond with only one character."
15095.jpg,1,0,0,"Using the combination of image and text, decide if the meme promotes hate or discrimination. Reply ONLY with 1 or 0."
15095.jpg,1,1,1,"Classify this meme: 1 = hateful or offensive toward women, 0 = not hateful. Output only the digit."
15095.jpg,1,0,0,"When interpreting the meme’s image and text jointly, does it demean or stereotype women? Answer 1 if yes, 0 if no."
15521.jpg,0,0,0,"Considering the visual and textual content together, is this offensive or discriminatory? Answer 1 or 0."
15521.jpg,0,0,0,"Evaluate the meme’s image and caption together. If it expresses sexist or hateful content, output 1. If not, output 0."
15521.jpg,0,1,1,"Analyze the meme as a whole (image + text). If it contains misogynistic or sexist stereotypes, output 1. If it does not, output 0. Respond with only one character."
15521.jpg,0,0,0,"Using the combination of image and text, decide if the meme promotes hate or discrimination. Reply ONLY with 1 or 0."
15521.jpg,0,0,0,"Classify this meme: 1 = hateful or offensive toward women, 0 = not hateful. Output only the digit."
15521.jpg,0,0,0,"When interpreting the meme’s image and text jointly, does it demean or stereotype women? Answer 1 if yes, 0 if no."
15888.jpg,0,0,0,"Considering the visual and textual content together, is this offensive or discriminatory? Answer 1 or 0."
15888.jpg,0,0,0,"Evaluate the meme’s image and caption together. If it expresses sexist or hateful content, output 1. If not, output 0."
15888.jpg,0,0,0,"Analyze the meme as a whole (image + text). If it contains misogynistic or sexist stereotypes, output 1. If it does not, output 0. Respond with only one character."
15888.jpg,0,0,0,"Using the combination of image and text, decide if the meme promotes hate or discrimination. Reply ONLY with 1 or 0."
15888.jpg,0,0,0,"Classify this meme: 1 = hateful or offensive toward women, 0 = not hateful. Output only the digit."
15888.jpg,0,0,0,"When interpreting the meme’s image and text jointly, does it demean or stereotype women? Answer 1 if yes, 0 if no."
15731.jpg,0,0,0,"Considering the visual and textual content together, is this offensive or discriminatory? Answer 1 or 0."
15731.jpg,0,1,1,"Evaluate the meme’s image and caption together. If it expresses sexist or hateful content, output 1. If not, output 0."
15731.jpg,0,1,1,"Analyze the meme as a whole (image + text). If it contains misogynistic or sexist stereotypes, output 1. If it does not, output 0. Respond with only one character."
15731.jpg,0,0,0,"Using the combination of image and text, decide if the meme promotes hate or discrimination. Reply ONLY with 1 or 0."
15731.jpg,0,1,1,"Classify this meme: 1 = hateful or offensive toward women, 0 = not hateful. Output only the digit."
15731.jpg,0,0,0,"When interpreting the meme’s image and text jointly, does it demean or stereotype women? Answer 1 if yes, 0 if no."
15727.jpg,1,0,0,"Considering the visual and textual content together, is this offensive or discriminatory? Answer 1 or 0."
15727.jpg,1,1,1,"Evaluate the meme’s image and caption together. If it expresses sexist or hateful content, output 1. If not, output 0."
15727.jpg,1,1,1,"Analyze the meme as a whole (image + text). If it contains misogynistic or sexist stereotypes, output 1. If it does not, output 0. Respond with only one character."
15727.jpg,1,0,0,"Using the combination of image and text, decide if the meme promotes hate or discrimination. Reply ONLY with 1 or 0."
15727.jpg,1,1,1,"Classify this meme: 1 = hateful or offensive toward women, 0 = not hateful. Output only the digit."
15727.jpg,1,0,0,"When interpreting the meme’s image and text jointly, does it demean or stereotype women? Answer 1 if yes, 0 if no."
15337.jpg,0,0,0,"Considering the visual and textual content together, is this offensive or discriminatory? Answer 1 or 0."
15337.jpg,0,0,0,"Evaluate the meme’s image and caption together. If it expresses sexist or hateful content, output 1. If not, output 0."
15337.jpg,0,1,1,"Analyze the meme as a whole (image + text). If it contains misogynistic or sexist stereotypes, output 1. If it does not, output 0. Respond with only one character."
15337.jpg,0,0,0,"Using the combination of image and text, decide if the meme promotes hate or discrimination. Reply ONLY with 1 or 0."
15337.jpg,0,0,0,"Classify this meme: 1 = hateful or offensive toward women, 0 = not hateful. Output only the digit."
15337.jpg,0,0,No,"When interpreting the meme’s image and text jointly, does it demean or stereotype women? Answer 1 if yes, 0 if no."
15839.jpg,0,0,0,"Considering the visual and textual content together, is this offensive or discriminatory? Answer 1 or 0."
15839.jpg,0,1,1,"Evaluate the meme’s image and caption together. If it expresses sexist or hateful content, output 1. If not, output 0."
15839.jpg,0,1,1,"Analyze the meme as a whole (image + text). If it contains misogynistic or sexist stereotypes, output 1. If it does not, output 0. Respond with only one character."
15839.jpg,0,0,0,"Using the combination of image and text, decide if the meme promotes hate or discrimination. Reply ONLY with 1 or 0."
15839.jpg,0,1,1,"Classify this meme: 1 = hateful or offensive toward women, 0 = not hateful. Output only the digit."
15839.jpg,0,0,No,"When interpreting the meme’s image and text jointly, does it demean or stereotype women? Answer 1 if yes, 0 if no."
15027.jpg,0,0,0,"Considering the visual and textual content together, is this offensive or discriminatory? Answer 1 or 0."
15027.jpg,0,0,0,"Evaluate the meme’s image and caption together. If it expresses sexist or hateful content, output 1. If not, output 0."
15027.jpg,0,1,1,"Analyze the meme as a whole (image + text). If it contains misogynistic or sexist stereotypes, output 1. If it does not, output 0. Respond with only one character."
15027.jpg,0,0,0,"Using the combination of image and text, decide if the meme promotes hate or discrimination. Reply ONLY with 1 or 0."
15027.jpg,0,1,1,"Classify this meme: 1 = hateful or offensive toward women, 0 = not hateful. Output only the digit."
15027.jpg,0,0,0,"When interpreting the meme’s image and text jointly, does it demean or stereotype women? Answer 1 if yes, 0 if no."
15542.jpg,0,0,0,"Considering the visual and textual content together, is this offensive or discriminatory? Answer 1 or 0."
15542.jpg,0,1,1,"Evaluate the meme’s image and caption together. If it expresses sexist or hateful content, output 1. If not, output 0."
15542.jpg,0,1,1,"Analyze the meme as a whole (image + text). If it contains misogynistic or sexist stereotypes, output 1. If it does not, output 0. Respond with only one character."
15542.jpg,0,0,0,"Using the combination of image and text, decide if the meme promotes hate or discrimination. Reply ONLY with 1 or 0."
15542.jpg,0,1,1,"Classify this meme: 1 = hateful or offensive toward women, 0 = not hateful. Output only the digit."
15542.jpg,0,0,No,"When interpreting the meme’s image and text jointly, does it demean or stereotype women? Answer 1 if yes, 0 if no."
15400.jpg,0,0,0,"Considering the visual and textual content together, is this offensive or discriminatory? Answer 1 or 0."
15400.jpg,0,0,0,"Evaluate the meme’s image and caption together. If it expresses sexist or hateful content, output 1. If not, output 0."
15400.jpg,0,0,0,"Analyze the meme as a whole (image + text). If it contains misogynistic or sexist stereotypes, output 1. If it does not, output 0. Respond with only one character."
15400.jpg,0,0,0,"Using the combination of image and text, decide if the meme promotes hate or discrimination. Reply ONLY with 1 or 0."
15400.jpg,0,0,0,"Classify this meme: 1 = hateful or offensive toward women, 0 = not hateful. Output only the digit."
15400.jpg,0,0,No,"When interpreting the meme’s image and text jointly, does it demean or stereotype women? Answer 1 if yes, 0 if no."
15996.jpg,0,0,0,"Considering the visual and textual content together, is this offensive or discriminatory? Answer 1 or 0."
15996.jpg,0,0,0,"Evaluate the meme’s image and caption together. If it expresses sexist or hateful content, output 1. If not, output 0."
15996.jpg,0,1,1,"Analyze the meme as a whole (image + text). If it contains misogynistic or sexist stereotypes, output 1. If it does not, output 0. Respond with only one character."
15996.jpg,0,0,0,"Using the combination of image and text, decide if the meme promotes hate or discrimination. Reply ONLY with 1 or 0."
15996.jpg,0,1,1,"Classify this meme: 1 = hateful or offensive toward women, 0 = not hateful. Output only the digit."
15996.jpg,0,0,0,"When interpreting the meme’s image and text jointly, does it demean or stereotype women? Answer 1 if yes, 0 if no."
16143.jpg,0,0,0,"Considering the visual and textual content together, is this offensive or discriminatory? Answer 1 or 0."
16143.jpg,0,1,1,"Evaluate the meme’s image and caption together. If it expresses sexist or hateful content, output 1. If not, output 0."
16143.jpg,0,1,1,"Analyze the meme as a whole (image + text). If it contains misogynistic or sexist stereotypes, output 1. If it does not, output 0. Respond with only one character."
16143.jpg,0,0,0,"Using the combination of image and text, decide if the meme promotes hate or discrimination. Reply ONLY with 1 or 0."
16143.jpg,0,1,1,"Classify this meme: 1 = hateful or offensive toward women, 0 = not hateful. Output only the digit."
16143.jpg,0,0,No,"When interpreting the meme’s image and text jointly, does it demean or stereotype women? Answer 1 if yes, 0 if no."
15679.jpg,0,0,0,"Considering the visual and textual content together, is this offensive or discriminatory? Answer 1 or 0."
15679.jpg,0,1,1,"Evaluate the meme’s image and caption together. If it expresses sexist or hateful content, output 1. If not, output 0."
15679.jpg,0,1,1,"Analyze the meme as a whole (image + text). If it contains misogynistic or sexist stereotypes, output 1. If it does not, output 0. Respond with only one character."
15679.jpg,0,0,0,"Using the combination of image and text, decide if the meme promotes hate or discrimination. Reply ONLY with 1 or 0."
15679.jpg,0,0,0,"Classify this meme: 1 = hateful or offensive toward women, 0 = not hateful. Output only the digit."
15679.jpg,0,0,0,"When interpreting the meme’s image and text jointly, does it demean or stereotype women? Answer 1 if yes, 0 if no."
15947.jpg,1,0,0,"Considering the visual and textual content together, is this offensive or discriminatory? Answer 1 or 0."
15947.jpg,1,1,1,"Evaluate the meme’s image and caption together. If it expresses sexist or hateful content, output 1. If not, output 0."
15947.jpg,1,1,1,"Analyze the meme as a whole (image + text). If it contains misogynistic or sexist stereotypes, output 1. If it does not, output 0. Respond with only one character."
15947.jpg,1,0,0,"Using the combination of image and text, decide if the meme promotes hate or discrimination. Reply ONLY with 1 or 0."
15947.jpg,1,1,1,"Classify this meme: 1 = hateful or offensive toward women, 0 = not hateful. Output only the digit."
15947.jpg,1,0,No,"When interpreting the meme’s image and text jointly, does it demean or stereotype women? Answer 1 if yes, 0 if no."
16055.jpg,1,1,1,"Considering the visual and textual content together, is this offensive or discriminatory? Answer 1 or 0."
16055.jpg,1,1,1,"Evaluate the meme’s image and caption together. If it expresses sexist or hateful content, output 1. If not, output 0."
16055.jpg,1,1,1,"Analyze the meme as a whole (image + text). If it contains misogynistic or sexist stereotypes, output 1. If it does not, output 0. Respond with only one character."
16055.jpg,1,0,0,"Using the combination of image and text, decide if the meme promotes hate or discrimination. Reply ONLY with 1 or 0."
16055.jpg,1,1,1,"Classify this meme: 1 = hateful or offensive toward women, 0 = not hateful. Output only the digit."
16055.jpg,1,0,0,"When interpreting the meme’s image and text jointly, does it demean or stereotype women? Answer 1 if yes, 0 if no."
16110.jpg,1,1,1,"Considering the visual and textual content together, is this offensive or discriminatory? Answer 1 or 0."
16110.jpg,1,1,1,"Evaluate the meme’s image and caption together. If it expresses sexist or hateful content, output 1. If not, output 0."
16110.jpg,1,1,1,"Analyze the meme as a whole (image + text). If it contains misogynistic or sexist stereotypes, output 1. If it does not, output 0. Respond with only one character."
16110.jpg,1,0,0,"Using the combination of image and text, decide if the meme promotes hate or discrimination. Reply ONLY with 1 or 0."
16110.jpg,1,1,1,"Classify this meme: 1 = hateful or offensive toward women, 0 = not hateful. Output only the digit."
16110.jpg,1,0,0,"When interpreting the meme’s image and text jointly, does it demean or stereotype women? Answer 1 if yes, 0 if no."
15506.jpg,1,1,1,"Considering the visual and textual content together, is this offensive or discriminatory? Answer 1 or 0."
15506.jpg,1,1,1,"Evaluate the meme’s image and caption together. If it expresses sexist or hateful content, output 1. If not, output 0."
15506.jpg,1,1,1,"Analyze the meme as a whole (image + text). If it contains misogynistic or sexist stereotypes, output 1. If it does not, output 0. Respond with only one character."
15506.jpg,1,0,0,"Using the combination of image and text, decide if the meme promotes hate or discrimination. Reply ONLY with 1 or 0."
15506.jpg,1,1,1,"Classify this meme: 1 = hateful or offensive toward women, 0 = not hateful. Output only the digit."
15506.jpg,1,0,0,"When interpreting the meme’s image and text jointly, does it demean or stereotype women? Answer 1 if yes, 0 if no."
15332.jpg,0,0,0,"Considering the visual and textual content together, is this offensive or discriminatory? Answer 1 or 0."
15332.jpg,0,1,1,"Evaluate the meme’s image and caption together. If it expresses sexist or hateful content, output 1. If not, output 0."
15332.jpg,0,1,1,"Analyze the meme as a whole (image + text). If it contains misogynistic or sexist stereotypes, output 1. If it does not, output 0. Respond with only one character."
15332.jpg,0,0,0,"Using the combination of image and text, decide if the meme promotes hate or discrimination. Reply ONLY with 1 or 0."
15332.jpg,0,1,1,"Classify this meme: 1 = hateful or offensive toward women, 0 = not hateful. Output only the digit."
15332.jpg,0,0,No,"When interpreting the meme’s image and text jointly, does it demean or stereotype women? Answer 1 if yes, 0 if no."
15144.jpg,0,0,0,"Considering the visual and textual content together, is this offensive or discriminatory? Answer 1 or 0."
15144.jpg,0,1,1,"Evaluate the meme’s image and caption together. If it expresses sexist or hateful content, output 1. If not, output 0."
15144.jpg,0,0,0,"Analyze the meme as a whole (image + text). If it contains misogynistic or sexist stereotypes, output 1. If it does not, output 0. Respond with only one character."
15144.jpg,0,0,0,"Using the combination of image and text, decide if the meme promotes hate or discrimination. Reply ONLY with 1 or 0."
15144.jpg,0,1,1,"Classify this meme: 1 = hateful or offensive toward women, 0 = not hateful. Output only the digit."
15144.jpg,0,0,0,"When interpreting the meme’s image and text jointly, does it demean or stereotype women? Answer 1 if yes, 0 if no."
16187.jpg,1,1,1,"Considering the visual and textual content together, is this offensive or discriminatory? Answer 1 or 0."
16187.jpg,1,1,1,"Evaluate the meme’s image and caption together. If it expresses sexist or hateful content, output 1. If not, output 0."
16187.jpg,1,1,1,"Analyze the meme as a whole (image + text). If it contains misogynistic or sexist stereotypes, output 1. If it does not, output 0. Respond with only one character."
16187.jpg,1,0,0,"Using the combination of image and text, decide if the meme promotes hate or discrimination. Reply ONLY with 1 or 0."
16187.jpg,1,1,1,"Classify this meme: 1 = hateful or offensive toward women, 0 = not hateful. Output only the digit."
16187.jpg,1,0,0,"When interpreting the meme’s image and text jointly, does it demean or stereotype women? Answer 1 if yes, 0 if no."
15684.jpg,1,0,0,"Considering the visual and textual content together, is this offensive or discriminatory? Answer 1 or 0."
15684.jpg,1,1,1,"Evaluate the meme’s image and caption together. If it expresses sexist or hateful content, output 1. If not, output 0."
15684.jpg,1,1,1,"Analyze the meme as a whole (image + text). If it contains misogynistic or sexist stereotypes, output 1. If it does not, output 0. Respond with only one character."
15684.jpg,1,0,0,"Using the combination of image and text, decide if the meme promotes hate or discrimination. Reply ONLY with 1 or 0."
15684.jpg,1,1,1,"Classify this meme: 1 = hateful or offensive toward women, 0 = not hateful. Output only the digit."
15684.jpg,1,0,0,"When interpreting the meme’s image and text jointly, does it demean or stereotype women? Answer 1 if yes, 0 if no."
17018.jpg,1,0,0,"Considering the visual and textual content together, is this offensive or discriminatory? Answer 1 or 0."
17018.jpg,1,1,1,"Evaluate the meme’s image and caption together. If it expresses sexist or hateful content, output 1. If not, output 0."
17018.jpg,1,1,1,"Analyze the meme as a whole (image + text). If it contains misogynistic or sexist stereotypes, output 1. If it does not, output 0. Respond with only one character."
17018.jpg,1,0,0,"Using the combination of image and text, decide if the meme promotes hate or discrimination. Reply ONLY with 1 or 0."
17018.jpg,1,1,1,"Classify this meme: 1 = hateful or offensive toward women, 0 = not hateful. Output only the digit."
17018.jpg,1,0,0,"When interpreting the meme’s image and text jointly, does it demean or stereotype women? Answer 1 if yes, 0 if no."
15663.jpg,1,1,1,"Considering the visual and textual content together, is this offensive or discriminatory? Answer 1 or 0."
15663.jpg,1,1,1,"Evaluate the meme’s image and caption together. If it expresses sexist or hateful content, output 1. If not, output 0."
15663.jpg,1,1,1,"Analyze the meme as a whole (image + text). If it contains misogynistic or sexist stereotypes, output 1. If it does not, output 0. Respond with only one character."
15663.jpg,1,1,1,"Using the combination of image and text, decide if the meme promotes hate or discrimination. Reply ONLY with 1 or 0."
15663.jpg,1,1,1,"Classify this meme: 1 = hateful or offensive toward women, 0 = not hateful. Output only the digit."
15663.jpg,1,0,0,"When interpreting the meme’s image and text jointly, does it demean or stereotype women? Answer 1 if yes, 0 if no."
15496.jpg,0,0,0,"Considering the visual and textual content together, is this offensive or discriminatory? Answer 1 or 0."
15496.jpg,0,0,0,"Evaluate the meme’s image and caption together. If it expresses sexist or hateful content, output 1. If not, output 0."
15496.jpg,0,1,1,"Analyze the meme as a whole (image + text). If it contains misogynistic or sexist stereotypes, output 1. If it does not, output 0. Respond with only one character."
15496.jpg,0,0,0,"Using the combination of image and text, decide if the meme promotes hate or discrimination. Reply ONLY with 1 or 0."
15496.jpg,0,1,1,"Classify this meme: 1 = hateful or offensive toward women, 0 = not hateful. Output only the digit."
15496.jpg,0,0,No,"When interpreting the meme’s image and text jointly, does it demean or stereotype women? Answer 1 if yes, 0 if no."
17047.jpg,0,0,0,"Considering the visual and textual content together, is this offensive or discriminatory? Answer 1 or 0."
17047.jpg,0,1,"The meme's image is a dishwasher with the word ""Owo"" written on it, and the caption reads ""Blrussed image imgflip.com Mariag Owo OWO DISHWASHER :)."" This does not express sexist or hateful","Evaluate the meme’s image and caption together. If it expresses sexist or hateful content, output 1. If not, output 0."
17047.jpg,0,1,1,"Analyze the meme as a whole (image + text). If it contains misogynistic or sexist stereotypes, output 1. If it does not, output 0. Respond with only one character."
17047.jpg,0,0,0,"Using the combination of image and text, decide if the meme promotes hate or discrimination. Reply ONLY with 1 or 0."
17047.jpg,0,1,1,"Classify this meme: 1 = hateful or offensive toward women, 0 = not hateful. Output only the digit."
17047.jpg,0,0,0,"When interpreting the meme’s image and text jointly, does it demean or stereotype women? Answer 1 if yes, 0 if no."
15512.jpg,0,1,1,"Considering the visual and textual content together, is this offensive or discriminatory? Answer 1 or 0."
15512.jpg,0,1,1,"Evaluate the meme’s image and caption together. If it expresses sexist or hateful content, output 1. If not, output 0."
15512.jpg,0,0,0,"Analyze the meme as a whole (image + text). If it contains misogynistic or sexist stereotypes, output 1. If it does not, output 0. Respond with only one character."
15512.jpg,0,0,0,"Using the combination of image and text, decide if the meme promotes hate or discrimination. Reply ONLY with 1 or 0."
15512.jpg,0,1,1,"Classify this meme: 1 = hateful or offensive toward women, 0 = not hateful. Output only the digit."
15512.jpg,0,0,0,"When interpreting the meme’s image and text jointly, does it demean or stereotype women? Answer 1 if yes, 0 if no."
15438.jpg,0,1,1,"Considering the visual and textual content together, is this offensive or discriminatory? Answer 1 or 0."
15438.jpg,0,1,1,"Evaluate the meme’s image and caption together. If it expresses sexist or hateful content, output 1. If not, output 0."
15438.jpg,0,1,1,"Analyze the meme as a whole (image + text). If it contains misogynistic or sexist stereotypes, output 1. If it does not, output 0. Respond with only one character."
15438.jpg,0,1,1,"Using the combination of image and text, decide if the meme promotes hate or discrimination. Reply ONLY with 1 or 0."
15438.jpg,0,1,1,"Classify this meme: 1 = hateful or offensive toward women, 0 = not hateful. Output only the digit."
15438.jpg,0,0,0,"When interpreting the meme’s image and text jointly, does it demean or stereotype women? Answer 1 if yes, 0 if no."
15460.jpg,0,0,0,"Considering the visual and textual content together, is this offensive or discriminatory? Answer 1 or 0."
15460.jpg,0,0,0,"Evaluate the meme’s image and caption together. If it expresses sexist or hateful content, output 1. If not, output 0."
15460.jpg,0,0,0,"Analyze the meme as a whole (image + text). If it contains misogynistic or sexist stereotypes, output 1. If it does not, output 0. Respond with only one character."
15460.jpg,0,0,0,"Using the combination of image and text, decide if the meme promotes hate or discrimination. Reply ONLY with 1 or 0."
15460.jpg,0,0,0,"Classify this meme: 1 = hateful or offensive toward women, 0 = not hateful. Output only the digit."
15460.jpg,0,0,No,"When interpreting the meme’s image and text jointly, does it demean or stereotype women? Answer 1 if yes, 0 if no."
16239.jpg,1,1,1,"Considering the visual and textual content together, is this offensive or discriminatory? Answer 1 or 0."
16239.jpg,1,1,1,"Evaluate the meme’s image and caption together. If it expresses sexist or hateful content, output 1. If not, output 0."
16239.jpg,1,1,1,"Analyze the meme as a whole (image + text). If it contains misogynistic or sexist stereotypes, output 1. If it does not, output 0. Respond with only one character."
16239.jpg,1,0,0,"Using the combination of image and text, decide if the meme promotes hate or discrimination. Reply ONLY with 1 or 0."
16239.jpg,1,1,1,"Classify this meme: 1 = hateful or offensive toward women, 0 = not hateful. Output only the digit."
16239.jpg,1,0,0,"When interpreting the meme’s image and text jointly, does it demean or stereotype women? Answer 1 if yes, 0 if no."
15232.jpg,1,0,0,"Considering the visual and textual content together, is this offensive or discriminatory? Answer 1 or 0."
15232.jpg,1,0,0,"Evaluate the meme’s image and caption together. If it expresses sexist or hateful content, output 1. If not, output 0."
15232.jpg,1,0,0,"Analyze the meme as a whole (image + text). If it contains misogynistic or sexist stereotypes, output 1. If it does not, output 0. Respond with only one character."
15232.jpg,1,0,0,"Using the combination of image and text, decide if the meme promotes hate or discrimination. Reply ONLY with 1 or 0."
15232.jpg,1,0,0,"Classify this meme: 1 = hateful or offensive toward women, 0 = not hateful. Output only the digit."
15232.jpg,1,0,0,"When interpreting the meme’s image and text jointly, does it demean or stereotype women? Answer 1 if yes, 0 if no."
15863.jpg,0,1,1,"Considering the visual and textual content together, is this offensive or discriminatory? Answer 1 or 0."
15863.jpg,0,1,1,"Evaluate the meme’s image and caption together. If it expresses sexist or hateful content, output 1. If not, output 0."
15863.jpg,0,1,1,"Analyze the meme as a whole (image + text). If it contains misogynistic or sexist stereotypes, output 1. If it does not, output 0. Respond with only one character."
15863.jpg,0,1,1,"Using the combination of image and text, decide if the meme promotes hate or discrimination. Reply ONLY with 1 or 0."
15863.jpg,0,1,1,"Classify this meme: 1 = hateful or offensive toward women, 0 = not hateful. Output only the digit."
15863.jpg,0,0,0,"When interpreting the meme’s image and text jointly, does it demean or stereotype women? Answer 1 if yes, 0 if no."
15781.jpg,0,1,1,"Considering the visual and textual content together, is this offensive or discriminatory? Answer 1 or 0."
15781.jpg,0,0,0,"Evaluate the meme’s image and caption together. If it expresses sexist or hateful content, output 1. If not, output 0."
15781.jpg,0,1,1,"Analyze the meme as a whole (image + text). If it contains misogynistic or sexist stereotypes, output 1. If it does not, output 0. Respond with only one character."
15781.jpg,0,0,0,"Using the combination of image and text, decide if the meme promotes hate or discrimination. Reply ONLY with 1 or 0."
15781.jpg,0,1,1,"Classify this meme: 1 = hateful or offensive toward women, 0 = not hateful. Output only the digit."
15781.jpg,0,0,No,"When interpreting the meme’s image and text jointly, does it demean or stereotype women? Answer 1 if yes, 0 if no."
15743.jpg,0,1,1,"Considering the visual and textual content together, is this offensive or discriminatory? Answer 1 or 0."
15743.jpg,0,0,0,"Evaluate the meme’s image and caption together. If it expresses sexist or hateful content, output 1. If not, output 0."
15743.jpg,0,1,1,"Analyze the meme as a whole (image + text). If it contains misogynistic or sexist stereotypes, output 1. If it does not, output 0. Respond with only one character."
15743.jpg,0,0,0,"Using the combination of image and text, decide if the meme promotes hate or discrimination. Reply ONLY with 1 or 0."
15743.jpg,0,1,1,"Classify this meme: 1 = hateful or offensive toward women, 0 = not hateful. Output only the digit."
15743.jpg,0,0,0,"When interpreting the meme’s image and text jointly, does it demean or stereotype women? Answer 1 if yes, 0 if no."
15765.jpg,0,1,1,"Considering the visual and textual content together, is this offensive or discriminatory? Answer 1 or 0."
15765.jpg,0,1,1,"Evaluate the meme’s image and caption together. If it expresses sexist or hateful content, output 1. If not, output 0."
15765.jpg,0,1,1,"Analyze the meme as a whole (image + text). If it contains misogynistic or sexist stereotypes, output 1. If it does not, output 0. Respond with only one character."
15765.jpg,0,1,1,"Using the combination of image and text, decide if the meme promotes hate or discrimination. Reply ONLY with 1 or 0."
15765.jpg,0,1,1,"Classify this meme: 1 = hateful or offensive toward women, 0 = not hateful. Output only the digit."
15765.jpg,0,0,No,"When interpreting the meme’s image and text jointly, does it demean or stereotype women? Answer 1 if yes, 0 if no."
15294.jpg,1,1,1,"Considering the visual and textual content together, is this offensive or discriminatory? Answer 1 or 0."
15294.jpg,1,1,1,"Evaluate the meme’s image and caption together. If it expresses sexist or hateful content, output 1. If not, output 0."
15294.jpg,1,1,1,"Analyze the meme as a whole (image + text). If it contains misogynistic or sexist stereotypes, output 1. If it does not, output 0. Respond with only one character."
15294.jpg,1,1,1,"Using the combination of image and text, decide if the meme promotes hate or discrimination. Reply ONLY with 1 or 0."
15294.jpg,1,1,1,"Classify this meme: 1 = hateful or offensive toward women, 0 = not hateful. Output only the digit."
15294.jpg,1,0,0,"When interpreting the meme’s image and text jointly, does it demean or stereotype women? Answer 1 if yes, 0 if no."
15504.jpg,1,1,1,"Considering the visual and textual content together, is this offensive or discriminatory? Answer 1 or 0."
15504.jpg,1,1,1,"Evaluate the meme’s image and caption together. If it expresses sexist or hateful content, output 1. If not, output 0."
15504.jpg,1,1,1,"Analyze the meme as a whole (image + text). If it contains misogynistic or sexist stereotypes, output 1. If it does not, output 0. Respond with only one character."
15504.jpg,1,1,1,"Using the combination of image and text, decide if the meme promotes hate or discrimination. Reply ONLY with 1 or 0."
15504.jpg,1,1,1,"Classify this meme: 1 = hateful or offensive toward women, 0 = not hateful. Output only the digit."
15504.jpg,1,0,No,"When interpreting the meme’s image and text jointly, does it demean or stereotype women? Answer 1 if yes, 0 if no."
15565.jpg,0,1,1,"Considering the visual and textual content together, is this offensive or discriminatory? Answer 1 or 0."
15565.jpg,0,1,1,"Evaluate the meme’s image and caption together. If it expresses sexist or hateful content, output 1. If not, output 0."
15565.jpg,0,1,1,"Analyze the meme as a whole (image + text). If it contains misogynistic or sexist stereotypes, output 1. If it does not, output 0. Respond with only one character."
15565.jpg,0,0,0,"Using the combination of image and text, decide if the meme promotes hate or discrimination. Reply ONLY with 1 or 0."
15565.jpg,0,1,1,"Classify this meme: 1 = hateful or offensive toward women, 0 = not hateful. Output only the digit."
15565.jpg,0,0,0,"When interpreting the meme’s image and text jointly, does it demean or stereotype women? Answer 1 if yes, 0 if no."
15094.jpg,0,0,0,"Considering the visual and textual content together, is this offensive or discriminatory? Answer 1 or 0."
15094.jpg,0,1,1,"Evaluate the meme’s image and caption together. If it expresses sexist or hateful content, output 1. If not, output 0."
15094.jpg,0,1,1,"Analyze the meme as a whole (image + text). If it contains misogynistic or sexist stereotypes, output 1. If it does not, output 0. Respond with only one character."
15094.jpg,0,0,0,"Using the combination of image and text, decide if the meme promotes hate or discrimination. Reply ONLY with 1 or 0."
15094.jpg,0,0,0,"Classify this meme: 1 = hateful or offensive toward women, 0 = not hateful. Output only the digit."
15094.jpg,0,0,No.,"When interpreting the meme’s image and text jointly, does it demean or stereotype women? Answer 1 if yes, 0 if no."
15955.jpg,1,0,0,"Considering the visual and textual content together, is this offensive or discriminatory? Answer 1 or 0."
15955.jpg,1,1,1,"Evaluate the meme’s image and caption together. If it expresses sexist or hateful content, output 1. If not, output 0."
15955.jpg,1,1,1,"Analyze the meme as a whole (image + text). If it contains misogynistic or sexist stereotypes, output 1. If it does not, output 0. Respond with only one character."
15955.jpg,1,0,0,"Using the combination of image and text, decide if the meme promotes hate or discrimination. Reply ONLY with 1 or 0."
15955.jpg,1,1,1,"Classify this meme: 1 = hateful or offensive toward women, 0 = not hateful. Output only the digit."
15955.jpg,1,0,No.,"When interpreting the meme’s image and text jointly, does it demean or stereotype women? Answer 1 if yes, 0 if no."
15929.jpg,1,1,1,"Considering the visual and textual content together, is this offensive or discriminatory? Answer 1 or 0."
15929.jpg,1,1,1,"Evaluate the meme’s image and caption together. If it expresses sexist or hateful content, output 1. If not, output 0."
15929.jpg,1,1,1,"Analyze the meme as a whole (image + text). If it contains misogynistic or sexist stereotypes, output 1. If it does not, output 0. Respond with only one character."
15929.jpg,1,1,1,"Using the combination of image and text, decide if the meme promotes hate or discrimination. Reply ONLY with 1 or 0."
15929.jpg,1,1,1,"Classify this meme: 1 = hateful or offensive toward women, 0 = not hateful. Output only the digit."
15929.jpg,1,0,0,"When interpreting the meme’s image and text jointly, does it demean or stereotype women? Answer 1 if yes, 0 if no."
15487.jpg,1,0,0,"Considering the visual and textual content together, is this offensive or discriminatory? Answer 1 or 0."
15487.jpg,1,1,"1. The meme features an image of SpongeBob SquarePants holding a knife, which could be interpreted as a symbol of violence or aggression towards women. However, the caption ""Also girls"" suggests that the meme is making a joke about the","Evaluate the meme’s image and caption together. If it expresses sexist or hateful content, output 1. If not, output 0."
15487.jpg,1,1,1,"Analyze the meme as a whole (image + text). If it contains misogynistic or sexist stereotypes, output 1. If it does not, output 0. Respond with only one character."
15487.jpg,1,0,0,"Using the combination of image and text, decide if the meme promotes hate or discrimination. Reply ONLY with 1 or 0."
15487.jpg,1,1,1,"Classify this meme: 1 = hateful or offensive toward women, 0 = not hateful. Output only the digit."
15487.jpg,1,0,0,"When interpreting the meme’s image and text jointly, does it demean or stereotype women? Answer 1 if yes, 0 if no."
15659.jpg,1,0,0,"Considering the visual and textual content together, is this offensive or discriminatory? Answer 1 or 0."
15659.jpg,1,0,0,"Evaluate the meme’s image and caption together. If it expresses sexist or hateful content, output 1. If not, output 0."
15659.jpg,1,1,1,"Analyze the meme as a whole (image + text). If it contains misogynistic or sexist stereotypes, output 1. If it does not, output 0. Respond with only one character."
15659.jpg,1,0,0,"Using the combination of image and text, decide if the meme promotes hate or discrimination. Reply ONLY with 1 or 0."
15659.jpg,1,0,0,"Classify this meme: 1 = hateful or offensive toward women, 0 = not hateful. Output only the digit."
15659.jpg,1,0,0,"When interpreting the meme’s image and text jointly, does it demean or stereotype women? Answer 1 if yes, 0 if no."
16178.jpg,1,0,0,"Considering the visual and textual content together, is this offensive or discriminatory? Answer 1 or 0."
16178.jpg,1,-1,"The meme's image shows a group of women dressed as Santa Claus, while the caption reads "" ADMIT IT you want to be Santa Claus this Xmas"". This could be interpreted as a humorous and light-hearted take on the idea of dressing up","Evaluate the meme’s image and caption together. If it expresses sexist or hateful content, output 1. If not, output 0."
16178.jpg,1,1,1,"Analyze the meme as a whole (image + text). If it contains misogynistic or sexist stereotypes, output 1. If it does not, output 0. Respond with only one character."
16178.jpg,1,1,1,"Using the combination of image and text, decide if the meme promotes hate or discrimination. Reply ONLY with 1 or 0."
16178.jpg,1,1,1,"Classify this meme: 1 = hateful or offensive toward women, 0 = not hateful. Output only the digit."
16178.jpg,1,0,No,"When interpreting the meme’s image and text jointly, does it demean or stereotype women? Answer 1 if yes, 0 if no."
15358.jpg,0,1,1,"Considering the visual and textual content together, is this offensive or discriminatory? Answer 1 or 0."
15358.jpg,0,1,1,"Evaluate the meme’s image and caption together. If it expresses sexist or hateful content, output 1. If not, output 0."
15358.jpg,0,1,1,"Analyze the meme as a whole (image + text). If it contains misogynistic or sexist stereotypes, output 1. If it does not, output 0. Respond with only one character."
15358.jpg,0,1,1,"Using the combination of image and text, decide if the meme promotes hate or discrimination. Reply ONLY with 1 or 0."
15358.jpg,0,1,1,"Classify this meme: 1 = hateful or offensive toward women, 0 = not hateful. Output only the digit."
15358.jpg,0,0,0,"When interpreting the meme’s image and text jointly, does it demean or stereotype women? Answer 1 if yes, 0 if no."
17074.jpg,0,0,0,"Considering the visual and textual content together, is this offensive or discriminatory? Answer 1 or 0."
17074.jpg,0,0,0,"Evaluate the meme’s image and caption together. If it expresses sexist or hateful content, output 1. If not, output 0."
17074.jpg,0,0,0,"Analyze the meme as a whole (image + text). If it contains misogynistic or sexist stereotypes, output 1. If it does not, output 0. Respond with only one character."
17074.jpg,0,0,0,"Using the combination of image and text, decide if the meme promotes hate or discrimination. Reply ONLY with 1 or 0."
17074.jpg,0,0,0,"Classify this meme: 1 = hateful or offensive toward women, 0 = not hateful. Output only the digit."
17074.jpg,0,0,No,"When interpreting the meme’s image and text jointly, does it demean or stereotype women? Answer 1 if yes, 0 if no."
15732.jpg,1,0,0,"Considering the visual and textual content together, is this offensive or discriminatory? Answer 1 or 0."
15732.jpg,1,1,1,"Evaluate the meme’s image and caption together. If it expresses sexist or hateful content, output 1. If not, output 0."
15732.jpg,1,1,1,"Analyze the meme as a whole (image + text). If it contains misogynistic or sexist stereotypes, output 1. If it does not, output 0. Respond with only one character."
15732.jpg,1,0,0,"Using the combination of image and text, decide if the meme promotes hate or discrimination. Reply ONLY with 1 or 0."
15732.jpg,1,1,1,"Classify this meme: 1 = hateful or offensive toward women, 0 = not hateful. Output only the digit."
15732.jpg,1,0,0,"When interpreting the meme’s image and text jointly, does it demean or stereotype women? Answer 1 if yes, 0 if no."
15458.jpg,0,1,1,"Considering the visual and textual content together, is this offensive or discriminatory? Answer 1 or 0."
15458.jpg,0,1,1,"Evaluate the meme’s image and caption together. If it expresses sexist or hateful content, output 1. If not, output 0."
15458.jpg,0,1,1,"Analyze the meme as a whole (image + text). If it contains misogynistic or sexist stereotypes, output 1. If it does not, output 0. Respond with only one character."
15458.jpg,0,0,0,"Using the combination of image and text, decide if the meme promotes hate or discrimination. Reply ONLY with 1 or 0."
15458.jpg,0,1,1,"Classify this meme: 1 = hateful or offensive toward women, 0 = not hateful. Output only the digit."
15458.jpg,0,0,0,"When interpreting the meme’s image and text jointly, does it demean or stereotype women? Answer 1 if yes, 0 if no."
16115.jpg,0,0,0,"Considering the visual and textual content together, is this offensive or discriminatory? Answer 1 or 0."
16115.jpg,0,1,1,"Evaluate the meme’s image and caption together. If it expresses sexist or hateful content, output 1. If not, output 0."
16115.jpg,0,1,1,"Analyze the meme as a whole (image + text). If it contains misogynistic or sexist stereotypes, output 1. If it does not, output 0. Respond with only one character."
16115.jpg,0,1,1,"Using the combination of image and text, decide if the meme promotes hate or discrimination. Reply ONLY with 1 or 0."
16115.jpg,0,1,1,"Classify this meme: 1 = hateful or offensive toward women, 0 = not hateful. Output only the digit."
16115.jpg,0,0,0,"When interpreting the meme’s image and text jointly, does it demean or stereotype women? Answer 1 if yes, 0 if no."
15031.jpg,0,0,0,"Considering the visual and textual content together, is this offensive or discriminatory? Answer 1 or 0."
15031.jpg,0,0,0,"Evaluate the meme’s image and caption together. If it expresses sexist or hateful content, output 1. If not, output 0."
15031.jpg,0,1,1,"Analyze the meme as a whole (image + text). If it contains misogynistic or sexist stereotypes, output 1. If it does not, output 0. Respond with only one character."
15031.jpg,0,0,0,"Using the combination of image and text, decide if the meme promotes hate or discrimination. Reply ONLY with 1 or 0."
15031.jpg,0,0,0,"Classify this meme: 1 = hateful or offensive toward women, 0 = not hateful. Output only the digit."
15031.jpg,0,0,0,"When interpreting the meme’s image and text jointly, does it demean or stereotype women? Answer 1 if yes, 0 if no."
16155.jpg,0,0,0,"Considering the visual and textual content together, is this offensive or discriminatory? Answer 1 or 0."
16155.jpg,0,0,0,"Evaluate the meme’s image and caption together. If it expresses sexist or hateful content, output 1. If not, output 0."
16155.jpg,0,1,1,"Analyze the meme as a whole (image + text). If it contains misogynistic or sexist stereotypes, output 1. If it does not, output 0. Respond with only one character."
16155.jpg,0,0,0,"Using the combination of image and text, decide if the meme promotes hate or discrimination. Reply ONLY with 1 or 0."
16155.jpg,0,1,1,"Classify this meme: 1 = hateful or offensive toward women, 0 = not hateful. Output only the digit."
16155.jpg,0,0,No,"When interpreting the meme’s image and text jointly, does it demean or stereotype women? Answer 1 if yes, 0 if no."
16075.jpg,0,0,0,"Considering the visual and textual content together, is this offensive or discriminatory? Answer 1 or 0."
16075.jpg,0,1,1,"Evaluate the meme’s image and caption together. If it expresses sexist or hateful content, output 1. If not, output 0."
16075.jpg,0,0,0,"Analyze the meme as a whole (image + text). If it contains misogynistic or sexist stereotypes, output 1. If it does not, output 0. Respond with only one character."
16075.jpg,0,0,0,"Using the combination of image and text, decide if the meme promotes hate or discrimination. Reply ONLY with 1 or 0."
16075.jpg,0,1,1,"Classify this meme: 1 = hateful or offensive toward women, 0 = not hateful. Output only the digit."
16075.jpg,0,0,0,"When interpreting the meme’s image and text jointly, does it demean or stereotype women? Answer 1 if yes, 0 if no."
17076.jpg,0,0,0,"Considering the visual and textual content together, is this offensive or discriminatory? Answer 1 or 0."
17076.jpg,0,0,0,"Evaluate the meme’s image and caption together. If it expresses sexist or hateful content, output 1. If not, output 0."
17076.jpg,0,1,1,"Analyze the meme as a whole (image + text). If it contains misogynistic or sexist stereotypes, output 1. If it does not, output 0. Respond with only one character."
17076.jpg,0,1,1,"Using the combination of image and text, decide if the meme promotes hate or discrimination. Reply ONLY with 1 or 0."
17076.jpg,0,1,1,"Classify this meme: 1 = hateful or offensive toward women, 0 = not hateful. Output only the digit."
17076.jpg,0,0,No,"When interpreting the meme’s image and text jointly, does it demean or stereotype women? Answer 1 if yes, 0 if no."
16004.jpg,1,1,1,"Considering the visual and textual content together, is this offensive or discriminatory? Answer 1 or 0."
16004.jpg,1,1,1,"Evaluate the meme’s image and caption together. If it expresses sexist or hateful content, output 1. If not, output 0."
16004.jpg,1,1,1,"Analyze the meme as a whole (image + text). If it contains misogynistic or sexist stereotypes, output 1. If it does not, output 0. Respond with only one character."
16004.jpg,1,1,1,"Using the combination of image and text, decide if the meme promotes hate or discrimination. Reply ONLY with 1 or 0."
16004.jpg,1,1,1,"Classify this meme: 1 = hateful or offensive toward women, 0 = not hateful. Output only the digit."
16004.jpg,1,0,0,"When interpreting the meme’s image and text jointly, does it demean or stereotype women? Answer 1 if yes, 0 if no."
15899.jpg,0,0,0,"Considering the visual and textual content together, is this offensive or discriminatory? Answer 1 or 0."
15899.jpg,0,1,1,"Evaluate the meme’s image and caption together. If it expresses sexist or hateful content, output 1. If not, output 0."
15899.jpg,0,1,1,"Analyze the meme as a whole (image + text). If it contains misogynistic or sexist stereotypes, output 1. If it does not, output 0. Respond with only one character."
15899.jpg,0,0,0,"Using the combination of image and text, decide if the meme promotes hate or discrimination. Reply ONLY with 1 or 0."
15899.jpg,0,0,0,"Classify this meme: 1 = hateful or offensive toward women, 0 = not hateful. Output only the digit."
15899.jpg,0,0,0,"When interpreting the meme’s image and text jointly, does it demean or stereotype women? Answer 1 if yes, 0 if no."
15235.jpg,1,0,0,"Considering the visual and textual content together, is this offensive or discriminatory? Answer 1 or 0."
15235.jpg,1,1,1,"Evaluate the meme’s image and caption together. If it expresses sexist or hateful content, output 1. If not, output 0."
15235.jpg,1,1,1,"Analyze the meme as a whole (image + text). If it contains misogynistic or sexist stereotypes, output 1. If it does not, output 0. Respond with only one character."
15235.jpg,1,0,0,"Using the combination of image and text, decide if the meme promotes hate or discrimination. Reply ONLY with 1 or 0."
15235.jpg,1,1,1,"Classify this meme: 1 = hateful or offensive toward women, 0 = not hateful. Output only the digit."
15235.jpg,1,0,0,"When interpreting the meme’s image and text jointly, does it demean or stereotype women? Answer 1 if yes, 0 if no."
17054.jpg,0,1,1,"Considering the visual and textual content together, is this offensive or discriminatory? Answer 1 or 0."
17054.jpg,0,1,1,"Evaluate the meme’s image and caption together. If it expresses sexist or hateful content, output 1. If not, output 0."
17054.jpg,0,1,1,"Analyze the meme as a whole (image + text). If it contains misogynistic or sexist stereotypes, output 1. If it does not, output 0. Respond with only one character."
17054.jpg,0,0,0,"Using the combination of image and text, decide if the meme promotes hate or discrimination. Reply ONLY with 1 or 0."
17054.jpg,0,1,1,"Classify this meme: 1 = hateful or offensive toward women, 0 = not hateful. Output only the digit."
17054.jpg,0,0,0,"When interpreting the meme’s image and text jointly, does it demean or stereotype women? Answer 1 if yes, 0 if no."
15451.jpg,1,1,1,"Considering the visual and textual content together, is this offensive or discriminatory? Answer 1 or 0."
15451.jpg,1,1,1,"Evaluate the meme’s image and caption together. If it expresses sexist or hateful content, output 1. If not, output 0."
15451.jpg,1,1,1,"Analyze the meme as a whole (image + text). If it contains misogynistic or sexist stereotypes, output 1. If it does not, output 0. Respond with only one character."
15451.jpg,1,1,1,"Using the combination of image and text, decide if the meme promotes hate or discrimination. Reply ONLY with 1 or 0."
15451.jpg,1,1,1,"Classify this meme: 1 = hateful or offensive toward women, 0 = not hateful. Output only the digit."
15451.jpg,1,0,0,"When interpreting the meme’s image and text jointly, does it demean or stereotype women? Answer 1 if yes, 0 if no."
15214.jpg,1,1,1,"Considering the visual and textual content together, is this offensive or discriminatory? Answer 1 or 0."
15214.jpg,1,1,1,"Evaluate the meme’s image and caption together. If it expresses sexist or hateful content, output 1. If not, output 0."
15214.jpg,1,1,1,"Analyze the meme as a whole (image + text). If it contains misogynistic or sexist stereotypes, output 1. If it does not, output 0. Respond with only one character."
15214.jpg,1,1,1,"Using the combination of image and text, decide if the meme promotes hate or discrimination. Reply ONLY with 1 or 0."
15214.jpg,1,1,1,"Classify this meme: 1 = hateful or offensive toward women, 0 = not hateful. Output only the digit."
15214.jpg,1,0,0,"When interpreting the meme’s image and text jointly, does it demean or stereotype women? Answer 1 if yes, 0 if no."
15815.jpg,0,0,0,"Considering the visual and textual content together, is this offensive or discriminatory? Answer 1 or 0."
15815.jpg,0,0,0,"Evaluate the meme’s image and caption together. If it expresses sexist or hateful content, output 1. If not, output 0."
15815.jpg,0,0,0,"Analyze the meme as a whole (image + text). If it contains misogynistic or sexist stereotypes, output 1. If it does not, output 0. Respond with only one character."
15815.jpg,0,0,0,"Using the combination of image and text, decide if the meme promotes hate or discrimination. Reply ONLY with 1 or 0."
15815.jpg,0,0,0,"Classify this meme: 1 = hateful or offensive toward women, 0 = not hateful. Output only the digit."
15815.jpg,0,0,No.,"When interpreting the meme’s image and text jointly, does it demean or stereotype women? Answer 1 if yes, 0 if no."
15647.jpg,0,1,1,"Considering the visual and textual content together, is this offensive or discriminatory? Answer 1 or 0."
15647.jpg,0,0,0,"Evaluate the meme’s image and caption together. If it expresses sexist or hateful content, output 1. If not, output 0."
15647.jpg,0,0,0,"Analyze the meme as a whole (image + text). If it contains misogynistic or sexist stereotypes, output 1. If it does not, output 0. Respond with only one character."
15647.jpg,0,1,1,"Using the combination of image and text, decide if the meme promotes hate or discrimination. Reply ONLY with 1 or 0."
15647.jpg,0,1,1,"Classify this meme: 1 = hateful or offensive toward women, 0 = not hateful. Output only the digit."
15647.jpg,0,0,0,"When interpreting the meme’s image and text jointly, does it demean or stereotype women? Answer 1 if yes, 0 if no."
16124.jpg,1,0,0,"Considering the visual and textual content together, is this offensive or discriminatory? Answer 1 or 0."
16124.jpg,1,1,1,"Evaluate the meme’s image and caption together. If it expresses sexist or hateful content, output 1. If not, output 0."
16124.jpg,1,1,1,"Analyze the meme as a whole (image + text). If it contains misogynistic or sexist stereotypes, output 1. If it does not, output 0. Respond with only one character."
16124.jpg,1,0,0,"Using the combination of image and text, decide if the meme promotes hate or discrimination. Reply ONLY with 1 or 0."
16124.jpg,1,1,1,"Classify this meme: 1 = hateful or offensive toward women, 0 = not hateful. Output only the digit."
16124.jpg,1,0,No.,"When interpreting the meme’s image and text jointly, does it demean or stereotype women? Answer 1 if yes, 0 if no."
15051.jpg,1,1,1,"Considering the visual and textual content together, is this offensive or discriminatory? Answer 1 or 0."
15051.jpg,1,1,1,"Evaluate the meme’s image and caption together. If it expresses sexist or hateful content, output 1. If not, output 0."
15051.jpg,1,1,1,"Analyze the meme as a whole (image + text). If it contains misogynistic or sexist stereotypes, output 1. If it does not, output 0. Respond with only one character."
15051.jpg,1,1,1,"Using the combination of image and text, decide if the meme promotes hate or discrimination. Reply ONLY with 1 or 0."
15051.jpg,1,1,1,"Classify this meme: 1 = hateful or offensive toward women, 0 = not hateful. Output only the digit."
15051.jpg,1,0,No,"When interpreting the meme’s image and text jointly, does it demean or stereotype women? Answer 1 if yes, 0 if no."
16121.jpg,1,1,1,"Considering the visual and textual content together, is this offensive or discriminatory? Answer 1 or 0."
16121.jpg,1,1,1,"Evaluate the meme’s image and caption together. If it expresses sexist or hateful content, output 1. If not, output 0."
16121.jpg,1,1,1,"Analyze the meme as a whole (image + text). If it contains misogynistic or sexist stereotypes, output 1. If it does not, output 0. Respond with only one character."
16121.jpg,1,1,1,"Using the combination of image and text, decide if the meme promotes hate or discrimination. Reply ONLY with 1 or 0."
16121.jpg,1,1,1,"Classify this meme: 1 = hateful or offensive toward women, 0 = not hateful. Output only the digit."
16121.jpg,1,0,No,"When interpreting the meme’s image and text jointly, does it demean or stereotype women? Answer 1 if yes, 0 if no."
16127.jpg,1,0,0,"Considering the visual and textual content together, is this offensive or discriminatory? Answer 1 or 0."
16127.jpg,1,1,1,"Evaluate the meme’s image and caption together. If it expresses sexist or hateful content, output 1. If not, output 0."
16127.jpg,1,1,1,"Analyze the meme as a whole (image + text). If it contains misogynistic or sexist stereotypes, output 1. If it does not, output 0. Respond with only one character."
16127.jpg,1,1,1,"Using the combination of image and text, decide if the meme promotes hate or discrimination. Reply ONLY with 1 or 0."
16127.jpg,1,1,1,"Classify this meme: 1 = hateful or offensive toward women, 0 = not hateful. Output only the digit."
16127.jpg,1,0,No.,"When interpreting the meme’s image and text jointly, does it demean or stereotype women? Answer 1 if yes, 0 if no."
15182.jpg,0,0,0,"Considering the visual and textual content together, is this offensive or discriminatory? Answer 1 or 0."
15182.jpg,0,1,1,"Evaluate the meme’s image and caption together. If it expresses sexist or hateful content, output 1. If not, output 0."
15182.jpg,0,1,1,"Analyze the meme as a whole (image + text). If it contains misogynistic or sexist stereotypes, output 1. If it does not, output 0. Respond with only one character."
15182.jpg,0,0,0,"Using the combination of image and text, decide if the meme promotes hate or discrimination. Reply ONLY with 1 or 0."
15182.jpg,0,1,1,"Classify this meme: 1 = hateful or offensive toward women, 0 = not hateful. Output only the digit."
15182.jpg,0,0,0,"When interpreting the meme’s image and text jointly, does it demean or stereotype women? Answer 1 if yes, 0 if no."
15281.jpg,1,1,1,"Considering the visual and textual content together, is this offensive or discriminatory? Answer 1 or 0."
15281.jpg,1,1,1,"Evaluate the meme’s image and caption together. If it expresses sexist or hateful content, output 1. If not, output 0."
15281.jpg,1,1,1,"Analyze the meme as a whole (image + text). If it contains misogynistic or sexist stereotypes, output 1. If it does not, output 0. Respond with only one character."
15281.jpg,1,1,1,"Using the combination of image and text, decide if the meme promotes hate or discrimination. Reply ONLY with 1 or 0."
15281.jpg,1,1,1,"Classify this meme: 1 = hateful or offensive toward women, 0 = not hateful. Output only the digit."
15281.jpg,1,0,0,"When interpreting the meme’s image and text jointly, does it demean or stereotype women? Answer 1 if yes, 0 if no."
16176.jpg,1,1,1,"Considering the visual and textual content together, is this offensive or discriminatory? Answer 1 or 0."
16176.jpg,1,1,1,"Evaluate the meme’s image and caption together. If it expresses sexist or hateful content, output 1. If not, output 0."
16176.jpg,1,1,1,"Analyze the meme as a whole (image + text). If it contains misogynistic or sexist stereotypes, output 1. If it does not, output 0. Respond with only one character."
16176.jpg,1,1,1,"Using the combination of image and text, decide if the meme promotes hate or discrimination. Reply ONLY with 1 or 0."
16176.jpg,1,1,1,"Classify this meme: 1 = hateful or offensive toward women, 0 = not hateful. Output only the digit."
16176.jpg,1,0,0,"When interpreting the meme’s image and text jointly, does it demean or stereotype women? Answer 1 if yes, 0 if no."
15851.jpg,1,1,1,"Considering the visual and textual content together, is this offensive or discriminatory? Answer 1 or 0."
15851.jpg,1,1,1,"Evaluate the meme’s image and caption together. If it expresses sexist or hateful content, output 1. If not, output 0."
15851.jpg,1,1,1,"Analyze the meme as a whole (image + text). If it contains misogynistic or sexist stereotypes, output 1. If it does not, output 0. Respond with only one character."
15851.jpg,1,1,1,"Using the combination of image and text, decide if the meme promotes hate or discrimination. Reply ONLY with 1 or 0."
15851.jpg,1,1,1,"Classify this meme: 1 = hateful or offensive toward women, 0 = not hateful. Output only the digit."
15851.jpg,1,1,Yes,"When interpreting the meme’s image and text jointly, does it demean or stereotype women? Answer 1 if yes, 0 if no."
16270.jpg,1,1,1,"Considering the visual and textual content together, is this offensive or discriminatory? Answer 1 or 0."
16270.jpg,1,1,1,"Evaluate the meme’s image and caption together. If it expresses sexist or hateful content, output 1. If not, output 0."
16270.jpg,1,1,1,"Analyze the meme as a whole (image + text). If it contains misogynistic or sexist stereotypes, output 1. If it does not, output 0. Respond with only one character."
16270.jpg,1,1,1,"Using the combination of image and text, decide if the meme promotes hate or discrimination. Reply ONLY with 1 or 0."
16270.jpg,1,1,1,"Classify this meme: 1 = hateful or offensive toward women, 0 = not hateful. Output only the digit."
16270.jpg,1,0,0,"When interpreting the meme’s image and text jointly, does it demean or stereotype women? Answer 1 if yes, 0 if no."
15100.jpg,0,0,0,"Considering the visual and textual content together, is this offensive or discriminatory? Answer 1 or 0."
15100.jpg,0,0,0,"Evaluate the meme’s image and caption together. If it expresses sexist or hateful content, output 1. If not, output 0."
15100.jpg,0,1,1,"Analyze the meme as a whole (image + text). If it contains misogynistic or sexist stereotypes, output 1. If it does not, output 0. Respond with only one character."
15100.jpg,0,0,0,"Using the combination of image and text, decide if the meme promotes hate or discrimination. Reply ONLY with 1 or 0."
15100.jpg,0,0,0,"Classify this meme: 1 = hateful or offensive toward women, 0 = not hateful. Output only the digit."
15100.jpg,0,0,0,"When interpreting the meme’s image and text jointly, does it demean or stereotype women? Answer 1 if yes, 0 if no."
16210.jpg,0,0,0,"Considering the visual and textual content together, is this offensive or discriminatory? Answer 1 or 0."
16210.jpg,0,1,1,"Evaluate the meme’s image and caption together. If it expresses sexist or hateful content, output 1. If not, output 0."
16210.jpg,0,1,1,"Analyze the meme as a whole (image + text). If it contains misogynistic or sexist stereotypes, output 1. If it does not, output 0. Respond with only one character."
16210.jpg,0,0,0,"Using the combination of image and text, decide if the meme promotes hate or discrimination. Reply ONLY with 1 or 0."
16210.jpg,0,1,1,"Classify this meme: 1 = hateful or offensive toward women, 0 = not hateful. Output only the digit."
16210.jpg,0,0,0,"When interpreting the meme’s image and text jointly, does it demean or stereotype women? Answer 1 if yes, 0 if no."
15999.jpg,0,0,0,"Considering the visual and textual content together, is this offensive or discriminatory? Answer 1 or 0."
15999.jpg,0,0,0,"Evaluate the meme’s image and caption together. If it expresses sexist or hateful content, output 1. If not, output 0."
15999.jpg,0,0,0,"Analyze the meme as a whole (image + text). If it contains misogynistic or sexist stereotypes, output 1. If it does not, output 0. Respond with only one character."
15999.jpg,0,0,0,"Using the combination of image and text, decide if the meme promotes hate or discrimination. Reply ONLY with 1 or 0."
15999.jpg,0,1,1,"Classify this meme: 1 = hateful or offensive toward women, 0 = not hateful. Output only the digit."
15999.jpg,0,0,0,"When interpreting the meme’s image and text jointly, does it demean or stereotype women? Answer 1 if yes, 0 if no."
16010.jpg,1,1,1,"Considering the visual and textual content together, is this offensive or discriminatory? Answer 1 or 0."
16010.jpg,1,1,1,"Evaluate the meme’s image and caption together. If it expresses sexist or hateful content, output 1. If not, output 0."
16010.jpg,1,1,1,"Analyze the meme as a whole (image + text). If it contains misogynistic or sexist stereotypes, output 1. If it does not, output 0. Respond with only one character."
16010.jpg,1,0,0,"Using the combination of image and text, decide if the meme promotes hate or discrimination. Reply ONLY with 1 or 0."
16010.jpg,1,1,1,"Classify this meme: 1 = hateful or offensive toward women, 0 = not hateful. Output only the digit."
16010.jpg,1,0,0,"When interpreting the meme’s image and text jointly, does it demean or stereotype women? Answer 1 if yes, 0 if no."
15977.jpg,0,0,0,"Considering the visual and textual content together, is this offensive or discriminatory? Answer 1 or 0."
15977.jpg,0,0,0,"Evaluate the meme’s image and caption together. If it expresses sexist or hateful content, output 1. If not, output 0."
15977.jpg,0,1,1,"Analyze the meme as a whole (image + text). If it contains misogynistic or sexist stereotypes, output 1. If it does not, output 0. Respond with only one character."
15977.jpg,0,0,0,"Using the combination of image and text, decide if the meme promotes hate or discrimination. Reply ONLY with 1 or 0."
15977.jpg,0,1,1,"Classify this meme: 1 = hateful or offensive toward women, 0 = not hateful. Output only the digit."
15977.jpg,0,0,0,"When interpreting the meme’s image and text jointly, does it demean or stereotype women? Answer 1 if yes, 0 if no."
16235.jpg,1,1,1,"Considering the visual and textual content together, is this offensive or discriminatory? Answer 1 or 0."
16235.jpg,1,1,1,"Evaluate the meme’s image and caption together. If it expresses sexist or hateful content, output 1. If not, output 0."
16235.jpg,1,1,1,"Analyze the meme as a whole (image + text). If it contains misogynistic or sexist stereotypes, output 1. If it does not, output 0. Respond with only one character."
16235.jpg,1,1,1,"Using the combination of image and text, decide if the meme promotes hate or discrimination. Reply ONLY with 1 or 0."
16235.jpg,1,1,1,"Classify this meme: 1 = hateful or offensive toward women, 0 = not hateful. Output only the digit."
16235.jpg,1,1,1,"When interpreting the meme’s image and text jointly, does it demean or stereotype women? Answer 1 if yes, 0 if no."
15354.jpg,0,0,0,"Considering the visual and textual content together, is this offensive or discriminatory? Answer 1 or 0."
15354.jpg,0,1,1.,"Evaluate the meme’s image and caption together. If it expresses sexist or hateful content, output 1. If not, output 0."
15354.jpg,0,1,1,"Analyze the meme as a whole (image + text). If it contains misogynistic or sexist stereotypes, output 1. If it does not, output 0. Respond with only one character."
15354.jpg,0,0,0,"Using the combination of image and text, decide if the meme promotes hate or discrimination. Reply ONLY with 1 or 0."
15354.jpg,0,1,1,"Classify this meme: 1 = hateful or offensive toward women, 0 = not hateful. Output only the digit."
15354.jpg,0,0,No,"When interpreting the meme’s image and text jointly, does it demean or stereotype women? Answer 1 if yes, 0 if no."
15615.jpg,0,1,1,"Considering the visual and textual content together, is this offensive or discriminatory? Answer 1 or 0."
15615.jpg,0,1,1,"Evaluate the meme’s image and caption together. If it expresses sexist or hateful content, output 1. If not, output 0."
15615.jpg,0,1,1,"Analyze the meme as a whole (image + text). If it contains misogynistic or sexist stereotypes, output 1. If it does not, output 0. Respond with only one character."
15615.jpg,0,1,1,"Using the combination of image and text, decide if the meme promotes hate or discrimination. Reply ONLY with 1 or 0."
15615.jpg,0,1,1,"Classify this meme: 1 = hateful or offensive toward women, 0 = not hateful. Output only the digit."
15615.jpg,0,0,0,"When interpreting the meme’s image and text jointly, does it demean or stereotype women? Answer 1 if yes, 0 if no."
15509.jpg,0,0,0,"Considering the visual and textual content together, is this offensive or discriminatory? Answer 1 or 0."
15509.jpg,0,0,0,"Evaluate the meme’s image and caption together. If it expresses sexist or hateful content, output 1. If not, output 0."
15509.jpg,0,0,0,"Analyze the meme as a whole (image + text). If it contains misogynistic or sexist stereotypes, output 1. If it does not, output 0. Respond with only one character."
15509.jpg,0,0,0,"Using the combination of image and text, decide if the meme promotes hate or discrimination. Reply ONLY with 1 or 0."
15509.jpg,0,0,0,"Classify this meme: 1 = hateful or offensive toward women, 0 = not hateful. Output only the digit."
15509.jpg,0,0,No,"When interpreting the meme’s image and text jointly, does it demean or stereotype women? Answer 1 if yes, 0 if no."
16036.jpg,0,0,0,"Considering the visual and textual content together, is this offensive or discriminatory? Answer 1 or 0."
16036.jpg,0,0,0,"Evaluate the meme’s image and caption together. If it expresses sexist or hateful content, output 1. If not, output 0."
16036.jpg,0,0,0,"Analyze the meme as a whole (image + text). If it contains misogynistic or sexist stereotypes, output 1. If it does not, output 0. Respond with only one character."
16036.jpg,0,0,0,"Using the combination of image and text, decide if the meme promotes hate or discrimination. Reply ONLY with 1 or 0."
16036.jpg,0,1,1,"Classify this meme: 1 = hateful or offensive toward women, 0 = not hateful. Output only the digit."
16036.jpg,0,0,0,"When interpreting the meme’s image and text jointly, does it demean or stereotype women? Answer 1 if yes, 0 if no."
16218.jpg,1,1,1,"Considering the visual and textual content together, is this offensive or discriminatory? Answer 1 or 0."
16218.jpg,1,1,1,"Evaluate the meme’s image and caption together. If it expresses sexist or hateful content, output 1. If not, output 0."
16218.jpg,1,1,1,"Analyze the meme as a whole (image + text). If it contains misogynistic or sexist stereotypes, output 1. If it does not, output 0. Respond with only one character."
16218.jpg,1,1,1,"Using the combination of image and text, decide if the meme promotes hate or discrimination. Reply ONLY with 1 or 0."
16218.jpg,1,1,1,"Classify this meme: 1 = hateful or offensive toward women, 0 = not hateful. Output only the digit."
16218.jpg,1,0,0,"When interpreting the meme’s image and text jointly, does it demean or stereotype women? Answer 1 if yes, 0 if no."
15169.jpg,0,1,1,"Considering the visual and textual content together, is this offensive or discriminatory? Answer 1 or 0."
15169.jpg,0,0,0,"Evaluate the meme’s image and caption together. If it expresses sexist or hateful content, output 1. If not, output 0."
15169.jpg,0,1,1,"Analyze the meme as a whole (image + text). If it contains misogynistic or sexist stereotypes, output 1. If it does not, output 0. Respond with only one character."
15169.jpg,0,0,0,"Using the combination of image and text, decide if the meme promotes hate or discrimination. Reply ONLY with 1 or 0."
15169.jpg,0,1,1,"Classify this meme: 1 = hateful or offensive toward women, 0 = not hateful. Output only the digit."
15169.jpg,0,0,No,"When interpreting the meme’s image and text jointly, does it demean or stereotype women? Answer 1 if yes, 0 if no."
16067.jpg,1,0,0,"Considering the visual and textual content together, is this offensive or discriminatory? Answer 1 or 0."
16067.jpg,1,1,1,"Evaluate the meme’s image and caption together. If it expresses sexist or hateful content, output 1. If not, output 0."
16067.jpg,1,1,1,"Analyze the meme as a whole (image + text). If it contains misogynistic or sexist stereotypes, output 1. If it does not, output 0. Respond with only one character."
16067.jpg,1,1,1,"Using the combination of image and text, decide if the meme promotes hate or discrimination. Reply ONLY with 1 or 0."
16067.jpg,1,1,1,"Classify this meme: 1 = hateful or offensive toward women, 0 = not hateful. Output only the digit."
16067.jpg,1,0,0,"When interpreting the meme’s image and text jointly, does it demean or stereotype women? Answer 1 if yes, 0 if no."
15523.jpg,0,0,0,"Considering the visual and textual content together, is this offensive or discriminatory? Answer 1 or 0."
15523.jpg,0,0,0,"Evaluate the meme’s image and caption together. If it expresses sexist or hateful content, output 1. If not, output 0."
15523.jpg,0,1,1,"Analyze the meme as a whole (image + text). If it contains misogynistic or sexist stereotypes, output 1. If it does not, output 0. Respond with only one character."
15523.jpg,0,1,1,"Using the combination of image and text, decide if the meme promotes hate or discrimination. Reply ONLY with 1 or 0."
15523.jpg,0,1,1,"Classify this meme: 1 = hateful or offensive toward women, 0 = not hateful. Output only the digit."
15523.jpg,0,0,0,"When interpreting the meme’s image and text jointly, does it demean or stereotype women? Answer 1 if yes, 0 if no."
15193.jpg,0,1,1,"Considering the visual and textual content together, is this offensive or discriminatory? Answer 1 or 0."
15193.jpg,0,1,1,"Evaluate the meme’s image and caption together. If it expresses sexist or hateful content, output 1. If not, output 0."
15193.jpg,0,1,1,"Analyze the meme as a whole (image + text). If it contains misogynistic or sexist stereotypes, output 1. If it does not, output 0. Respond with only one character."
15193.jpg,0,0,0,"Using the combination of image and text, decide if the meme promotes hate or discrimination. Reply ONLY with 1 or 0."
15193.jpg,0,1,1,"Classify this meme: 1 = hateful or offensive toward women, 0 = not hateful. Output only the digit."
15193.jpg,0,0,No,"When interpreting the meme’s image and text jointly, does it demean or stereotype women? Answer 1 if yes, 0 if no."
15938.jpg,1,0,0,"Considering the visual and textual content together, is this offensive or discriminatory? Answer 1 or 0."
15938.jpg,1,1,1,"Evaluate the meme’s image and caption together. If it expresses sexist or hateful content, output 1. If not, output 0."
15938.jpg,1,1,1,"Analyze the meme as a whole (image + text). If it contains misogynistic or sexist stereotypes, output 1. If it does not, output 0. Respond with only one character."
15938.jpg,1,0,0,"Using the combination of image and text, decide if the meme promotes hate or discrimination. Reply ONLY with 1 or 0."
15938.jpg,1,1,1,"Classify this meme: 1 = hateful or offensive toward women, 0 = not hateful. Output only the digit."
15938.jpg,1,0,No,"When interpreting the meme’s image and text jointly, does it demean or stereotype women? Answer 1 if yes, 0 if no."
15022.jpg,0,0,0,"Considering the visual and textual content together, is this offensive or discriminatory? Answer 1 or 0."
15022.jpg,0,0,0,"Evaluate the meme’s image and caption together. If it expresses sexist or hateful content, output 1. If not, output 0."
15022.jpg,0,0,0,"Analyze the meme as a whole (image + text). If it contains misogynistic or sexist stereotypes, output 1. If it does not, output 0. Respond with only one character."
15022.jpg,0,0,0,"Using the combination of image and text, decide if the meme promotes hate or discrimination. Reply ONLY with 1 or 0."
15022.jpg,0,1,1,"Classify this meme: 1 = hateful or offensive toward women, 0 = not hateful. Output only the digit."
15022.jpg,0,0,0,"When interpreting the meme’s image and text jointly, does it demean or stereotype women? Answer 1 if yes, 0 if no."
15667.jpg,1,0,0,"Considering the visual and textual content together, is this offensive or discriminatory? Answer 1 or 0."
15667.jpg,1,1,1,"Evaluate the meme’s image and caption together. If it expresses sexist or hateful content, output 1. If not, output 0."
15667.jpg,1,1,1,"Analyze the meme as a whole (image + text). If it contains misogynistic or sexist stereotypes, output 1. If it does not, output 0. Respond with only one character."
15667.jpg,1,1,1,"Using the combination of image and text, decide if the meme promotes hate or discrimination. Reply ONLY with 1 or 0."
15667.jpg,1,1,1,"Classify this meme: 1 = hateful or offensive toward women, 0 = not hateful. Output only the digit."
15667.jpg,1,0,0,"When interpreting the meme’s image and text jointly, does it demean or stereotype women? Answer 1 if yes, 0 if no."
16310.jpg,0,1,1,"Considering the visual and textual content together, is this offensive or discriminatory? Answer 1 or 0."
16310.jpg,0,1,1,"Evaluate the meme’s image and caption together. If it expresses sexist or hateful content, output 1. If not, output 0."
16310.jpg,0,1,1,"Analyze the meme as a whole (image + text). If it contains misogynistic or sexist stereotypes, output 1. If it does not, output 0. Respond with only one character."
16310.jpg,0,1,1,"Using the combination of image and text, decide if the meme promotes hate or discrimination. Reply ONLY with 1 or 0."
16310.jpg,0,1,1,"Classify this meme: 1 = hateful or offensive toward women, 0 = not hateful. Output only the digit."
16310.jpg,0,0,0,"When interpreting the meme’s image and text jointly, does it demean or stereotype women? Answer 1 if yes, 0 if no."
15568.jpg,1,1,1,"Considering the visual and textual content together, is this offensive or discriminatory? Answer 1 or 0."
15568.jpg,1,1,1,"Evaluate the meme’s image and caption together. If it expresses sexist or hateful content, output 1. If not, output 0."
15568.jpg,1,1,1,"Analyze the meme as a whole (image + text). If it contains misogynistic or sexist stereotypes, output 1. If it does not, output 0. Respond with only one character."
15568.jpg,1,0,0,"Using the combination of image and text, decide if the meme promotes hate or discrimination. Reply ONLY with 1 or 0."
15568.jpg,1,1,1,"Classify this meme: 1 = hateful or offensive toward women, 0 = not hateful. Output only the digit."
15568.jpg,1,0,0,"When interpreting the meme’s image and text jointly, does it demean or stereotype women? Answer 1 if yes, 0 if no."
15609.jpg,0,0,0,"Considering the visual and textual content together, is this offensive or discriminatory? Answer 1 or 0."
15609.jpg,0,1,1,"Evaluate the meme’s image and caption together. If it expresses sexist or hateful content, output 1. If not, output 0."
15609.jpg,0,1,1,"Analyze the meme as a whole (image + text). If it contains misogynistic or sexist stereotypes, output 1. If it does not, output 0. Respond with only one character."
15609.jpg,0,0,0,"Using the combination of image and text, decide if the meme promotes hate or discrimination. Reply ONLY with 1 or 0."
15609.jpg,0,1,1,"Classify this meme: 1 = hateful or offensive toward women, 0 = not hateful. Output only the digit."
15609.jpg,0,0,0,"When interpreting the meme’s image and text jointly, does it demean or stereotype women? Answer 1 if yes, 0 if no."
15811.jpg,1,1,1,"Considering the visual and textual content together, is this offensive or discriminatory? Answer 1 or 0."
15811.jpg,1,1,1,"Evaluate the meme’s image and caption together. If it expresses sexist or hateful content, output 1. If not, output 0."
15811.jpg,1,1,1,"Analyze the meme as a whole (image + text). If it contains misogynistic or sexist stereotypes, output 1. If it does not, output 0. Respond with only one character."
15811.jpg,1,0,0,"Using the combination of image and text, decide if the meme promotes hate or discrimination. Reply ONLY with 1 or 0."
15811.jpg,1,1,1,"Classify this meme: 1 = hateful or offensive toward women, 0 = not hateful. Output only the digit."
15811.jpg,1,0,0,"When interpreting the meme’s image and text jointly, does it demean or stereotype women? Answer 1 if yes, 0 if no."
16285.jpg,0,0,0,"Considering the visual and textual content together, is this offensive or discriminatory? Answer 1 or 0."
16285.jpg,0,0,0,"Evaluate the meme’s image and caption together. If it expresses sexist or hateful content, output 1. If not, output 0."
16285.jpg,0,0,0,"Analyze the meme as a whole (image + text). If it contains misogynistic or sexist stereotypes, output 1. If it does not, output 0. Respond with only one character."
16285.jpg,0,0,0,"Using the combination of image and text, decide if the meme promotes hate or discrimination. Reply ONLY with 1 or 0."
16285.jpg,0,1,1,"Classify this meme: 1 = hateful or offensive toward women, 0 = not hateful. Output only the digit."
16285.jpg,0,0,0,"When interpreting the meme’s image and text jointly, does it demean or stereotype women? Answer 1 if yes, 0 if no."
15435.jpg,1,0,0,"Considering the visual and textual content together, is this offensive or discriminatory? Answer 1 or 0."
15435.jpg,1,0,0,"Evaluate the meme’s image and caption together. If it expresses sexist or hateful content, output 1. If not, output 0."
15435.jpg,1,1,1,"Analyze the meme as a whole (image + text). If it contains misogynistic or sexist stereotypes, output 1. If it does not, output 0. Respond with only one character."
15435.jpg,1,0,0,"Using the combination of image and text, decide if the meme promotes hate or discrimination. Reply ONLY with 1 or 0."
15435.jpg,1,1,1,"Classify this meme: 1 = hateful or offensive toward women, 0 = not hateful. Output only the digit."
15435.jpg,1,0,0,"When interpreting the meme’s image and text jointly, does it demean or stereotype women? Answer 1 if yes, 0 if no."
16014.jpg,0,0,0,"Considering the visual and textual content together, is this offensive or discriminatory? Answer 1 or 0."
16014.jpg,0,0,0,"Evaluate the meme’s image and caption together. If it expresses sexist or hateful content, output 1. If not, output 0."
16014.jpg,0,0,0,"Analyze the meme as a whole (image + text). If it contains misogynistic or sexist stereotypes, output 1. If it does not, output 0. Respond with only one character."
16014.jpg,0,0,0,"Using the combination of image and text, decide if the meme promotes hate or discrimination. Reply ONLY with 1 or 0."
16014.jpg,0,0,0,"Classify this meme: 1 = hateful or offensive toward women, 0 = not hateful. Output only the digit."
16014.jpg,0,0,No,"When interpreting the meme’s image and text jointly, does it demean or stereotype women? Answer 1 if yes, 0 if no."
15276.jpg,0,1,1,"Considering the visual and textual content together, is this offensive or discriminatory? Answer 1 or 0."
15276.jpg,0,1,1,"Evaluate the meme’s image and caption together. If it expresses sexist or hateful content, output 1. If not, output 0."
15276.jpg,0,1,1,"Analyze the meme as a whole (image + text). If it contains misogynistic or sexist stereotypes, output 1. If it does not, output 0. Respond with only one character."
15276.jpg,0,0,0,"Using the combination of image and text, decide if the meme promotes hate or discrimination. Reply ONLY with 1 or 0."
15276.jpg,0,1,1,"Classify this meme: 1 = hateful or offensive toward women, 0 = not hateful. Output only the digit."
15276.jpg,0,0,0,"When interpreting the meme’s image and text jointly, does it demean or stereotype women? Answer 1 if yes, 0 if no."
16269.jpg,1,1,1,"Considering the visual and textual content together, is this offensive or discriminatory? Answer 1 or 0."
16269.jpg,1,1,1,"Evaluate the meme’s image and caption together. If it expresses sexist or hateful content, output 1. If not, output 0."
16269.jpg,1,1,1,"Analyze the meme as a whole (image + text). If it contains misogynistic or sexist stereotypes, output 1. If it does not, output 0. Respond with only one character."
16269.jpg,1,1,1,"Using the combination of image and text, decide if the meme promotes hate or discrimination. Reply ONLY with 1 or 0."
16269.jpg,1,1,1,"Classify this meme: 1 = hateful or offensive toward women, 0 = not hateful. Output only the digit."
16269.jpg,1,0,No,"When interpreting the meme’s image and text jointly, does it demean or stereotype women? Answer 1 if yes, 0 if no."
15456.jpg,0,1,1,"Considering the visual and textual content together, is this offensive or discriminatory? Answer 1 or 0."
15456.jpg,0,0,0,"Evaluate the meme’s image and caption together. If it expresses sexist or hateful content, output 1. If not, output 0."
15456.jpg,0,1,1,"Analyze the meme as a whole (image + text). If it contains misogynistic or sexist stereotypes, output 1. If it does not, output 0. Respond with only one character."
15456.jpg,0,0,0,"Using the combination of image and text, decide if the meme promotes hate or discrimination. Reply ONLY with 1 or 0."
15456.jpg,0,1,1,"Classify this meme: 1 = hateful or offensive toward women, 0 = not hateful. Output only the digit."
15456.jpg,0,0,0,"When interpreting the meme’s image and text jointly, does it demean or stereotype women? Answer 1 if yes, 0 if no."
15668.jpg,0,1,1,"Considering the visual and textual content together, is this offensive or discriminatory? Answer 1 or 0."
15668.jpg,0,1,1,"Evaluate the meme’s image and caption together. If it expresses sexist or hateful content, output 1. If not, output 0."
15668.jpg,0,1,1,"Analyze the meme as a whole (image + text). If it contains misogynistic or sexist stereotypes, output 1. If it does not, output 0. Respond with only one character."
15668.jpg,0,1,1,"Using the combination of image and text, decide if the meme promotes hate or discrimination. Reply ONLY with 1 or 0."
15668.jpg,0,1,1,"Classify this meme: 1 = hateful or offensive toward women, 0 = not hateful. Output only the digit."
15668.jpg,0,0,0,"When interpreting the meme’s image and text jointly, does it demean or stereotype women? Answer 1 if yes, 0 if no."
16273.jpg,0,1,1,"Considering the visual and textual content together, is this offensive or discriminatory? Answer 1 or 0."
16273.jpg,0,0,0,"Evaluate the meme’s image and caption together. If it expresses sexist or hateful content, output 1. If not, output 0."
16273.jpg,0,1,1,"Analyze the meme as a whole (image + text). If it contains misogynistic or sexist stereotypes, output 1. If it does not, output 0. Respond with only one character."
16273.jpg,0,0,0,"Using the combination of image and text, decide if the meme promotes hate or discrimination. Reply ONLY with 1 or 0."
16273.jpg,0,1,1,"Classify this meme: 1 = hateful or offensive toward women, 0 = not hateful. Output only the digit."
16273.jpg,0,0,0,"When interpreting the meme’s image and text jointly, does it demean or stereotype women? Answer 1 if yes, 0 if no."
15964.jpg,1,1,1,"Considering the visual and textual content together, is this offensive or discriminatory? Answer 1 or 0."
15964.jpg,1,1,1,"Evaluate the meme’s image and caption together. If it expresses sexist or hateful content, output 1. If not, output 0."
15964.jpg,1,1,1,"Analyze the meme as a whole (image + text). If it contains misogynistic or sexist stereotypes, output 1. If it does not, output 0. Respond with only one character."
15964.jpg,1,1,1,"Using the combination of image and text, decide if the meme promotes hate or discrimination. Reply ONLY with 1 or 0."
15964.jpg,1,1,1,"Classify this meme: 1 = hateful or offensive toward women, 0 = not hateful. Output only the digit."
15964.jpg,1,0,No,"When interpreting the meme’s image and text jointly, does it demean or stereotype women? Answer 1 if yes, 0 if no."
15607.jpg,0,1,1,"Considering the visual and textual content together, is this offensive or discriminatory? Answer 1 or 0."
15607.jpg,0,1,1.,"Evaluate the meme’s image and caption together. If it expresses sexist or hateful content, output 1. If not, output 0."
15607.jpg,0,1,1,"Analyze the meme as a whole (image + text). If it contains misogynistic or sexist stereotypes, output 1. If it does not, output 0. Respond with only one character."
15607.jpg,0,1,1,"Using the combination of image and text, decide if the meme promotes hate or discrimination. Reply ONLY with 1 or 0."
15607.jpg,0,1,1,"Classify this meme: 1 = hateful or offensive toward women, 0 = not hateful. Output only the digit."
15607.jpg,0,0,0,"When interpreting the meme’s image and text jointly, does it demean or stereotype women? Answer 1 if yes, 0 if no."
16306.jpg,0,0,0,"Considering the visual and textual content together, is this offensive or discriminatory? Answer 1 or 0."
16306.jpg,0,0,0,"Evaluate the meme’s image and caption together. If it expresses sexist or hateful content, output 1. If not, output 0."
16306.jpg,0,1,1,"Analyze the meme as a whole (image + text). If it contains misogynistic or sexist stereotypes, output 1. If it does not, output 0. Respond with only one character."
16306.jpg,0,0,0,"Using the combination of image and text, decide if the meme promotes hate or discrimination. Reply ONLY with 1 or 0."
16306.jpg,0,1,1,"Classify this meme: 1 = hateful or offensive toward women, 0 = not hateful. Output only the digit."
16306.jpg,0,0,0,"When interpreting the meme’s image and text jointly, does it demean or stereotype women? Answer 1 if yes, 0 if no."
15725.jpg,0,1,1,"Considering the visual and textual content together, is this offensive or discriminatory? Answer 1 or 0."
15725.jpg,0,1,1,"Evaluate the meme’s image and caption together. If it expresses sexist or hateful content, output 1. If not, output 0."
15725.jpg,0,1,1,"Analyze the meme as a whole (image + text). If it contains misogynistic or sexist stereotypes, output 1. If it does not, output 0. Respond with only one character."
15725.jpg,0,0,0,"Using the combination of image and text, decide if the meme promotes hate or discrimination. Reply ONLY with 1 or 0."
15725.jpg,0,1,1,"Classify this meme: 1 = hateful or offensive toward women, 0 = not hateful. Output only the digit."
15725.jpg,0,0,No,"When interpreting the meme’s image and text jointly, does it demean or stereotype women? Answer 1 if yes, 0 if no."
15122.jpg,1,1,1,"Considering the visual and textual content together, is this offensive or discriminatory? Answer 1 or 0."
15122.jpg,1,1,1,"Evaluate the meme’s image and caption together. If it expresses sexist or hateful content, output 1. If not, output 0."
15122.jpg,1,1,1,"Analyze the meme as a whole (image + text). If it contains misogynistic or sexist stereotypes, output 1. If it does not, output 0. Respond with only one character."
15122.jpg,1,0,0,"Using the combination of image and text, decide if the meme promotes hate or discrimination. Reply ONLY with 1 or 0."
15122.jpg,1,1,1,"Classify this meme: 1 = hateful or offensive toward women, 0 = not hateful. Output only the digit."
15122.jpg,1,0,No,"When interpreting the meme’s image and text jointly, does it demean or stereotype women? Answer 1 if yes, 0 if no."
16142.jpg,0,0,0,"Considering the visual and textual content together, is this offensive or discriminatory? Answer 1 or 0."
16142.jpg,0,0,0,"Evaluate the meme’s image and caption together. If it expresses sexist or hateful content, output 1. If not, output 0."
16142.jpg,0,1,1,"Analyze the meme as a whole (image + text). If it contains misogynistic or sexist stereotypes, output 1. If it does not, output 0. Respond with only one character."
16142.jpg,0,0,0,"Using the combination of image and text, decide if the meme promotes hate or discrimination. Reply ONLY with 1 or 0."
16142.jpg,0,1,1,"Classify this meme: 1 = hateful or offensive toward women, 0 = not hateful. Output only the digit."
16142.jpg,0,0,No,"When interpreting the meme’s image and text jointly, does it demean or stereotype women? Answer 1 if yes, 0 if no."
15475.jpg,1,0,0,"Considering the visual and textual content together, is this offensive or discriminatory? Answer 1 or 0."
15475.jpg,1,1,1,"Evaluate the meme’s image and caption together. If it expresses sexist or hateful content, output 1. If not, output 0."
15475.jpg,1,1,1,"Analyze the meme as a whole (image + text). If it contains misogynistic or sexist stereotypes, output 1. If it does not, output 0. Respond with only one character."
15475.jpg,1,1,1,"Using the combination of image and text, decide if the meme promotes hate or discrimination. Reply ONLY with 1 or 0."
15475.jpg,1,1,1,"Classify this meme: 1 = hateful or offensive toward women, 0 = not hateful. Output only the digit."
15475.jpg,1,0,0,"When interpreting the meme’s image and text jointly, does it demean or stereotype women? Answer 1 if yes, 0 if no."
15437.jpg,1,0,0,"Considering the visual and textual content together, is this offensive or discriminatory? Answer 1 or 0."
15437.jpg,1,0,0,"Evaluate the meme’s image and caption together. If it expresses sexist or hateful content, output 1. If not, output 0."
15437.jpg,1,1,1,"Analyze the meme as a whole (image + text). If it contains misogynistic or sexist stereotypes, output 1. If it does not, output 0. Respond with only one character."
15437.jpg,1,0,0,"Using the combination of image and text, decide if the meme promotes hate or discrimination. Reply ONLY with 1 or 0."
15437.jpg,1,1,1,"Classify this meme: 1 = hateful or offensive toward women, 0 = not hateful. Output only the digit."
15437.jpg,1,0,No,"When interpreting the meme’s image and text jointly, does it demean or stereotype women? Answer 1 if yes, 0 if no."
15976.jpg,1,1,1,"Considering the visual and textual content together, is this offensive or discriminatory? Answer 1 or 0."
15976.jpg,1,1,1,"Evaluate the meme’s image and caption together. If it expresses sexist or hateful content, output 1. If not, output 0."
15976.jpg,1,1,1,"Analyze the meme as a whole (image + text). If it contains misogynistic or sexist stereotypes, output 1. If it does not, output 0. Respond with only one character."
15976.jpg,1,1,1,"Using the combination of image and text, decide if the meme promotes hate or discrimination. Reply ONLY with 1 or 0."
15976.jpg,1,1,1,"Classify this meme: 1 = hateful or offensive toward women, 0 = not hateful. Output only the digit."
15976.jpg,1,0,0,"When interpreting the meme’s image and text jointly, does it demean or stereotype women? Answer 1 if yes, 0 if no."
15073.jpg,1,1,1,"Considering the visual and textual content together, is this offensive or discriminatory? Answer 1 or 0."
15073.jpg,1,1,1,"Evaluate the meme’s image and caption together. If it expresses sexist or hateful content, output 1. If not, output 0."
15073.jpg,1,1,1,"Analyze the meme as a whole (image + text). If it contains misogynistic or sexist stereotypes, output 1. If it does not, output 0. Respond with only one character."
15073.jpg,1,0,0,"Using the combination of image and text, decide if the meme promotes hate or discrimination. Reply ONLY with 1 or 0."
15073.jpg,1,1,1,"Classify this meme: 1 = hateful or offensive toward women, 0 = not hateful. Output only the digit."
15073.jpg,1,0,0,"When interpreting the meme’s image and text jointly, does it demean or stereotype women? Answer 1 if yes, 0 if no."
15865.jpg,1,0,0,"Considering the visual and textual content together, is this offensive or discriminatory? Answer 1 or 0."
15865.jpg,1,1,"1. The meme features an image of Jackie Chan with the caption ""Women's Logic,"" which implies that women's thinking is illogical or difficult to understand. This can be considered as a sexist and harmful message.","Evaluate the meme’s image and caption together. If it expresses sexist or hateful content, output 1. If not, output 0."
15865.jpg,1,1,1,"Analyze the meme as a whole (image + text). If it contains misogynistic or sexist stereotypes, output 1. If it does not, output 0. Respond with only one character."
15865.jpg,1,0,0,"Using the combination of image and text, decide if the meme promotes hate or discrimination. Reply ONLY with 1 or 0."
15865.jpg,1,1,1,"Classify this meme: 1 = hateful or offensive toward women, 0 = not hateful. Output only the digit."
15865.jpg,1,0,0,"When interpreting the meme’s image and text jointly, does it demean or stereotype women? Answer 1 if yes, 0 if no."
15011.jpg,0,1,1,"Considering the visual and textual content together, is this offensive or discriminatory? Answer 1 or 0."
15011.jpg,0,0,0,"Evaluate the meme’s image and caption together. If it expresses sexist or hateful content, output 1. If not, output 0."
15011.jpg,0,1,1,"Analyze the meme as a whole (image + text). If it contains misogynistic or sexist stereotypes, output 1. If it does not, output 0. Respond with only one character."
15011.jpg,0,1,1,"Using the combination of image and text, decide if the meme promotes hate or discrimination. Reply ONLY with 1 or 0."
15011.jpg,0,1,1,"Classify this meme: 1 = hateful or offensive toward women, 0 = not hateful. Output only the digit."
15011.jpg,0,0,0,"When interpreting the meme’s image and text jointly, does it demean or stereotype women? Answer 1 if yes, 0 if no."
15590.jpg,0,1,1,"Considering the visual and textual content together, is this offensive or discriminatory? Answer 1 or 0."
15590.jpg,0,1,1,"Evaluate the meme’s image and caption together. If it expresses sexist or hateful content, output 1. If not, output 0."
15590.jpg,0,1,1,"Analyze the meme as a whole (image + text). If it contains misogynistic or sexist stereotypes, output 1. If it does not, output 0. Respond with only one character."
15590.jpg,0,0,0,"Using the combination of image and text, decide if the meme promotes hate or discrimination. Reply ONLY with 1 or 0."
15590.jpg,0,1,1,"Classify this meme: 1 = hateful or offensive toward women, 0 = not hateful. Output only the digit."
15590.jpg,0,0,0,"When interpreting the meme’s image and text jointly, does it demean or stereotype women? Answer 1 if yes, 0 if no."
15231.jpg,1,1,1,"Considering the visual and textual content together, is this offensive or discriminatory? Answer 1 or 0."
15231.jpg,1,1,1,"Evaluate the meme’s image and caption together. If it expresses sexist or hateful content, output 1. If not, output 0."
15231.jpg,1,1,1,"Analyze the meme as a whole (image + text). If it contains misogynistic or sexist stereotypes, output 1. If it does not, output 0. Respond with only one character."
15231.jpg,1,1,1,"Using the combination of image and text, decide if the meme promotes hate or discrimination. Reply ONLY with 1 or 0."
15231.jpg,1,1,1,"Classify this meme: 1 = hateful or offensive toward women, 0 = not hateful. Output only the digit."
15231.jpg,1,0,No,"When interpreting the meme’s image and text jointly, does it demean or stereotype women? Answer 1 if yes, 0 if no."
16177.jpg,1,1,1,"Considering the visual and textual content together, is this offensive or discriminatory? Answer 1 or 0."
16177.jpg,1,1,1,"Evaluate the meme’s image and caption together. If it expresses sexist or hateful content, output 1. If not, output 0."
16177.jpg,1,1,1,"Analyze the meme as a whole (image + text). If it contains misogynistic or sexist stereotypes, output 1. If it does not, output 0. Respond with only one character."
16177.jpg,1,0,0,"Using the combination of image and text, decide if the meme promotes hate or discrimination. Reply ONLY with 1 or 0."
16177.jpg,1,1,1,"Classify this meme: 1 = hateful or offensive toward women, 0 = not hateful. Output only the digit."
16177.jpg,1,0,0,"When interpreting the meme’s image and text jointly, does it demean or stereotype women? Answer 1 if yes, 0 if no."
15960.jpg,1,0,0,"Considering the visual and textual content together, is this offensive or discriminatory? Answer 1 or 0."
15960.jpg,1,0,0,"Evaluate the meme’s image and caption together. If it expresses sexist or hateful content, output 1. If not, output 0."
15960.jpg,1,1,1,"Analyze the meme as a whole (image + text). If it contains misogynistic or sexist stereotypes, output 1. If it does not, output 0. Respond with only one character."
15960.jpg,1,0,0,"Using the combination of image and text, decide if the meme promotes hate or discrimination. Reply ONLY with 1 or 0."
15960.jpg,1,1,1,"Classify this meme: 1 = hateful or offensive toward women, 0 = not hateful. Output only the digit."
15960.jpg,1,0,No,"When interpreting the meme’s image and text jointly, does it demean or stereotype women? Answer 1 if yes, 0 if no."
15466.jpg,0,1,1,"Considering the visual and textual content together, is this offensive or discriminatory? Answer 1 or 0."
15466.jpg,0,1,1,"Evaluate the meme’s image and caption together. If it expresses sexist or hateful content, output 1. If not, output 0."
15466.jpg,0,1,1,"Analyze the meme as a whole (image + text). If it contains misogynistic or sexist stereotypes, output 1. If it does not, output 0. Respond with only one character."
15466.jpg,0,1,1,"Using the combination of image and text, decide if the meme promotes hate or discrimination. Reply ONLY with 1 or 0."
15466.jpg,0,1,1,"Classify this meme: 1 = hateful or offensive toward women, 0 = not hateful. Output only the digit."
15466.jpg,0,0,0,"When interpreting the meme’s image and text jointly, does it demean or stereotype women? Answer 1 if yes, 0 if no."
15026.jpg,0,0,0,"Considering the visual and textual content together, is this offensive or discriminatory? Answer 1 or 0."
15026.jpg,0,0,0,"Evaluate the meme’s image and caption together. If it expresses sexist or hateful content, output 1. If not, output 0."
15026.jpg,0,1,1,"Analyze the meme as a whole (image + text). If it contains misogynistic or sexist stereotypes, output 1. If it does not, output 0. Respond with only one character."
15026.jpg,0,0,0,"Using the combination of image and text, decide if the meme promotes hate or discrimination. Reply ONLY with 1 or 0."
15026.jpg,0,0,0,"Classify this meme: 1 = hateful or offensive toward women, 0 = not hateful. Output only the digit."
15026.jpg,0,0,No.,"When interpreting the meme’s image and text jointly, does it demean or stereotype women? Answer 1 if yes, 0 if no."
15556.jpg,0,0,0,"Considering the visual and textual content together, is this offensive or discriminatory? Answer 1 or 0."
15556.jpg,0,0,0,"Evaluate the meme’s image and caption together. If it expresses sexist or hateful content, output 1. If not, output 0."
15556.jpg,0,0,0,"Analyze the meme as a whole (image + text). If it contains misogynistic or sexist stereotypes, output 1. If it does not, output 0. Respond with only one character."
15556.jpg,0,0,0,"Using the combination of image and text, decide if the meme promotes hate or discrimination. Reply ONLY with 1 or 0."
15556.jpg,0,0,0,"Classify this meme: 1 = hateful or offensive toward women, 0 = not hateful. Output only the digit."
15556.jpg,0,0,No,"When interpreting the meme’s image and text jointly, does it demean or stereotype women? Answer 1 if yes, 0 if no."
16099.jpg,0,0,0,"Considering the visual and textual content together, is this offensive or discriminatory? Answer 1 or 0."
16099.jpg,0,0,0,"Evaluate the meme’s image and caption together. If it expresses sexist or hateful content, output 1. If not, output 0."
16099.jpg,0,0,0,"Analyze the meme as a whole (image + text). If it contains misogynistic or sexist stereotypes, output 1. If it does not, output 0. Respond with only one character."
16099.jpg,0,0,0,"Using the combination of image and text, decide if the meme promotes hate or discrimination. Reply ONLY with 1 or 0."
16099.jpg,0,0,0,"Classify this meme: 1 = hateful or offensive toward women, 0 = not hateful. Output only the digit."
16099.jpg,0,0,No.,"When interpreting the meme’s image and text jointly, does it demean or stereotype women? Answer 1 if yes, 0 if no."
15223.jpg,0,0,0,"Considering the visual and textual content together, is this offensive or discriminatory? Answer 1 or 0."
15223.jpg,0,0,0,"Evaluate the meme’s image and caption together. If it expresses sexist or hateful content, output 1. If not, output 0."
15223.jpg,0,0,0,"Analyze the meme as a whole (image + text). If it contains misogynistic or sexist stereotypes, output 1. If it does not, output 0. Respond with only one character."
15223.jpg,0,0,0,"Using the combination of image and text, decide if the meme promotes hate or discrimination. Reply ONLY with 1 or 0."
15223.jpg,0,0,0,"Classify this meme: 1 = hateful or offensive toward women, 0 = not hateful. Output only the digit."
15223.jpg,0,0,No,"When interpreting the meme’s image and text jointly, does it demean or stereotype women? Answer 1 if yes, 0 if no."
15112.jpg,1,1,1,"Considering the visual and textual content together, is this offensive or discriminatory? Answer 1 or 0."
15112.jpg,1,1,1,"Evaluate the meme’s image and caption together. If it expresses sexist or hateful content, output 1. If not, output 0."
15112.jpg,1,1,1,"Analyze the meme as a whole (image + text). If it contains misogynistic or sexist stereotypes, output 1. If it does not, output 0. Respond with only one character."
15112.jpg,1,1,1,"Using the combination of image and text, decide if the meme promotes hate or discrimination. Reply ONLY with 1 or 0."
15112.jpg,1,1,1,"Classify this meme: 1 = hateful or offensive toward women, 0 = not hateful. Output only the digit."
15112.jpg,1,0,No,"When interpreting the meme’s image and text jointly, does it demean or stereotype women? Answer 1 if yes, 0 if no."
15909.jpg,1,0,0,"Considering the visual and textual content together, is this offensive or discriminatory? Answer 1 or 0."
15909.jpg,1,0,0,"Evaluate the meme’s image and caption together. If it expresses sexist or hateful content, output 1. If not, output 0."
15909.jpg,1,0,0,"Analyze the meme as a whole (image + text). If it contains misogynistic or sexist stereotypes, output 1. If it does not, output 0. Respond with only one character."
15909.jpg,1,0,0,"Using the combination of image and text, decide if the meme promotes hate or discrimination. Reply ONLY with 1 or 0."
15909.jpg,1,0,0,"Classify this meme: 1 = hateful or offensive toward women, 0 = not hateful. Output only the digit."
15909.jpg,1,0,0,"When interpreting the meme’s image and text jointly, does it demean or stereotype women? Answer 1 if yes, 0 if no."
15190.jpg,1,1,1,"Considering the visual and textual content together, is this offensive or discriminatory? Answer 1 or 0."
15190.jpg,1,1,1,"Evaluate the meme’s image and caption together. If it expresses sexist or hateful content, output 1. If not, output 0."
15190.jpg,1,1,1,"Analyze the meme as a whole (image + text). If it contains misogynistic or sexist stereotypes, output 1. If it does not, output 0. Respond with only one character."
15190.jpg,1,1,1,"Using the combination of image and text, decide if the meme promotes hate or discrimination. Reply ONLY with 1 or 0."
15190.jpg,1,1,1,"Classify this meme: 1 = hateful or offensive toward women, 0 = not hateful. Output only the digit."
15190.jpg,1,0,0,"When interpreting the meme’s image and text jointly, does it demean or stereotype women? Answer 1 if yes, 0 if no."
16146.jpg,0,0,0,"Considering the visual and textual content together, is this offensive or discriminatory? Answer 1 or 0."
16146.jpg,0,0,0,"Evaluate the meme’s image and caption together. If it expresses sexist or hateful content, output 1. If not, output 0."
16146.jpg,0,0,0,"Analyze the meme as a whole (image + text). If it contains misogynistic or sexist stereotypes, output 1. If it does not, output 0. Respond with only one character."
16146.jpg,0,0,0,"Using the combination of image and text, decide if the meme promotes hate or discrimination. Reply ONLY with 1 or 0."
16146.jpg,0,1,1,"Classify this meme: 1 = hateful or offensive toward women, 0 = not hateful. Output only the digit."
16146.jpg,0,0,0,"When interpreting the meme’s image and text jointly, does it demean or stereotype women? Answer 1 if yes, 0 if no."
15984.jpg,1,1,1,"Considering the visual and textual content together, is this offensive or discriminatory? Answer 1 or 0."
15984.jpg,1,1,1,"Evaluate the meme’s image and caption together. If it expresses sexist or hateful content, output 1. If not, output 0."
15984.jpg,1,1,1,"Analyze the meme as a whole (image + text). If it contains misogynistic or sexist stereotypes, output 1. If it does not, output 0. Respond with only one character."
15984.jpg,1,0,0,"Using the combination of image and text, decide if the meme promotes hate or discrimination. Reply ONLY with 1 or 0."
15984.jpg,1,1,1,"Classify this meme: 1 = hateful or offensive toward women, 0 = not hateful. Output only the digit."
15984.jpg,1,0,No,"When interpreting the meme’s image and text jointly, does it demean or stereotype women? Answer 1 if yes, 0 if no."
16079.jpg,1,1,1,"Considering the visual and textual content together, is this offensive or discriminatory? Answer 1 or 0."
16079.jpg,1,1,1,"Evaluate the meme’s image and caption together. If it expresses sexist or hateful content, output 1. If not, output 0."
16079.jpg,1,1,1,"Analyze the meme as a whole (image + text). If it contains misogynistic or sexist stereotypes, output 1. If it does not, output 0. Respond with only one character."
16079.jpg,1,0,0,"Using the combination of image and text, decide if the meme promotes hate or discrimination. Reply ONLY with 1 or 0."
16079.jpg,1,1,1,"Classify this meme: 1 = hateful or offensive toward women, 0 = not hateful. Output only the digit."
16079.jpg,1,0,0,"When interpreting the meme’s image and text jointly, does it demean or stereotype women? Answer 1 if yes, 0 if no."
15994.jpg,1,1,1,"Considering the visual and textual content together, is this offensive or discriminatory? Answer 1 or 0."
15994.jpg,1,0,0,"Evaluate the meme’s image and caption together. If it expresses sexist or hateful content, output 1. If not, output 0."
15994.jpg,1,1,1,"Analyze the meme as a whole (image + text). If it contains misogynistic or sexist stereotypes, output 1. If it does not, output 0. Respond with only one character."
15994.jpg,1,1,1,"Using the combination of image and text, decide if the meme promotes hate or discrimination. Reply ONLY with 1 or 0."
15994.jpg,1,1,1,"Classify this meme: 1 = hateful or offensive toward women, 0 = not hateful. Output only the digit."
15994.jpg,1,0,0,"When interpreting the meme’s image and text jointly, does it demean or stereotype women? Answer 1 if yes, 0 if no."
16144.jpg,1,1,1,"Considering the visual and textual content together, is this offensive or discriminatory? Answer 1 or 0."
16144.jpg,1,1,1,"Evaluate the meme’s image and caption together. If it expresses sexist or hateful content, output 1. If not, output 0."
16144.jpg,1,1,1,"Analyze the meme as a whole (image + text). If it contains misogynistic or sexist stereotypes, output 1. If it does not, output 0. Respond with only one character."
16144.jpg,1,0,0,"Using the combination of image and text, decide if the meme promotes hate or discrimination. Reply ONLY with 1 or 0."
16144.jpg,1,1,1,"Classify this meme: 1 = hateful or offensive toward women, 0 = not hateful. Output only the digit."
16144.jpg,1,0,No,"When interpreting the meme’s image and text jointly, does it demean or stereotype women? Answer 1 if yes, 0 if no."
17046.jpg,1,1,1,"Considering the visual and textual content together, is this offensive or discriminatory? Answer 1 or 0."
17046.jpg,1,1,1,"Evaluate the meme’s image and caption together. If it expresses sexist or hateful content, output 1. If not, output 0."
17046.jpg,1,1,1,"Analyze the meme as a whole (image + text). If it contains misogynistic or sexist stereotypes, output 1. If it does not, output 0. Respond with only one character."
17046.jpg,1,1,1,"Using the combination of image and text, decide if the meme promotes hate or discrimination. Reply ONLY with 1 or 0."
17046.jpg,1,1,1,"Classify this meme: 1 = hateful or offensive toward women, 0 = not hateful. Output only the digit."
17046.jpg,1,0,0,"When interpreting the meme’s image and text jointly, does it demean or stereotype women? Answer 1 if yes, 0 if no."
15877.jpg,1,0,0,"Considering the visual and textual content together, is this offensive or discriminatory? Answer 1 or 0."
15877.jpg,1,0,0,"Evaluate the meme’s image and caption together. If it expresses sexist or hateful content, output 1. If not, output 0."
15877.jpg,1,1,1,"Analyze the meme as a whole (image + text). If it contains misogynistic or sexist stereotypes, output 1. If it does not, output 0. Respond with only one character."
15877.jpg,1,0,0,"Using the combination of image and text, decide if the meme promotes hate or discrimination. Reply ONLY with 1 or 0."
15877.jpg,1,1,1,"Classify this meme: 1 = hateful or offensive toward women, 0 = not hateful. Output only the digit."
15877.jpg,1,0,0,"When interpreting the meme’s image and text jointly, does it demean or stereotype women? Answer 1 if yes, 0 if no."
15821.jpg,0,0,0,"Considering the visual and textual content together, is this offensive or discriminatory? Answer 1 or 0."
15821.jpg,0,0,0,"Evaluate the meme’s image and caption together. If it expresses sexist or hateful content, output 1. If not, output 0."
15821.jpg,0,1,1,"Analyze the meme as a whole (image + text). If it contains misogynistic or sexist stereotypes, output 1. If it does not, output 0. Respond with only one character."
15821.jpg,0,0,0,"Using the combination of image and text, decide if the meme promotes hate or discrimination. Reply ONLY with 1 or 0."
15821.jpg,0,1,1,"Classify this meme: 1 = hateful or offensive toward women, 0 = not hateful. Output only the digit."
15821.jpg,0,0,No,"When interpreting the meme’s image and text jointly, does it demean or stereotype women? Answer 1 if yes, 0 if no."
15353.jpg,1,1,1,"Considering the visual and textual content together, is this offensive or discriminatory? Answer 1 or 0."
15353.jpg,1,1,1,"Evaluate the meme’s image and caption together. If it expresses sexist or hateful content, output 1. If not, output 0."
15353.jpg,1,1,1,"Analyze the meme as a whole (image + text). If it contains misogynistic or sexist stereotypes, output 1. If it does not, output 0. Respond with only one character."
15353.jpg,1,1,1,"Using the combination of image and text, decide if the meme promotes hate or discrimination. Reply ONLY with 1 or 0."
15353.jpg,1,1,1,"Classify this meme: 1 = hateful or offensive toward women, 0 = not hateful. Output only the digit."
15353.jpg,1,0,0,"When interpreting the meme’s image and text jointly, does it demean or stereotype women? Answer 1 if yes, 0 if no."
15718.jpg,0,0,0,"Considering the visual and textual content together, is this offensive or discriminatory? Answer 1 or 0."
15718.jpg,0,0,0,"Evaluate the meme’s image and caption together. If it expresses sexist or hateful content, output 1. If not, output 0."
15718.jpg,0,1,1,"Analyze the meme as a whole (image + text). If it contains misogynistic or sexist stereotypes, output 1. If it does not, output 0. Respond with only one character."
15718.jpg,0,0,0,"Using the combination of image and text, decide if the meme promotes hate or discrimination. Reply ONLY with 1 or 0."
15718.jpg,0,1,1,"Classify this meme: 1 = hateful or offensive toward women, 0 = not hateful. Output only the digit."
15718.jpg,0,0,0,"When interpreting the meme’s image and text jointly, does it demean or stereotype women? Answer 1 if yes, 0 if no."
15771.jpg,1,1,1,"Considering the visual and textual content together, is this offensive or discriminatory? Answer 1 or 0."
15771.jpg,1,1,1,"Evaluate the meme’s image and caption together. If it expresses sexist or hateful content, output 1. If not, output 0."
15771.jpg,1,1,1,"Analyze the meme as a whole (image + text). If it contains misogynistic or sexist stereotypes, output 1. If it does not, output 0. Respond with only one character."
15771.jpg,1,1,1,"Using the combination of image and text, decide if the meme promotes hate or discrimination. Reply ONLY with 1 or 0."
15771.jpg,1,1,1,"Classify this meme: 1 = hateful or offensive toward women, 0 = not hateful. Output only the digit."
15771.jpg,1,0,0,"When interpreting the meme’s image and text jointly, does it demean or stereotype women? Answer 1 if yes, 0 if no."
17037.jpg,1,1,1,"Considering the visual and textual content together, is this offensive or discriminatory? Answer 1 or 0."
17037.jpg,1,1,1,"Evaluate the meme’s image and caption together. If it expresses sexist or hateful content, output 1. If not, output 0."
17037.jpg,1,1,1,"Analyze the meme as a whole (image + text). If it contains misogynistic or sexist stereotypes, output 1. If it does not, output 0. Respond with only one character."
17037.jpg,1,1,1,"Using the combination of image and text, decide if the meme promotes hate or discrimination. Reply ONLY with 1 or 0."
17037.jpg,1,1,1,"Classify this meme: 1 = hateful or offensive toward women, 0 = not hateful. Output only the digit."
17037.jpg,1,0,No,"When interpreting the meme’s image and text jointly, does it demean or stereotype women? Answer 1 if yes, 0 if no."
15686.jpg,0,0,0,"Considering the visual and textual content together, is this offensive or discriminatory? Answer 1 or 0."
15686.jpg,0,0,0,"Evaluate the meme’s image and caption together. If it expresses sexist or hateful content, output 1. If not, output 0."
15686.jpg,0,1,1,"Analyze the meme as a whole (image + text). If it contains misogynistic or sexist stereotypes, output 1. If it does not, output 0. Respond with only one character."
15686.jpg,0,0,0,"Using the combination of image and text, decide if the meme promotes hate or discrimination. Reply ONLY with 1 or 0."
15686.jpg,0,1,1,"Classify this meme: 1 = hateful or offensive toward women, 0 = not hateful. Output only the digit."
15686.jpg,0,0,No,"When interpreting the meme’s image and text jointly, does it demean or stereotype women? Answer 1 if yes, 0 if no."
15160.jpg,0,0,0,"Considering the visual and textual content together, is this offensive or discriminatory? Answer 1 or 0."
15160.jpg,0,0,0,"Evaluate the meme’s image and caption together. If it expresses sexist or hateful content, output 1. If not, output 0."
15160.jpg,0,0,0,"Analyze the meme as a whole (image + text). If it contains misogynistic or sexist stereotypes, output 1. If it does not, output 0. Respond with only one character."
15160.jpg,0,0,0,"Using the combination of image and text, decide if the meme promotes hate or discrimination. Reply ONLY with 1 or 0."
15160.jpg,0,0,0,"Classify this meme: 1 = hateful or offensive toward women, 0 = not hateful. Output only the digit."
15160.jpg,0,0,No,"When interpreting the meme’s image and text jointly, does it demean or stereotype women? Answer 1 if yes, 0 if no."
15530.jpg,1,1,1,"Considering the visual and textual content together, is this offensive or discriminatory? Answer 1 or 0."
15530.jpg,1,1,1,"Evaluate the meme’s image and caption together. If it expresses sexist or hateful content, output 1. If not, output 0."
15530.jpg,1,1,1,"Analyze the meme as a whole (image + text). If it contains misogynistic or sexist stereotypes, output 1. If it does not, output 0. Respond with only one character."
15530.jpg,1,0,0,"Using the combination of image and text, decide if the meme promotes hate or discrimination. Reply ONLY with 1 or 0."
15530.jpg,1,1,1,"Classify this meme: 1 = hateful or offensive toward women, 0 = not hateful. Output only the digit."
15530.jpg,1,0,0,"When interpreting the meme’s image and text jointly, does it demean or stereotype women? Answer 1 if yes, 0 if no."
17041.jpg,1,1,1,"Considering the visual and textual content together, is this offensive or discriminatory? Answer 1 or 0."
17041.jpg,1,0,0,"Evaluate the meme’s image and caption together. If it expresses sexist or hateful content, output 1. If not, output 0."
17041.jpg,1,1,1,"Analyze the meme as a whole (image + text). If it contains misogynistic or sexist stereotypes, output 1. If it does not, output 0. Respond with only one character."
17041.jpg,1,0,0,"Using the combination of image and text, decide if the meme promotes hate or discrimination. Reply ONLY with 1 or 0."
17041.jpg,1,1,1,"Classify this meme: 1 = hateful or offensive toward women, 0 = not hateful. Output only the digit."
17041.jpg,1,0,0,"When interpreting the meme’s image and text jointly, does it demean or stereotype women? Answer 1 if yes, 0 if no."
15705.jpg,1,1,1,"Considering the visual and textual content together, is this offensive or discriminatory? Answer 1 or 0."
15705.jpg,1,0,0,"Evaluate the meme’s image and caption together. If it expresses sexist or hateful content, output 1. If not, output 0."
15705.jpg,1,1,1,"Analyze the meme as a whole (image + text). If it contains misogynistic or sexist stereotypes, output 1. If it does not, output 0. Respond with only one character."
15705.jpg,1,0,0,"Using the combination of image and text, decide if the meme promotes hate or discrimination. Reply ONLY with 1 or 0."
15705.jpg,1,1,1,"Classify this meme: 1 = hateful or offensive toward women, 0 = not hateful. Output only the digit."
15705.jpg,1,0,0,"When interpreting the meme’s image and text jointly, does it demean or stereotype women? Answer 1 if yes, 0 if no."
17060.jpg,1,0,0,"Considering the visual and textual content together, is this offensive or discriminatory? Answer 1 or 0."
17060.jpg,1,0,0,"Evaluate the meme’s image and caption together. If it expresses sexist or hateful content, output 1. If not, output 0."
17060.jpg,1,1,1,"Analyze the meme as a whole (image + text). If it contains misogynistic or sexist stereotypes, output 1. If it does not, output 0. Respond with only one character."
17060.jpg,1,0,0,"Using the combination of image and text, decide if the meme promotes hate or discrimination. Reply ONLY with 1 or 0."
17060.jpg,1,0,0,"Classify this meme: 1 = hateful or offensive toward women, 0 = not hateful. Output only the digit."
17060.jpg,1,0,0,"When interpreting the meme’s image and text jointly, does it demean or stereotype women? Answer 1 if yes, 0 if no."
15503.jpg,0,0,0,"Considering the visual and textual content together, is this offensive or discriminatory? Answer 1 or 0."
15503.jpg,0,0,0,"Evaluate the meme’s image and caption together. If it expresses sexist or hateful content, output 1. If not, output 0."
15503.jpg,0,0,0,"Analyze the meme as a whole (image + text). If it contains misogynistic or sexist stereotypes, output 1. If it does not, output 0. Respond with only one character."
15503.jpg,0,0,0,"Using the combination of image and text, decide if the meme promotes hate or discrimination. Reply ONLY with 1 or 0."
15503.jpg,0,1,1,"Classify this meme: 1 = hateful or offensive toward women, 0 = not hateful. Output only the digit."
15503.jpg,0,0,No,"When interpreting the meme’s image and text jointly, does it demean or stereotype women? Answer 1 if yes, 0 if no."
15911.jpg,1,1,1,"Considering the visual and textual content together, is this offensive or discriminatory? Answer 1 or 0."
15911.jpg,1,1,1,"Evaluate the meme’s image and caption together. If it expresses sexist or hateful content, output 1. If not, output 0."
15911.jpg,1,1,1,"Analyze the meme as a whole (image + text). If it contains misogynistic or sexist stereotypes, output 1. If it does not, output 0. Respond with only one character."
15911.jpg,1,1,1,"Using the combination of image and text, decide if the meme promotes hate or discrimination. Reply ONLY with 1 or 0."
15911.jpg,1,1,1,"Classify this meme: 1 = hateful or offensive toward women, 0 = not hateful. Output only the digit."
15911.jpg,1,1,Yes,"When interpreting the meme’s image and text jointly, does it demean or stereotype women? Answer 1 if yes, 0 if no."
15618.jpg,0,0,0,"Considering the visual and textual content together, is this offensive or discriminatory? Answer 1 or 0."
15618.jpg,0,1,1,"Evaluate the meme’s image and caption together. If it expresses sexist or hateful content, output 1. If not, output 0."
15618.jpg,0,1,1,"Analyze the meme as a whole (image + text). If it contains misogynistic or sexist stereotypes, output 1. If it does not, output 0. Respond with only one character."
15618.jpg,0,0,0,"Using the combination of image and text, decide if the meme promotes hate or discrimination. Reply ONLY with 1 or 0."
15618.jpg,0,1,1,"Classify this meme: 1 = hateful or offensive toward women, 0 = not hateful. Output only the digit."
15618.jpg,0,0,No,"When interpreting the meme’s image and text jointly, does it demean or stereotype women? Answer 1 if yes, 0 if no."
15793.jpg,0,0,0,"Considering the visual and textual content together, is this offensive or discriminatory? Answer 1 or 0."
15793.jpg,0,0,0,"Evaluate the meme’s image and caption together. If it expresses sexist or hateful content, output 1. If not, output 0."
15793.jpg,0,1,1,"Analyze the meme as a whole (image + text). If it contains misogynistic or sexist stereotypes, output 1. If it does not, output 0. Respond with only one character."
15793.jpg,0,0,0,"Using the combination of image and text, decide if the meme promotes hate or discrimination. Reply ONLY with 1 or 0."
15793.jpg,0,1,1,"Classify this meme: 1 = hateful or offensive toward women, 0 = not hateful. Output only the digit."
15793.jpg,0,0,0,"When interpreting the meme’s image and text jointly, does it demean or stereotype women? Answer 1 if yes, 0 if no."
16085.jpg,0,0,0,"Considering the visual and textual content together, is this offensive or discriminatory? Answer 1 or 0."
16085.jpg,0,0,0,"Evaluate the meme’s image and caption together. If it expresses sexist or hateful content, output 1. If not, output 0."
16085.jpg,0,1,1,"Analyze the meme as a whole (image + text). If it contains misogynistic or sexist stereotypes, output 1. If it does not, output 0. Respond with only one character."
16085.jpg,0,0,0,"Using the combination of image and text, decide if the meme promotes hate or discrimination. Reply ONLY with 1 or 0."
16085.jpg,0,1,1,"Classify this meme: 1 = hateful or offensive toward women, 0 = not hateful. Output only the digit."
16085.jpg,0,0,No,"When interpreting the meme’s image and text jointly, does it demean or stereotype women? Answer 1 if yes, 0 if no."
15801.jpg,0,0,0,"Considering the visual and textual content together, is this offensive or discriminatory? Answer 1 or 0."
15801.jpg,0,1,1,"Evaluate the meme’s image and caption together. If it expresses sexist or hateful content, output 1. If not, output 0."
15801.jpg,0,1,1,"Analyze the meme as a whole (image + text). If it contains misogynistic or sexist stereotypes, output 1. If it does not, output 0. Respond with only one character."
15801.jpg,0,0,0,"Using the combination of image and text, decide if the meme promotes hate or discrimination. Reply ONLY with 1 or 0."
15801.jpg,0,1,1,"Classify this meme: 1 = hateful or offensive toward women, 0 = not hateful. Output only the digit."
15801.jpg,0,0,0,"When interpreting the meme’s image and text jointly, does it demean or stereotype women? Answer 1 if yes, 0 if no."
15388.jpg,0,1,1,"Considering the visual and textual content together, is this offensive or discriminatory? Answer 1 or 0."
15388.jpg,0,1,1.,"Evaluate the meme’s image and caption together. If it expresses sexist or hateful content, output 1. If not, output 0."
15388.jpg,0,1,1,"Analyze the meme as a whole (image + text). If it contains misogynistic or sexist stereotypes, output 1. If it does not, output 0. Respond with only one character."
15388.jpg,0,0,0,"Using the combination of image and text, decide if the meme promotes hate or discrimination. Reply ONLY with 1 or 0."
15388.jpg,0,1,1,"Classify this meme: 1 = hateful or offensive toward women, 0 = not hateful. Output only the digit."
15388.jpg,0,0,0,"When interpreting the meme’s image and text jointly, does it demean or stereotype women? Answer 1 if yes, 0 if no."
15779.jpg,1,1,1,"Considering the visual and textual content together, is this offensive or discriminatory? Answer 1 or 0."
15779.jpg,1,1,1,"Evaluate the meme’s image and caption together. If it expresses sexist or hateful content, output 1. If not, output 0."
15779.jpg,1,1,1,"Analyze the meme as a whole (image + text). If it contains misogynistic or sexist stereotypes, output 1. If it does not, output 0. Respond with only one character."
15779.jpg,1,1,1,"Using the combination of image and text, decide if the meme promotes hate or discrimination. Reply ONLY with 1 or 0."
15779.jpg,1,1,1,"Classify this meme: 1 = hateful or offensive toward women, 0 = not hateful. Output only the digit."
15779.jpg,1,1,1,"When interpreting the meme’s image and text jointly, does it demean or stereotype women? Answer 1 if yes, 0 if no."
15341.jpg,1,0,0,"Considering the visual and textual content together, is this offensive or discriminatory? Answer 1 or 0."
15341.jpg,1,1,1,"Evaluate the meme’s image and caption together. If it expresses sexist or hateful content, output 1. If not, output 0."
15341.jpg,1,1,1,"Analyze the meme as a whole (image + text). If it contains misogynistic or sexist stereotypes, output 1. If it does not, output 0. Respond with only one character."
15341.jpg,1,0,0,"Using the combination of image and text, decide if the meme promotes hate or discrimination. Reply ONLY with 1 or 0."
15341.jpg,1,1,1,"Classify this meme: 1 = hateful or offensive toward women, 0 = not hateful. Output only the digit."
15341.jpg,1,0,0,"When interpreting the meme’s image and text jointly, does it demean or stereotype women? Answer 1 if yes, 0 if no."
17073.jpg,0,1,1,"Considering the visual and textual content together, is this offensive or discriminatory? Answer 1 or 0."
17073.jpg,0,1,1,"Evaluate the meme’s image and caption together. If it expresses sexist or hateful content, output 1. If not, output 0."
17073.jpg,0,1,1,"Analyze the meme as a whole (image + text). If it contains misogynistic or sexist stereotypes, output 1. If it does not, output 0. Respond with only one character."
17073.jpg,0,1,1,"Using the combination of image and text, decide if the meme promotes hate or discrimination. Reply ONLY with 1 or 0."
17073.jpg,0,1,1,"Classify this meme: 1 = hateful or offensive toward women, 0 = not hateful. Output only the digit."
17073.jpg,0,0,0,"When interpreting the meme’s image and text jointly, does it demean or stereotype women? Answer 1 if yes, 0 if no."
15574.jpg,1,1,1,"Considering the visual and textual content together, is this offensive or discriminatory? Answer 1 or 0."
15574.jpg,1,1,1,"Evaluate the meme’s image and caption together. If it expresses sexist or hateful content, output 1. If not, output 0."
15574.jpg,1,1,1,"Analyze the meme as a whole (image + text). If it contains misogynistic or sexist stereotypes, output 1. If it does not, output 0. Respond with only one character."
15574.jpg,1,0,0,"Using the combination of image and text, decide if the meme promotes hate or discrimination. Reply ONLY with 1 or 0."
15574.jpg,1,1,1,"Classify this meme: 1 = hateful or offensive toward women, 0 = not hateful. Output only the digit."
15574.jpg,1,0,0,"When interpreting the meme’s image and text jointly, does it demean or stereotype women? Answer 1 if yes, 0 if no."
15151.jpg,0,0,0,"Considering the visual and textual content together, is this offensive or discriminatory? Answer 1 or 0."
15151.jpg,0,0,0,"Evaluate the meme’s image and caption together. If it expresses sexist or hateful content, output 1. If not, output 0."
15151.jpg,0,0,0,"Analyze the meme as a whole (image + text). If it contains misogynistic or sexist stereotypes, output 1. If it does not, output 0. Respond with only one character."
15151.jpg,0,1,1,"Using the combination of image and text, decide if the meme promotes hate or discrimination. Reply ONLY with 1 or 0."
15151.jpg,0,1,1,"Classify this meme: 1 = hateful or offensive toward women, 0 = not hateful. Output only the digit."
15151.jpg,0,0,No.,"When interpreting the meme’s image and text jointly, does it demean or stereotype women? Answer 1 if yes, 0 if no."
15785.jpg,0,0,0,"Considering the visual and textual content together, is this offensive or discriminatory? Answer 1 or 0."
15785.jpg,0,1,1,"Evaluate the meme’s image and caption together. If it expresses sexist or hateful content, output 1. If not, output 0."
15785.jpg,0,1,1,"Analyze the meme as a whole (image + text). If it contains misogynistic or sexist stereotypes, output 1. If it does not, output 0. Respond with only one character."
15785.jpg,0,0,0,"Using the combination of image and text, decide if the meme promotes hate or discrimination. Reply ONLY with 1 or 0."
15785.jpg,0,1,1,"Classify this meme: 1 = hateful or offensive toward women, 0 = not hateful. Output only the digit."
15785.jpg,0,0,0,"When interpreting the meme’s image and text jointly, does it demean or stereotype women? Answer 1 if yes, 0 if no."
16114.jpg,1,1,1,"Considering the visual and textual content together, is this offensive or discriminatory? Answer 1 or 0."
16114.jpg,1,1,1,"Evaluate the meme’s image and caption together. If it expresses sexist or hateful content, output 1. If not, output 0."
16114.jpg,1,1,1,"Analyze the meme as a whole (image + text). If it contains misogynistic or sexist stereotypes, output 1. If it does not, output 0. Respond with only one character."
16114.jpg,1,0,0,"Using the combination of image and text, decide if the meme promotes hate or discrimination. Reply ONLY with 1 or 0."
16114.jpg,1,1,1,"Classify this meme: 1 = hateful or offensive toward women, 0 = not hateful. Output only the digit."
16114.jpg,1,0,0,"When interpreting the meme’s image and text jointly, does it demean or stereotype women? Answer 1 if yes, 0 if no."
16167.jpg,0,0,0,"Considering the visual and textual content together, is this offensive or discriminatory? Answer 1 or 0."
16167.jpg,0,0,0,"Evaluate the meme’s image and caption together. If it expresses sexist or hateful content, output 1. If not, output 0."
16167.jpg,0,1,1,"Analyze the meme as a whole (image + text). If it contains misogynistic or sexist stereotypes, output 1. If it does not, output 0. Respond with only one character."
16167.jpg,0,0,0,"Using the combination of image and text, decide if the meme promotes hate or discrimination. Reply ONLY with 1 or 0."
16167.jpg,0,0,0,"Classify this meme: 1 = hateful or offensive toward women, 0 = not hateful. Output only the digit."
16167.jpg,0,0,No,"When interpreting the meme’s image and text jointly, does it demean or stereotype women? Answer 1 if yes, 0 if no."
16193.jpg,0,0,0,"Considering the visual and textual content together, is this offensive or discriminatory? Answer 1 or 0."
16193.jpg,0,0,0,"Evaluate the meme’s image and caption together. If it expresses sexist or hateful content, output 1. If not, output 0."
16193.jpg,0,1,1,"Analyze the meme as a whole (image + text). If it contains misogynistic or sexist stereotypes, output 1. If it does not, output 0. Respond with only one character."
16193.jpg,0,0,0,"Using the combination of image and text, decide if the meme promotes hate or discrimination. Reply ONLY with 1 or 0."
16193.jpg,0,1,1,"Classify this meme: 1 = hateful or offensive toward women, 0 = not hateful. Output only the digit."
16193.jpg,0,0,0,"When interpreting the meme’s image and text jointly, does it demean or stereotype women? Answer 1 if yes, 0 if no."
16164.jpg,1,1,1,"Considering the visual and textual content together, is this offensive or discriminatory? Answer 1 or 0."
16164.jpg,1,1,1,"Evaluate the meme’s image and caption together. If it expresses sexist or hateful content, output 1. If not, output 0."
16164.jpg,1,1,1,"Analyze the meme as a whole (image + text). If it contains misogynistic or sexist stereotypes, output 1. If it does not, output 0. Respond with only one character."
16164.jpg,1,0,0,"Using the combination of image and text, decide if the meme promotes hate or discrimination. Reply ONLY with 1 or 0."
16164.jpg,1,1,1,"Classify this meme: 1 = hateful or offensive toward women, 0 = not hateful. Output only the digit."
16164.jpg,1,0,0,"When interpreting the meme’s image and text jointly, does it demean or stereotype women? Answer 1 if yes, 0 if no."
15035.jpg,1,0,0,"Considering the visual and textual content together, is this offensive or discriminatory? Answer 1 or 0."
15035.jpg,1,0,"The meme's caption is ""GET BACK IN THE KITCHEN!"", which could be interpreted as a humorous way of encouraging someone to go back to their designated task or role in a domestic setting. The image of Batman slapping Robin is not directly","Evaluate the meme’s image and caption together. If it expresses sexist or hateful content, output 1. If not, output 0."
15035.jpg,1,1,1,"Analyze the meme as a whole (image + text). If it contains misogynistic or sexist stereotypes, output 1. If it does not, output 0. Respond with only one character."
15035.jpg,1,0,0,"Using the combination of image and text, decide if the meme promotes hate or discrimination. Reply ONLY with 1 or 0."
15035.jpg,1,1,1,"Classify this meme: 1 = hateful or offensive toward women, 0 = not hateful. Output only the digit."
15035.jpg,1,0,No.,"When interpreting the meme’s image and text jointly, does it demean or stereotype women? Answer 1 if yes, 0 if no."
16092.jpg,1,0,0,"Considering the visual and textual content together, is this offensive or discriminatory? Answer 1 or 0."
16092.jpg,1,1,"The meme's image and caption do not express sexist or hateful content. Therefore, the output is 0.","Evaluate the meme’s image and caption together. If it expresses sexist or hateful content, output 1. If not, output 0."
16092.jpg,1,1,1,"Analyze the meme as a whole (image + text). If it contains misogynistic or sexist stereotypes, output 1. If it does not, output 0. Respond with only one character."
16092.jpg,1,0,0,"Using the combination of image and text, decide if the meme promotes hate or discrimination. Reply ONLY with 1 or 0."
16092.jpg,1,1,1,"Classify this meme: 1 = hateful or offensive toward women, 0 = not hateful. Output only the digit."
16092.jpg,1,0,No,"When interpreting the meme’s image and text jointly, does it demean or stereotype women? Answer 1 if yes, 0 if no."
15436.jpg,0,0,0,"Considering the visual and textual content together, is this offensive or discriminatory? Answer 1 or 0."
15436.jpg,0,0,0,"Evaluate the meme’s image and caption together. If it expresses sexist or hateful content, output 1. If not, output 0."
15436.jpg,0,1,1,"Analyze the meme as a whole (image + text). If it contains misogynistic or sexist stereotypes, output 1. If it does not, output 0. Respond with only one character."
15436.jpg,0,0,0,"Using the combination of image and text, decide if the meme promotes hate or discrimination. Reply ONLY with 1 or 0."
15436.jpg,0,1,1,"Classify this meme: 1 = hateful or offensive toward women, 0 = not hateful. Output only the digit."
15436.jpg,0,0,0,"When interpreting the meme’s image and text jointly, does it demean or stereotype women? Answer 1 if yes, 0 if no."
15754.jpg,1,1,1,"Considering the visual and textual content together, is this offensive or discriminatory? Answer 1 or 0."
15754.jpg,1,1,1,"Evaluate the meme’s image and caption together. If it expresses sexist or hateful content, output 1. If not, output 0."
15754.jpg,1,1,1,"Analyze the meme as a whole (image + text). If it contains misogynistic or sexist stereotypes, output 1. If it does not, output 0. Respond with only one character."
15754.jpg,1,1,1,"Using the combination of image and text, decide if the meme promotes hate or discrimination. Reply ONLY with 1 or 0."
15754.jpg,1,1,1,"Classify this meme: 1 = hateful or offensive toward women, 0 = not hateful. Output only the digit."
15754.jpg,1,0,0,"When interpreting the meme’s image and text jointly, does it demean or stereotype women? Answer 1 if yes, 0 if no."
15701.jpg,0,0,0,"Considering the visual and textual content together, is this offensive or discriminatory? Answer 1 or 0."
15701.jpg,0,1,1,"Evaluate the meme’s image and caption together. If it expresses sexist or hateful content, output 1. If not, output 0."
15701.jpg,0,1,1,"Analyze the meme as a whole (image + text). If it contains misogynistic or sexist stereotypes, output 1. If it does not, output 0. Respond with only one character."
15701.jpg,0,0,0,"Using the combination of image and text, decide if the meme promotes hate or discrimination. Reply ONLY with 1 or 0."
15701.jpg,0,1,1,"Classify this meme: 1 = hateful or offensive toward women, 0 = not hateful. Output only the digit."
15701.jpg,0,0,No.,"When interpreting the meme’s image and text jointly, does it demean or stereotype women? Answer 1 if yes, 0 if no."
17033.jpg,1,0,0,"Considering the visual and textual content together, is this offensive or discriminatory? Answer 1 or 0."
17033.jpg,1,0,0,"Evaluate the meme’s image and caption together. If it expresses sexist or hateful content, output 1. If not, output 0."
17033.jpg,1,1,1,"Analyze the meme as a whole (image + text). If it contains misogynistic or sexist stereotypes, output 1. If it does not, output 0. Respond with only one character."
17033.jpg,1,0,0,"Using the combination of image and text, decide if the meme promotes hate or discrimination. Reply ONLY with 1 or 0."
17033.jpg,1,1,1,"Classify this meme: 1 = hateful or offensive toward women, 0 = not hateful. Output only the digit."
17033.jpg,1,0,0,"When interpreting the meme’s image and text jointly, does it demean or stereotype women? Answer 1 if yes, 0 if no."
16137.jpg,0,0,0,"Considering the visual and textual content together, is this offensive or discriminatory? Answer 1 or 0."
16137.jpg,0,1,1,"Evaluate the meme’s image and caption together. If it expresses sexist or hateful content, output 1. If not, output 0."
16137.jpg,0,1,1,"Analyze the meme as a whole (image + text). If it contains misogynistic or sexist stereotypes, output 1. If it does not, output 0. Respond with only one character."
16137.jpg,0,0,0,"Using the combination of image and text, decide if the meme promotes hate or discrimination. Reply ONLY with 1 or 0."
16137.jpg,0,1,1,"Classify this meme: 1 = hateful or offensive toward women, 0 = not hateful. Output only the digit."
16137.jpg,0,0,No,"When interpreting the meme’s image and text jointly, does it demean or stereotype women? Answer 1 if yes, 0 if no."
15991.jpg,0,0,0,"Considering the visual and textual content together, is this offensive or discriminatory? Answer 1 or 0."
15991.jpg,0,0,0,"Evaluate the meme’s image and caption together. If it expresses sexist or hateful content, output 1. If not, output 0."
15991.jpg,0,1,1,"Analyze the meme as a whole (image + text). If it contains misogynistic or sexist stereotypes, output 1. If it does not, output 0. Respond with only one character."
15991.jpg,0,0,0,"Using the combination of image and text, decide if the meme promotes hate or discrimination. Reply ONLY with 1 or 0."
15991.jpg,0,1,1,"Classify this meme: 1 = hateful or offensive toward women, 0 = not hateful. Output only the digit."
15991.jpg,0,0,0,"When interpreting the meme’s image and text jointly, does it demean or stereotype women? Answer 1 if yes, 0 if no."
15211.jpg,1,0,0,"Considering the visual and textual content together, is this offensive or discriminatory? Answer 1 or 0."
15211.jpg,1,0,0,"Evaluate the meme’s image and caption together. If it expresses sexist or hateful content, output 1. If not, output 0."
15211.jpg,1,1,1,"Analyze the meme as a whole (image + text). If it contains misogynistic or sexist stereotypes, output 1. If it does not, output 0. Respond with only one character."
15211.jpg,1,0,0,"Using the combination of image and text, decide if the meme promotes hate or discrimination. Reply ONLY with 1 or 0."
15211.jpg,1,1,1,"Classify this meme: 1 = hateful or offensive toward women, 0 = not hateful. Output only the digit."
15211.jpg,1,0,No,"When interpreting the meme’s image and text jointly, does it demean or stereotype women? Answer 1 if yes, 0 if no."
16013.jpg,1,1,1,"Considering the visual and textual content together, is this offensive or discriminatory? Answer 1 or 0."
16013.jpg,1,1,1,"Evaluate the meme’s image and caption together. If it expresses sexist or hateful content, output 1. If not, output 0."
16013.jpg,1,1,1,"Analyze the meme as a whole (image + text). If it contains misogynistic or sexist stereotypes, output 1. If it does not, output 0. Respond with only one character."
16013.jpg,1,1,1,"Using the combination of image and text, decide if the meme promotes hate or discrimination. Reply ONLY with 1 or 0."
16013.jpg,1,1,1,"Classify this meme: 1 = hateful or offensive toward women, 0 = not hateful. Output only the digit."
16013.jpg,1,0,0,"When interpreting the meme’s image and text jointly, does it demean or stereotype women? Answer 1 if yes, 0 if no."
15469.jpg,1,1,1,"Considering the visual and textual content together, is this offensive or discriminatory? Answer 1 or 0."
15469.jpg,1,1,1,"Evaluate the meme’s image and caption together. If it expresses sexist or hateful content, output 1. If not, output 0."
15469.jpg,1,1,1,"Analyze the meme as a whole (image + text). If it contains misogynistic or sexist stereotypes, output 1. If it does not, output 0. Respond with only one character."
15469.jpg,1,1,1,"Using the combination of image and text, decide if the meme promotes hate or discrimination. Reply ONLY with 1 or 0."
15469.jpg,1,1,1,"Classify this meme: 1 = hateful or offensive toward women, 0 = not hateful. Output only the digit."
15469.jpg,1,0,No,"When interpreting the meme’s image and text jointly, does it demean or stereotype women? Answer 1 if yes, 0 if no."
15225.jpg,1,1,1,"Considering the visual and textual content together, is this offensive or discriminatory? Answer 1 or 0."
15225.jpg,1,1,"The meme's image and caption do not express sexist or hateful content. Therefore, the output is 0.","Evaluate the meme’s image and caption together. If it expresses sexist or hateful content, output 1. If not, output 0."
15225.jpg,1,1,1,"Analyze the meme as a whole (image + text). If it contains misogynistic or sexist stereotypes, output 1. If it does not, output 0. Respond with only one character."
15225.jpg,1,0,0,"Using the combination of image and text, decide if the meme promotes hate or discrimination. Reply ONLY with 1 or 0."
15225.jpg,1,1,1,"Classify this meme: 1 = hateful or offensive toward women, 0 = not hateful. Output only the digit."
15225.jpg,1,0,0,"When interpreting the meme’s image and text jointly, does it demean or stereotype women? Answer 1 if yes, 0 if no."
15113.jpg,1,0,0,"Considering the visual and textual content together, is this offensive or discriminatory? Answer 1 or 0."
15113.jpg,1,1,"The meme's image and caption do not express sexist or hateful content. Therefore, the output is 0.","Evaluate the meme’s image and caption together. If it expresses sexist or hateful content, output 1. If not, output 0."
15113.jpg,1,1,1,"Analyze the meme as a whole (image + text). If it contains misogynistic or sexist stereotypes, output 1. If it does not, output 0. Respond with only one character."
15113.jpg,1,1,1,"Using the combination of image and text, decide if the meme promotes hate or discrimination. Reply ONLY with 1 or 0."
15113.jpg,1,1,1,"Classify this meme: 1 = hateful or offensive toward women, 0 = not hateful. Output only the digit."
15113.jpg,1,1,"Yes, the meme demeans and stereotypes women by suggesting that they are violent and destructive, and that they need bats to destroy scales. This is not an accurate representation of the behavior of all women, and it perpetuates harmful stereotypes.","When interpreting the meme’s image and text jointly, does it demean or stereotype women? Answer 1 if yes, 0 if no."
17004.jpg,0,1,1,"Considering the visual and textual content together, is this offensive or discriminatory? Answer 1 or 0."
17004.jpg,0,0,0,"Evaluate the meme’s image and caption together. If it expresses sexist or hateful content, output 1. If not, output 0."
17004.jpg,0,1,1,"Analyze the meme as a whole (image + text). If it contains misogynistic or sexist stereotypes, output 1. If it does not, output 0. Respond with only one character."
17004.jpg,0,1,1,"Using the combination of image and text, decide if the meme promotes hate or discrimination. Reply ONLY with 1 or 0."
17004.jpg,0,1,1,"Classify this meme: 1 = hateful or offensive toward women, 0 = not hateful. Output only the digit."
17004.jpg,0,0,0,"When interpreting the meme’s image and text jointly, does it demean or stereotype women? Answer 1 if yes, 0 if no."
15217.jpg,1,1,1,"Considering the visual and textual content together, is this offensive or discriminatory? Answer 1 or 0."
15217.jpg,1,1,1. The meme contains a sexist caption that objectifies the woman's appearance and makes a joke about her chest.,"Evaluate the meme’s image and caption together. If it expresses sexist or hateful content, output 1. If not, output 0."
15217.jpg,1,1,1,"Analyze the meme as a whole (image + text). If it contains misogynistic or sexist stereotypes, output 1. If it does not, output 0. Respond with only one character."
15217.jpg,1,0,0,"Using the combination of image and text, decide if the meme promotes hate or discrimination. Reply ONLY with 1 or 0."
15217.jpg,1,1,1,"Classify this meme: 1 = hateful or offensive toward women, 0 = not hateful. Output only the digit."
15217.jpg,1,0,0,"When interpreting the meme’s image and text jointly, does it demean or stereotype women? Answer 1 if yes, 0 if no."
15735.jpg,0,0,0,"Considering the visual and textual content together, is this offensive or discriminatory? Answer 1 or 0."
15735.jpg,0,1,1,"Evaluate the meme’s image and caption together. If it expresses sexist or hateful content, output 1. If not, output 0."
15735.jpg,0,1,1,"Analyze the meme as a whole (image + text). If it contains misogynistic or sexist stereotypes, output 1. If it does not, output 0. Respond with only one character."
15735.jpg,0,0,0,"Using the combination of image and text, decide if the meme promotes hate or discrimination. Reply ONLY with 1 or 0."
15735.jpg,0,1,1,"Classify this meme: 1 = hateful or offensive toward women, 0 = not hateful. Output only the digit."
15735.jpg,0,0,0,"When interpreting the meme’s image and text jointly, does it demean or stereotype women? Answer 1 if yes, 0 if no."
16001.jpg,0,1,1,"Considering the visual and textual content together, is this offensive or discriminatory? Answer 1 or 0."
16001.jpg,0,1,1,"Evaluate the meme’s image and caption together. If it expresses sexist or hateful content, output 1. If not, output 0."
16001.jpg,0,1,1,"Analyze the meme as a whole (image + text). If it contains misogynistic or sexist stereotypes, output 1. If it does not, output 0. Respond with only one character."
16001.jpg,0,0,0,"Using the combination of image and text, decide if the meme promotes hate or discrimination. Reply ONLY with 1 or 0."
16001.jpg,0,1,1,"Classify this meme: 1 = hateful or offensive toward women, 0 = not hateful. Output only the digit."
16001.jpg,0,0,0,"When interpreting the meme’s image and text jointly, does it demean or stereotype women? Answer 1 if yes, 0 if no."
15593.jpg,0,0,0,"Considering the visual and textual content together, is this offensive or discriminatory? Answer 1 or 0."
15593.jpg,0,0,0,"Evaluate the meme’s image and caption together. If it expresses sexist or hateful content, output 1. If not, output 0."
15593.jpg,0,1,1,"Analyze the meme as a whole (image + text). If it contains misogynistic or sexist stereotypes, output 1. If it does not, output 0. Respond with only one character."
15593.jpg,0,0,0,"Using the combination of image and text, decide if the meme promotes hate or discrimination. Reply ONLY with 1 or 0."
15593.jpg,0,1,1,"Classify this meme: 1 = hateful or offensive toward women, 0 = not hateful. Output only the digit."
15593.jpg,0,0,0,"When interpreting the meme’s image and text jointly, does it demean or stereotype women? Answer 1 if yes, 0 if no."
15923.jpg,0,0,0,"Considering the visual and textual content together, is this offensive or discriminatory? Answer 1 or 0."
15923.jpg,0,0,0,"Evaluate the meme’s image and caption together. If it expresses sexist or hateful content, output 1. If not, output 0."
15923.jpg,0,0,0,"Analyze the meme as a whole (image + text). If it contains misogynistic or sexist stereotypes, output 1. If it does not, output 0. Respond with only one character."
15923.jpg,0,0,0,"Using the combination of image and text, decide if the meme promotes hate or discrimination. Reply ONLY with 1 or 0."
15923.jpg,0,0,0,"Classify this meme: 1 = hateful or offensive toward women, 0 = not hateful. Output only the digit."
15923.jpg,0,0,No,"When interpreting the meme’s image and text jointly, does it demean or stereotype women? Answer 1 if yes, 0 if no."
15857.jpg,0,1,1,"Considering the visual and textual content together, is this offensive or discriminatory? Answer 1 or 0."
15857.jpg,0,1,1,"Evaluate the meme’s image and caption together. If it expresses sexist or hateful content, output 1. If not, output 0."
15857.jpg,0,1,1,"Analyze the meme as a whole (image + text). If it contains misogynistic or sexist stereotypes, output 1. If it does not, output 0. Respond with only one character."
15857.jpg,0,0,0,"Using the combination of image and text, decide if the meme promotes hate or discrimination. Reply ONLY with 1 or 0."
15857.jpg,0,1,1,"Classify this meme: 1 = hateful or offensive toward women, 0 = not hateful. Output only the digit."
15857.jpg,0,0,0,"When interpreting the meme’s image and text jointly, does it demean or stereotype women? Answer 1 if yes, 0 if no."
15954.jpg,1,1,1,"Considering the visual and textual content together, is this offensive or discriminatory? Answer 1 or 0."
15954.jpg,1,0,0,"Evaluate the meme’s image and caption together. If it expresses sexist or hateful content, output 1. If not, output 0."
15954.jpg,1,0,0,"Analyze the meme as a whole (image + text). If it contains misogynistic or sexist stereotypes, output 1. If it does not, output 0. Respond with only one character."
15954.jpg,1,0,0,"Using the combination of image and text, decide if the meme promotes hate or discrimination. Reply ONLY with 1 or 0."
15954.jpg,1,0,0,"Classify this meme: 1 = hateful or offensive toward women, 0 = not hateful. Output only the digit."
15954.jpg,1,0,No,"When interpreting the meme’s image and text jointly, does it demean or stereotype women? Answer 1 if yes, 0 if no."
15098.jpg,0,0,0,"Considering the visual and textual content together, is this offensive or discriminatory? Answer 1 or 0."
15098.jpg,0,1,1,"Evaluate the meme’s image and caption together. If it expresses sexist or hateful content, output 1. If not, output 0."
15098.jpg,0,1,1,"Analyze the meme as a whole (image + text). If it contains misogynistic or sexist stereotypes, output 1. If it does not, output 0. Respond with only one character."
15098.jpg,0,0,0,"Using the combination of image and text, decide if the meme promotes hate or discrimination. Reply ONLY with 1 or 0."
15098.jpg,0,0,0,"Classify this meme: 1 = hateful or offensive toward women, 0 = not hateful. Output only the digit."
15098.jpg,0,0,No,"When interpreting the meme’s image and text jointly, does it demean or stereotype women? Answer 1 if yes, 0 if no."
15759.jpg,0,1,1,"Considering the visual and textual content together, is this offensive or discriminatory? Answer 1 or 0."
15759.jpg,0,0,0,"Evaluate the meme’s image and caption together. If it expresses sexist or hateful content, output 1. If not, output 0."
15759.jpg,0,1,1,"Analyze the meme as a whole (image + text). If it contains misogynistic or sexist stereotypes, output 1. If it does not, output 0. Respond with only one character."
15759.jpg,0,1,1,"Using the combination of image and text, decide if the meme promotes hate or discrimination. Reply ONLY with 1 or 0."
15759.jpg,0,1,1,"Classify this meme: 1 = hateful or offensive toward women, 0 = not hateful. Output only the digit."
15759.jpg,0,0,0,"When interpreting the meme’s image and text jointly, does it demean or stereotype women? Answer 1 if yes, 0 if no."
16060.jpg,1,0,0,"Considering the visual and textual content together, is this offensive or discriminatory? Answer 1 or 0."
16060.jpg,1,1,1,"Evaluate the meme’s image and caption together. If it expresses sexist or hateful content, output 1. If not, output 0."
16060.jpg,1,1,1,"Analyze the meme as a whole (image + text). If it contains misogynistic or sexist stereotypes, output 1. If it does not, output 0. Respond with only one character."
16060.jpg,1,0,0,"Using the combination of image and text, decide if the meme promotes hate or discrimination. Reply ONLY with 1 or 0."
16060.jpg,1,1,1,"Classify this meme: 1 = hateful or offensive toward women, 0 = not hateful. Output only the digit."
16060.jpg,1,0,No,"When interpreting the meme’s image and text jointly, does it demean or stereotype women? Answer 1 if yes, 0 if no."
15816.jpg,0,0,0,"Considering the visual and textual content together, is this offensive or discriminatory? Answer 1 or 0."
15816.jpg,0,0,0,"Evaluate the meme’s image and caption together. If it expresses sexist or hateful content, output 1. If not, output 0."
15816.jpg,0,0,0,"Analyze the meme as a whole (image + text). If it contains misogynistic or sexist stereotypes, output 1. If it does not, output 0. Respond with only one character."
15816.jpg,0,0,0,"Using the combination of image and text, decide if the meme promotes hate or discrimination. Reply ONLY with 1 or 0."
15816.jpg,0,0,0,"Classify this meme: 1 = hateful or offensive toward women, 0 = not hateful. Output only the digit."
15816.jpg,0,0,0,"When interpreting the meme’s image and text jointly, does it demean or stereotype women? Answer 1 if yes, 0 if no."
15422.jpg,0,0,0,"Considering the visual and textual content together, is this offensive or discriminatory? Answer 1 or 0."
15422.jpg,0,1,1,"Evaluate the meme’s image and caption together. If it expresses sexist or hateful content, output 1. If not, output 0."
15422.jpg,0,1,1,"Analyze the meme as a whole (image + text). If it contains misogynistic or sexist stereotypes, output 1. If it does not, output 0. Respond with only one character."
15422.jpg,0,1,1,"Using the combination of image and text, decide if the meme promotes hate or discrimination. Reply ONLY with 1 or 0."
15422.jpg,0,1,1,"Classify this meme: 1 = hateful or offensive toward women, 0 = not hateful. Output only the digit."
15422.jpg,0,0,0,"When interpreting the meme’s image and text jointly, does it demean or stereotype women? Answer 1 if yes, 0 if no."
16256.jpg,1,1,1,"Considering the visual and textual content together, is this offensive or discriminatory? Answer 1 or 0."
16256.jpg,1,1,1,"Evaluate the meme’s image and caption together. If it expresses sexist or hateful content, output 1. If not, output 0."
16256.jpg,1,1,1,"Analyze the meme as a whole (image + text). If it contains misogynistic or sexist stereotypes, output 1. If it does not, output 0. Respond with only one character."
16256.jpg,1,1,1,"Using the combination of image and text, decide if the meme promotes hate or discrimination. Reply ONLY with 1 or 0."
16256.jpg,1,1,1,"Classify this meme: 1 = hateful or offensive toward women, 0 = not hateful. Output only the digit."
16256.jpg,1,0,0,"When interpreting the meme’s image and text jointly, does it demean or stereotype women? Answer 1 if yes, 0 if no."
15918.jpg,0,0,0,"Considering the visual and textual content together, is this offensive or discriminatory? Answer 1 or 0."
15918.jpg,0,1,1,"Evaluate the meme’s image and caption together. If it expresses sexist or hateful content, output 1. If not, output 0."
15918.jpg,0,1,1,"Analyze the meme as a whole (image + text). If it contains misogynistic or sexist stereotypes, output 1. If it does not, output 0. Respond with only one character."
15918.jpg,0,0,0,"Using the combination of image and text, decide if the meme promotes hate or discrimination. Reply ONLY with 1 or 0."
15918.jpg,0,0,0,"Classify this meme: 1 = hateful or offensive toward women, 0 = not hateful. Output only the digit."
15918.jpg,0,0,0,"When interpreting the meme’s image and text jointly, does it demean or stereotype women? Answer 1 if yes, 0 if no."
15111.jpg,0,1,1,"Considering the visual and textual content together, is this offensive or discriminatory? Answer 1 or 0."
15111.jpg,0,1,1,"Evaluate the meme’s image and caption together. If it expresses sexist or hateful content, output 1. If not, output 0."
15111.jpg,0,1,1,"Analyze the meme as a whole (image + text). If it contains misogynistic or sexist stereotypes, output 1. If it does not, output 0. Respond with only one character."
15111.jpg,0,0,0,"Using the combination of image and text, decide if the meme promotes hate or discrimination. Reply ONLY with 1 or 0."
15111.jpg,0,1,1,"Classify this meme: 1 = hateful or offensive toward women, 0 = not hateful. Output only the digit."
15111.jpg,0,0,No,"When interpreting the meme’s image and text jointly, does it demean or stereotype women? Answer 1 if yes, 0 if no."
15158.jpg,0,0,0,"Considering the visual and textual content together, is this offensive or discriminatory? Answer 1 or 0."
15158.jpg,0,1,1,"Evaluate the meme’s image and caption together. If it expresses sexist or hateful content, output 1. If not, output 0."
15158.jpg,0,1,1,"Analyze the meme as a whole (image + text). If it contains misogynistic or sexist stereotypes, output 1. If it does not, output 0. Respond with only one character."
15158.jpg,0,0,0,"Using the combination of image and text, decide if the meme promotes hate or discrimination. Reply ONLY with 1 or 0."
15158.jpg,0,1,1,"Classify this meme: 1 = hateful or offensive toward women, 0 = not hateful. Output only the digit."
15158.jpg,0,0,0,"When interpreting the meme’s image and text jointly, does it demean or stereotype women? Answer 1 if yes, 0 if no."
16037.jpg,0,1,1,"Considering the visual and textual content together, is this offensive or discriminatory? Answer 1 or 0."
16037.jpg,0,0,0,"Evaluate the meme’s image and caption together. If it expresses sexist or hateful content, output 1. If not, output 0."
16037.jpg,0,0,0,"Analyze the meme as a whole (image + text). If it contains misogynistic or sexist stereotypes, output 1. If it does not, output 0. Respond with only one character."
16037.jpg,0,0,0,"Using the combination of image and text, decide if the meme promotes hate or discrimination. Reply ONLY with 1 or 0."
16037.jpg,0,1,1,"Classify this meme: 1 = hateful or offensive toward women, 0 = not hateful. Output only the digit."
16037.jpg,0,0,No,"When interpreting the meme’s image and text jointly, does it demean or stereotype women? Answer 1 if yes, 0 if no."
15510.jpg,0,0,0,"Considering the visual and textual content together, is this offensive or discriminatory? Answer 1 or 0."
15510.jpg,0,0,0,"Evaluate the meme’s image and caption together. If it expresses sexist or hateful content, output 1. If not, output 0."
15510.jpg,0,1,1,"Analyze the meme as a whole (image + text). If it contains misogynistic or sexist stereotypes, output 1. If it does not, output 0. Respond with only one character."
15510.jpg,0,0,0,"Using the combination of image and text, decide if the meme promotes hate or discrimination. Reply ONLY with 1 or 0."
15510.jpg,0,0,0,"Classify this meme: 1 = hateful or offensive toward women, 0 = not hateful. Output only the digit."
15510.jpg,0,0,No,"When interpreting the meme’s image and text jointly, does it demean or stereotype women? Answer 1 if yes, 0 if no."
15208.jpg,0,0,0,"Considering the visual and textual content together, is this offensive or discriminatory? Answer 1 or 0."
15208.jpg,0,0,0,"Evaluate the meme’s image and caption together. If it expresses sexist or hateful content, output 1. If not, output 0."
15208.jpg,0,0,0,"Analyze the meme as a whole (image + text). If it contains misogynistic or sexist stereotypes, output 1. If it does not, output 0. Respond with only one character."
15208.jpg,0,0,0,"Using the combination of image and text, decide if the meme promotes hate or discrimination. Reply ONLY with 1 or 0."
15208.jpg,0,1,1,"Classify this meme: 1 = hateful or offensive toward women, 0 = not hateful. Output only the digit."
15208.jpg,0,0,0,"When interpreting the meme’s image and text jointly, does it demean or stereotype women? Answer 1 if yes, 0 if no."
15420.jpg,0,0,0,"Considering the visual and textual content together, is this offensive or discriminatory? Answer 1 or 0."
15420.jpg,0,0,0,"Evaluate the meme’s image and caption together. If it expresses sexist or hateful content, output 1. If not, output 0."
15420.jpg,0,0,0,"Analyze the meme as a whole (image + text). If it contains misogynistic or sexist stereotypes, output 1. If it does not, output 0. Respond with only one character."
15420.jpg,0,0,0,"Using the combination of image and text, decide if the meme promotes hate or discrimination. Reply ONLY with 1 or 0."
15420.jpg,0,1,1,"Classify this meme: 1 = hateful or offensive toward women, 0 = not hateful. Output only the digit."
15420.jpg,0,0,0,"When interpreting the meme’s image and text jointly, does it demean or stereotype women? Answer 1 if yes, 0 if no."
15526.jpg,1,0,0,"Considering the visual and textual content together, is this offensive or discriminatory? Answer 1 or 0."
15526.jpg,1,1,1,"Evaluate the meme’s image and caption together. If it expresses sexist or hateful content, output 1. If not, output 0."
15526.jpg,1,1,1,"Analyze the meme as a whole (image + text). If it contains misogynistic or sexist stereotypes, output 1. If it does not, output 0. Respond with only one character."
15526.jpg,1,0,0,"Using the combination of image and text, decide if the meme promotes hate or discrimination. Reply ONLY with 1 or 0."
15526.jpg,1,1,1,"Classify this meme: 1 = hateful or offensive toward women, 0 = not hateful. Output only the digit."
15526.jpg,1,0,No,"When interpreting the meme’s image and text jointly, does it demean or stereotype women? Answer 1 if yes, 0 if no."
15175.jpg,0,0,0,"Considering the visual and textual content together, is this offensive or discriminatory? Answer 1 or 0."
15175.jpg,0,0,0,"Evaluate the meme’s image and caption together. If it expresses sexist or hateful content, output 1. If not, output 0."
15175.jpg,0,0,0,"Analyze the meme as a whole (image + text). If it contains misogynistic or sexist stereotypes, output 1. If it does not, output 0. Respond with only one character."
15175.jpg,0,0,0,"Using the combination of image and text, decide if the meme promotes hate or discrimination. Reply ONLY with 1 or 0."
15175.jpg,0,1,1,"Classify this meme: 1 = hateful or offensive toward women, 0 = not hateful. Output only the digit."
15175.jpg,0,0,0,"When interpreting the meme’s image and text jointly, does it demean or stereotype women? Answer 1 if yes, 0 if no."
15092.jpg,0,1,1,"Considering the visual and textual content together, is this offensive or discriminatory? Answer 1 or 0."
15092.jpg,0,1,1,"Evaluate the meme’s image and caption together. If it expresses sexist or hateful content, output 1. If not, output 0."
15092.jpg,0,1,1,"Analyze the meme as a whole (image + text). If it contains misogynistic or sexist stereotypes, output 1. If it does not, output 0. Respond with only one character."
15092.jpg,0,0,0,"Using the combination of image and text, decide if the meme promotes hate or discrimination. Reply ONLY with 1 or 0."
15092.jpg,0,1,1,"Classify this meme: 1 = hateful or offensive toward women, 0 = not hateful. Output only the digit."
15092.jpg,0,0,0,"When interpreting the meme’s image and text jointly, does it demean or stereotype women? Answer 1 if yes, 0 if no."
17082.jpg,1,1,1,"Considering the visual and textual content together, is this offensive or discriminatory? Answer 1 or 0."
17082.jpg,1,1,1,"Evaluate the meme’s image and caption together. If it expresses sexist or hateful content, output 1. If not, output 0."
17082.jpg,1,1,1,"Analyze the meme as a whole (image + text). If it contains misogynistic or sexist stereotypes, output 1. If it does not, output 0. Respond with only one character."
17082.jpg,1,1,1,"Using the combination of image and text, decide if the meme promotes hate or discrimination. Reply ONLY with 1 or 0."
17082.jpg,1,1,1,"Classify this meme: 1 = hateful or offensive toward women, 0 = not hateful. Output only the digit."
17082.jpg,1,0,0,"When interpreting the meme’s image and text jointly, does it demean or stereotype women? Answer 1 if yes, 0 if no."
15242.jpg,0,0,0,"Considering the visual and textual content together, is this offensive or discriminatory? Answer 1 or 0."
15242.jpg,0,0,0,"Evaluate the meme’s image and caption together. If it expresses sexist or hateful content, output 1. If not, output 0."
15242.jpg,0,1,1,"Analyze the meme as a whole (image + text). If it contains misogynistic or sexist stereotypes, output 1. If it does not, output 0. Respond with only one character."
15242.jpg,0,0,0,"Using the combination of image and text, decide if the meme promotes hate or discrimination. Reply ONLY with 1 or 0."
15242.jpg,0,1,1,"Classify this meme: 1 = hateful or offensive toward women, 0 = not hateful. Output only the digit."
15242.jpg,0,0,0,"When interpreting the meme’s image and text jointly, does it demean or stereotype women? Answer 1 if yes, 0 if no."
16005.jpg,0,0,0,"Considering the visual and textual content together, is this offensive or discriminatory? Answer 1 or 0."
16005.jpg,0,1,1,"Evaluate the meme’s image and caption together. If it expresses sexist or hateful content, output 1. If not, output 0."
16005.jpg,0,1,1,"Analyze the meme as a whole (image + text). If it contains misogynistic or sexist stereotypes, output 1. If it does not, output 0. Respond with only one character."
16005.jpg,0,0,0,"Using the combination of image and text, decide if the meme promotes hate or discrimination. Reply ONLY with 1 or 0."
16005.jpg,0,1,1,"Classify this meme: 1 = hateful or offensive toward women, 0 = not hateful. Output only the digit."
16005.jpg,0,0,No,"When interpreting the meme’s image and text jointly, does it demean or stereotype women? Answer 1 if yes, 0 if no."
16136.jpg,1,0,0,"Considering the visual and textual content together, is this offensive or discriminatory? Answer 1 or 0."
16136.jpg,1,0,0,"Evaluate the meme’s image and caption together. If it expresses sexist or hateful content, output 1. If not, output 0."
16136.jpg,1,1,1,"Analyze the meme as a whole (image + text). If it contains misogynistic or sexist stereotypes, output 1. If it does not, output 0. Respond with only one character."
16136.jpg,1,0,0,"Using the combination of image and text, decide if the meme promotes hate or discrimination. Reply ONLY with 1 or 0."
16136.jpg,1,1,1,"Classify this meme: 1 = hateful or offensive toward women, 0 = not hateful. Output only the digit."
16136.jpg,1,0,0,"When interpreting the meme’s image and text jointly, does it demean or stereotype women? Answer 1 if yes, 0 if no."
16336.jpg,0,1,1,"Considering the visual and textual content together, is this offensive or discriminatory? Answer 1 or 0."
16336.jpg,0,1,1,"Evaluate the meme’s image and caption together. If it expresses sexist or hateful content, output 1. If not, output 0."
16336.jpg,0,1,1,"Analyze the meme as a whole (image + text). If it contains misogynistic or sexist stereotypes, output 1. If it does not, output 0. Respond with only one character."
16336.jpg,0,1,1,"Using the combination of image and text, decide if the meme promotes hate or discrimination. Reply ONLY with 1 or 0."
16336.jpg,0,1,1,"Classify this meme: 1 = hateful or offensive toward women, 0 = not hateful. Output only the digit."
16336.jpg,0,0,0,"When interpreting the meme’s image and text jointly, does it demean or stereotype women? Answer 1 if yes, 0 if no."
15309.jpg,0,1,1,"Considering the visual and textual content together, is this offensive or discriminatory? Answer 1 or 0."
15309.jpg,0,1,1,"Evaluate the meme’s image and caption together. If it expresses sexist or hateful content, output 1. If not, output 0."
15309.jpg,0,1,1,"Analyze the meme as a whole (image + text). If it contains misogynistic or sexist stereotypes, output 1. If it does not, output 0. Respond with only one character."
15309.jpg,0,1,1,"Using the combination of image and text, decide if the meme promotes hate or discrimination. Reply ONLY with 1 or 0."
15309.jpg,0,1,1,"Classify this meme: 1 = hateful or offensive toward women, 0 = not hateful. Output only the digit."
15309.jpg,0,0,0,"When interpreting the meme’s image and text jointly, does it demean or stereotype women? Answer 1 if yes, 0 if no."
15907.jpg,0,0,0,"Considering the visual and textual content together, is this offensive or discriminatory? Answer 1 or 0."
15907.jpg,0,0,0,"Evaluate the meme’s image and caption together. If it expresses sexist or hateful content, output 1. If not, output 0."
15907.jpg,0,1,1,"Analyze the meme as a whole (image + text). If it contains misogynistic or sexist stereotypes, output 1. If it does not, output 0. Respond with only one character."
15907.jpg,0,0,0,"Using the combination of image and text, decide if the meme promotes hate or discrimination. Reply ONLY with 1 or 0."
15907.jpg,0,1,1,"Classify this meme: 1 = hateful or offensive toward women, 0 = not hateful. Output only the digit."
15907.jpg,0,0,0,"When interpreting the meme’s image and text jointly, does it demean or stereotype women? Answer 1 if yes, 0 if no."
16066.jpg,0,0,0,"Considering the visual and textual content together, is this offensive or discriminatory? Answer 1 or 0."
16066.jpg,0,0,1.0,"Evaluate the meme’s image and caption together. If it expresses sexist or hateful content, output 1. If not, output 0."
16066.jpg,0,1,1,"Analyze the meme as a whole (image + text). If it contains misogynistic or sexist stereotypes, output 1. If it does not, output 0. Respond with only one character."
16066.jpg,0,0,0,"Using the combination of image and text, decide if the meme promotes hate or discrimination. Reply ONLY with 1 or 0."
16066.jpg,0,1,1,"Classify this meme: 1 = hateful or offensive toward women, 0 = not hateful. Output only the digit."
16066.jpg,0,0,0,"When interpreting the meme’s image and text jointly, does it demean or stereotype women? Answer 1 if yes, 0 if no."
15982.jpg,1,1,1,"Considering the visual and textual content together, is this offensive or discriminatory? Answer 1 or 0."
15982.jpg,1,1,1,"Evaluate the meme’s image and caption together. If it expresses sexist or hateful content, output 1. If not, output 0."
15982.jpg,1,1,1,"Analyze the meme as a whole (image + text). If it contains misogynistic or sexist stereotypes, output 1. If it does not, output 0. Respond with only one character."
15982.jpg,1,1,1,"Using the combination of image and text, decide if the meme promotes hate or discrimination. Reply ONLY with 1 or 0."
15982.jpg,1,1,1,"Classify this meme: 1 = hateful or offensive toward women, 0 = not hateful. Output only the digit."
15982.jpg,1,0,0,"When interpreting the meme’s image and text jointly, does it demean or stereotype women? Answer 1 if yes, 0 if no."
15820.jpg,0,0,0,"Considering the visual and textual content together, is this offensive or discriminatory? Answer 1 or 0."
15820.jpg,0,1,1,"Evaluate the meme’s image and caption together. If it expresses sexist or hateful content, output 1. If not, output 0."
15820.jpg,0,1,1,"Analyze the meme as a whole (image + text). If it contains misogynistic or sexist stereotypes, output 1. If it does not, output 0. Respond with only one character."
15820.jpg,0,0,0,"Using the combination of image and text, decide if the meme promotes hate or discrimination. Reply ONLY with 1 or 0."
15820.jpg,0,0,0,"Classify this meme: 1 = hateful or offensive toward women, 0 = not hateful. Output only the digit."
15820.jpg,0,0,0,"When interpreting the meme’s image and text jointly, does it demean or stereotype women? Answer 1 if yes, 0 if no."
15932.jpg,0,0,0,"Considering the visual and textual content together, is this offensive or discriminatory? Answer 1 or 0."
15932.jpg,0,0,0,"Evaluate the meme’s image and caption together. If it expresses sexist or hateful content, output 1. If not, output 0."
15932.jpg,0,0,0,"Analyze the meme as a whole (image + text). If it contains misogynistic or sexist stereotypes, output 1. If it does not, output 0. Respond with only one character."
15932.jpg,0,0,0,"Using the combination of image and text, decide if the meme promotes hate or discrimination. Reply ONLY with 1 or 0."
15932.jpg,0,0,0,"Classify this meme: 1 = hateful or offensive toward women, 0 = not hateful. Output only the digit."
15932.jpg,0,0,No,"When interpreting the meme’s image and text jointly, does it demean or stereotype women? Answer 1 if yes, 0 if no."
15494.jpg,0,0,0,"Considering the visual and textual content together, is this offensive or discriminatory? Answer 1 or 0."
15494.jpg,0,0,0,"Evaluate the meme’s image and caption together. If it expresses sexist or hateful content, output 1. If not, output 0."
15494.jpg,0,1,1,"Analyze the meme as a whole (image + text). If it contains misogynistic or sexist stereotypes, output 1. If it does not, output 0. Respond with only one character."
15494.jpg,0,0,0,"Using the combination of image and text, decide if the meme promotes hate or discrimination. Reply ONLY with 1 or 0."
15494.jpg,0,0,0,"Classify this meme: 1 = hateful or offensive toward women, 0 = not hateful. Output only the digit."
15494.jpg,0,0,No,"When interpreting the meme’s image and text jointly, does it demean or stereotype women? Answer 1 if yes, 0 if no."
16150.jpg,1,1,1,"Considering the visual and textual content together, is this offensive or discriminatory? Answer 1 or 0."
16150.jpg,1,1,1,"Evaluate the meme’s image and caption together. If it expresses sexist or hateful content, output 1. If not, output 0."
16150.jpg,1,1,1,"Analyze the meme as a whole (image + text). If it contains misogynistic or sexist stereotypes, output 1. If it does not, output 0. Respond with only one character."
16150.jpg,1,1,1,"Using the combination of image and text, decide if the meme promotes hate or discrimination. Reply ONLY with 1 or 0."
16150.jpg,1,1,1,"Classify this meme: 1 = hateful or offensive toward women, 0 = not hateful. Output only the digit."
16150.jpg,1,0,0,"When interpreting the meme’s image and text jointly, does it demean or stereotype women? Answer 1 if yes, 0 if no."
16259.jpg,1,1,1,"Considering the visual and textual content together, is this offensive or discriminatory? Answer 1 or 0."
16259.jpg,1,1,1,"Evaluate the meme’s image and caption together. If it expresses sexist or hateful content, output 1. If not, output 0."
16259.jpg,1,1,1,"Analyze the meme as a whole (image + text). If it contains misogynistic or sexist stereotypes, output 1. If it does not, output 0. Respond with only one character."
16259.jpg,1,1,1,"Using the combination of image and text, decide if the meme promotes hate or discrimination. Reply ONLY with 1 or 0."
16259.jpg,1,1,1,"Classify this meme: 1 = hateful or offensive toward women, 0 = not hateful. Output only the digit."
16259.jpg,1,0,No,"When interpreting the meme’s image and text jointly, does it demean or stereotype women? Answer 1 if yes, 0 if no."
15638.jpg,1,1,1,"Considering the visual and textual content together, is this offensive or discriminatory? Answer 1 or 0."
15638.jpg,1,1,1,"Evaluate the meme’s image and caption together. If it expresses sexist or hateful content, output 1. If not, output 0."
15638.jpg,1,1,1,"Analyze the meme as a whole (image + text). If it contains misogynistic or sexist stereotypes, output 1. If it does not, output 0. Respond with only one character."
15638.jpg,1,0,0,"Using the combination of image and text, decide if the meme promotes hate or discrimination. Reply ONLY with 1 or 0."
15638.jpg,1,1,1,"Classify this meme: 1 = hateful or offensive toward women, 0 = not hateful. Output only the digit."
15638.jpg,1,0,0,"When interpreting the meme’s image and text jointly, does it demean or stereotype women? Answer 1 if yes, 0 if no."
15637.jpg,1,0,0,"Considering the visual and textual content together, is this offensive or discriminatory? Answer 1 or 0."
15637.jpg,1,0,0,"Evaluate the meme’s image and caption together. If it expresses sexist or hateful content, output 1. If not, output 0."
15637.jpg,1,1,1,"Analyze the meme as a whole (image + text). If it contains misogynistic or sexist stereotypes, output 1. If it does not, output 0. Respond with only one character."
15637.jpg,1,0,0,"Using the combination of image and text, decide if the meme promotes hate or discrimination. Reply ONLY with 1 or 0."
15637.jpg,1,0,0,"Classify this meme: 1 = hateful or offensive toward women, 0 = not hateful. Output only the digit."
15637.jpg,1,0,0,"When interpreting the meme’s image and text jointly, does it demean or stereotype women? Answer 1 if yes, 0 if no."
15350.jpg,1,1,1,"Considering the visual and textual content together, is this offensive or discriminatory? Answer 1 or 0."
15350.jpg,1,1,1,"Evaluate the meme’s image and caption together. If it expresses sexist or hateful content, output 1. If not, output 0."
15350.jpg,1,1,1,"Analyze the meme as a whole (image + text). If it contains misogynistic or sexist stereotypes, output 1. If it does not, output 0. Respond with only one character."
15350.jpg,1,0,0,"Using the combination of image and text, decide if the meme promotes hate or discrimination. Reply ONLY with 1 or 0."
15350.jpg,1,1,1,"Classify this meme: 1 = hateful or offensive toward women, 0 = not hateful. Output only the digit."
15350.jpg,1,0,0,"When interpreting the meme’s image and text jointly, does it demean or stereotype women? Answer 1 if yes, 0 if no."
16169.jpg,0,0,0,"Considering the visual and textual content together, is this offensive or discriminatory? Answer 1 or 0."
16169.jpg,0,0,0,"Evaluate the meme’s image and caption together. If it expresses sexist or hateful content, output 1. If not, output 0."
16169.jpg,0,0,0,"Analyze the meme as a whole (image + text). If it contains misogynistic or sexist stereotypes, output 1. If it does not, output 0. Respond with only one character."
16169.jpg,0,0,0,"Using the combination of image and text, decide if the meme promotes hate or discrimination. Reply ONLY with 1 or 0."
16169.jpg,0,0,0,"Classify this meme: 1 = hateful or offensive toward women, 0 = not hateful. Output only the digit."
16169.jpg,0,0,0,"When interpreting the meme’s image and text jointly, does it demean or stereotype women? Answer 1 if yes, 0 if no."
15101.jpg,0,1,1,"Considering the visual and textual content together, is this offensive or discriminatory? Answer 1 or 0."
15101.jpg,0,1,1,"Evaluate the meme’s image and caption together. If it expresses sexist or hateful content, output 1. If not, output 0."
15101.jpg,0,1,1,"Analyze the meme as a whole (image + text). If it contains misogynistic or sexist stereotypes, output 1. If it does not, output 0. Respond with only one character."
15101.jpg,0,1,1,"Using the combination of image and text, decide if the meme promotes hate or discrimination. Reply ONLY with 1 or 0."
15101.jpg,0,1,1,"Classify this meme: 1 = hateful or offensive toward women, 0 = not hateful. Output only the digit."
15101.jpg,0,0,0,"When interpreting the meme’s image and text jointly, does it demean or stereotype women? Answer 1 if yes, 0 if no."
17011.jpg,0,0,0,"Considering the visual and textual content together, is this offensive or discriminatory? Answer 1 or 0."
17011.jpg,0,0,0,"Evaluate the meme’s image and caption together. If it expresses sexist or hateful content, output 1. If not, output 0."
17011.jpg,0,1,1,"Analyze the meme as a whole (image + text). If it contains misogynistic or sexist stereotypes, output 1. If it does not, output 0. Respond with only one character."
17011.jpg,0,0,0,"Using the combination of image and text, decide if the meme promotes hate or discrimination. Reply ONLY with 1 or 0."
17011.jpg,0,1,1,"Classify this meme: 1 = hateful or offensive toward women, 0 = not hateful. Output only the digit."
17011.jpg,0,0,0,"When interpreting the meme’s image and text jointly, does it demean or stereotype women? Answer 1 if yes, 0 if no."
16093.jpg,1,1,1,"Considering the visual and textual content together, is this offensive or discriminatory? Answer 1 or 0."
16093.jpg,1,1,1,"Evaluate the meme’s image and caption together. If it expresses sexist or hateful content, output 1. If not, output 0."
16093.jpg,1,1,1,"Analyze the meme as a whole (image + text). If it contains misogynistic or sexist stereotypes, output 1. If it does not, output 0. Respond with only one character."
16093.jpg,1,1,1,"Using the combination of image and text, decide if the meme promotes hate or discrimination. Reply ONLY with 1 or 0."
16093.jpg,1,1,1,"Classify this meme: 1 = hateful or offensive toward women, 0 = not hateful. Output only the digit."
16093.jpg,1,0,0,"When interpreting the meme’s image and text jointly, does it demean or stereotype women? Answer 1 if yes, 0 if no."
15695.jpg,1,1,1,"Considering the visual and textual content together, is this offensive or discriminatory? Answer 1 or 0."
15695.jpg,1,1,1,"Evaluate the meme’s image and caption together. If it expresses sexist or hateful content, output 1. If not, output 0."
15695.jpg,1,1,1,"Analyze the meme as a whole (image + text). If it contains misogynistic or sexist stereotypes, output 1. If it does not, output 0. Respond with only one character."
15695.jpg,1,0,0,"Using the combination of image and text, decide if the meme promotes hate or discrimination. Reply ONLY with 1 or 0."
15695.jpg,1,1,1,"Classify this meme: 1 = hateful or offensive toward women, 0 = not hateful. Output only the digit."
15695.jpg,1,0,0,"When interpreting the meme’s image and text jointly, does it demean or stereotype women? Answer 1 if yes, 0 if no."
15269.jpg,1,0,0,"Considering the visual and textual content together, is this offensive or discriminatory? Answer 1 or 0."
15269.jpg,1,1,1,"Evaluate the meme’s image and caption together. If it expresses sexist or hateful content, output 1. If not, output 0."
15269.jpg,1,1,1,"Analyze the meme as a whole (image + text). If it contains misogynistic or sexist stereotypes, output 1. If it does not, output 0. Respond with only one character."
15269.jpg,1,1,1,"Using the combination of image and text, decide if the meme promotes hate or discrimination. Reply ONLY with 1 or 0."
15269.jpg,1,1,1,"Classify this meme: 1 = hateful or offensive toward women, 0 = not hateful. Output only the digit."
15269.jpg,1,0,0,"When interpreting the meme’s image and text jointly, does it demean or stereotype women? Answer 1 if yes, 0 if no."
15245.jpg,0,0,0,"Considering the visual and textual content together, is this offensive or discriminatory? Answer 1 or 0."
15245.jpg,0,1,"The meme's image and caption do not express sexist or hateful content. Therefore, the output is 0.","Evaluate the meme’s image and caption together. If it expresses sexist or hateful content, output 1. If not, output 0."
15245.jpg,0,1,1,"Analyze the meme as a whole (image + text). If it contains misogynistic or sexist stereotypes, output 1. If it does not, output 0. Respond with only one character."
15245.jpg,0,0,0,"Using the combination of image and text, decide if the meme promotes hate or discrimination. Reply ONLY with 1 or 0."
15245.jpg,0,0,0,"Classify this meme: 1 = hateful or offensive toward women, 0 = not hateful. Output only the digit."
15245.jpg,0,0,No,"When interpreting the meme’s image and text jointly, does it demean or stereotype women? Answer 1 if yes, 0 if no."
15468.jpg,1,0,0,"Considering the visual and textual content together, is this offensive or discriminatory? Answer 1 or 0."
15468.jpg,1,1,1,"Evaluate the meme’s image and caption together. If it expresses sexist or hateful content, output 1. If not, output 0."
15468.jpg,1,1,1,"Analyze the meme as a whole (image + text). If it contains misogynistic or sexist stereotypes, output 1. If it does not, output 0. Respond with only one character."
15468.jpg,1,0,0,"Using the combination of image and text, decide if the meme promotes hate or discrimination. Reply ONLY with 1 or 0."
15468.jpg,1,1,1,"Classify this meme: 1 = hateful or offensive toward women, 0 = not hateful. Output only the digit."
15468.jpg,1,0,0,"When interpreting the meme’s image and text jointly, does it demean or stereotype women? Answer 1 if yes, 0 if no."
16180.jpg,0,0,0,"Considering the visual and textual content together, is this offensive or discriminatory? Answer 1 or 0."
16180.jpg,0,0,0,"Evaluate the meme’s image and caption together. If it expresses sexist or hateful content, output 1. If not, output 0."
16180.jpg,0,1,1,"Analyze the meme as a whole (image + text). If it contains misogynistic or sexist stereotypes, output 1. If it does not, output 0. Respond with only one character."
16180.jpg,0,0,0,"Using the combination of image and text, decide if the meme promotes hate or discrimination. Reply ONLY with 1 or 0."
16180.jpg,0,1,1,"Classify this meme: 1 = hateful or offensive toward women, 0 = not hateful. Output only the digit."
16180.jpg,0,0,0,"When interpreting the meme’s image and text jointly, does it demean or stereotype women? Answer 1 if yes, 0 if no."
15200.jpg,0,1,1,"Considering the visual and textual content together, is this offensive or discriminatory? Answer 1 or 0."
15200.jpg,0,1,1,"Evaluate the meme’s image and caption together. If it expresses sexist or hateful content, output 1. If not, output 0."
15200.jpg,0,1,1,"Analyze the meme as a whole (image + text). If it contains misogynistic or sexist stereotypes, output 1. If it does not, output 0. Respond with only one character."
15200.jpg,0,0,0,"Using the combination of image and text, decide if the meme promotes hate or discrimination. Reply ONLY with 1 or 0."
15200.jpg,0,1,1,"Classify this meme: 1 = hateful or offensive toward women, 0 = not hateful. Output only the digit."
15200.jpg,0,0,0,"When interpreting the meme’s image and text jointly, does it demean or stereotype women? Answer 1 if yes, 0 if no."
15697.jpg,0,0,0,"Considering the visual and textual content together, is this offensive or discriminatory? Answer 1 or 0."
15697.jpg,0,0,0,"Evaluate the meme’s image and caption together. If it expresses sexist or hateful content, output 1. If not, output 0."
15697.jpg,0,1,1,"Analyze the meme as a whole (image + text). If it contains misogynistic or sexist stereotypes, output 1. If it does not, output 0. Respond with only one character."
15697.jpg,0,0,0,"Using the combination of image and text, decide if the meme promotes hate or discrimination. Reply ONLY with 1 or 0."
15697.jpg,0,0,0,"Classify this meme: 1 = hateful or offensive toward women, 0 = not hateful. Output only the digit."
15697.jpg,0,0,0,"When interpreting the meme’s image and text jointly, does it demean or stereotype women? Answer 1 if yes, 0 if no."
15953.jpg,1,1,1,"Considering the visual and textual content together, is this offensive or discriminatory? Answer 1 or 0."
15953.jpg,1,1,1,"Evaluate the meme’s image and caption together. If it expresses sexist or hateful content, output 1. If not, output 0."
15953.jpg,1,1,1,"Analyze the meme as a whole (image + text). If it contains misogynistic or sexist stereotypes, output 1. If it does not, output 0. Respond with only one character."
15953.jpg,1,1,1,"Using the combination of image and text, decide if the meme promotes hate or discrimination. Reply ONLY with 1 or 0."
15953.jpg,1,1,1,"Classify this meme: 1 = hateful or offensive toward women, 0 = not hateful. Output only the digit."
15953.jpg,1,0,0,"When interpreting the meme’s image and text jointly, does it demean or stereotype women? Answer 1 if yes, 0 if no."
15514.jpg,1,0,0,"Considering the visual and textual content together, is this offensive or discriminatory? Answer 1 or 0."
15514.jpg,1,1,1,"Evaluate the meme’s image and caption together. If it expresses sexist or hateful content, output 1. If not, output 0."
15514.jpg,1,1,1,"Analyze the meme as a whole (image + text). If it contains misogynistic or sexist stereotypes, output 1. If it does not, output 0. Respond with only one character."
15514.jpg,1,0,0,"Using the combination of image and text, decide if the meme promotes hate or discrimination. Reply ONLY with 1 or 0."
15514.jpg,1,1,1,"Classify this meme: 1 = hateful or offensive toward women, 0 = not hateful. Output only the digit."
15514.jpg,1,0,No,"When interpreting the meme’s image and text jointly, does it demean or stereotype women? Answer 1 if yes, 0 if no."
15786.jpg,1,1,1,"Considering the visual and textual content together, is this offensive or discriminatory? Answer 1 or 0."
15786.jpg,1,1,1,"Evaluate the meme’s image and caption together. If it expresses sexist or hateful content, output 1. If not, output 0."
15786.jpg,1,1,1,"Analyze the meme as a whole (image + text). If it contains misogynistic or sexist stereotypes, output 1. If it does not, output 0. Respond with only one character."
15786.jpg,1,1,1,"Using the combination of image and text, decide if the meme promotes hate or discrimination. Reply ONLY with 1 or 0."
15786.jpg,1,1,1,"Classify this meme: 1 = hateful or offensive toward women, 0 = not hateful. Output only the digit."
15786.jpg,1,0,0,"When interpreting the meme’s image and text jointly, does it demean or stereotype women? Answer 1 if yes, 0 if no."
15187.jpg,1,0,0,"Considering the visual and textual content together, is this offensive or discriminatory? Answer 1 or 0."
15187.jpg,1,0,0,"Evaluate the meme’s image and caption together. If it expresses sexist or hateful content, output 1. If not, output 0."
15187.jpg,1,0,0,"Analyze the meme as a whole (image + text). If it contains misogynistic or sexist stereotypes, output 1. If it does not, output 0. Respond with only one character."
15187.jpg,1,0,0,"Using the combination of image and text, decide if the meme promotes hate or discrimination. Reply ONLY with 1 or 0."
15187.jpg,1,0,0,"Classify this meme: 1 = hateful or offensive toward women, 0 = not hateful. Output only the digit."
15187.jpg,1,0,0,"When interpreting the meme’s image and text jointly, does it demean or stereotype women? Answer 1 if yes, 0 if no."
15489.jpg,0,0,0,"Considering the visual and textual content together, is this offensive or discriminatory? Answer 1 or 0."
15489.jpg,0,0,0,"Evaluate the meme’s image and caption together. If it expresses sexist or hateful content, output 1. If not, output 0."
15489.jpg,0,1,1,"Analyze the meme as a whole (image + text). If it contains misogynistic or sexist stereotypes, output 1. If it does not, output 0. Respond with only one character."
15489.jpg,0,0,0,"Using the combination of image and text, decide if the meme promotes hate or discrimination. Reply ONLY with 1 or 0."
15489.jpg,0,1,1,"Classify this meme: 1 = hateful or offensive toward women, 0 = not hateful. Output only the digit."
15489.jpg,0,0,0,"When interpreting the meme’s image and text jointly, does it demean or stereotype women? Answer 1 if yes, 0 if no."
15689.jpg,1,1,1,"Considering the visual and textual content together, is this offensive or discriminatory? Answer 1 or 0."
15689.jpg,1,1,1.,"Evaluate the meme’s image and caption together. If it expresses sexist or hateful content, output 1. If not, output 0."
15689.jpg,1,0,0,"Analyze the meme as a whole (image + text). If it contains misogynistic or sexist stereotypes, output 1. If it does not, output 0. Respond with only one character."
15689.jpg,1,0,0,"Using the combination of image and text, decide if the meme promotes hate or discrimination. Reply ONLY with 1 or 0."
15689.jpg,1,1,1,"Classify this meme: 1 = hateful or offensive toward women, 0 = not hateful. Output only the digit."
15689.jpg,1,0,0,"When interpreting the meme’s image and text jointly, does it demean or stereotype women? Answer 1 if yes, 0 if no."
16052.jpg,1,0,0,"Considering the visual and textual content together, is this offensive or discriminatory? Answer 1 or 0."
16052.jpg,1,1,1,"Evaluate the meme’s image and caption together. If it expresses sexist or hateful content, output 1. If not, output 0."
16052.jpg,1,1,1,"Analyze the meme as a whole (image + text). If it contains misogynistic or sexist stereotypes, output 1. If it does not, output 0. Respond with only one character."
16052.jpg,1,0,0,"Using the combination of image and text, decide if the meme promotes hate or discrimination. Reply ONLY with 1 or 0."
16052.jpg,1,1,1,"Classify this meme: 1 = hateful or offensive toward women, 0 = not hateful. Output only the digit."
16052.jpg,1,0,0,"When interpreting the meme’s image and text jointly, does it demean or stereotype women? Answer 1 if yes, 0 if no."
15700.jpg,0,0,0,"Considering the visual and textual content together, is this offensive or discriminatory? Answer 1 or 0."
15700.jpg,0,0,0,"Evaluate the meme’s image and caption together. If it expresses sexist or hateful content, output 1. If not, output 0."
15700.jpg,0,1,1,"Analyze the meme as a whole (image + text). If it contains misogynistic or sexist stereotypes, output 1. If it does not, output 0. Respond with only one character."
15700.jpg,0,0,0,"Using the combination of image and text, decide if the meme promotes hate or discrimination. Reply ONLY with 1 or 0."
15700.jpg,0,1,1,"Classify this meme: 1 = hateful or offensive toward women, 0 = not hateful. Output only the digit."
15700.jpg,0,0,0,"When interpreting the meme’s image and text jointly, does it demean or stereotype women? Answer 1 if yes, 0 if no."
15135.jpg,0,0,0,"Considering the visual and textual content together, is this offensive or discriminatory? Answer 1 or 0."
15135.jpg,0,1,"The meme's image and caption do not express sexist or hateful content. Therefore, the output is 0.","Evaluate the meme’s image and caption together. If it expresses sexist or hateful content, output 1. If not, output 0."
15135.jpg,0,1,1,"Analyze the meme as a whole (image + text). If it contains misogynistic or sexist stereotypes, output 1. If it does not, output 0. Respond with only one character."
15135.jpg,0,0,0,"Using the combination of image and text, decide if the meme promotes hate or discrimination. Reply ONLY with 1 or 0."
15135.jpg,0,0,0,"Classify this meme: 1 = hateful or offensive toward women, 0 = not hateful. Output only the digit."
15135.jpg,0,0,0,"When interpreting the meme’s image and text jointly, does it demean or stereotype women? Answer 1 if yes, 0 if no."
15898.jpg,1,0,0,"Considering the visual and textual content together, is this offensive or discriminatory? Answer 1 or 0."
15898.jpg,1,0,0,"Evaluate the meme’s image and caption together. If it expresses sexist or hateful content, output 1. If not, output 0."
15898.jpg,1,1,1,"Analyze the meme as a whole (image + text). If it contains misogynistic or sexist stereotypes, output 1. If it does not, output 0. Respond with only one character."
15898.jpg,1,0,0,"Using the combination of image and text, decide if the meme promotes hate or discrimination. Reply ONLY with 1 or 0."
15898.jpg,1,1,1,"Classify this meme: 1 = hateful or offensive toward women, 0 = not hateful. Output only the digit."
15898.jpg,1,0,No,"When interpreting the meme’s image and text jointly, does it demean or stereotype women? Answer 1 if yes, 0 if no."
15836.jpg,0,0,0,"Considering the visual and textual content together, is this offensive or discriminatory? Answer 1 or 0."
15836.jpg,0,0,0,"Evaluate the meme’s image and caption together. If it expresses sexist or hateful content, output 1. If not, output 0."
15836.jpg,0,1,1,"Analyze the meme as a whole (image + text). If it contains misogynistic or sexist stereotypes, output 1. If it does not, output 0. Respond with only one character."
15836.jpg,0,0,0,"Using the combination of image and text, decide if the meme promotes hate or discrimination. Reply ONLY with 1 or 0."
15836.jpg,0,1,1,"Classify this meme: 1 = hateful or offensive toward women, 0 = not hateful. Output only the digit."
15836.jpg,0,0,No,"When interpreting the meme’s image and text jointly, does it demean or stereotype women? Answer 1 if yes, 0 if no."
15091.jpg,0,0,0,"Considering the visual and textual content together, is this offensive or discriminatory? Answer 1 or 0."
15091.jpg,0,0,0,"Evaluate the meme’s image and caption together. If it expresses sexist or hateful content, output 1. If not, output 0."
15091.jpg,0,1,1,"Analyze the meme as a whole (image + text). If it contains misogynistic or sexist stereotypes, output 1. If it does not, output 0. Respond with only one character."
15091.jpg,0,0,0,"Using the combination of image and text, decide if the meme promotes hate or discrimination. Reply ONLY with 1 or 0."
15091.jpg,0,1,1,"Classify this meme: 1 = hateful or offensive toward women, 0 = not hateful. Output only the digit."
15091.jpg,0,0,0,"When interpreting the meme’s image and text jointly, does it demean or stereotype women? Answer 1 if yes, 0 if no."
15497.jpg,1,1,1,"Considering the visual and textual content together, is this offensive or discriminatory? Answer 1 or 0."
15497.jpg,1,1,1,"Evaluate the meme’s image and caption together. If it expresses sexist or hateful content, output 1. If not, output 0."
15497.jpg,1,1,1,"Analyze the meme as a whole (image + text). If it contains misogynistic or sexist stereotypes, output 1. If it does not, output 0. Respond with only one character."
15497.jpg,1,1,1,"Using the combination of image and text, decide if the meme promotes hate or discrimination. Reply ONLY with 1 or 0."
15497.jpg,1,1,1,"Classify this meme: 1 = hateful or offensive toward women, 0 = not hateful. Output only the digit."
15497.jpg,1,0,0,"When interpreting the meme’s image and text jointly, does it demean or stereotype women? Answer 1 if yes, 0 if no."
16247.jpg,1,0,0,"Considering the visual and textual content together, is this offensive or discriminatory? Answer 1 or 0."
16247.jpg,1,1,1,"Evaluate the meme’s image and caption together. If it expresses sexist or hateful content, output 1. If not, output 0."
16247.jpg,1,1,1,"Analyze the meme as a whole (image + text). If it contains misogynistic or sexist stereotypes, output 1. If it does not, output 0. Respond with only one character."
16247.jpg,1,0,0,"Using the combination of image and text, decide if the meme promotes hate or discrimination. Reply ONLY with 1 or 0."
16247.jpg,1,1,1,"Classify this meme: 1 = hateful or offensive toward women, 0 = not hateful. Output only the digit."
16247.jpg,1,0,0,"When interpreting the meme’s image and text jointly, does it demean or stereotype women? Answer 1 if yes, 0 if no."
15831.jpg,1,0,0,"Considering the visual and textual content together, is this offensive or discriminatory? Answer 1 or 0."
15831.jpg,1,1,1,"Evaluate the meme’s image and caption together. If it expresses sexist or hateful content, output 1. If not, output 0."
15831.jpg,1,1,1,"Analyze the meme as a whole (image + text). If it contains misogynistic or sexist stereotypes, output 1. If it does not, output 0. Respond with only one character."
15831.jpg,1,0,0,"Using the combination of image and text, decide if the meme promotes hate or discrimination. Reply ONLY with 1 or 0."
15831.jpg,1,1,1,"Classify this meme: 1 = hateful or offensive toward women, 0 = not hateful. Output only the digit."
15831.jpg,1,0,0,"When interpreting the meme’s image and text jointly, does it demean or stereotype women? Answer 1 if yes, 0 if no."
17069.jpg,1,1,1,"Considering the visual and textual content together, is this offensive or discriminatory? Answer 1 or 0."
17069.jpg,1,1,1,"Evaluate the meme’s image and caption together. If it expresses sexist or hateful content, output 1. If not, output 0."
17069.jpg,1,1,1,"Analyze the meme as a whole (image + text). If it contains misogynistic or sexist stereotypes, output 1. If it does not, output 0. Respond with only one character."
17069.jpg,1,1,1,"Using the combination of image and text, decide if the meme promotes hate or discrimination. Reply ONLY with 1 or 0."
17069.jpg,1,1,1,"Classify this meme: 1 = hateful or offensive toward women, 0 = not hateful. Output only the digit."
17069.jpg,1,1,Yes,"When interpreting the meme’s image and text jointly, does it demean or stereotype women? Answer 1 if yes, 0 if no."
15477.jpg,0,0,0,"Considering the visual and textual content together, is this offensive or discriminatory? Answer 1 or 0."
15477.jpg,0,1,1,"Evaluate the meme’s image and caption together. If it expresses sexist or hateful content, output 1. If not, output 0."
15477.jpg,0,1,1,"Analyze the meme as a whole (image + text). If it contains misogynistic or sexist stereotypes, output 1. If it does not, output 0. Respond with only one character."
15477.jpg,0,0,0,"Using the combination of image and text, decide if the meme promotes hate or discrimination. Reply ONLY with 1 or 0."
15477.jpg,0,1,1,"Classify this meme: 1 = hateful or offensive toward women, 0 = not hateful. Output only the digit."
15477.jpg,0,0,No,"When interpreting the meme’s image and text jointly, does it demean or stereotype women? Answer 1 if yes, 0 if no."
15547.jpg,0,0,0,"Considering the visual and textual content together, is this offensive or discriminatory? Answer 1 or 0."
15547.jpg,0,0,0,"Evaluate the meme’s image and caption together. If it expresses sexist or hateful content, output 1. If not, output 0."
15547.jpg,0,0,0,"Analyze the meme as a whole (image + text). If it contains misogynistic or sexist stereotypes, output 1. If it does not, output 0. Respond with only one character."
15547.jpg,0,0,0,"Using the combination of image and text, decide if the meme promotes hate or discrimination. Reply ONLY with 1 or 0."
15547.jpg,0,1,1,"Classify this meme: 1 = hateful or offensive toward women, 0 = not hateful. Output only the digit."
15547.jpg,0,0,0,"When interpreting the meme’s image and text jointly, does it demean or stereotype women? Answer 1 if yes, 0 if no."
16214.jpg,0,0,0,"Considering the visual and textual content together, is this offensive or discriminatory? Answer 1 or 0."
16214.jpg,0,0,0,"Evaluate the meme’s image and caption together. If it expresses sexist or hateful content, output 1. If not, output 0."
16214.jpg,0,0,0,"Analyze the meme as a whole (image + text). If it contains misogynistic or sexist stereotypes, output 1. If it does not, output 0. Respond with only one character."
16214.jpg,0,0,0,"Using the combination of image and text, decide if the meme promotes hate or discrimination. Reply ONLY with 1 or 0."
16214.jpg,0,1,1,"Classify this meme: 1 = hateful or offensive toward women, 0 = not hateful. Output only the digit."
16214.jpg,0,0,0,"When interpreting the meme’s image and text jointly, does it demean or stereotype women? Answer 1 if yes, 0 if no."
15340.jpg,1,0,0,"Considering the visual and textual content together, is this offensive or discriminatory? Answer 1 or 0."
15340.jpg,1,0,0,"Evaluate the meme’s image and caption together. If it expresses sexist or hateful content, output 1. If not, output 0."
15340.jpg,1,1,1,"Analyze the meme as a whole (image + text). If it contains misogynistic or sexist stereotypes, output 1. If it does not, output 0. Respond with only one character."
15340.jpg,1,0,0,"Using the combination of image and text, decide if the meme promotes hate or discrimination. Reply ONLY with 1 or 0."
15340.jpg,1,1,1,"Classify this meme: 1 = hateful or offensive toward women, 0 = not hateful. Output only the digit."
15340.jpg,1,0,No,"When interpreting the meme’s image and text jointly, does it demean or stereotype women? Answer 1 if yes, 0 if no."
15118.jpg,0,1,1,"Considering the visual and textual content together, is this offensive or discriminatory? Answer 1 or 0."
15118.jpg,0,1,1,"Evaluate the meme’s image and caption together. If it expresses sexist or hateful content, output 1. If not, output 0."
15118.jpg,0,1,1,"Analyze the meme as a whole (image + text). If it contains misogynistic or sexist stereotypes, output 1. If it does not, output 0. Respond with only one character."
15118.jpg,0,0,0,"Using the combination of image and text, decide if the meme promotes hate or discrimination. Reply ONLY with 1 or 0."
15118.jpg,0,1,1,"Classify this meme: 1 = hateful or offensive toward women, 0 = not hateful. Output only the digit."
15118.jpg,0,0,0,"When interpreting the meme’s image and text jointly, does it demean or stereotype women? Answer 1 if yes, 0 if no."
15323.jpg,1,0,0,"Considering the visual and textual content together, is this offensive or discriminatory? Answer 1 or 0."
15323.jpg,1,0,0,"Evaluate the meme’s image and caption together. If it expresses sexist or hateful content, output 1. If not, output 0."
15323.jpg,1,0,0,"Analyze the meme as a whole (image + text). If it contains misogynistic or sexist stereotypes, output 1. If it does not, output 0. Respond with only one character."
15323.jpg,1,0,0,"Using the combination of image and text, decide if the meme promotes hate or discrimination. Reply ONLY with 1 or 0."
15323.jpg,1,1,1,"Classify this meme: 1 = hateful or offensive toward women, 0 = not hateful. Output only the digit."
15323.jpg,1,0,0,"When interpreting the meme’s image and text jointly, does it demean or stereotype women? Answer 1 if yes, 0 if no."
15861.jpg,0,0,0,"Considering the visual and textual content together, is this offensive or discriminatory? Answer 1 or 0."
15861.jpg,0,0,0,"Evaluate the meme’s image and caption together. If it expresses sexist or hateful content, output 1. If not, output 0."
15861.jpg,0,1,1,"Analyze the meme as a whole (image + text). If it contains misogynistic or sexist stereotypes, output 1. If it does not, output 0. Respond with only one character."
15861.jpg,0,0,0,"Using the combination of image and text, decide if the meme promotes hate or discrimination. Reply ONLY with 1 or 0."
15861.jpg,0,1,1,"Classify this meme: 1 = hateful or offensive toward women, 0 = not hateful. Output only the digit."
15861.jpg,0,0,No,"When interpreting the meme’s image and text jointly, does it demean or stereotype women? Answer 1 if yes, 0 if no."
15830.jpg,0,1,1,"Considering the visual and textual content together, is this offensive or discriminatory? Answer 1 or 0."
15830.jpg,0,1,1,"Evaluate the meme’s image and caption together. If it expresses sexist or hateful content, output 1. If not, output 0."
15830.jpg,0,1,1,"Analyze the meme as a whole (image + text). If it contains misogynistic or sexist stereotypes, output 1. If it does not, output 0. Respond with only one character."
15830.jpg,0,1,1,"Using the combination of image and text, decide if the meme promotes hate or discrimination. Reply ONLY with 1 or 0."
15830.jpg,0,1,1,"Classify this meme: 1 = hateful or offensive toward women, 0 = not hateful. Output only the digit."
15830.jpg,0,0,0,"When interpreting the meme’s image and text jointly, does it demean or stereotype women? Answer 1 if yes, 0 if no."
15532.jpg,0,1,1,"Considering the visual and textual content together, is this offensive or discriminatory? Answer 1 or 0."
15532.jpg,0,1,1,"Evaluate the meme’s image and caption together. If it expresses sexist or hateful content, output 1. If not, output 0."
15532.jpg,0,1,1,"Analyze the meme as a whole (image + text). If it contains misogynistic or sexist stereotypes, output 1. If it does not, output 0. Respond with only one character."
15532.jpg,0,0,0,"Using the combination of image and text, decide if the meme promotes hate or discrimination. Reply ONLY with 1 or 0."
15532.jpg,0,1,1,"Classify this meme: 1 = hateful or offensive toward women, 0 = not hateful. Output only the digit."
15532.jpg,0,0,No,"When interpreting the meme’s image and text jointly, does it demean or stereotype women? Answer 1 if yes, 0 if no."
15379.jpg,0,1,1,"Considering the visual and textual content together, is this offensive or discriminatory? Answer 1 or 0."
15379.jpg,0,0,0,"Evaluate the meme’s image and caption together. If it expresses sexist or hateful content, output 1. If not, output 0."
15379.jpg,0,1,1,"Analyze the meme as a whole (image + text). If it contains misogynistic or sexist stereotypes, output 1. If it does not, output 0. Respond with only one character."
15379.jpg,0,0,0,"Using the combination of image and text, decide if the meme promotes hate or discrimination. Reply ONLY with 1 or 0."
15379.jpg,0,1,1,"Classify this meme: 1 = hateful or offensive toward women, 0 = not hateful. Output only the digit."
15379.jpg,0,0,0,"When interpreting the meme’s image and text jointly, does it demean or stereotype women? Answer 1 if yes, 0 if no."
15253.jpg,1,0,0,"Considering the visual and textual content together, is this offensive or discriminatory? Answer 1 or 0."
15253.jpg,1,0,0,"Evaluate the meme’s image and caption together. If it expresses sexist or hateful content, output 1. If not, output 0."
15253.jpg,1,1,1,"Analyze the meme as a whole (image + text). If it contains misogynistic or sexist stereotypes, output 1. If it does not, output 0. Respond with only one character."
15253.jpg,1,0,0,"Using the combination of image and text, decide if the meme promotes hate or discrimination. Reply ONLY with 1 or 0."
15253.jpg,1,1,1,"Classify this meme: 1 = hateful or offensive toward women, 0 = not hateful. Output only the digit."
15253.jpg,1,0,0,"When interpreting the meme’s image and text jointly, does it demean or stereotype women? Answer 1 if yes, 0 if no."
16216.jpg,0,0,0,"Considering the visual and textual content together, is this offensive or discriminatory? Answer 1 or 0."
16216.jpg,0,0,0,"Evaluate the meme’s image and caption together. If it expresses sexist or hateful content, output 1. If not, output 0."
16216.jpg,0,0,0,"Analyze the meme as a whole (image + text). If it contains misogynistic or sexist stereotypes, output 1. If it does not, output 0. Respond with only one character."
16216.jpg,0,0,0,"Using the combination of image and text, decide if the meme promotes hate or discrimination. Reply ONLY with 1 or 0."
16216.jpg,0,1,1,"Classify this meme: 1 = hateful or offensive toward women, 0 = not hateful. Output only the digit."
16216.jpg,0,0,0,"When interpreting the meme’s image and text jointly, does it demean or stereotype women? Answer 1 if yes, 0 if no."
15178.jpg,0,0,0,"Considering the visual and textual content together, is this offensive or discriminatory? Answer 1 or 0."
15178.jpg,0,0,0,"Evaluate the meme’s image and caption together. If it expresses sexist or hateful content, output 1. If not, output 0."
15178.jpg,0,1,1,"Analyze the meme as a whole (image + text). If it contains misogynistic or sexist stereotypes, output 1. If it does not, output 0. Respond with only one character."
15178.jpg,0,0,0,"Using the combination of image and text, decide if the meme promotes hate or discrimination. Reply ONLY with 1 or 0."
15178.jpg,0,1,1,"Classify this meme: 1 = hateful or offensive toward women, 0 = not hateful. Output only the digit."
15178.jpg,0,0,0,"When interpreting the meme’s image and text jointly, does it demean or stereotype women? Answer 1 if yes, 0 if no."
16064.jpg,0,0,0,"Considering the visual and textual content together, is this offensive or discriminatory? Answer 1 or 0."
16064.jpg,0,0,0,"Evaluate the meme’s image and caption together. If it expresses sexist or hateful content, output 1. If not, output 0."
16064.jpg,0,1,1,"Analyze the meme as a whole (image + text). If it contains misogynistic or sexist stereotypes, output 1. If it does not, output 0. Respond with only one character."
16064.jpg,0,0,0,"Using the combination of image and text, decide if the meme promotes hate or discrimination. Reply ONLY with 1 or 0."
16064.jpg,0,1,1,"Classify this meme: 1 = hateful or offensive toward women, 0 = not hateful. Output only the digit."
16064.jpg,0,0,0,"When interpreting the meme’s image and text jointly, does it demean or stereotype women? Answer 1 if yes, 0 if no."
16021.jpg,1,0,0,"Considering the visual and textual content together, is this offensive or discriminatory? Answer 1 or 0."
16021.jpg,1,1,1,"Evaluate the meme’s image and caption together. If it expresses sexist or hateful content, output 1. If not, output 0."
16021.jpg,1,1,1,"Analyze the meme as a whole (image + text). If it contains misogynistic or sexist stereotypes, output 1. If it does not, output 0. Respond with only one character."
16021.jpg,1,0,0,"Using the combination of image and text, decide if the meme promotes hate or discrimination. Reply ONLY with 1 or 0."
16021.jpg,1,1,1,"Classify this meme: 1 = hateful or offensive toward women, 0 = not hateful. Output only the digit."
16021.jpg,1,0,0,"When interpreting the meme’s image and text jointly, does it demean or stereotype women? Answer 1 if yes, 0 if no."
15711.jpg,0,0,0,"Considering the visual and textual content together, is this offensive or discriminatory? Answer 1 or 0."
15711.jpg,0,0,0,"Evaluate the meme’s image and caption together. If it expresses sexist or hateful content, output 1. If not, output 0."
15711.jpg,0,1,1,"Analyze the meme as a whole (image + text). If it contains misogynistic or sexist stereotypes, output 1. If it does not, output 0. Respond with only one character."
15711.jpg,0,0,0,"Using the combination of image and text, decide if the meme promotes hate or discrimination. Reply ONLY with 1 or 0."
15711.jpg,0,1,1,"Classify this meme: 1 = hateful or offensive toward women, 0 = not hateful. Output only the digit."
15711.jpg,0,0,No,"When interpreting the meme’s image and text jointly, does it demean or stereotype women? Answer 1 if yes, 0 if no."
15070.jpg,1,0,0,"Considering the visual and textual content together, is this offensive or discriminatory? Answer 1 or 0."
15070.jpg,1,1,1,"Evaluate the meme’s image and caption together. If it expresses sexist or hateful content, output 1. If not, output 0."
15070.jpg,1,1,1,"Analyze the meme as a whole (image + text). If it contains misogynistic or sexist stereotypes, output 1. If it does not, output 0. Respond with only one character."
15070.jpg,1,1,1,"Using the combination of image and text, decide if the meme promotes hate or discrimination. Reply ONLY with 1 or 0."
15070.jpg,1,1,1,"Classify this meme: 1 = hateful or offensive toward women, 0 = not hateful. Output only the digit."
15070.jpg,1,0,No,"When interpreting the meme’s image and text jointly, does it demean or stereotype women? Answer 1 if yes, 0 if no."
15973.jpg,0,0,0,"Considering the visual and textual content together, is this offensive or discriminatory? Answer 1 or 0."
15973.jpg,0,0,0,"Evaluate the meme’s image and caption together. If it expresses sexist or hateful content, output 1. If not, output 0."
15973.jpg,0,1,1,"Analyze the meme as a whole (image + text). If it contains misogynistic or sexist stereotypes, output 1. If it does not, output 0. Respond with only one character."
15973.jpg,0,0,0,"Using the combination of image and text, decide if the meme promotes hate or discrimination. Reply ONLY with 1 or 0."
15973.jpg,0,0,0,"Classify this meme: 1 = hateful or offensive toward women, 0 = not hateful. Output only the digit."
15973.jpg,0,0,No,"When interpreting the meme’s image and text jointly, does it demean or stereotype women? Answer 1 if yes, 0 if no."
16199.jpg,0,0,0,"Considering the visual and textual content together, is this offensive or discriminatory? Answer 1 or 0."
16199.jpg,0,0,0,"Evaluate the meme’s image and caption together. If it expresses sexist or hateful content, output 1. If not, output 0."
16199.jpg,0,0,0,"Analyze the meme as a whole (image + text). If it contains misogynistic or sexist stereotypes, output 1. If it does not, output 0. Respond with only one character."
16199.jpg,0,0,0,"Using the combination of image and text, decide if the meme promotes hate or discrimination. Reply ONLY with 1 or 0."
16199.jpg,0,1,1,"Classify this meme: 1 = hateful or offensive toward women, 0 = not hateful. Output only the digit."
16199.jpg,0,0,No,"When interpreting the meme’s image and text jointly, does it demean or stereotype women? Answer 1 if yes, 0 if no."
16268.jpg,1,1,1,"Considering the visual and textual content together, is this offensive or discriminatory? Answer 1 or 0."
16268.jpg,1,1,1,"Evaluate the meme’s image and caption together. If it expresses sexist or hateful content, output 1. If not, output 0."
16268.jpg,1,1,1,"Analyze the meme as a whole (image + text). If it contains misogynistic or sexist stereotypes, output 1. If it does not, output 0. Respond with only one character."
16268.jpg,1,1,1,"Using the combination of image and text, decide if the meme promotes hate or discrimination. Reply ONLY with 1 or 0."
16268.jpg,1,1,1,"Classify this meme: 1 = hateful or offensive toward women, 0 = not hateful. Output only the digit."
16268.jpg,1,0,0,"When interpreting the meme’s image and text jointly, does it demean or stereotype women? Answer 1 if yes, 0 if no."
15927.jpg,1,1,1,"Considering the visual and textual content together, is this offensive or discriminatory? Answer 1 or 0."
15927.jpg,1,1,1,"Evaluate the meme’s image and caption together. If it expresses sexist or hateful content, output 1. If not, output 0."
15927.jpg,1,1,1,"Analyze the meme as a whole (image + text). If it contains misogynistic or sexist stereotypes, output 1. If it does not, output 0. Respond with only one character."
15927.jpg,1,1,1,"Using the combination of image and text, decide if the meme promotes hate or discrimination. Reply ONLY with 1 or 0."
15927.jpg,1,1,1,"Classify this meme: 1 = hateful or offensive toward women, 0 = not hateful. Output only the digit."
15927.jpg,1,0,0,"When interpreting the meme’s image and text jointly, does it demean or stereotype women? Answer 1 if yes, 0 if no."
15696.jpg,0,0,0,"Considering the visual and textual content together, is this offensive or discriminatory? Answer 1 or 0."
15696.jpg,0,1,"The meme's image and caption do not express sexist or hateful content. It is a light-hearted comparison between how girls and boys surprise each other, using humor to highlight differences in behavior. Therefore, the output is 0.","Evaluate the meme’s image and caption together. If it expresses sexist or hateful content, output 1. If not, output 0."
15696.jpg,0,1,1,"Analyze the meme as a whole (image + text). If it contains misogynistic or sexist stereotypes, output 1. If it does not, output 0. Respond with only one character."
15696.jpg,0,0,0,"Using the combination of image and text, decide if the meme promotes hate or discrimination. Reply ONLY with 1 or 0."
15696.jpg,0,1,1,"Classify this meme: 1 = hateful or offensive toward women, 0 = not hateful. Output only the digit."
15696.jpg,0,0,No,"When interpreting the meme’s image and text jointly, does it demean or stereotype women? Answer 1 if yes, 0 if no."
15721.jpg,1,1,1,"Considering the visual and textual content together, is this offensive or discriminatory? Answer 1 or 0."
15721.jpg,1,1,1,"Evaluate the meme’s image and caption together. If it expresses sexist or hateful content, output 1. If not, output 0."
15721.jpg,1,1,1,"Analyze the meme as a whole (image + text). If it contains misogynistic or sexist stereotypes, output 1. If it does not, output 0. Respond with only one character."
15721.jpg,1,1,1,"Using the combination of image and text, decide if the meme promotes hate or discrimination. Reply ONLY with 1 or 0."
15721.jpg,1,1,1,"Classify this meme: 1 = hateful or offensive toward women, 0 = not hateful. Output only the digit."
15721.jpg,1,0,0,"When interpreting the meme’s image and text jointly, does it demean or stereotype women? Answer 1 if yes, 0 if no."
15021.jpg,0,0,0,"Considering the visual and textual content together, is this offensive or discriminatory? Answer 1 or 0."
15021.jpg,0,0,0,"Evaluate the meme’s image and caption together. If it expresses sexist or hateful content, output 1. If not, output 0."
15021.jpg,0,1,1,"Analyze the meme as a whole (image + text). If it contains misogynistic or sexist stereotypes, output 1. If it does not, output 0. Respond with only one character."
15021.jpg,0,0,0,"Using the combination of image and text, decide if the meme promotes hate or discrimination. Reply ONLY with 1 or 0."
15021.jpg,0,1,1,"Classify this meme: 1 = hateful or offensive toward women, 0 = not hateful. Output only the digit."
15021.jpg,0,0,0,"When interpreting the meme’s image and text jointly, does it demean or stereotype women? Answer 1 if yes, 0 if no."
16083.jpg,0,0,0,"Considering the visual and textual content together, is this offensive or discriminatory? Answer 1 or 0."
16083.jpg,0,1,1,"Evaluate the meme’s image and caption together. If it expresses sexist or hateful content, output 1. If not, output 0."
16083.jpg,0,1,1,"Analyze the meme as a whole (image + text). If it contains misogynistic or sexist stereotypes, output 1. If it does not, output 0. Respond with only one character."
16083.jpg,0,0,0,"Using the combination of image and text, decide if the meme promotes hate or discrimination. Reply ONLY with 1 or 0."
16083.jpg,0,1,1,"Classify this meme: 1 = hateful or offensive toward women, 0 = not hateful. Output only the digit."
16083.jpg,0,0,No,"When interpreting the meme’s image and text jointly, does it demean or stereotype women? Answer 1 if yes, 0 if no."
15726.jpg,0,1,1,"Considering the visual and textual content together, is this offensive or discriminatory? Answer 1 or 0."
15726.jpg,0,1,1,"Evaluate the meme’s image and caption together. If it expresses sexist or hateful content, output 1. If not, output 0."
15726.jpg,0,1,1,"Analyze the meme as a whole (image + text). If it contains misogynistic or sexist stereotypes, output 1. If it does not, output 0. Respond with only one character."
15726.jpg,0,1,1,"Using the combination of image and text, decide if the meme promotes hate or discrimination. Reply ONLY with 1 or 0."
15726.jpg,0,1,1,"Classify this meme: 1 = hateful or offensive toward women, 0 = not hateful. Output only the digit."
15726.jpg,0,0,0,"When interpreting the meme’s image and text jointly, does it demean or stereotype women? Answer 1 if yes, 0 if no."
15319.jpg,0,0,0,"Considering the visual and textual content together, is this offensive or discriminatory? Answer 1 or 0."
15319.jpg,0,0,0,"Evaluate the meme’s image and caption together. If it expresses sexist or hateful content, output 1. If not, output 0."
15319.jpg,0,0,0,"Analyze the meme as a whole (image + text). If it contains misogynistic or sexist stereotypes, output 1. If it does not, output 0. Respond with only one character."
15319.jpg,0,0,0,"Using the combination of image and text, decide if the meme promotes hate or discrimination. Reply ONLY with 1 or 0."
15319.jpg,0,0,0,"Classify this meme: 1 = hateful or offensive toward women, 0 = not hateful. Output only the digit."
15319.jpg,0,0,No,"When interpreting the meme’s image and text jointly, does it demean or stereotype women? Answer 1 if yes, 0 if no."
15220.jpg,0,1,1,"Considering the visual and textual content together, is this offensive or discriminatory? Answer 1 or 0."
15220.jpg,0,0,0,"Evaluate the meme’s image and caption together. If it expresses sexist or hateful content, output 1. If not, output 0."
15220.jpg,0,0,0,"Analyze the meme as a whole (image + text). If it contains misogynistic or sexist stereotypes, output 1. If it does not, output 0. Respond with only one character."
15220.jpg,0,0,0,"Using the combination of image and text, decide if the meme promotes hate or discrimination. Reply ONLY with 1 or 0."
15220.jpg,0,1,1,"Classify this meme: 1 = hateful or offensive toward women, 0 = not hateful. Output only the digit."
15220.jpg,0,0,0,"When interpreting the meme’s image and text jointly, does it demean or stereotype women? Answer 1 if yes, 0 if no."
15472.jpg,1,0,0,"Considering the visual and textual content together, is this offensive or discriminatory? Answer 1 or 0."
15472.jpg,1,1,1,"Evaluate the meme’s image and caption together. If it expresses sexist or hateful content, output 1. If not, output 0."
15472.jpg,1,1,1,"Analyze the meme as a whole (image + text). If it contains misogynistic or sexist stereotypes, output 1. If it does not, output 0. Respond with only one character."
15472.jpg,1,1,1,"Using the combination of image and text, decide if the meme promotes hate or discrimination. Reply ONLY with 1 or 0."
15472.jpg,1,1,1,"Classify this meme: 1 = hateful or offensive toward women, 0 = not hateful. Output only the digit."
15472.jpg,1,0,"It is not clear what the intended meaning of the meme is or how it might be interpreted by others. However, if the meme is intended to make a joke or comment about women in the tech industry, it could be considered demeaning or stere","When interpreting the meme’s image and text jointly, does it demean or stereotype women? Answer 1 if yes, 0 if no."
15204.jpg,0,0,0,"Considering the visual and textual content together, is this offensive or discriminatory? Answer 1 or 0."
15204.jpg,0,0,0,"Evaluate the meme’s image and caption together. If it expresses sexist or hateful content, output 1. If not, output 0."
15204.jpg,0,0,0,"Analyze the meme as a whole (image + text). If it contains misogynistic or sexist stereotypes, output 1. If it does not, output 0. Respond with only one character."
15204.jpg,0,0,0,"Using the combination of image and text, decide if the meme promotes hate or discrimination. Reply ONLY with 1 or 0."
15204.jpg,0,1,1,"Classify this meme: 1 = hateful or offensive toward women, 0 = not hateful. Output only the digit."
15204.jpg,0,0,0,"When interpreting the meme’s image and text jointly, does it demean or stereotype women? Answer 1 if yes, 0 if no."
15570.jpg,1,0,0,"Considering the visual and textual content together, is this offensive or discriminatory? Answer 1 or 0."
15570.jpg,1,1,1,"Evaluate the meme’s image and caption together. If it expresses sexist or hateful content, output 1. If not, output 0."
15570.jpg,1,1,1,"Analyze the meme as a whole (image + text). If it contains misogynistic or sexist stereotypes, output 1. If it does not, output 0. Respond with only one character."
15570.jpg,1,0,0,"Using the combination of image and text, decide if the meme promotes hate or discrimination. Reply ONLY with 1 or 0."
15570.jpg,1,1,1,"Classify this meme: 1 = hateful or offensive toward women, 0 = not hateful. Output only the digit."
15570.jpg,1,0,0,"When interpreting the meme’s image and text jointly, does it demean or stereotype women? Answer 1 if yes, 0 if no."
15513.jpg,0,1,1,"Considering the visual and textual content together, is this offensive or discriminatory? Answer 1 or 0."
15513.jpg,0,1,1,"Evaluate the meme’s image and caption together. If it expresses sexist or hateful content, output 1. If not, output 0."
15513.jpg,0,1,1,"Analyze the meme as a whole (image + text). If it contains misogynistic or sexist stereotypes, output 1. If it does not, output 0. Respond with only one character."
15513.jpg,0,0,0,"Using the combination of image and text, decide if the meme promotes hate or discrimination. Reply ONLY with 1 or 0."
15513.jpg,0,1,1,"Classify this meme: 1 = hateful or offensive toward women, 0 = not hateful. Output only the digit."
15513.jpg,0,0,0,"When interpreting the meme’s image and text jointly, does it demean or stereotype women? Answer 1 if yes, 0 if no."
15703.jpg,0,0,0,"Considering the visual and textual content together, is this offensive or discriminatory? Answer 1 or 0."
15703.jpg,0,0,0,"Evaluate the meme’s image and caption together. If it expresses sexist or hateful content, output 1. If not, output 0."
15703.jpg,0,0,0,"Analyze the meme as a whole (image + text). If it contains misogynistic or sexist stereotypes, output 1. If it does not, output 0. Respond with only one character."
15703.jpg,0,0,0,"Using the combination of image and text, decide if the meme promotes hate or discrimination. Reply ONLY with 1 or 0."
15703.jpg,0,1,1,"Classify this meme: 1 = hateful or offensive toward women, 0 = not hateful. Output only the digit."
15703.jpg,0,0,0,"When interpreting the meme’s image and text jointly, does it demean or stereotype women? Answer 1 if yes, 0 if no."
15292.jpg,0,1,1,"Considering the visual and textual content together, is this offensive or discriminatory? Answer 1 or 0."
15292.jpg,0,0,0,"Evaluate the meme’s image and caption together. If it expresses sexist or hateful content, output 1. If not, output 0."
15292.jpg,0,1,1,"Analyze the meme as a whole (image + text). If it contains misogynistic or sexist stereotypes, output 1. If it does not, output 0. Respond with only one character."
15292.jpg,0,0,0,"Using the combination of image and text, decide if the meme promotes hate or discrimination. Reply ONLY with 1 or 0."
15292.jpg,0,1,1,"Classify this meme: 1 = hateful or offensive toward women, 0 = not hateful. Output only the digit."
15292.jpg,0,0,0,"When interpreting the meme’s image and text jointly, does it demean or stereotype women? Answer 1 if yes, 0 if no."
15102.jpg,1,1,1,"Considering the visual and textual content together, is this offensive or discriminatory? Answer 1 or 0."
15102.jpg,1,1,1,"Evaluate the meme’s image and caption together. If it expresses sexist or hateful content, output 1. If not, output 0."
15102.jpg,1,1,1,"Analyze the meme as a whole (image + text). If it contains misogynistic or sexist stereotypes, output 1. If it does not, output 0. Respond with only one character."
15102.jpg,1,0,0,"Using the combination of image and text, decide if the meme promotes hate or discrimination. Reply ONLY with 1 or 0."
15102.jpg,1,1,1,"Classify this meme: 1 = hateful or offensive toward women, 0 = not hateful. Output only the digit."
15102.jpg,1,0,0,"When interpreting the meme’s image and text jointly, does it demean or stereotype women? Answer 1 if yes, 0 if no."
15508.jpg,0,0,0.,"Considering the visual and textual content together, is this offensive or discriminatory? Answer 1 or 0."
15508.jpg,0,0,0,"Evaluate the meme’s image and caption together. If it expresses sexist or hateful content, output 1. If not, output 0."
15508.jpg,0,1,1,"Analyze the meme as a whole (image + text). If it contains misogynistic or sexist stereotypes, output 1. If it does not, output 0. Respond with only one character."
15508.jpg,0,0,0,"Using the combination of image and text, decide if the meme promotes hate or discrimination. Reply ONLY with 1 or 0."
15508.jpg,0,0,0,"Classify this meme: 1 = hateful or offensive toward women, 0 = not hateful. Output only the digit."
15508.jpg,0,0,No.,"When interpreting the meme’s image and text jointly, does it demean or stereotype women? Answer 1 if yes, 0 if no."
16288.jpg,1,1,1,"Considering the visual and textual content together, is this offensive or discriminatory? Answer 1 or 0."
16288.jpg,1,1,1,"Evaluate the meme’s image and caption together. If it expresses sexist or hateful content, output 1. If not, output 0."
16288.jpg,1,1,1,"Analyze the meme as a whole (image + text). If it contains misogynistic or sexist stereotypes, output 1. If it does not, output 0. Respond with only one character."
16288.jpg,1,0,0,"Using the combination of image and text, decide if the meme promotes hate or discrimination. Reply ONLY with 1 or 0."
16288.jpg,1,1,1,"Classify this meme: 1 = hateful or offensive toward women, 0 = not hateful. Output only the digit."
16288.jpg,1,0,No,"When interpreting the meme’s image and text jointly, does it demean or stereotype women? Answer 1 if yes, 0 if no."
15127.jpg,0,0,0,"Considering the visual and textual content together, is this offensive or discriminatory? Answer 1 or 0."
15127.jpg,0,0,0,"Evaluate the meme’s image and caption together. If it expresses sexist or hateful content, output 1. If not, output 0."
15127.jpg,0,1,1,"Analyze the meme as a whole (image + text). If it contains misogynistic or sexist stereotypes, output 1. If it does not, output 0. Respond with only one character."
15127.jpg,0,0,0,"Using the combination of image and text, decide if the meme promotes hate or discrimination. Reply ONLY with 1 or 0."
15127.jpg,0,1,1,"Classify this meme: 1 = hateful or offensive toward women, 0 = not hateful. Output only the digit."
15127.jpg,0,0,No,"When interpreting the meme’s image and text jointly, does it demean or stereotype women? Answer 1 if yes, 0 if no."
15524.jpg,0,1,1,"Considering the visual and textual content together, is this offensive or discriminatory? Answer 1 or 0."
15524.jpg,0,0,0,"Evaluate the meme’s image and caption together. If it expresses sexist or hateful content, output 1. If not, output 0."
15524.jpg,0,1,1,"Analyze the meme as a whole (image + text). If it contains misogynistic or sexist stereotypes, output 1. If it does not, output 0. Respond with only one character."
15524.jpg,0,0,0,"Using the combination of image and text, decide if the meme promotes hate or discrimination. Reply ONLY with 1 or 0."
15524.jpg,0,1,1,"Classify this meme: 1 = hateful or offensive toward women, 0 = not hateful. Output only the digit."
15524.jpg,0,0,No,"When interpreting the meme’s image and text jointly, does it demean or stereotype women? Answer 1 if yes, 0 if no."
15630.jpg,0,0,0,"Considering the visual and textual content together, is this offensive or discriminatory? Answer 1 or 0."
15630.jpg,0,1,1,"Evaluate the meme’s image and caption together. If it expresses sexist or hateful content, output 1. If not, output 0."
15630.jpg,0,1,1,"Analyze the meme as a whole (image + text). If it contains misogynistic or sexist stereotypes, output 1. If it does not, output 0. Respond with only one character."
15630.jpg,0,0,0,"Using the combination of image and text, decide if the meme promotes hate or discrimination. Reply ONLY with 1 or 0."
15630.jpg,0,0,0,"Classify this meme: 1 = hateful or offensive toward women, 0 = not hateful. Output only the digit."
15630.jpg,0,0,0,"When interpreting the meme’s image and text jointly, does it demean or stereotype women? Answer 1 if yes, 0 if no."
15980.jpg,1,1,1,"Considering the visual and textual content together, is this offensive or discriminatory? Answer 1 or 0."
15980.jpg,1,1,1,"Evaluate the meme’s image and caption together. If it expresses sexist or hateful content, output 1. If not, output 0."
15980.jpg,1,1,1,"Analyze the meme as a whole (image + text). If it contains misogynistic or sexist stereotypes, output 1. If it does not, output 0. Respond with only one character."
15980.jpg,1,1,1,"Using the combination of image and text, decide if the meme promotes hate or discrimination. Reply ONLY with 1 or 0."
15980.jpg,1,1,1,"Classify this meme: 1 = hateful or offensive toward women, 0 = not hateful. Output only the digit."
15980.jpg,1,0,0,"When interpreting the meme’s image and text jointly, does it demean or stereotype women? Answer 1 if yes, 0 if no."
15787.jpg,1,1,1,"Considering the visual and textual content together, is this offensive or discriminatory? Answer 1 or 0."
15787.jpg,1,1,1,"Evaluate the meme’s image and caption together. If it expresses sexist or hateful content, output 1. If not, output 0."
15787.jpg,1,1,1,"Analyze the meme as a whole (image + text). If it contains misogynistic or sexist stereotypes, output 1. If it does not, output 0. Respond with only one character."
15787.jpg,1,0,0,"Using the combination of image and text, decide if the meme promotes hate or discrimination. Reply ONLY with 1 or 0."
15787.jpg,1,1,1,"Classify this meme: 1 = hateful or offensive toward women, 0 = not hateful. Output only the digit."
15787.jpg,1,0,No,"When interpreting the meme’s image and text jointly, does it demean or stereotype women? Answer 1 if yes, 0 if no."
16258.jpg,1,0,0,"Considering the visual and textual content together, is this offensive or discriminatory? Answer 1 or 0."
16258.jpg,1,0,0,"Evaluate the meme’s image and caption together. If it expresses sexist or hateful content, output 1. If not, output 0."
16258.jpg,1,1,1,"Analyze the meme as a whole (image + text). If it contains misogynistic or sexist stereotypes, output 1. If it does not, output 0. Respond with only one character."
16258.jpg,1,0,0,"Using the combination of image and text, decide if the meme promotes hate or discrimination. Reply ONLY with 1 or 0."
16258.jpg,1,1,1,"Classify this meme: 1 = hateful or offensive toward women, 0 = not hateful. Output only the digit."
16258.jpg,1,0,No,"When interpreting the meme’s image and text jointly, does it demean or stereotype women? Answer 1 if yes, 0 if no."
15074.jpg,0,1,1,"Considering the visual and textual content together, is this offensive or discriminatory? Answer 1 or 0."
15074.jpg,0,0,0,"Evaluate the meme’s image and caption together. If it expresses sexist or hateful content, output 1. If not, output 0."
15074.jpg,0,1,1,"Analyze the meme as a whole (image + text). If it contains misogynistic or sexist stereotypes, output 1. If it does not, output 0. Respond with only one character."
15074.jpg,0,1,1,"Using the combination of image and text, decide if the meme promotes hate or discrimination. Reply ONLY with 1 or 0."
15074.jpg,0,1,1,"Classify this meme: 1 = hateful or offensive toward women, 0 = not hateful. Output only the digit."
15074.jpg,0,0,0,"When interpreting the meme’s image and text jointly, does it demean or stereotype women? Answer 1 if yes, 0 if no."
16278.jpg,1,0,0,"Considering the visual and textual content together, is this offensive or discriminatory? Answer 1 or 0."
16278.jpg,1,0,0,"Evaluate the meme’s image and caption together. If it expresses sexist or hateful content, output 1. If not, output 0."
16278.jpg,1,1,1,"Analyze the meme as a whole (image + text). If it contains misogynistic or sexist stereotypes, output 1. If it does not, output 0. Respond with only one character."
16278.jpg,1,0,0,"Using the combination of image and text, decide if the meme promotes hate or discrimination. Reply ONLY with 1 or 0."
16278.jpg,1,1,1,"Classify this meme: 1 = hateful or offensive toward women, 0 = not hateful. Output only the digit."
16278.jpg,1,0,0,"When interpreting the meme’s image and text jointly, does it demean or stereotype women? Answer 1 if yes, 0 if no."
15418.jpg,1,0,0,"Considering the visual and textual content together, is this offensive or discriminatory? Answer 1 or 0."
15418.jpg,1,1,1,"Evaluate the meme’s image and caption together. If it expresses sexist or hateful content, output 1. If not, output 0."
15418.jpg,1,1,1,"Analyze the meme as a whole (image + text). If it contains misogynistic or sexist stereotypes, output 1. If it does not, output 0. Respond with only one character."
15418.jpg,1,0,0,"Using the combination of image and text, decide if the meme promotes hate or discrimination. Reply ONLY with 1 or 0."
15418.jpg,1,1,1,"Classify this meme: 1 = hateful or offensive toward women, 0 = not hateful. Output only the digit."
15418.jpg,1,0,0,"When interpreting the meme’s image and text jointly, does it demean or stereotype women? Answer 1 if yes, 0 if no."
15884.jpg,0,1,1,"Considering the visual and textual content together, is this offensive or discriminatory? Answer 1 or 0."
15884.jpg,0,1,1,"Evaluate the meme’s image and caption together. If it expresses sexist or hateful content, output 1. If not, output 0."
15884.jpg,0,1,1,"Analyze the meme as a whole (image + text). If it contains misogynistic or sexist stereotypes, output 1. If it does not, output 0. Respond with only one character."
15884.jpg,0,1,1,"Using the combination of image and text, decide if the meme promotes hate or discrimination. Reply ONLY with 1 or 0."
15884.jpg,0,1,1,"Classify this meme: 1 = hateful or offensive toward women, 0 = not hateful. Output only the digit."
15884.jpg,0,0,0,"When interpreting the meme’s image and text jointly, does it demean or stereotype women? Answer 1 if yes, 0 if no."
16003.jpg,0,0,0,"Considering the visual and textual content together, is this offensive or discriminatory? Answer 1 or 0."
16003.jpg,0,1,1,"Evaluate the meme’s image and caption together. If it expresses sexist or hateful content, output 1. If not, output 0."
16003.jpg,0,1,1,"Analyze the meme as a whole (image + text). If it contains misogynistic or sexist stereotypes, output 1. If it does not, output 0. Respond with only one character."
16003.jpg,0,0,0,"Using the combination of image and text, decide if the meme promotes hate or discrimination. Reply ONLY with 1 or 0."
16003.jpg,0,1,1,"Classify this meme: 1 = hateful or offensive toward women, 0 = not hateful. Output only the digit."
16003.jpg,0,0,0,"When interpreting the meme’s image and text jointly, does it demean or stereotype women? Answer 1 if yes, 0 if no."
15251.jpg,0,0,0,"Considering the visual and textual content together, is this offensive or discriminatory? Answer 1 or 0."
15251.jpg,0,0,0,"Evaluate the meme’s image and caption together. If it expresses sexist or hateful content, output 1. If not, output 0."
15251.jpg,0,1,1,"Analyze the meme as a whole (image + text). If it contains misogynistic or sexist stereotypes, output 1. If it does not, output 0. Respond with only one character."
15251.jpg,0,0,0,"Using the combination of image and text, decide if the meme promotes hate or discrimination. Reply ONLY with 1 or 0."
15251.jpg,0,1,1,"Classify this meme: 1 = hateful or offensive toward women, 0 = not hateful. Output only the digit."
15251.jpg,0,0,0,"When interpreting the meme’s image and text jointly, does it demean or stereotype women? Answer 1 if yes, 0 if no."
16018.jpg,0,1,1,"Considering the visual and textual content together, is this offensive or discriminatory? Answer 1 or 0."
16018.jpg,0,1,1,"Evaluate the meme’s image and caption together. If it expresses sexist or hateful content, output 1. If not, output 0."
16018.jpg,0,1,1,"Analyze the meme as a whole (image + text). If it contains misogynistic or sexist stereotypes, output 1. If it does not, output 0. Respond with only one character."
16018.jpg,0,0,0,"Using the combination of image and text, decide if the meme promotes hate or discrimination. Reply ONLY with 1 or 0."
16018.jpg,0,1,1,"Classify this meme: 1 = hateful or offensive toward women, 0 = not hateful. Output only the digit."
16018.jpg,0,0,0,"When interpreting the meme’s image and text jointly, does it demean or stereotype women? Answer 1 if yes, 0 if no."
15147.jpg,1,1,1,"Considering the visual and textual content together, is this offensive or discriminatory? Answer 1 or 0."
15147.jpg,1,1,1,"Evaluate the meme’s image and caption together. If it expresses sexist or hateful content, output 1. If not, output 0."
15147.jpg,1,1,1,"Analyze the meme as a whole (image + text). If it contains misogynistic or sexist stereotypes, output 1. If it does not, output 0. Respond with only one character."
15147.jpg,1,1,1,"Using the combination of image and text, decide if the meme promotes hate or discrimination. Reply ONLY with 1 or 0."
15147.jpg,1,1,1,"Classify this meme: 1 = hateful or offensive toward women, 0 = not hateful. Output only the digit."
15147.jpg,1,1,1,"When interpreting the meme’s image and text jointly, does it demean or stereotype women? Answer 1 if yes, 0 if no."
15033.jpg,0,0,0,"Considering the visual and textual content together, is this offensive or discriminatory? Answer 1 or 0."
15033.jpg,0,0,0,"Evaluate the meme’s image and caption together. If it expresses sexist or hateful content, output 1. If not, output 0."
15033.jpg,0,1,1,"Analyze the meme as a whole (image + text). If it contains misogynistic or sexist stereotypes, output 1. If it does not, output 0. Respond with only one character."
15033.jpg,0,0,0,"Using the combination of image and text, decide if the meme promotes hate or discrimination. Reply ONLY with 1 or 0."
15033.jpg,0,0,0,"Classify this meme: 1 = hateful or offensive toward women, 0 = not hateful. Output only the digit."
15033.jpg,0,0,0,"When interpreting the meme’s image and text jointly, does it demean or stereotype women? Answer 1 if yes, 0 if no."
15855.jpg,0,0,0,"Considering the visual and textual content together, is this offensive or discriminatory? Answer 1 or 0."
15855.jpg,0,1,1,"Evaluate the meme’s image and caption together. If it expresses sexist or hateful content, output 1. If not, output 0."
15855.jpg,0,0,0,"Analyze the meme as a whole (image + text). If it contains misogynistic or sexist stereotypes, output 1. If it does not, output 0. Respond with only one character."
15855.jpg,0,0,0,"Using the combination of image and text, decide if the meme promotes hate or discrimination. Reply ONLY with 1 or 0."
15855.jpg,0,1,1,"Classify this meme: 1 = hateful or offensive toward women, 0 = not hateful. Output only the digit."
15855.jpg,0,0,No,"When interpreting the meme’s image and text jointly, does it demean or stereotype women? Answer 1 if yes, 0 if no."
15931.jpg,0,1,1,"Considering the visual and textual content together, is this offensive or discriminatory? Answer 1 or 0."
15931.jpg,0,0,0,"Evaluate the meme’s image and caption together. If it expresses sexist or hateful content, output 1. If not, output 0."
15931.jpg,0,1,1,"Analyze the meme as a whole (image + text). If it contains misogynistic or sexist stereotypes, output 1. If it does not, output 0. Respond with only one character."
15931.jpg,0,0,0,"Using the combination of image and text, decide if the meme promotes hate or discrimination. Reply ONLY with 1 or 0."
15931.jpg,0,0,0,"Classify this meme: 1 = hateful or offensive toward women, 0 = not hateful. Output only the digit."
15931.jpg,0,0,No,"When interpreting the meme’s image and text jointly, does it demean or stereotype women? Answer 1 if yes, 0 if no."
16207.jpg,0,0,0,"Considering the visual and textual content together, is this offensive or discriminatory? Answer 1 or 0."
16207.jpg,0,1,1,"Evaluate the meme’s image and caption together. If it expresses sexist or hateful content, output 1. If not, output 0."
16207.jpg,0,1,1,"Analyze the meme as a whole (image + text). If it contains misogynistic or sexist stereotypes, output 1. If it does not, output 0. Respond with only one character."
16207.jpg,0,0,0,"Using the combination of image and text, decide if the meme promotes hate or discrimination. Reply ONLY with 1 or 0."
16207.jpg,0,1,1,"Classify this meme: 1 = hateful or offensive toward women, 0 = not hateful. Output only the digit."
16207.jpg,0,0,0,"When interpreting the meme’s image and text jointly, does it demean or stereotype women? Answer 1 if yes, 0 if no."
15537.jpg,0,1,1,"Considering the visual and textual content together, is this offensive or discriminatory? Answer 1 or 0."
15537.jpg,0,1,1,"Evaluate the meme’s image and caption together. If it expresses sexist or hateful content, output 1. If not, output 0."
15537.jpg,0,1,1,"Analyze the meme as a whole (image + text). If it contains misogynistic or sexist stereotypes, output 1. If it does not, output 0. Respond with only one character."
15537.jpg,0,0,0,"Using the combination of image and text, decide if the meme promotes hate or discrimination. Reply ONLY with 1 or 0."
15537.jpg,0,1,1,"Classify this meme: 1 = hateful or offensive toward women, 0 = not hateful. Output only the digit."
15537.jpg,0,0,0,"When interpreting the meme’s image and text jointly, does it demean or stereotype women? Answer 1 if yes, 0 if no."
15057.jpg,1,1,1,"Considering the visual and textual content together, is this offensive or discriminatory? Answer 1 or 0."
15057.jpg,1,1,1,"Evaluate the meme’s image and caption together. If it expresses sexist or hateful content, output 1. If not, output 0."
15057.jpg,1,1,1,"Analyze the meme as a whole (image + text). If it contains misogynistic or sexist stereotypes, output 1. If it does not, output 0. Respond with only one character."
15057.jpg,1,1,1,"Using the combination of image and text, decide if the meme promotes hate or discrimination. Reply ONLY with 1 or 0."
15057.jpg,1,1,1,"Classify this meme: 1 = hateful or offensive toward women, 0 = not hateful. Output only the digit."
15057.jpg,1,0,0,"When interpreting the meme’s image and text jointly, does it demean or stereotype women? Answer 1 if yes, 0 if no."
15132.jpg,0,0,0,"Considering the visual and textual content together, is this offensive or discriminatory? Answer 1 or 0."
15132.jpg,0,0,0,"Evaluate the meme’s image and caption together. If it expresses sexist or hateful content, output 1. If not, output 0."
15132.jpg,0,1,1,"Analyze the meme as a whole (image + text). If it contains misogynistic or sexist stereotypes, output 1. If it does not, output 0. Respond with only one character."
15132.jpg,0,0,0,"Using the combination of image and text, decide if the meme promotes hate or discrimination. Reply ONLY with 1 or 0."
15132.jpg,0,0,0,"Classify this meme: 1 = hateful or offensive toward women, 0 = not hateful. Output only the digit."
15132.jpg,0,0,0,"When interpreting the meme’s image and text jointly, does it demean or stereotype women? Answer 1 if yes, 0 if no."
15632.jpg,1,1,1,"Considering the visual and textual content together, is this offensive or discriminatory? Answer 1 or 0."
15632.jpg,1,1,1,"Evaluate the meme’s image and caption together. If it expresses sexist or hateful content, output 1. If not, output 0."
15632.jpg,1,1,1,"Analyze the meme as a whole (image + text). If it contains misogynistic or sexist stereotypes, output 1. If it does not, output 0. Respond with only one character."
15632.jpg,1,0,0,"Using the combination of image and text, decide if the meme promotes hate or discrimination. Reply ONLY with 1 or 0."
15632.jpg,1,1,1,"Classify this meme: 1 = hateful or offensive toward women, 0 = not hateful. Output only the digit."
15632.jpg,1,0,0,"When interpreting the meme’s image and text jointly, does it demean or stereotype women? Answer 1 if yes, 0 if no."
15520.jpg,1,1,1,"Considering the visual and textual content together, is this offensive or discriminatory? Answer 1 or 0."
15520.jpg,1,1,1,"Evaluate the meme’s image and caption together. If it expresses sexist or hateful content, output 1. If not, output 0."
15520.jpg,1,1,1,"Analyze the meme as a whole (image + text). If it contains misogynistic or sexist stereotypes, output 1. If it does not, output 0. Respond with only one character."
15520.jpg,1,1,1,"Using the combination of image and text, decide if the meme promotes hate or discrimination. Reply ONLY with 1 or 0."
15520.jpg,1,1,1,"Classify this meme: 1 = hateful or offensive toward women, 0 = not hateful. Output only the digit."
15520.jpg,1,0,0,"When interpreting the meme’s image and text jointly, does it demean or stereotype women? Answer 1 if yes, 0 if no."
15688.jpg,1,0,0,"Considering the visual and textual content together, is this offensive or discriminatory? Answer 1 or 0."
15688.jpg,1,0,0,"Evaluate the meme’s image and caption together. If it expresses sexist or hateful content, output 1. If not, output 0."
15688.jpg,1,0,0,"Analyze the meme as a whole (image + text). If it contains misogynistic or sexist stereotypes, output 1. If it does not, output 0. Respond with only one character."
15688.jpg,1,0,0,"Using the combination of image and text, decide if the meme promotes hate or discrimination. Reply ONLY with 1 or 0."
15688.jpg,1,1,1,"Classify this meme: 1 = hateful or offensive toward women, 0 = not hateful. Output only the digit."
15688.jpg,1,0,No,"When interpreting the meme’s image and text jointly, does it demean or stereotype women? Answer 1 if yes, 0 if no."
15988.jpg,0,1,1,"Considering the visual and textual content together, is this offensive or discriminatory? Answer 1 or 0."
15988.jpg,0,1,"The meme's image and caption do not express sexist or hateful content. It is a photo of a white sports car with a group of people inside, including a baby. The caption asks ""How many people are in the car?"" and includes laughing","Evaluate the meme’s image and caption together. If it expresses sexist or hateful content, output 1. If not, output 0."
15988.jpg,0,1,1,"Analyze the meme as a whole (image + text). If it contains misogynistic or sexist stereotypes, output 1. If it does not, output 0. Respond with only one character."
15988.jpg,0,0,0,"Using the combination of image and text, decide if the meme promotes hate or discrimination. Reply ONLY with 1 or 0."
15988.jpg,0,1,1,"Classify this meme: 1 = hateful or offensive toward women, 0 = not hateful. Output only the digit."
15988.jpg,0,0,0,"When interpreting the meme’s image and text jointly, does it demean or stereotype women? Answer 1 if yes, 0 if no."
15567.jpg,0,0,0,"Considering the visual and textual content together, is this offensive or discriminatory? Answer 1 or 0."
15567.jpg,0,1,1,"Evaluate the meme’s image and caption together. If it expresses sexist or hateful content, output 1. If not, output 0."
15567.jpg,0,1,1,"Analyze the meme as a whole (image + text). If it contains misogynistic or sexist stereotypes, output 1. If it does not, output 0. Respond with only one character."
15567.jpg,0,0,0,"Using the combination of image and text, decide if the meme promotes hate or discrimination. Reply ONLY with 1 or 0."
15567.jpg,0,1,1,"Classify this meme: 1 = hateful or offensive toward women, 0 = not hateful. Output only the digit."
15567.jpg,0,0,0,"When interpreting the meme’s image and text jointly, does it demean or stereotype women? Answer 1 if yes, 0 if no."
15998.jpg,0,0,0,"Considering the visual and textual content together, is this offensive or discriminatory? Answer 1 or 0."
15998.jpg,0,0,0,"Evaluate the meme’s image and caption together. If it expresses sexist or hateful content, output 1. If not, output 0."
15998.jpg,0,1,1,"Analyze the meme as a whole (image + text). If it contains misogynistic or sexist stereotypes, output 1. If it does not, output 0. Respond with only one character."
15998.jpg,0,0,0,"Using the combination of image and text, decide if the meme promotes hate or discrimination. Reply ONLY with 1 or 0."
15998.jpg,0,1,1,"Classify this meme: 1 = hateful or offensive toward women, 0 = not hateful. Output only the digit."
15998.jpg,0,0,No,"When interpreting the meme’s image and text jointly, does it demean or stereotype women? Answer 1 if yes, 0 if no."
15682.jpg,1,1,1,"Considering the visual and textual content together, is this offensive or discriminatory? Answer 1 or 0."
15682.jpg,1,1,1,"Evaluate the meme’s image and caption together. If it expresses sexist or hateful content, output 1. If not, output 0."
15682.jpg,1,1,1,"Analyze the meme as a whole (image + text). If it contains misogynistic or sexist stereotypes, output 1. If it does not, output 0. Respond with only one character."
15682.jpg,1,1,1,"Using the combination of image and text, decide if the meme promotes hate or discrimination. Reply ONLY with 1 or 0."
15682.jpg,1,1,1,"Classify this meme: 1 = hateful or offensive toward women, 0 = not hateful. Output only the digit."
15682.jpg,1,0,No,"When interpreting the meme’s image and text jointly, does it demean or stereotype women? Answer 1 if yes, 0 if no."
15357.jpg,0,1,1,"Considering the visual and textual content together, is this offensive or discriminatory? Answer 1 or 0."
15357.jpg,0,1,1,"Evaluate the meme’s image and caption together. If it expresses sexist or hateful content, output 1. If not, output 0."
15357.jpg,0,1,1,"Analyze the meme as a whole (image + text). If it contains misogynistic or sexist stereotypes, output 1. If it does not, output 0. Respond with only one character."
15357.jpg,0,1,1,"Using the combination of image and text, decide if the meme promotes hate or discrimination. Reply ONLY with 1 or 0."
15357.jpg,0,1,1,"Classify this meme: 1 = hateful or offensive toward women, 0 = not hateful. Output only the digit."
15357.jpg,0,0,0,"When interpreting the meme’s image and text jointly, does it demean or stereotype women? Answer 1 if yes, 0 if no."
16138.jpg,0,1,1,"Considering the visual and textual content together, is this offensive or discriminatory? Answer 1 or 0."
16138.jpg,0,1,1,"Evaluate the meme’s image and caption together. If it expresses sexist or hateful content, output 1. If not, output 0."
16138.jpg,0,1,1,"Analyze the meme as a whole (image + text). If it contains misogynistic or sexist stereotypes, output 1. If it does not, output 0. Respond with only one character."
16138.jpg,0,1,1,"Using the combination of image and text, decide if the meme promotes hate or discrimination. Reply ONLY with 1 or 0."
16138.jpg,0,1,1,"Classify this meme: 1 = hateful or offensive toward women, 0 = not hateful. Output only the digit."
16138.jpg,0,0,0,"When interpreting the meme’s image and text jointly, does it demean or stereotype women? Answer 1 if yes, 0 if no."
16106.jpg,1,1,1,"Considering the visual and textual content together, is this offensive or discriminatory? Answer 1 or 0."
16106.jpg,1,1,1,"Evaluate the meme’s image and caption together. If it expresses sexist or hateful content, output 1. If not, output 0."
16106.jpg,1,1,1,"Analyze the meme as a whole (image + text). If it contains misogynistic or sexist stereotypes, output 1. If it does not, output 0. Respond with only one character."
16106.jpg,1,0,0,"Using the combination of image and text, decide if the meme promotes hate or discrimination. Reply ONLY with 1 or 0."
16106.jpg,1,1,1,"Classify this meme: 1 = hateful or offensive toward women, 0 = not hateful. Output only the digit."
16106.jpg,1,0,No,"When interpreting the meme’s image and text jointly, does it demean or stereotype women? Answer 1 if yes, 0 if no."
15455.jpg,1,1,1,"Considering the visual and textual content together, is this offensive or discriminatory? Answer 1 or 0."
15455.jpg,1,1,1,"Evaluate the meme’s image and caption together. If it expresses sexist or hateful content, output 1. If not, output 0."
15455.jpg,1,1,1,"Analyze the meme as a whole (image + text). If it contains misogynistic or sexist stereotypes, output 1. If it does not, output 0. Respond with only one character."
15455.jpg,1,0,0,"Using the combination of image and text, decide if the meme promotes hate or discrimination. Reply ONLY with 1 or 0."
15455.jpg,1,1,1,"Classify this meme: 1 = hateful or offensive toward women, 0 = not hateful. Output only the digit."
15455.jpg,1,0,No,"When interpreting the meme’s image and text jointly, does it demean or stereotype women? Answer 1 if yes, 0 if no."
16338.jpg,1,0,0,"Considering the visual and textual content together, is this offensive or discriminatory? Answer 1 or 0."
16338.jpg,1,1,1,"Evaluate the meme’s image and caption together. If it expresses sexist or hateful content, output 1. If not, output 0."
16338.jpg,1,1,1,"Analyze the meme as a whole (image + text). If it contains misogynistic or sexist stereotypes, output 1. If it does not, output 0. Respond with only one character."
16338.jpg,1,0,0,"Using the combination of image and text, decide if the meme promotes hate or discrimination. Reply ONLY with 1 or 0."
16338.jpg,1,1,1,"Classify this meme: 1 = hateful or offensive toward women, 0 = not hateful. Output only the digit."
16338.jpg,1,0,No.,"When interpreting the meme’s image and text jointly, does it demean or stereotype women? Answer 1 if yes, 0 if no."
15581.jpg,1,0,0,"Considering the visual and textual content together, is this offensive or discriminatory? Answer 1 or 0."
15581.jpg,1,1,1,"Evaluate the meme’s image and caption together. If it expresses sexist or hateful content, output 1. If not, output 0."
15581.jpg,1,1,1,"Analyze the meme as a whole (image + text). If it contains misogynistic or sexist stereotypes, output 1. If it does not, output 0. Respond with only one character."
15581.jpg,1,0,0,"Using the combination of image and text, decide if the meme promotes hate or discrimination. Reply ONLY with 1 or 0."
15581.jpg,1,1,1,"Classify this meme: 1 = hateful or offensive toward women, 0 = not hateful. Output only the digit."
15581.jpg,1,0,No,"When interpreting the meme’s image and text jointly, does it demean or stereotype women? Answer 1 if yes, 0 if no."
16104.jpg,1,0,0,"Considering the visual and textual content together, is this offensive or discriminatory? Answer 1 or 0."
16104.jpg,1,1,1,"Evaluate the meme’s image and caption together. If it expresses sexist or hateful content, output 1. If not, output 0."
16104.jpg,1,1,1,"Analyze the meme as a whole (image + text). If it contains misogynistic or sexist stereotypes, output 1. If it does not, output 0. Respond with only one character."
16104.jpg,1,0,0,"Using the combination of image and text, decide if the meme promotes hate or discrimination. Reply ONLY with 1 or 0."
16104.jpg,1,0,0,"Classify this meme: 1 = hateful or offensive toward women, 0 = not hateful. Output only the digit."
16104.jpg,1,0,0,"When interpreting the meme’s image and text jointly, does it demean or stereotype women? Answer 1 if yes, 0 if no."
15425.jpg,1,1,1,"Considering the visual and textual content together, is this offensive or discriminatory? Answer 1 or 0."
15425.jpg,1,1,1,"Evaluate the meme’s image and caption together. If it expresses sexist or hateful content, output 1. If not, output 0."
15425.jpg,1,1,1,"Analyze the meme as a whole (image + text). If it contains misogynistic or sexist stereotypes, output 1. If it does not, output 0. Respond with only one character."
15425.jpg,1,1,1,"Using the combination of image and text, decide if the meme promotes hate or discrimination. Reply ONLY with 1 or 0."
15425.jpg,1,1,1,"Classify this meme: 1 = hateful or offensive toward women, 0 = not hateful. Output only the digit."
15425.jpg,1,0,No,"When interpreting the meme’s image and text jointly, does it demean or stereotype women? Answer 1 if yes, 0 if no."
15810.jpg,0,1,1,"Considering the visual and textual content together, is this offensive or discriminatory? Answer 1 or 0."
15810.jpg,0,1,1,"Evaluate the meme’s image and caption together. If it expresses sexist or hateful content, output 1. If not, output 0."
15810.jpg,0,1,1,"Analyze the meme as a whole (image + text). If it contains misogynistic or sexist stereotypes, output 1. If it does not, output 0. Respond with only one character."
15810.jpg,0,1,1,"Using the combination of image and text, decide if the meme promotes hate or discrimination. Reply ONLY with 1 or 0."
15810.jpg,0,1,1,"Classify this meme: 1 = hateful or offensive toward women, 0 = not hateful. Output only the digit."
15810.jpg,0,0,0,"When interpreting the meme’s image and text jointly, does it demean or stereotype women? Answer 1 if yes, 0 if no."
15391.jpg,0,1,1,"Considering the visual and textual content together, is this offensive or discriminatory? Answer 1 or 0."
15391.jpg,0,0,0,"Evaluate the meme’s image and caption together. If it expresses sexist or hateful content, output 1. If not, output 0."
15391.jpg,0,1,1,"Analyze the meme as a whole (image + text). If it contains misogynistic or sexist stereotypes, output 1. If it does not, output 0. Respond with only one character."
15391.jpg,0,0,0,"Using the combination of image and text, decide if the meme promotes hate or discrimination. Reply ONLY with 1 or 0."
15391.jpg,0,1,1,"Classify this meme: 1 = hateful or offensive toward women, 0 = not hateful. Output only the digit."
15391.jpg,0,0,0,"When interpreting the meme’s image and text jointly, does it demean or stereotype women? Answer 1 if yes, 0 if no."
15482.jpg,0,1,1,"Considering the visual and textual content together, is this offensive or discriminatory? Answer 1 or 0."
15482.jpg,0,1,1,"Evaluate the meme’s image and caption together. If it expresses sexist or hateful content, output 1. If not, output 0."
15482.jpg,0,1,1,"Analyze the meme as a whole (image + text). If it contains misogynistic or sexist stereotypes, output 1. If it does not, output 0. Respond with only one character."
15482.jpg,0,1,1,"Using the combination of image and text, decide if the meme promotes hate or discrimination. Reply ONLY with 1 or 0."
15482.jpg,0,1,1,"Classify this meme: 1 = hateful or offensive toward women, 0 = not hateful. Output only the digit."
15482.jpg,0,0,0,"When interpreting the meme’s image and text jointly, does it demean or stereotype women? Answer 1 if yes, 0 if no."
16119.jpg,1,0,0,"Considering the visual and textual content together, is this offensive or discriminatory? Answer 1 or 0."
16119.jpg,1,1,1,"Evaluate the meme’s image and caption together. If it expresses sexist or hateful content, output 1. If not, output 0."
16119.jpg,1,1,1,"Analyze the meme as a whole (image + text). If it contains misogynistic or sexist stereotypes, output 1. If it does not, output 0. Respond with only one character."
16119.jpg,1,0,0,"Using the combination of image and text, decide if the meme promotes hate or discrimination. Reply ONLY with 1 or 0."
16119.jpg,1,1,1,"Classify this meme: 1 = hateful or offensive toward women, 0 = not hateful. Output only the digit."
16119.jpg,1,0,No,"When interpreting the meme’s image and text jointly, does it demean or stereotype women? Answer 1 if yes, 0 if no."
16251.jpg,1,1,1,"Considering the visual and textual content together, is this offensive or discriminatory? Answer 1 or 0."
16251.jpg,1,0,0,"Evaluate the meme’s image and caption together. If it expresses sexist or hateful content, output 1. If not, output 0."
16251.jpg,1,0,0,"Analyze the meme as a whole (image + text). If it contains misogynistic or sexist stereotypes, output 1. If it does not, output 0. Respond with only one character."
16251.jpg,1,0,0,"Using the combination of image and text, decide if the meme promotes hate or discrimination. Reply ONLY with 1 or 0."
16251.jpg,1,1,1,"Classify this meme: 1 = hateful or offensive toward women, 0 = not hateful. Output only the digit."
16251.jpg,1,0,0,"When interpreting the meme’s image and text jointly, does it demean or stereotype women? Answer 1 if yes, 0 if no."
15587.jpg,0,0,0,"Considering the visual and textual content together, is this offensive or discriminatory? Answer 1 or 0."
15587.jpg,0,0,0,"Evaluate the meme’s image and caption together. If it expresses sexist or hateful content, output 1. If not, output 0."
15587.jpg,0,0,0,"Analyze the meme as a whole (image + text). If it contains misogynistic or sexist stereotypes, output 1. If it does not, output 0. Respond with only one character."
15587.jpg,0,0,0,"Using the combination of image and text, decide if the meme promotes hate or discrimination. Reply ONLY with 1 or 0."
15587.jpg,0,1,1,"Classify this meme: 1 = hateful or offensive toward women, 0 = not hateful. Output only the digit."
15587.jpg,0,0,0,"When interpreting the meme’s image and text jointly, does it demean or stereotype women? Answer 1 if yes, 0 if no."
15244.jpg,0,0,0,"Considering the visual and textual content together, is this offensive or discriminatory? Answer 1 or 0."
15244.jpg,0,1,1,"Evaluate the meme’s image and caption together. If it expresses sexist or hateful content, output 1. If not, output 0."
15244.jpg,0,1,1,"Analyze the meme as a whole (image + text). If it contains misogynistic or sexist stereotypes, output 1. If it does not, output 0. Respond with only one character."
15244.jpg,0,0,0,"Using the combination of image and text, decide if the meme promotes hate or discrimination. Reply ONLY with 1 or 0."
15244.jpg,0,1,1,"Classify this meme: 1 = hateful or offensive toward women, 0 = not hateful. Output only the digit."
15244.jpg,0,0,No,"When interpreting the meme’s image and text jointly, does it demean or stereotype women? Answer 1 if yes, 0 if no."
15720.jpg,0,0,0,"Considering the visual and textual content together, is this offensive or discriminatory? Answer 1 or 0."
15720.jpg,0,0,0,"Evaluate the meme’s image and caption together. If it expresses sexist or hateful content, output 1. If not, output 0."
15720.jpg,0,1,1,"Analyze the meme as a whole (image + text). If it contains misogynistic or sexist stereotypes, output 1. If it does not, output 0. Respond with only one character."
15720.jpg,0,0,0,"Using the combination of image and text, decide if the meme promotes hate or discrimination. Reply ONLY with 1 or 0."
15720.jpg,0,0,0,"Classify this meme: 1 = hateful or offensive toward women, 0 = not hateful. Output only the digit."
15720.jpg,0,0,No,"When interpreting the meme’s image and text jointly, does it demean or stereotype women? Answer 1 if yes, 0 if no."
17028.jpg,1,0,0,"Considering the visual and textual content together, is this offensive or discriminatory? Answer 1 or 0."
17028.jpg,1,0,0,"Evaluate the meme’s image and caption together. If it expresses sexist or hateful content, output 1. If not, output 0."
17028.jpg,1,1,1,"Analyze the meme as a whole (image + text). If it contains misogynistic or sexist stereotypes, output 1. If it does not, output 0. Respond with only one character."
17028.jpg,1,0,0,"Using the combination of image and text, decide if the meme promotes hate or discrimination. Reply ONLY with 1 or 0."
17028.jpg,1,1,1,"Classify this meme: 1 = hateful or offensive toward women, 0 = not hateful. Output only the digit."
17028.jpg,1,0,0,"When interpreting the meme’s image and text jointly, does it demean or stereotype women? Answer 1 if yes, 0 if no."
15850.jpg,1,0,0,"Considering the visual and textual content together, is this offensive or discriminatory? Answer 1 or 0."
15850.jpg,1,1,1,"Evaluate the meme’s image and caption together. If it expresses sexist or hateful content, output 1. If not, output 0."
15850.jpg,1,1,1,"Analyze the meme as a whole (image + text). If it contains misogynistic or sexist stereotypes, output 1. If it does not, output 0. Respond with only one character."
15850.jpg,1,0,0,"Using the combination of image and text, decide if the meme promotes hate or discrimination. Reply ONLY with 1 or 0."
15850.jpg,1,1,1,"Classify this meme: 1 = hateful or offensive toward women, 0 = not hateful. Output only the digit."
15850.jpg,1,0,No,"When interpreting the meme’s image and text jointly, does it demean or stereotype women? Answer 1 if yes, 0 if no."
17029.jpg,1,1,1,"Considering the visual and textual content together, is this offensive or discriminatory? Answer 1 or 0."
17029.jpg,1,1,1,"Evaluate the meme’s image and caption together. If it expresses sexist or hateful content, output 1. If not, output 0."
17029.jpg,1,1,1,"Analyze the meme as a whole (image + text). If it contains misogynistic or sexist stereotypes, output 1. If it does not, output 0. Respond with only one character."
17029.jpg,1,1,1,"Using the combination of image and text, decide if the meme promotes hate or discrimination. Reply ONLY with 1 or 0."
17029.jpg,1,1,1,"Classify this meme: 1 = hateful or offensive toward women, 0 = not hateful. Output only the digit."
17029.jpg,1,0,0,"When interpreting the meme’s image and text jointly, does it demean or stereotype women? Answer 1 if yes, 0 if no."
15766.jpg,1,1,1,"Considering the visual and textual content together, is this offensive or discriminatory? Answer 1 or 0."
15766.jpg,1,1,1,"Evaluate the meme’s image and caption together. If it expresses sexist or hateful content, output 1. If not, output 0."
15766.jpg,1,1,1,"Analyze the meme as a whole (image + text). If it contains misogynistic or sexist stereotypes, output 1. If it does not, output 0. Respond with only one character."
15766.jpg,1,1,1,"Using the combination of image and text, decide if the meme promotes hate or discrimination. Reply ONLY with 1 or 0."
15766.jpg,1,1,1,"Classify this meme: 1 = hateful or offensive toward women, 0 = not hateful. Output only the digit."
15766.jpg,1,0,0,"When interpreting the meme’s image and text jointly, does it demean or stereotype women? Answer 1 if yes, 0 if no."
15442.jpg,1,0,0,"Considering the visual and textual content together, is this offensive or discriminatory? Answer 1 or 0."
15442.jpg,1,1,1,"Evaluate the meme’s image and caption together. If it expresses sexist or hateful content, output 1. If not, output 0."
15442.jpg,1,1,1,"Analyze the meme as a whole (image + text). If it contains misogynistic or sexist stereotypes, output 1. If it does not, output 0. Respond with only one character."
15442.jpg,1,1,1,"Using the combination of image and text, decide if the meme promotes hate or discrimination. Reply ONLY with 1 or 0."
15442.jpg,1,1,1,"Classify this meme: 1 = hateful or offensive toward women, 0 = not hateful. Output only the digit."
15442.jpg,1,0,0,"When interpreting the meme’s image and text jointly, does it demean or stereotype women? Answer 1 if yes, 0 if no."
15125.jpg,1,0,0,"Considering the visual and textual content together, is this offensive or discriminatory? Answer 1 or 0."
15125.jpg,1,1,1,"Evaluate the meme’s image and caption together. If it expresses sexist or hateful content, output 1. If not, output 0."
15125.jpg,1,1,1,"Analyze the meme as a whole (image + text). If it contains misogynistic or sexist stereotypes, output 1. If it does not, output 0. Respond with only one character."
15125.jpg,1,0,0,"Using the combination of image and text, decide if the meme promotes hate or discrimination. Reply ONLY with 1 or 0."
15125.jpg,1,1,1,"Classify this meme: 1 = hateful or offensive toward women, 0 = not hateful. Output only the digit."
15125.jpg,1,0,0,"When interpreting the meme’s image and text jointly, does it demean or stereotype women? Answer 1 if yes, 0 if no."
15312.jpg,1,1,1,"Considering the visual and textual content together, is this offensive or discriminatory? Answer 1 or 0."
15312.jpg,1,1,1,"Evaluate the meme’s image and caption together. If it expresses sexist or hateful content, output 1. If not, output 0."
15312.jpg,1,1,1,"Analyze the meme as a whole (image + text). If it contains misogynistic or sexist stereotypes, output 1. If it does not, output 0. Respond with only one character."
15312.jpg,1,0,0,"Using the combination of image and text, decide if the meme promotes hate or discrimination. Reply ONLY with 1 or 0."
15312.jpg,1,1,1,"Classify this meme: 1 = hateful or offensive toward women, 0 = not hateful. Output only the digit."
15312.jpg,1,0,No.,"When interpreting the meme’s image and text jointly, does it demean or stereotype women? Answer 1 if yes, 0 if no."
15527.jpg,0,0,0,"Considering the visual and textual content together, is this offensive or discriminatory? Answer 1 or 0."
15527.jpg,0,1,1,"Evaluate the meme’s image and caption together. If it expresses sexist or hateful content, output 1. If not, output 0."
15527.jpg,0,1,1,"Analyze the meme as a whole (image + text). If it contains misogynistic or sexist stereotypes, output 1. If it does not, output 0. Respond with only one character."
15527.jpg,0,0,0,"Using the combination of image and text, decide if the meme promotes hate or discrimination. Reply ONLY with 1 or 0."
15527.jpg,0,1,1,"Classify this meme: 1 = hateful or offensive toward women, 0 = not hateful. Output only the digit."
15527.jpg,0,0,0,"When interpreting the meme’s image and text jointly, does it demean or stereotype women? Answer 1 if yes, 0 if no."
15500.jpg,1,0,0,"Considering the visual and textual content together, is this offensive or discriminatory? Answer 1 or 0."
15500.jpg,1,0,0,"Evaluate the meme’s image and caption together. If it expresses sexist or hateful content, output 1. If not, output 0."
15500.jpg,1,1,1,"Analyze the meme as a whole (image + text). If it contains misogynistic or sexist stereotypes, output 1. If it does not, output 0. Respond with only one character."
15500.jpg,1,1,1,"Using the combination of image and text, decide if the meme promotes hate or discrimination. Reply ONLY with 1 or 0."
15500.jpg,1,1,1,"Classify this meme: 1 = hateful or offensive toward women, 0 = not hateful. Output only the digit."
15500.jpg,1,0,0,"When interpreting the meme’s image and text jointly, does it demean or stereotype women? Answer 1 if yes, 0 if no."
15760.jpg,0,0,0,"Considering the visual and textual content together, is this offensive or discriminatory? Answer 1 or 0."
15760.jpg,0,1,1,"Evaluate the meme’s image and caption together. If it expresses sexist or hateful content, output 1. If not, output 0."
15760.jpg,0,1,1,"Analyze the meme as a whole (image + text). If it contains misogynistic or sexist stereotypes, output 1. If it does not, output 0. Respond with only one character."
15760.jpg,0,0,0,"Using the combination of image and text, decide if the meme promotes hate or discrimination. Reply ONLY with 1 or 0."
15760.jpg,0,1,1,"Classify this meme: 1 = hateful or offensive toward women, 0 = not hateful. Output only the digit."
15760.jpg,0,0,0,"When interpreting the meme’s image and text jointly, does it demean or stereotype women? Answer 1 if yes, 0 if no."
15479.jpg,1,0,0,"Considering the visual and textual content together, is this offensive or discriminatory? Answer 1 or 0."
15479.jpg,1,1,1,"Evaluate the meme’s image and caption together. If it expresses sexist or hateful content, output 1. If not, output 0."
15479.jpg,1,1,1,"Analyze the meme as a whole (image + text). If it contains misogynistic or sexist stereotypes, output 1. If it does not, output 0. Respond with only one character."
15479.jpg,1,0,0,"Using the combination of image and text, decide if the meme promotes hate or discrimination. Reply ONLY with 1 or 0."
15479.jpg,1,1,1,"Classify this meme: 1 = hateful or offensive toward women, 0 = not hateful. Output only the digit."
15479.jpg,1,0,0,"When interpreting the meme’s image and text jointly, does it demean or stereotype women? Answer 1 if yes, 0 if no."
15019.jpg,1,0,0,"Considering the visual and textual content together, is this offensive or discriminatory? Answer 1 or 0."
15019.jpg,1,1,1,"Evaluate the meme’s image and caption together. If it expresses sexist or hateful content, output 1. If not, output 0."
15019.jpg,1,1,1,"Analyze the meme as a whole (image + text). If it contains misogynistic or sexist stereotypes, output 1. If it does not, output 0. Respond with only one character."
15019.jpg,1,0,0,"Using the combination of image and text, decide if the meme promotes hate or discrimination. Reply ONLY with 1 or 0."
15019.jpg,1,1,1,"Classify this meme: 1 = hateful or offensive toward women, 0 = not hateful. Output only the digit."
15019.jpg,1,0,0,"When interpreting the meme’s image and text jointly, does it demean or stereotype women? Answer 1 if yes, 0 if no."
15970.jpg,0,1,1,"Considering the visual and textual content together, is this offensive or discriminatory? Answer 1 or 0."
15970.jpg,0,0,0,"Evaluate the meme’s image and caption together. If it expresses sexist or hateful content, output 1. If not, output 0."
15970.jpg,0,1,1,"Analyze the meme as a whole (image + text). If it contains misogynistic or sexist stereotypes, output 1. If it does not, output 0. Respond with only one character."
15970.jpg,0,0,0,"Using the combination of image and text, decide if the meme promotes hate or discrimination. Reply ONLY with 1 or 0."
15970.jpg,0,1,1,"Classify this meme: 1 = hateful or offensive toward women, 0 = not hateful. Output only the digit."
15970.jpg,0,0,0,"When interpreting the meme’s image and text jointly, does it demean or stereotype women? Answer 1 if yes, 0 if no."
15910.jpg,0,1,1,"Considering the visual and textual content together, is this offensive or discriminatory? Answer 1 or 0."
15910.jpg,0,1,1,"Evaluate the meme’s image and caption together. If it expresses sexist or hateful content, output 1. If not, output 0."
15910.jpg,0,1,1,"Analyze the meme as a whole (image + text). If it contains misogynistic or sexist stereotypes, output 1. If it does not, output 0. Respond with only one character."
15910.jpg,0,1,1,"Using the combination of image and text, decide if the meme promotes hate or discrimination. Reply ONLY with 1 or 0."
15910.jpg,0,1,1,"Classify this meme: 1 = hateful or offensive toward women, 0 = not hateful. Output only the digit."
15910.jpg,0,0,No.,"When interpreting the meme’s image and text jointly, does it demean or stereotype women? Answer 1 if yes, 0 if no."
15360.jpg,1,1,1,"Considering the visual and textual content together, is this offensive or discriminatory? Answer 1 or 0."
15360.jpg,1,1,1,"Evaluate the meme’s image and caption together. If it expresses sexist or hateful content, output 1. If not, output 0."
15360.jpg,1,1,1,"Analyze the meme as a whole (image + text). If it contains misogynistic or sexist stereotypes, output 1. If it does not, output 0. Respond with only one character."
15360.jpg,1,0,0,"Using the combination of image and text, decide if the meme promotes hate or discrimination. Reply ONLY with 1 or 0."
15360.jpg,1,1,1,"Classify this meme: 1 = hateful or offensive toward women, 0 = not hateful. Output only the digit."
15360.jpg,1,0,0,"When interpreting the meme’s image and text jointly, does it demean or stereotype women? Answer 1 if yes, 0 if no."
16166.jpg,1,1,1,"Considering the visual and textual content together, is this offensive or discriminatory? Answer 1 or 0."
16166.jpg,1,0,0,"Evaluate the meme’s image and caption together. If it expresses sexist or hateful content, output 1. If not, output 0."
16166.jpg,1,1,1,"Analyze the meme as a whole (image + text). If it contains misogynistic or sexist stereotypes, output 1. If it does not, output 0. Respond with only one character."
16166.jpg,1,1,1,"Using the combination of image and text, decide if the meme promotes hate or discrimination. Reply ONLY with 1 or 0."
16166.jpg,1,1,1,"Classify this meme: 1 = hateful or offensive toward women, 0 = not hateful. Output only the digit."
16166.jpg,1,0,No,"When interpreting the meme’s image and text jointly, does it demean or stereotype women? Answer 1 if yes, 0 if no."
15883.jpg,0,0,0,"Considering the visual and textual content together, is this offensive or discriminatory? Answer 1 or 0."
15883.jpg,0,0,0,"Evaluate the meme’s image and caption together. If it expresses sexist or hateful content, output 1. If not, output 0."
15883.jpg,0,0,0,"Analyze the meme as a whole (image + text). If it contains misogynistic or sexist stereotypes, output 1. If it does not, output 0. Respond with only one character."
15883.jpg,0,0,0,"Using the combination of image and text, decide if the meme promotes hate or discrimination. Reply ONLY with 1 or 0."
15883.jpg,0,1,1,"Classify this meme: 1 = hateful or offensive toward women, 0 = not hateful. Output only the digit."
15883.jpg,0,0,0,"When interpreting the meme’s image and text jointly, does it demean or stereotype women? Answer 1 if yes, 0 if no."
15492.jpg,0,1,1,"Considering the visual and textual content together, is this offensive or discriminatory? Answer 1 or 0."
15492.jpg,0,1,1,"Evaluate the meme’s image and caption together. If it expresses sexist or hateful content, output 1. If not, output 0."
15492.jpg,0,1,1,"Analyze the meme as a whole (image + text). If it contains misogynistic or sexist stereotypes, output 1. If it does not, output 0. Respond with only one character."
15492.jpg,0,0,0,"Using the combination of image and text, decide if the meme promotes hate or discrimination. Reply ONLY with 1 or 0."
15492.jpg,0,1,1,"Classify this meme: 1 = hateful or offensive toward women, 0 = not hateful. Output only the digit."
15492.jpg,0,0,0,"When interpreting the meme’s image and text jointly, does it demean or stereotype women? Answer 1 if yes, 0 if no."
16231.jpg,0,0,0,"Considering the visual and textual content together, is this offensive or discriminatory? Answer 1 or 0."
16231.jpg,0,0,0,"Evaluate the meme’s image and caption together. If it expresses sexist or hateful content, output 1. If not, output 0."
16231.jpg,0,0,0,"Analyze the meme as a whole (image + text). If it contains misogynistic or sexist stereotypes, output 1. If it does not, output 0. Respond with only one character."
16231.jpg,0,0,0,"Using the combination of image and text, decide if the meme promotes hate or discrimination. Reply ONLY with 1 or 0."
16231.jpg,0,0,0,"Classify this meme: 1 = hateful or offensive toward women, 0 = not hateful. Output only the digit."
16231.jpg,0,0,No,"When interpreting the meme’s image and text jointly, does it demean or stereotype women? Answer 1 if yes, 0 if no."
15728.jpg,0,0,0,"Considering the visual and textual content together, is this offensive or discriminatory? Answer 1 or 0."
15728.jpg,0,0,0,"Evaluate the meme’s image and caption together. If it expresses sexist or hateful content, output 1. If not, output 0."
15728.jpg,0,1,1,"Analyze the meme as a whole (image + text). If it contains misogynistic or sexist stereotypes, output 1. If it does not, output 0. Respond with only one character."
15728.jpg,0,0,0,"Using the combination of image and text, decide if the meme promotes hate or discrimination. Reply ONLY with 1 or 0."
15728.jpg,0,0,0,"Classify this meme: 1 = hateful or offensive toward women, 0 = not hateful. Output only the digit."
15728.jpg,0,0,0,"When interpreting the meme’s image and text jointly, does it demean or stereotype women? Answer 1 if yes, 0 if no."
15012.jpg,0,0,0,"Considering the visual and textual content together, is this offensive or discriminatory? Answer 1 or 0."
15012.jpg,0,0,0,"Evaluate the meme’s image and caption together. If it expresses sexist or hateful content, output 1. If not, output 0."
15012.jpg,0,1,1,"Analyze the meme as a whole (image + text). If it contains misogynistic or sexist stereotypes, output 1. If it does not, output 0. Respond with only one character."
15012.jpg,0,0,0,"Using the combination of image and text, decide if the meme promotes hate or discrimination. Reply ONLY with 1 or 0."
15012.jpg,0,1,1,"Classify this meme: 1 = hateful or offensive toward women, 0 = not hateful. Output only the digit."
15012.jpg,0,0,0,"When interpreting the meme’s image and text jointly, does it demean or stereotype women? Answer 1 if yes, 0 if no."
15949.jpg,0,0,0,"Considering the visual and textual content together, is this offensive or discriminatory? Answer 1 or 0."
15949.jpg,0,1,1,"Evaluate the meme’s image and caption together. If it expresses sexist or hateful content, output 1. If not, output 0."
15949.jpg,0,1,1,"Analyze the meme as a whole (image + text). If it contains misogynistic or sexist stereotypes, output 1. If it does not, output 0. Respond with only one character."
15949.jpg,0,0,0,"Using the combination of image and text, decide if the meme promotes hate or discrimination. Reply ONLY with 1 or 0."
15949.jpg,0,1,1,"Classify this meme: 1 = hateful or offensive toward women, 0 = not hateful. Output only the digit."
15949.jpg,0,0,0,"When interpreting the meme’s image and text jointly, does it demean or stereotype women? Answer 1 if yes, 0 if no."
16265.jpg,1,0,0,"Considering the visual and textual content together, is this offensive or discriminatory? Answer 1 or 0."
16265.jpg,1,1,1,"Evaluate the meme’s image and caption together. If it expresses sexist or hateful content, output 1. If not, output 0."
16265.jpg,1,1,1,"Analyze the meme as a whole (image + text). If it contains misogynistic or sexist stereotypes, output 1. If it does not, output 0. Respond with only one character."
16265.jpg,1,0,0,"Using the combination of image and text, decide if the meme promotes hate or discrimination. Reply ONLY with 1 or 0."
16265.jpg,1,1,1,"Classify this meme: 1 = hateful or offensive toward women, 0 = not hateful. Output only the digit."
16265.jpg,1,0,0,"When interpreting the meme’s image and text jointly, does it demean or stereotype women? Answer 1 if yes, 0 if no."
15205.jpg,1,0,0,"Considering the visual and textual content together, is this offensive or discriminatory? Answer 1 or 0."
15205.jpg,1,0,0,"Evaluate the meme’s image and caption together. If it expresses sexist or hateful content, output 1. If not, output 0."
15205.jpg,1,1,1,"Analyze the meme as a whole (image + text). If it contains misogynistic or sexist stereotypes, output 1. If it does not, output 0. Respond with only one character."
15205.jpg,1,0,0,"Using the combination of image and text, decide if the meme promotes hate or discrimination. Reply ONLY with 1 or 0."
15205.jpg,1,0,0,"Classify this meme: 1 = hateful or offensive toward women, 0 = not hateful. Output only the digit."
15205.jpg,1,0,0,"When interpreting the meme’s image and text jointly, does it demean or stereotype women? Answer 1 if yes, 0 if no."
15382.jpg,0,0,0,"Considering the visual and textual content together, is this offensive or discriminatory? Answer 1 or 0."
15382.jpg,0,0,0,"Evaluate the meme’s image and caption together. If it expresses sexist or hateful content, output 1. If not, output 0."
15382.jpg,0,1,1,"Analyze the meme as a whole (image + text). If it contains misogynistic or sexist stereotypes, output 1. If it does not, output 0. Respond with only one character."
15382.jpg,0,0,0,"Using the combination of image and text, decide if the meme promotes hate or discrimination. Reply ONLY with 1 or 0."
15382.jpg,0,1,1,"Classify this meme: 1 = hateful or offensive toward women, 0 = not hateful. Output only the digit."
15382.jpg,0,0,No,"When interpreting the meme’s image and text jointly, does it demean or stereotype women? Answer 1 if yes, 0 if no."
17072.jpg,0,0,0,"Considering the visual and textual content together, is this offensive or discriminatory? Answer 1 or 0."
17072.jpg,0,0,0,"Evaluate the meme’s image and caption together. If it expresses sexist or hateful content, output 1. If not, output 0."
17072.jpg,0,1,1,"Analyze the meme as a whole (image + text). If it contains misogynistic or sexist stereotypes, output 1. If it does not, output 0. Respond with only one character."
17072.jpg,0,0,0,"Using the combination of image and text, decide if the meme promotes hate or discrimination. Reply ONLY with 1 or 0."
17072.jpg,0,0,0,"Classify this meme: 1 = hateful or offensive toward women, 0 = not hateful. Output only the digit."
17072.jpg,0,0,No.,"When interpreting the meme’s image and text jointly, does it demean or stereotype women? Answer 1 if yes, 0 if no."
15413.jpg,0,1,1,"Considering the visual and textual content together, is this offensive or discriminatory? Answer 1 or 0."
15413.jpg,0,1,1,"Evaluate the meme’s image and caption together. If it expresses sexist or hateful content, output 1. If not, output 0."
15413.jpg,0,1,1,"Analyze the meme as a whole (image + text). If it contains misogynistic or sexist stereotypes, output 1. If it does not, output 0. Respond with only one character."
15413.jpg,0,0,0,"Using the combination of image and text, decide if the meme promotes hate or discrimination. Reply ONLY with 1 or 0."
15413.jpg,0,1,1,"Classify this meme: 1 = hateful or offensive toward women, 0 = not hateful. Output only the digit."
15413.jpg,0,0,No,"When interpreting the meme’s image and text jointly, does it demean or stereotype women? Answer 1 if yes, 0 if no."
15613.jpg,0,0,0,"Considering the visual and textual content together, is this offensive or discriminatory? Answer 1 or 0."
15613.jpg,0,1,1,"Evaluate the meme’s image and caption together. If it expresses sexist or hateful content, output 1. If not, output 0."
15613.jpg,0,1,1,"Analyze the meme as a whole (image + text). If it contains misogynistic or sexist stereotypes, output 1. If it does not, output 0. Respond with only one character."
15613.jpg,0,1,1,"Using the combination of image and text, decide if the meme promotes hate or discrimination. Reply ONLY with 1 or 0."
15613.jpg,0,1,1,"Classify this meme: 1 = hateful or offensive toward women, 0 = not hateful. Output only the digit."
15613.jpg,0,0,No,"When interpreting the meme’s image and text jointly, does it demean or stereotype women? Answer 1 if yes, 0 if no."
15948.jpg,1,1,1,"Considering the visual and textual content together, is this offensive or discriminatory? Answer 1 or 0."
15948.jpg,1,1,1,"Evaluate the meme’s image and caption together. If it expresses sexist or hateful content, output 1. If not, output 0."
15948.jpg,1,1,1,"Analyze the meme as a whole (image + text). If it contains misogynistic or sexist stereotypes, output 1. If it does not, output 0. Respond with only one character."
15948.jpg,1,1,1,"Using the combination of image and text, decide if the meme promotes hate or discrimination. Reply ONLY with 1 or 0."
15948.jpg,1,1,1,"Classify this meme: 1 = hateful or offensive toward women, 0 = not hateful. Output only the digit."
15948.jpg,1,1,Yes,"When interpreting the meme’s image and text jointly, does it demean or stereotype women? Answer 1 if yes, 0 if no."
17062.jpg,1,1,1,"Considering the visual and textual content together, is this offensive or discriminatory? Answer 1 or 0."
17062.jpg,1,1,1.,"Evaluate the meme’s image and caption together. If it expresses sexist or hateful content, output 1. If not, output 0."
17062.jpg,1,1,1,"Analyze the meme as a whole (image + text). If it contains misogynistic or sexist stereotypes, output 1. If it does not, output 0. Respond with only one character."
17062.jpg,1,1,1,"Using the combination of image and text, decide if the meme promotes hate or discrimination. Reply ONLY with 1 or 0."
17062.jpg,1,1,1,"Classify this meme: 1 = hateful or offensive toward women, 0 = not hateful. Output only the digit."
17062.jpg,1,1,"It is not appropriate to make assumptions about the content of a meme based on the text alone. The image and text may or may not be related, and the meme may or may not be offensive or appropriate. It is important to consider the context","When interpreting the meme’s image and text jointly, does it demean or stereotype women? Answer 1 if yes, 0 if no."
17051.jpg,0,0,0,"Considering the visual and textual content together, is this offensive or discriminatory? Answer 1 or 0."
17051.jpg,0,1,1,"Evaluate the meme’s image and caption together. If it expresses sexist or hateful content, output 1. If not, output 0."
17051.jpg,0,1,1,"Analyze the meme as a whole (image + text). If it contains misogynistic or sexist stereotypes, output 1. If it does not, output 0. Respond with only one character."
17051.jpg,0,0,0,"Using the combination of image and text, decide if the meme promotes hate or discrimination. Reply ONLY with 1 or 0."
17051.jpg,0,1,1,"Classify this meme: 1 = hateful or offensive toward women, 0 = not hateful. Output only the digit."
17051.jpg,0,0,No,"When interpreting the meme’s image and text jointly, does it demean or stereotype women? Answer 1 if yes, 0 if no."
15641.jpg,0,1,1,"Considering the visual and textual content together, is this offensive or discriminatory? Answer 1 or 0."
15641.jpg,0,1,1,"Evaluate the meme’s image and caption together. If it expresses sexist or hateful content, output 1. If not, output 0."
15641.jpg,0,1,1,"Analyze the meme as a whole (image + text). If it contains misogynistic or sexist stereotypes, output 1. If it does not, output 0. Respond with only one character."
15641.jpg,0,0,0,"Using the combination of image and text, decide if the meme promotes hate or discrimination. Reply ONLY with 1 or 0."
15641.jpg,0,1,1,"Classify this meme: 1 = hateful or offensive toward women, 0 = not hateful. Output only the digit."
15641.jpg,0,0,0,"When interpreting the meme’s image and text jointly, does it demean or stereotype women? Answer 1 if yes, 0 if no."
16286.jpg,0,1,1,"Considering the visual and textual content together, is this offensive or discriminatory? Answer 1 or 0."
16286.jpg,0,1,1,"Evaluate the meme’s image and caption together. If it expresses sexist or hateful content, output 1. If not, output 0."
16286.jpg,0,1,1,"Analyze the meme as a whole (image + text). If it contains misogynistic or sexist stereotypes, output 1. If it does not, output 0. Respond with only one character."
16286.jpg,0,0,0,"Using the combination of image and text, decide if the meme promotes hate or discrimination. Reply ONLY with 1 or 0."
16286.jpg,0,1,1,"Classify this meme: 1 = hateful or offensive toward women, 0 = not hateful. Output only the digit."
16286.jpg,0,0,0,"When interpreting the meme’s image and text jointly, does it demean or stereotype women? Answer 1 if yes, 0 if no."
17059.jpg,1,0,0,"Considering the visual and textual content together, is this offensive or discriminatory? Answer 1 or 0."
17059.jpg,1,-1,"The meme's image features a woman with a black eye, and the caption reads ""One black eye? Hells yeah, I listened the first time."" This could be interpreted as a play on the phrase ""One eye on the prize,"" suggesting","Evaluate the meme’s image and caption together. If it expresses sexist or hateful content, output 1. If not, output 0."
17059.jpg,1,1,1,"Analyze the meme as a whole (image + text). If it contains misogynistic or sexist stereotypes, output 1. If it does not, output 0. Respond with only one character."
17059.jpg,1,0,0,"Using the combination of image and text, decide if the meme promotes hate or discrimination. Reply ONLY with 1 or 0."
17059.jpg,1,1,1,"Classify this meme: 1 = hateful or offensive toward women, 0 = not hateful. Output only the digit."
17059.jpg,1,0,No,"When interpreting the meme’s image and text jointly, does it demean or stereotype women? Answer 1 if yes, 0 if no."
15481.jpg,1,1,1,"Considering the visual and textual content together, is this offensive or discriminatory? Answer 1 or 0."
15481.jpg,1,1,1,"Evaluate the meme’s image and caption together. If it expresses sexist or hateful content, output 1. If not, output 0."
15481.jpg,1,1,1,"Analyze the meme as a whole (image + text). If it contains misogynistic or sexist stereotypes, output 1. If it does not, output 0. Respond with only one character."
15481.jpg,1,1,1,"Using the combination of image and text, decide if the meme promotes hate or discrimination. Reply ONLY with 1 or 0."
15481.jpg,1,1,1,"Classify this meme: 1 = hateful or offensive toward women, 0 = not hateful. Output only the digit."
15481.jpg,1,0,0,"When interpreting the meme’s image and text jointly, does it demean or stereotype women? Answer 1 if yes, 0 if no."
15339.jpg,1,1,1,"Considering the visual and textual content together, is this offensive or discriminatory? Answer 1 or 0."
15339.jpg,1,1,1,"Evaluate the meme’s image and caption together. If it expresses sexist or hateful content, output 1. If not, output 0."
15339.jpg,1,1,1,"Analyze the meme as a whole (image + text). If it contains misogynistic or sexist stereotypes, output 1. If it does not, output 0. Respond with only one character."
15339.jpg,1,1,1,"Using the combination of image and text, decide if the meme promotes hate or discrimination. Reply ONLY with 1 or 0."
15339.jpg,1,1,1,"Classify this meme: 1 = hateful or offensive toward women, 0 = not hateful. Output only the digit."
15339.jpg,1,0,0,"When interpreting the meme’s image and text jointly, does it demean or stereotype women? Answer 1 if yes, 0 if no."
17000.jpg,1,0,0,"Considering the visual and textual content together, is this offensive or discriminatory? Answer 1 or 0."
17000.jpg,1,1,1,"Evaluate the meme’s image and caption together. If it expresses sexist or hateful content, output 1. If not, output 0."
17000.jpg,1,1,1,"Analyze the meme as a whole (image + text). If it contains misogynistic or sexist stereotypes, output 1. If it does not, output 0. Respond with only one character."
17000.jpg,1,0,0,"Using the combination of image and text, decide if the meme promotes hate or discrimination. Reply ONLY with 1 or 0."
17000.jpg,1,1,1,"Classify this meme: 1 = hateful or offensive toward women, 0 = not hateful. Output only the digit."
17000.jpg,1,0,No,"When interpreting the meme’s image and text jointly, does it demean or stereotype women? Answer 1 if yes, 0 if no."
15347.jpg,0,0,0,"Considering the visual and textual content together, is this offensive or discriminatory? Answer 1 or 0."
15347.jpg,0,0,0,"Evaluate the meme’s image and caption together. If it expresses sexist or hateful content, output 1. If not, output 0."
15347.jpg,0,1,1,"Analyze the meme as a whole (image + text). If it contains misogynistic or sexist stereotypes, output 1. If it does not, output 0. Respond with only one character."
15347.jpg,0,0,0,"Using the combination of image and text, decide if the meme promotes hate or discrimination. Reply ONLY with 1 or 0."
15347.jpg,0,0,0,"Classify this meme: 1 = hateful or offensive toward women, 0 = not hateful. Output only the digit."
15347.jpg,0,0,0,"When interpreting the meme’s image and text jointly, does it demean or stereotype women? Answer 1 if yes, 0 if no."
15085.jpg,1,1,1,"Considering the visual and textual content together, is this offensive or discriminatory? Answer 1 or 0."
15085.jpg,1,1,1,"Evaluate the meme’s image and caption together. If it expresses sexist or hateful content, output 1. If not, output 0."
15085.jpg,1,1,1,"Analyze the meme as a whole (image + text). If it contains misogynistic or sexist stereotypes, output 1. If it does not, output 0. Respond with only one character."
15085.jpg,1,0,0,"Using the combination of image and text, decide if the meme promotes hate or discrimination. Reply ONLY with 1 or 0."
15085.jpg,1,1,1,"Classify this meme: 1 = hateful or offensive toward women, 0 = not hateful. Output only the digit."
15085.jpg,1,0,0,"When interpreting the meme’s image and text jointly, does it demean or stereotype women? Answer 1 if yes, 0 if no."
15629.jpg,1,1,1,"Considering the visual and textual content together, is this offensive or discriminatory? Answer 1 or 0."
15629.jpg,1,1,1,"Evaluate the meme’s image and caption together. If it expresses sexist or hateful content, output 1. If not, output 0."
15629.jpg,1,1,1,"Analyze the meme as a whole (image + text). If it contains misogynistic or sexist stereotypes, output 1. If it does not, output 0. Respond with only one character."
15629.jpg,1,0,0,"Using the combination of image and text, decide if the meme promotes hate or discrimination. Reply ONLY with 1 or 0."
15629.jpg,1,1,1,"Classify this meme: 1 = hateful or offensive toward women, 0 = not hateful. Output only the digit."
15629.jpg,1,0,0,"When interpreting the meme’s image and text jointly, does it demean or stereotype women? Answer 1 if yes, 0 if no."
17080.jpg,0,0,0,"Considering the visual and textual content together, is this offensive or discriminatory? Answer 1 or 0."
17080.jpg,0,0,0,"Evaluate the meme’s image and caption together. If it expresses sexist or hateful content, output 1. If not, output 0."
17080.jpg,0,1,1,"Analyze the meme as a whole (image + text). If it contains misogynistic or sexist stereotypes, output 1. If it does not, output 0. Respond with only one character."
17080.jpg,0,0,0,"Using the combination of image and text, decide if the meme promotes hate or discrimination. Reply ONLY with 1 or 0."
17080.jpg,0,1,1,"Classify this meme: 1 = hateful or offensive toward women, 0 = not hateful. Output only the digit."
17080.jpg,0,0,No,"When interpreting the meme’s image and text jointly, does it demean or stereotype women? Answer 1 if yes, 0 if no."
15446.jpg,0,0,0,"Considering the visual and textual content together, is this offensive or discriminatory? Answer 1 or 0."
15446.jpg,0,0,0,"Evaluate the meme’s image and caption together. If it expresses sexist or hateful content, output 1. If not, output 0."
15446.jpg,0,1,1,"Analyze the meme as a whole (image + text). If it contains misogynistic or sexist stereotypes, output 1. If it does not, output 0. Respond with only one character."
15446.jpg,0,0,0,"Using the combination of image and text, decide if the meme promotes hate or discrimination. Reply ONLY with 1 or 0."
15446.jpg,0,1,1,"Classify this meme: 1 = hateful or offensive toward women, 0 = not hateful. Output only the digit."
15446.jpg,0,0,0,"When interpreting the meme’s image and text jointly, does it demean or stereotype women? Answer 1 if yes, 0 if no."
16080.jpg,0,0,0,"Considering the visual and textual content together, is this offensive or discriminatory? Answer 1 or 0."
16080.jpg,0,0,0,"Evaluate the meme’s image and caption together. If it expresses sexist or hateful content, output 1. If not, output 0."
16080.jpg,0,1,1,"Analyze the meme as a whole (image + text). If it contains misogynistic or sexist stereotypes, output 1. If it does not, output 0. Respond with only one character."
16080.jpg,0,0,0,"Using the combination of image and text, decide if the meme promotes hate or discrimination. Reply ONLY with 1 or 0."
16080.jpg,0,1,1,"Classify this meme: 1 = hateful or offensive toward women, 0 = not hateful. Output only the digit."
16080.jpg,0,0,No,"When interpreting the meme’s image and text jointly, does it demean or stereotype women? Answer 1 if yes, 0 if no."
15334.jpg,0,0,0,"Considering the visual and textual content together, is this offensive or discriminatory? Answer 1 or 0."
15334.jpg,0,0,0,"Evaluate the meme’s image and caption together. If it expresses sexist or hateful content, output 1. If not, output 0."
15334.jpg,0,0,0,"Analyze the meme as a whole (image + text). If it contains misogynistic or sexist stereotypes, output 1. If it does not, output 0. Respond with only one character."
15334.jpg,0,0,0,"Using the combination of image and text, decide if the meme promotes hate or discrimination. Reply ONLY with 1 or 0."
15334.jpg,0,0,0,"Classify this meme: 1 = hateful or offensive toward women, 0 = not hateful. Output only the digit."
15334.jpg,0,0,0,"When interpreting the meme’s image and text jointly, does it demean or stereotype women? Answer 1 if yes, 0 if no."
16152.jpg,0,0,0,"Considering the visual and textual content together, is this offensive or discriminatory? Answer 1 or 0."
16152.jpg,0,1,1,"Evaluate the meme’s image and caption together. If it expresses sexist or hateful content, output 1. If not, output 0."
16152.jpg,0,1,1,"Analyze the meme as a whole (image + text). If it contains misogynistic or sexist stereotypes, output 1. If it does not, output 0. Respond with only one character."
16152.jpg,0,0,0,"Using the combination of image and text, decide if the meme promotes hate or discrimination. Reply ONLY with 1 or 0."
16152.jpg,0,1,1,"Classify this meme: 1 = hateful or offensive toward women, 0 = not hateful. Output only the digit."
16152.jpg,0,0,No,"When interpreting the meme’s image and text jointly, does it demean or stereotype women? Answer 1 if yes, 0 if no."
17075.jpg,1,1,1,"Considering the visual and textual content together, is this offensive or discriminatory? Answer 1 or 0."
17075.jpg,1,1,1,"Evaluate the meme’s image and caption together. If it expresses sexist or hateful content, output 1. If not, output 0."
17075.jpg,1,1,1,"Analyze the meme as a whole (image + text). If it contains misogynistic or sexist stereotypes, output 1. If it does not, output 0. Respond with only one character."
17075.jpg,1,1,1,"Using the combination of image and text, decide if the meme promotes hate or discrimination. Reply ONLY with 1 or 0."
17075.jpg,1,1,1,"Classify this meme: 1 = hateful or offensive toward women, 0 = not hateful. Output only the digit."
17075.jpg,1,0,0,"When interpreting the meme’s image and text jointly, does it demean or stereotype women? Answer 1 if yes, 0 if no."
15824.jpg,1,1,1,"Considering the visual and textual content together, is this offensive or discriminatory? Answer 1 or 0."
15824.jpg,1,1,1,"Evaluate the meme’s image and caption together. If it expresses sexist or hateful content, output 1. If not, output 0."
15824.jpg,1,1,1,"Analyze the meme as a whole (image + text). If it contains misogynistic or sexist stereotypes, output 1. If it does not, output 0. Respond with only one character."
15824.jpg,1,0,0,"Using the combination of image and text, decide if the meme promotes hate or discrimination. Reply ONLY with 1 or 0."
15824.jpg,1,1,1,"Classify this meme: 1 = hateful or offensive toward women, 0 = not hateful. Output only the digit."
15824.jpg,1,0,0,"When interpreting the meme’s image and text jointly, does it demean or stereotype women? Answer 1 if yes, 0 if no."
15402.jpg,0,0,0,"Considering the visual and textual content together, is this offensive or discriminatory? Answer 1 or 0."
15402.jpg,0,1,1,"Evaluate the meme’s image and caption together. If it expresses sexist or hateful content, output 1. If not, output 0."
15402.jpg,0,1,1,"Analyze the meme as a whole (image + text). If it contains misogynistic or sexist stereotypes, output 1. If it does not, output 0. Respond with only one character."
15402.jpg,0,0,0,"Using the combination of image and text, decide if the meme promotes hate or discrimination. Reply ONLY with 1 or 0."
15402.jpg,0,1,1,"Classify this meme: 1 = hateful or offensive toward women, 0 = not hateful. Output only the digit."
15402.jpg,0,0,0,"When interpreting the meme’s image and text jointly, does it demean or stereotype women? Answer 1 if yes, 0 if no."
15989.jpg,0,0,0,"Considering the visual and textual content together, is this offensive or discriminatory? Answer 1 or 0."
15989.jpg,0,0,0,"Evaluate the meme’s image and caption together. If it expresses sexist or hateful content, output 1. If not, output 0."
15989.jpg,0,1,1,"Analyze the meme as a whole (image + text). If it contains misogynistic or sexist stereotypes, output 1. If it does not, output 0. Respond with only one character."
15989.jpg,0,0,0,"Using the combination of image and text, decide if the meme promotes hate or discrimination. Reply ONLY with 1 or 0."
15989.jpg,0,1,1,"Classify this meme: 1 = hateful or offensive toward women, 0 = not hateful. Output only the digit."
15989.jpg,0,0,0,"When interpreting the meme’s image and text jointly, does it demean or stereotype women? Answer 1 if yes, 0 if no."
15791.jpg,0,0,0,"Considering the visual and textual content together, is this offensive or discriminatory? Answer 1 or 0."
15791.jpg,0,0,0,"Evaluate the meme’s image and caption together. If it expresses sexist or hateful content, output 1. If not, output 0."
15791.jpg,0,0,0,"Analyze the meme as a whole (image + text). If it contains misogynistic or sexist stereotypes, output 1. If it does not, output 0. Respond with only one character."
15791.jpg,0,0,0,"Using the combination of image and text, decide if the meme promotes hate or discrimination. Reply ONLY with 1 or 0."
15791.jpg,0,1,1,"Classify this meme: 1 = hateful or offensive toward women, 0 = not hateful. Output only the digit."
15791.jpg,0,0,0,"When interpreting the meme’s image and text jointly, does it demean or stereotype women? Answer 1 if yes, 0 if no."
15465.jpg,0,0,0,"Considering the visual and textual content together, is this offensive or discriminatory? Answer 1 or 0."
15465.jpg,0,1,"The image shows a cute squirrel holding an ear of corn, with the caption ""Corny Squirrel"" above it. There is no sexist or hateful content in the image or caption. Therefore, the meme expresses no negative sentiment and does not contain","Evaluate the meme’s image and caption together. If it expresses sexist or hateful content, output 1. If not, output 0."
15465.jpg,0,0,0,"Analyze the meme as a whole (image + text). If it contains misogynistic or sexist stereotypes, output 1. If it does not, output 0. Respond with only one character."
15465.jpg,0,0,0,"Using the combination of image and text, decide if the meme promotes hate or discrimination. Reply ONLY with 1 or 0."
15465.jpg,0,0,0,"Classify this meme: 1 = hateful or offensive toward women, 0 = not hateful. Output only the digit."
15465.jpg,0,0,0,"When interpreting the meme’s image and text jointly, does it demean or stereotype women? Answer 1 if yes, 0 if no."
16297.jpg,1,1,1,"Considering the visual and textual content together, is this offensive or discriminatory? Answer 1 or 0."
16297.jpg,1,1,1,"Evaluate the meme’s image and caption together. If it expresses sexist or hateful content, output 1. If not, output 0."
16297.jpg,1,1,1,"Analyze the meme as a whole (image + text). If it contains misogynistic or sexist stereotypes, output 1. If it does not, output 0. Respond with only one character."
16297.jpg,1,1,1,"Using the combination of image and text, decide if the meme promotes hate or discrimination. Reply ONLY with 1 or 0."
16297.jpg,1,1,1,"Classify this meme: 1 = hateful or offensive toward women, 0 = not hateful. Output only the digit."
16297.jpg,1,0,No,"When interpreting the meme’s image and text jointly, does it demean or stereotype women? Answer 1 if yes, 0 if no."
15734.jpg,0,0,0,"Considering the visual and textual content together, is this offensive or discriminatory? Answer 1 or 0."
15734.jpg,0,0,0,"Evaluate the meme’s image and caption together. If it expresses sexist or hateful content, output 1. If not, output 0."
15734.jpg,0,1,1,"Analyze the meme as a whole (image + text). If it contains misogynistic or sexist stereotypes, output 1. If it does not, output 0. Respond with only one character."
15734.jpg,0,0,0,"Using the combination of image and text, decide if the meme promotes hate or discrimination. Reply ONLY with 1 or 0."
15734.jpg,0,1,1,"Classify this meme: 1 = hateful or offensive toward women, 0 = not hateful. Output only the digit."
15734.jpg,0,0,0,"When interpreting the meme’s image and text jointly, does it demean or stereotype women? Answer 1 if yes, 0 if no."
15459.jpg,0,1,1,"Considering the visual and textual content together, is this offensive or discriminatory? Answer 1 or 0."
15459.jpg,0,1,1,"Evaluate the meme’s image and caption together. If it expresses sexist or hateful content, output 1. If not, output 0."
15459.jpg,0,1,1,"Analyze the meme as a whole (image + text). If it contains misogynistic or sexist stereotypes, output 1. If it does not, output 0. Respond with only one character."
15459.jpg,0,0,0,"Using the combination of image and text, decide if the meme promotes hate or discrimination. Reply ONLY with 1 or 0."
15459.jpg,0,1,1,"Classify this meme: 1 = hateful or offensive toward women, 0 = not hateful. Output only the digit."
15459.jpg,0,0,0,"When interpreting the meme’s image and text jointly, does it demean or stereotype women? Answer 1 if yes, 0 if no."
15749.jpg,0,0,0,"Considering the visual and textual content together, is this offensive or discriminatory? Answer 1 or 0."
15749.jpg,0,0,0,"Evaluate the meme’s image and caption together. If it expresses sexist or hateful content, output 1. If not, output 0."
15749.jpg,0,1,1,"Analyze the meme as a whole (image + text). If it contains misogynistic or sexist stereotypes, output 1. If it does not, output 0. Respond with only one character."
15749.jpg,0,0,0,"Using the combination of image and text, decide if the meme promotes hate or discrimination. Reply ONLY with 1 or 0."
15749.jpg,0,0,0,"Classify this meme: 1 = hateful or offensive toward women, 0 = not hateful. Output only the digit."
15749.jpg,0,0,No.,"When interpreting the meme’s image and text jointly, does it demean or stereotype women? Answer 1 if yes, 0 if no."
15343.jpg,0,1,1,"Considering the visual and textual content together, is this offensive or discriminatory? Answer 1 or 0."
15343.jpg,0,1,1,"Evaluate the meme’s image and caption together. If it expresses sexist or hateful content, output 1. If not, output 0."
15343.jpg,0,1,1,"Analyze the meme as a whole (image + text). If it contains misogynistic or sexist stereotypes, output 1. If it does not, output 0. Respond with only one character."
15343.jpg,0,0,0,"Using the combination of image and text, decide if the meme promotes hate or discrimination. Reply ONLY with 1 or 0."
15343.jpg,0,1,1,"Classify this meme: 1 = hateful or offensive toward women, 0 = not hateful. Output only the digit."
15343.jpg,0,0,No,"When interpreting the meme’s image and text jointly, does it demean or stereotype women? Answer 1 if yes, 0 if no."
15658.jpg,0,0,0,"Considering the visual and textual content together, is this offensive or discriminatory? Answer 1 or 0."
15658.jpg,0,1,1,"Evaluate the meme’s image and caption together. If it expresses sexist or hateful content, output 1. If not, output 0."
15658.jpg,0,1,1,"Analyze the meme as a whole (image + text). If it contains misogynistic or sexist stereotypes, output 1. If it does not, output 0. Respond with only one character."
15658.jpg,0,0,0,"Using the combination of image and text, decide if the meme promotes hate or discrimination. Reply ONLY with 1 or 0."
15658.jpg,0,1,1,"Classify this meme: 1 = hateful or offensive toward women, 0 = not hateful. Output only the digit."
15658.jpg,0,0,0,"When interpreting the meme’s image and text jointly, does it demean or stereotype women? Answer 1 if yes, 0 if no."
15675.jpg,1,1,1,"Considering the visual and textual content together, is this offensive or discriminatory? Answer 1 or 0."
15675.jpg,1,1,1,"Evaluate the meme’s image and caption together. If it expresses sexist or hateful content, output 1. If not, output 0."
15675.jpg,1,1,1,"Analyze the meme as a whole (image + text). If it contains misogynistic or sexist stereotypes, output 1. If it does not, output 0. Respond with only one character."
15675.jpg,1,1,1,"Using the combination of image and text, decide if the meme promotes hate or discrimination. Reply ONLY with 1 or 0."
15675.jpg,1,1,1,"Classify this meme: 1 = hateful or offensive toward women, 0 = not hateful. Output only the digit."
15675.jpg,1,0,No,"When interpreting the meme’s image and text jointly, does it demean or stereotype women? Answer 1 if yes, 0 if no."
15653.jpg,0,0,0,"Considering the visual and textual content together, is this offensive or discriminatory? Answer 1 or 0."
15653.jpg,0,1,1,"Evaluate the meme’s image and caption together. If it expresses sexist or hateful content, output 1. If not, output 0."
15653.jpg,0,1,1,"Analyze the meme as a whole (image + text). If it contains misogynistic or sexist stereotypes, output 1. If it does not, output 0. Respond with only one character."
15653.jpg,0,0,0,"Using the combination of image and text, decide if the meme promotes hate or discrimination. Reply ONLY with 1 or 0."
15653.jpg,0,1,1,"Classify this meme: 1 = hateful or offensive toward women, 0 = not hateful. Output only the digit."
15653.jpg,0,0,No,"When interpreting the meme’s image and text jointly, does it demean or stereotype women? Answer 1 if yes, 0 if no."
15951.jpg,1,1,1,"Considering the visual and textual content together, is this offensive or discriminatory? Answer 1 or 0."
15951.jpg,1,1,1,"Evaluate the meme’s image and caption together. If it expresses sexist or hateful content, output 1. If not, output 0."
15951.jpg,1,1,1,"Analyze the meme as a whole (image + text). If it contains misogynistic or sexist stereotypes, output 1. If it does not, output 0. Respond with only one character."
15951.jpg,1,1,1,"Using the combination of image and text, decide if the meme promotes hate or discrimination. Reply ONLY with 1 or 0."
15951.jpg,1,1,1,"Classify this meme: 1 = hateful or offensive toward women, 0 = not hateful. Output only the digit."
15951.jpg,1,0,0,"When interpreting the meme’s image and text jointly, does it demean or stereotype women? Answer 1 if yes, 0 if no."
15274.jpg,0,0,0,"Considering the visual and textual content together, is this offensive or discriminatory? Answer 1 or 0."
15274.jpg,0,0,0,"Evaluate the meme’s image and caption together. If it expresses sexist or hateful content, output 1. If not, output 0."
15274.jpg,0,1,1,"Analyze the meme as a whole (image + text). If it contains misogynistic or sexist stereotypes, output 1. If it does not, output 0. Respond with only one character."
15274.jpg,0,0,0,"Using the combination of image and text, decide if the meme promotes hate or discrimination. Reply ONLY with 1 or 0."
15274.jpg,0,0,0,"Classify this meme: 1 = hateful or offensive toward women, 0 = not hateful. Output only the digit."
15274.jpg,0,0,0,"When interpreting the meme’s image and text jointly, does it demean or stereotype women? Answer 1 if yes, 0 if no."
15837.jpg,1,1,1,"Considering the visual and textual content together, is this offensive or discriminatory? Answer 1 or 0."
15837.jpg,1,0,0,"Evaluate the meme’s image and caption together. If it expresses sexist or hateful content, output 1. If not, output 0."
15837.jpg,1,1,1,"Analyze the meme as a whole (image + text). If it contains misogynistic or sexist stereotypes, output 1. If it does not, output 0. Respond with only one character."
15837.jpg,1,0,0,"Using the combination of image and text, decide if the meme promotes hate or discrimination. Reply ONLY with 1 or 0."
15837.jpg,1,1,1,"Classify this meme: 1 = hateful or offensive toward women, 0 = not hateful. Output only the digit."
15837.jpg,1,0,0,"When interpreting the meme’s image and text jointly, does it demean or stereotype women? Answer 1 if yes, 0 if no."
15674.jpg,1,0,0,"Considering the visual and textual content together, is this offensive or discriminatory? Answer 1 or 0."
15674.jpg,1,1,1,"Evaluate the meme’s image and caption together. If it expresses sexist or hateful content, output 1. If not, output 0."
15674.jpg,1,0,0,"Analyze the meme as a whole (image + text). If it contains misogynistic or sexist stereotypes, output 1. If it does not, output 0. Respond with only one character."
15674.jpg,1,0,0,"Using the combination of image and text, decide if the meme promotes hate or discrimination. Reply ONLY with 1 or 0."
15674.jpg,1,1,1,"Classify this meme: 1 = hateful or offensive toward women, 0 = not hateful. Output only the digit."
15674.jpg,1,0,0,"When interpreting the meme’s image and text jointly, does it demean or stereotype women? Answer 1 if yes, 0 if no."
15773.jpg,0,1,1,"Considering the visual and textual content together, is this offensive or discriminatory? Answer 1 or 0."
15773.jpg,0,0,0,"Evaluate the meme’s image and caption together. If it expresses sexist or hateful content, output 1. If not, output 0."
15773.jpg,0,0,0,"Analyze the meme as a whole (image + text). If it contains misogynistic or sexist stereotypes, output 1. If it does not, output 0. Respond with only one character."
15773.jpg,0,0,0,"Using the combination of image and text, decide if the meme promotes hate or discrimination. Reply ONLY with 1 or 0."
15773.jpg,0,1,1,"Classify this meme: 1 = hateful or offensive toward women, 0 = not hateful. Output only the digit."
15773.jpg,0,0,0,"When interpreting the meme’s image and text jointly, does it demean or stereotype women? Answer 1 if yes, 0 if no."
15646.jpg,1,1,1,"Considering the visual and textual content together, is this offensive or discriminatory? Answer 1 or 0."
15646.jpg,1,0,0,"Evaluate the meme’s image and caption together. If it expresses sexist or hateful content, output 1. If not, output 0."
15646.jpg,1,1,1,"Analyze the meme as a whole (image + text). If it contains misogynistic or sexist stereotypes, output 1. If it does not, output 0. Respond with only one character."
15646.jpg,1,1,1,"Using the combination of image and text, decide if the meme promotes hate or discrimination. Reply ONLY with 1 or 0."
15646.jpg,1,1,1,"Classify this meme: 1 = hateful or offensive toward women, 0 = not hateful. Output only the digit."
15646.jpg,1,0,No,"When interpreting the meme’s image and text jointly, does it demean or stereotype women? Answer 1 if yes, 0 if no."
16039.jpg,1,1,1,"Considering the visual and textual content together, is this offensive or discriminatory? Answer 1 or 0."
16039.jpg,1,0,0,"Evaluate the meme’s image and caption together. If it expresses sexist or hateful content, output 1. If not, output 0."
16039.jpg,1,1,1,"Analyze the meme as a whole (image + text). If it contains misogynistic or sexist stereotypes, output 1. If it does not, output 0. Respond with only one character."
16039.jpg,1,0,0,"Using the combination of image and text, decide if the meme promotes hate or discrimination. Reply ONLY with 1 or 0."
16039.jpg,1,1,1,"Classify this meme: 1 = hateful or offensive toward women, 0 = not hateful. Output only the digit."
16039.jpg,1,0,No,"When interpreting the meme’s image and text jointly, does it demean or stereotype women? Answer 1 if yes, 0 if no."
15498.jpg,1,1,1,"Considering the visual and textual content together, is this offensive or discriminatory? Answer 1 or 0."
15498.jpg,1,1,1,"Evaluate the meme’s image and caption together. If it expresses sexist or hateful content, output 1. If not, output 0."
15498.jpg,1,1,1,"Analyze the meme as a whole (image + text). If it contains misogynistic or sexist stereotypes, output 1. If it does not, output 0. Respond with only one character."
15498.jpg,1,1,1,"Using the combination of image and text, decide if the meme promotes hate or discrimination. Reply ONLY with 1 or 0."
15498.jpg,1,1,1,"Classify this meme: 1 = hateful or offensive toward women, 0 = not hateful. Output only the digit."
15498.jpg,1,0,0,"When interpreting the meme’s image and text jointly, does it demean or stereotype women? Answer 1 if yes, 0 if no."
15729.jpg,0,1,1,"Considering the visual and textual content together, is this offensive or discriminatory? Answer 1 or 0."
15729.jpg,0,0,0,"Evaluate the meme’s image and caption together. If it expresses sexist or hateful content, output 1. If not, output 0."
15729.jpg,0,0,0,"Analyze the meme as a whole (image + text). If it contains misogynistic or sexist stereotypes, output 1. If it does not, output 0. Respond with only one character."
15729.jpg,0,0,0,"Using the combination of image and text, decide if the meme promotes hate or discrimination. Reply ONLY with 1 or 0."
15729.jpg,0,1,1,"Classify this meme: 1 = hateful or offensive toward women, 0 = not hateful. Output only the digit."
15729.jpg,0,0,0,"When interpreting the meme’s image and text jointly, does it demean or stereotype women? Answer 1 if yes, 0 if no."
15484.jpg,0,1,1,"Considering the visual and textual content together, is this offensive or discriminatory? Answer 1 or 0."
15484.jpg,0,0,0,"Evaluate the meme’s image and caption together. If it expresses sexist or hateful content, output 1. If not, output 0."
15484.jpg,0,0,0,"Analyze the meme as a whole (image + text). If it contains misogynistic or sexist stereotypes, output 1. If it does not, output 0. Respond with only one character."
15484.jpg,0,0,0,"Using the combination of image and text, decide if the meme promotes hate or discrimination. Reply ONLY with 1 or 0."
15484.jpg,0,1,1,"Classify this meme: 1 = hateful or offensive toward women, 0 = not hateful. Output only the digit."
15484.jpg,0,0,0,"When interpreting the meme’s image and text jointly, does it demean or stereotype women? Answer 1 if yes, 0 if no."
15511.jpg,0,0,0,"Considering the visual and textual content together, is this offensive or discriminatory? Answer 1 or 0."
15511.jpg,0,1,1,"Evaluate the meme’s image and caption together. If it expresses sexist or hateful content, output 1. If not, output 0."
15511.jpg,0,1,1,"Analyze the meme as a whole (image + text). If it contains misogynistic or sexist stereotypes, output 1. If it does not, output 0. Respond with only one character."
15511.jpg,0,0,0,"Using the combination of image and text, decide if the meme promotes hate or discrimination. Reply ONLY with 1 or 0."
15511.jpg,0,1,1,"Classify this meme: 1 = hateful or offensive toward women, 0 = not hateful. Output only the digit."
15511.jpg,0,0,No,"When interpreting the meme’s image and text jointly, does it demean or stereotype women? Answer 1 if yes, 0 if no."
15001.jpg,0,0,0,"Considering the visual and textual content together, is this offensive or discriminatory? Answer 1 or 0."
15001.jpg,0,0,0,"Evaluate the meme’s image and caption together. If it expresses sexist or hateful content, output 1. If not, output 0."
15001.jpg,0,0,0,"Analyze the meme as a whole (image + text). If it contains misogynistic or sexist stereotypes, output 1. If it does not, output 0. Respond with only one character."
15001.jpg,0,0,0,"Using the combination of image and text, decide if the meme promotes hate or discrimination. Reply ONLY with 1 or 0."
15001.jpg,0,1,1,"Classify this meme: 1 = hateful or offensive toward women, 0 = not hateful. Output only the digit."
15001.jpg,0,0,No,"When interpreting the meme’s image and text jointly, does it demean or stereotype women? Answer 1 if yes, 0 if no."
16002.jpg,1,1,1,"Considering the visual and textual content together, is this offensive or discriminatory? Answer 1 or 0."
16002.jpg,1,1,1.,"Evaluate the meme’s image and caption together. If it expresses sexist or hateful content, output 1. If not, output 0."
16002.jpg,1,1,1,"Analyze the meme as a whole (image + text). If it contains misogynistic or sexist stereotypes, output 1. If it does not, output 0. Respond with only one character."
16002.jpg,1,0,0,"Using the combination of image and text, decide if the meme promotes hate or discrimination. Reply ONLY with 1 or 0."
16002.jpg,1,1,1,"Classify this meme: 1 = hateful or offensive toward women, 0 = not hateful. Output only the digit."
16002.jpg,1,0,0,"When interpreting the meme’s image and text jointly, does it demean or stereotype women? Answer 1 if yes, 0 if no."
16157.jpg,0,0,0,"Considering the visual and textual content together, is this offensive or discriminatory? Answer 1 or 0."
16157.jpg,0,0,0,"Evaluate the meme’s image and caption together. If it expresses sexist or hateful content, output 1. If not, output 0."
16157.jpg,0,1,1,"Analyze the meme as a whole (image + text). If it contains misogynistic or sexist stereotypes, output 1. If it does not, output 0. Respond with only one character."
16157.jpg,0,0,0,"Using the combination of image and text, decide if the meme promotes hate or discrimination. Reply ONLY with 1 or 0."
16157.jpg,0,1,1,"Classify this meme: 1 = hateful or offensive toward women, 0 = not hateful. Output only the digit."
16157.jpg,0,0,No,"When interpreting the meme’s image and text jointly, does it demean or stereotype women? Answer 1 if yes, 0 if no."
15467.jpg,1,1,1,"Considering the visual and textual content together, is this offensive or discriminatory? Answer 1 or 0."
15467.jpg,1,1,1,"Evaluate the meme’s image and caption together. If it expresses sexist or hateful content, output 1. If not, output 0."
15467.jpg,1,1,1,"Analyze the meme as a whole (image + text). If it contains misogynistic or sexist stereotypes, output 1. If it does not, output 0. Respond with only one character."
15467.jpg,1,0,0,"Using the combination of image and text, decide if the meme promotes hate or discrimination. Reply ONLY with 1 or 0."
15467.jpg,1,1,1,"Classify this meme: 1 = hateful or offensive toward women, 0 = not hateful. Output only the digit."
15467.jpg,1,0,0,"When interpreting the meme’s image and text jointly, does it demean or stereotype women? Answer 1 if yes, 0 if no."
15105.jpg,0,1,1,"Considering the visual and textual content together, is this offensive or discriminatory? Answer 1 or 0."
15105.jpg,0,0,0,"Evaluate the meme’s image and caption together. If it expresses sexist or hateful content, output 1. If not, output 0."
15105.jpg,0,1,1,"Analyze the meme as a whole (image + text). If it contains misogynistic or sexist stereotypes, output 1. If it does not, output 0. Respond with only one character."
15105.jpg,0,0,0,"Using the combination of image and text, decide if the meme promotes hate or discrimination. Reply ONLY with 1 or 0."
15105.jpg,0,1,1,"Classify this meme: 1 = hateful or offensive toward women, 0 = not hateful. Output only the digit."
15105.jpg,0,0,No,"When interpreting the meme’s image and text jointly, does it demean or stereotype women? Answer 1 if yes, 0 if no."
15919.jpg,1,1,1,"Considering the visual and textual content together, is this offensive or discriminatory? Answer 1 or 0."
15919.jpg,1,1,1,"Evaluate the meme’s image and caption together. If it expresses sexist or hateful content, output 1. If not, output 0."
15919.jpg,1,1,1,"Analyze the meme as a whole (image + text). If it contains misogynistic or sexist stereotypes, output 1. If it does not, output 0. Respond with only one character."
15919.jpg,1,1,1,"Using the combination of image and text, decide if the meme promotes hate or discrimination. Reply ONLY with 1 or 0."
15919.jpg,1,1,1,"Classify this meme: 1 = hateful or offensive toward women, 0 = not hateful. Output only the digit."
15919.jpg,1,0,No,"When interpreting the meme’s image and text jointly, does it demean or stereotype women? Answer 1 if yes, 0 if no."
16133.jpg,1,1,1,"Considering the visual and textual content together, is this offensive or discriminatory? Answer 1 or 0."
16133.jpg,1,0,0,"Evaluate the meme’s image and caption together. If it expresses sexist or hateful content, output 1. If not, output 0."
16133.jpg,1,0,0,"Analyze the meme as a whole (image + text). If it contains misogynistic or sexist stereotypes, output 1. If it does not, output 0. Respond with only one character."
16133.jpg,1,0,0,"Using the combination of image and text, decide if the meme promotes hate or discrimination. Reply ONLY with 1 or 0."
16133.jpg,1,0,0,"Classify this meme: 1 = hateful or offensive toward women, 0 = not hateful. Output only the digit."
16133.jpg,1,0,No,"When interpreting the meme’s image and text jointly, does it demean or stereotype women? Answer 1 if yes, 0 if no."
15661.jpg,0,0,0,"Considering the visual and textual content together, is this offensive or discriminatory? Answer 1 or 0."
15661.jpg,0,1,1,"Evaluate the meme’s image and caption together. If it expresses sexist or hateful content, output 1. If not, output 0."
15661.jpg,0,1,1,"Analyze the meme as a whole (image + text). If it contains misogynistic or sexist stereotypes, output 1. If it does not, output 0. Respond with only one character."
15661.jpg,0,0,0,"Using the combination of image and text, decide if the meme promotes hate or discrimination. Reply ONLY with 1 or 0."
15661.jpg,0,1,1,"Classify this meme: 1 = hateful or offensive toward women, 0 = not hateful. Output only the digit."
15661.jpg,0,0,0,"When interpreting the meme’s image and text jointly, does it demean or stereotype women? Answer 1 if yes, 0 if no."
16271.jpg,1,1,1,"Considering the visual and textual content together, is this offensive or discriminatory? Answer 1 or 0."
16271.jpg,1,1,1,"Evaluate the meme’s image and caption together. If it expresses sexist or hateful content, output 1. If not, output 0."
16271.jpg,1,1,1,"Analyze the meme as a whole (image + text). If it contains misogynistic or sexist stereotypes, output 1. If it does not, output 0. Respond with only one character."
16271.jpg,1,0,0,"Using the combination of image and text, decide if the meme promotes hate or discrimination. Reply ONLY with 1 or 0."
16271.jpg,1,1,1,"Classify this meme: 1 = hateful or offensive toward women, 0 = not hateful. Output only the digit."
16271.jpg,1,0,0,"When interpreting the meme’s image and text jointly, does it demean or stereotype women? Answer 1 if yes, 0 if no."
16044.jpg,0,1,1,"Considering the visual and textual content together, is this offensive or discriminatory? Answer 1 or 0."
16044.jpg,0,1,1,"Evaluate the meme’s image and caption together. If it expresses sexist or hateful content, output 1. If not, output 0."
16044.jpg,0,1,1,"Analyze the meme as a whole (image + text). If it contains misogynistic or sexist stereotypes, output 1. If it does not, output 0. Respond with only one character."
16044.jpg,0,1,1,"Using the combination of image and text, decide if the meme promotes hate or discrimination. Reply ONLY with 1 or 0."
16044.jpg,0,1,1,"Classify this meme: 1 = hateful or offensive toward women, 0 = not hateful. Output only the digit."
16044.jpg,0,0,0,"When interpreting the meme’s image and text jointly, does it demean or stereotype women? Answer 1 if yes, 0 if no."
15717.jpg,1,1,1,"Considering the visual and textual content together, is this offensive or discriminatory? Answer 1 or 0."
15717.jpg,1,1,1,"Evaluate the meme’s image and caption together. If it expresses sexist or hateful content, output 1. If not, output 0."
15717.jpg,1,1,1,"Analyze the meme as a whole (image + text). If it contains misogynistic or sexist stereotypes, output 1. If it does not, output 0. Respond with only one character."
15717.jpg,1,1,1,"Using the combination of image and text, decide if the meme promotes hate or discrimination. Reply ONLY with 1 or 0."
15717.jpg,1,1,1,"Classify this meme: 1 = hateful or offensive toward women, 0 = not hateful. Output only the digit."
15717.jpg,1,0,No,"When interpreting the meme’s image and text jointly, does it demean or stereotype women? Answer 1 if yes, 0 if no."
15050.jpg,1,1,1,"Considering the visual and textual content together, is this offensive or discriminatory? Answer 1 or 0."
15050.jpg,1,1,1,"Evaluate the meme’s image and caption together. If it expresses sexist or hateful content, output 1. If not, output 0."
15050.jpg,1,1,1,"Analyze the meme as a whole (image + text). If it contains misogynistic or sexist stereotypes, output 1. If it does not, output 0. Respond with only one character."
15050.jpg,1,0,0,"Using the combination of image and text, decide if the meme promotes hate or discrimination. Reply ONLY with 1 or 0."
15050.jpg,1,1,1,"Classify this meme: 1 = hateful or offensive toward women, 0 = not hateful. Output only the digit."
15050.jpg,1,0,0,"When interpreting the meme’s image and text jointly, does it demean or stereotype women? Answer 1 if yes, 0 if no."
16179.jpg,1,1,1,"Considering the visual and textual content together, is this offensive or discriminatory? Answer 1 or 0."
16179.jpg,1,0,0,"Evaluate the meme’s image and caption together. If it expresses sexist or hateful content, output 1. If not, output 0."
16179.jpg,1,1,1,"Analyze the meme as a whole (image + text). If it contains misogynistic or sexist stereotypes, output 1. If it does not, output 0. Respond with only one character."
16179.jpg,1,0,0,"Using the combination of image and text, decide if the meme promotes hate or discrimination. Reply ONLY with 1 or 0."
16179.jpg,1,1,1,"Classify this meme: 1 = hateful or offensive toward women, 0 = not hateful. Output only the digit."
16179.jpg,1,0,0,"When interpreting the meme’s image and text jointly, does it demean or stereotype women? Answer 1 if yes, 0 if no."
15633.jpg,0,0,0,"Considering the visual and textual content together, is this offensive or discriminatory? Answer 1 or 0."
15633.jpg,0,0,0,"Evaluate the meme’s image and caption together. If it expresses sexist or hateful content, output 1. If not, output 0."
15633.jpg,0,0,0,"Analyze the meme as a whole (image + text). If it contains misogynistic or sexist stereotypes, output 1. If it does not, output 0. Respond with only one character."
15633.jpg,0,0,0,"Using the combination of image and text, decide if the meme promotes hate or discrimination. Reply ONLY with 1 or 0."
15633.jpg,0,1,1,"Classify this meme: 1 = hateful or offensive toward women, 0 = not hateful. Output only the digit."
15633.jpg,0,0,No,"When interpreting the meme’s image and text jointly, does it demean or stereotype women? Answer 1 if yes, 0 if no."
15202.jpg,1,1,1,"Considering the visual and textual content together, is this offensive or discriminatory? Answer 1 or 0."
15202.jpg,1,1,1,"Evaluate the meme’s image and caption together. If it expresses sexist or hateful content, output 1. If not, output 0."
15202.jpg,1,1,1,"Analyze the meme as a whole (image + text). If it contains misogynistic or sexist stereotypes, output 1. If it does not, output 0. Respond with only one character."
15202.jpg,1,1,1,"Using the combination of image and text, decide if the meme promotes hate or discrimination. Reply ONLY with 1 or 0."
15202.jpg,1,1,1,"Classify this meme: 1 = hateful or offensive toward women, 0 = not hateful. Output only the digit."
15202.jpg,1,0,0,"When interpreting the meme’s image and text jointly, does it demean or stereotype women? Answer 1 if yes, 0 if no."
15121.jpg,1,1,1,"Considering the visual and textual content together, is this offensive or discriminatory? Answer 1 or 0."
15121.jpg,1,1,1,"Evaluate the meme’s image and caption together. If it expresses sexist or hateful content, output 1. If not, output 0."
15121.jpg,1,1,1,"Analyze the meme as a whole (image + text). If it contains misogynistic or sexist stereotypes, output 1. If it does not, output 0. Respond with only one character."
15121.jpg,1,1,1,"Using the combination of image and text, decide if the meme promotes hate or discrimination. Reply ONLY with 1 or 0."
15121.jpg,1,1,1,"Classify this meme: 1 = hateful or offensive toward women, 0 = not hateful. Output only the digit."
15121.jpg,1,0,0,"When interpreting the meme’s image and text jointly, does it demean or stereotype women? Answer 1 if yes, 0 if no."
16035.jpg,1,1,1,"Considering the visual and textual content together, is this offensive or discriminatory? Answer 1 or 0."
16035.jpg,1,1,1,"Evaluate the meme’s image and caption together. If it expresses sexist or hateful content, output 1. If not, output 0."
16035.jpg,1,1,1,"Analyze the meme as a whole (image + text). If it contains misogynistic or sexist stereotypes, output 1. If it does not, output 0. Respond with only one character."
16035.jpg,1,0,0,"Using the combination of image and text, decide if the meme promotes hate or discrimination. Reply ONLY with 1 or 0."
16035.jpg,1,1,1,"Classify this meme: 1 = hateful or offensive toward women, 0 = not hateful. Output only the digit."
16035.jpg,1,0,0,"When interpreting the meme’s image and text jointly, does it demean or stereotype women? Answer 1 if yes, 0 if no."
15247.jpg,1,0,0,"Considering the visual and textual content together, is this offensive or discriminatory? Answer 1 or 0."
15247.jpg,1,1,1,"Evaluate the meme’s image and caption together. If it expresses sexist or hateful content, output 1. If not, output 0."
15247.jpg,1,1,1,"Analyze the meme as a whole (image + text). If it contains misogynistic or sexist stereotypes, output 1. If it does not, output 0. Respond with only one character."
15247.jpg,1,0,0,"Using the combination of image and text, decide if the meme promotes hate or discrimination. Reply ONLY with 1 or 0."
15247.jpg,1,1,1,"Classify this meme: 1 = hateful or offensive toward women, 0 = not hateful. Output only the digit."
15247.jpg,1,0,0,"When interpreting the meme’s image and text jointly, does it demean or stereotype women? Answer 1 if yes, 0 if no."
16159.jpg,0,0,0,"Considering the visual and textual content together, is this offensive or discriminatory? Answer 1 or 0."
16159.jpg,0,0,0,"Evaluate the meme’s image and caption together. If it expresses sexist or hateful content, output 1. If not, output 0."
16159.jpg,0,0,0,"Analyze the meme as a whole (image + text). If it contains misogynistic or sexist stereotypes, output 1. If it does not, output 0. Respond with only one character."
16159.jpg,0,0,0,"Using the combination of image and text, decide if the meme promotes hate or discrimination. Reply ONLY with 1 or 0."
16159.jpg,0,1,1,"Classify this meme: 1 = hateful or offensive toward women, 0 = not hateful. Output only the digit."
16159.jpg,0,0,No.,"When interpreting the meme’s image and text jointly, does it demean or stereotype women? Answer 1 if yes, 0 if no."
15698.jpg,0,0,0,"Considering the visual and textual content together, is this offensive or discriminatory? Answer 1 or 0."
15698.jpg,0,1,1,"Evaluate the meme’s image and caption together. If it expresses sexist or hateful content, output 1. If not, output 0."
15698.jpg,0,1,1,"Analyze the meme as a whole (image + text). If it contains misogynistic or sexist stereotypes, output 1. If it does not, output 0. Respond with only one character."
15698.jpg,0,0,0,"Using the combination of image and text, decide if the meme promotes hate or discrimination. Reply ONLY with 1 or 0."
15698.jpg,0,1,1,"Classify this meme: 1 = hateful or offensive toward women, 0 = not hateful. Output only the digit."
15698.jpg,0,0,0,"When interpreting the meme’s image and text jointly, does it demean or stereotype women? Answer 1 if yes, 0 if no."
15143.jpg,1,1,1,"Considering the visual and textual content together, is this offensive or discriminatory? Answer 1 or 0."
15143.jpg,1,0,0,"Evaluate the meme’s image and caption together. If it expresses sexist or hateful content, output 1. If not, output 0."
15143.jpg,1,1,1,"Analyze the meme as a whole (image + text). If it contains misogynistic or sexist stereotypes, output 1. If it does not, output 0. Respond with only one character."
15143.jpg,1,1,1,"Using the combination of image and text, decide if the meme promotes hate or discrimination. Reply ONLY with 1 or 0."
15143.jpg,1,1,1,"Classify this meme: 1 = hateful or offensive toward women, 0 = not hateful. Output only the digit."
15143.jpg,1,0,0,"When interpreting the meme’s image and text jointly, does it demean or stereotype women? Answer 1 if yes, 0 if no."
16132.jpg,1,0,0,"Considering the visual and textual content together, is this offensive or discriminatory? Answer 1 or 0."
16132.jpg,1,0,0,"Evaluate the meme’s image and caption together. If it expresses sexist or hateful content, output 1. If not, output 0."
16132.jpg,1,1,1,"Analyze the meme as a whole (image + text). If it contains misogynistic or sexist stereotypes, output 1. If it does not, output 0. Respond with only one character."
16132.jpg,1,0,0,"Using the combination of image and text, decide if the meme promotes hate or discrimination. Reply ONLY with 1 or 0."
16132.jpg,1,1,1,"Classify this meme: 1 = hateful or offensive toward women, 0 = not hateful. Output only the digit."
16132.jpg,1,0,No.,"When interpreting the meme’s image and text jointly, does it demean or stereotype women? Answer 1 if yes, 0 if no."
17039.jpg,1,1,1,"Considering the visual and textual content together, is this offensive or discriminatory? Answer 1 or 0."
17039.jpg,1,1,1,"Evaluate the meme’s image and caption together. If it expresses sexist or hateful content, output 1. If not, output 0."
17039.jpg,1,1,1,"Analyze the meme as a whole (image + text). If it contains misogynistic or sexist stereotypes, output 1. If it does not, output 0. Respond with only one character."
17039.jpg,1,1,1,"Using the combination of image and text, decide if the meme promotes hate or discrimination. Reply ONLY with 1 or 0."
17039.jpg,1,1,1,"Classify this meme: 1 = hateful or offensive toward women, 0 = not hateful. Output only the digit."
17039.jpg,1,0,0,"When interpreting the meme’s image and text jointly, does it demean or stereotype women? Answer 1 if yes, 0 if no."
15714.jpg,1,1,1,"Considering the visual and textual content together, is this offensive or discriminatory? Answer 1 or 0."
15714.jpg,1,1,1,"Evaluate the meme’s image and caption together. If it expresses sexist or hateful content, output 1. If not, output 0."
15714.jpg,1,1,1,"Analyze the meme as a whole (image + text). If it contains misogynistic or sexist stereotypes, output 1. If it does not, output 0. Respond with only one character."
15714.jpg,1,1,1,"Using the combination of image and text, decide if the meme promotes hate or discrimination. Reply ONLY with 1 or 0."
15714.jpg,1,1,1,"Classify this meme: 1 = hateful or offensive toward women, 0 = not hateful. Output only the digit."
15714.jpg,1,1,Yes,"When interpreting the meme’s image and text jointly, does it demean or stereotype women? Answer 1 if yes, 0 if no."
15213.jpg,1,0,0,"Considering the visual and textual content together, is this offensive or discriminatory? Answer 1 or 0."
15213.jpg,1,0,0,"Evaluate the meme’s image and caption together. If it expresses sexist or hateful content, output 1. If not, output 0."
15213.jpg,1,1,1,"Analyze the meme as a whole (image + text). If it contains misogynistic or sexist stereotypes, output 1. If it does not, output 0. Respond with only one character."
15213.jpg,1,0,0,"Using the combination of image and text, decide if the meme promotes hate or discrimination. Reply ONLY with 1 or 0."
15213.jpg,1,0,0,"Classify this meme: 1 = hateful or offensive toward women, 0 = not hateful. Output only the digit."
15213.jpg,1,0,0,"When interpreting the meme’s image and text jointly, does it demean or stereotype women? Answer 1 if yes, 0 if no."
15171.jpg,0,0,0,"Considering the visual and textual content together, is this offensive or discriminatory? Answer 1 or 0."
15171.jpg,0,0,0,"Evaluate the meme’s image and caption together. If it expresses sexist or hateful content, output 1. If not, output 0."
15171.jpg,0,0,0,"Analyze the meme as a whole (image + text). If it contains misogynistic or sexist stereotypes, output 1. If it does not, output 0. Respond with only one character."
15171.jpg,0,0,0,"Using the combination of image and text, decide if the meme promotes hate or discrimination. Reply ONLY with 1 or 0."
15171.jpg,0,1,1,"Classify this meme: 1 = hateful or offensive toward women, 0 = not hateful. Output only the digit."
15171.jpg,0,0,0,"When interpreting the meme’s image and text jointly, does it demean or stereotype women? Answer 1 if yes, 0 if no."
15081.jpg,0,1,1,"Considering the visual and textual content together, is this offensive or discriminatory? Answer 1 or 0."
15081.jpg,0,1,1,"Evaluate the meme’s image and caption together. If it expresses sexist or hateful content, output 1. If not, output 0."
15081.jpg,0,1,1,"Analyze the meme as a whole (image + text). If it contains misogynistic or sexist stereotypes, output 1. If it does not, output 0. Respond with only one character."
15081.jpg,0,0,0,"Using the combination of image and text, decide if the meme promotes hate or discrimination. Reply ONLY with 1 or 0."
15081.jpg,0,1,1,"Classify this meme: 1 = hateful or offensive toward women, 0 = not hateful. Output only the digit."
15081.jpg,0,0,No,"When interpreting the meme’s image and text jointly, does it demean or stereotype women? Answer 1 if yes, 0 if no."
15423.jpg,1,1,1,"Considering the visual and textual content together, is this offensive or discriminatory? Answer 1 or 0."
15423.jpg,1,1,1,"Evaluate the meme’s image and caption together. If it expresses sexist or hateful content, output 1. If not, output 0."
15423.jpg,1,1,1,"Analyze the meme as a whole (image + text). If it contains misogynistic or sexist stereotypes, output 1. If it does not, output 0. Respond with only one character."
15423.jpg,1,1,1,"Using the combination of image and text, decide if the meme promotes hate or discrimination. Reply ONLY with 1 or 0."
15423.jpg,1,1,1,"Classify this meme: 1 = hateful or offensive toward women, 0 = not hateful. Output only the digit."
15423.jpg,1,0,0,"When interpreting the meme’s image and text jointly, does it demean or stereotype women? Answer 1 if yes, 0 if no."
15776.jpg,0,1,1,"Considering the visual and textual content together, is this offensive or discriminatory? Answer 1 or 0."
15776.jpg,0,0,0,"Evaluate the meme’s image and caption together. If it expresses sexist or hateful content, output 1. If not, output 0."
15776.jpg,0,0,0,"Analyze the meme as a whole (image + text). If it contains misogynistic or sexist stereotypes, output 1. If it does not, output 0. Respond with only one character."
15776.jpg,0,0,0,"Using the combination of image and text, decide if the meme promotes hate or discrimination. Reply ONLY with 1 or 0."
15776.jpg,0,0,0,"Classify this meme: 1 = hateful or offensive toward women, 0 = not hateful. Output only the digit."
15776.jpg,0,0,No,"When interpreting the meme’s image and text jointly, does it demean or stereotype women? Answer 1 if yes, 0 if no."
15017.jpg,1,1,1,"Considering the visual and textual content together, is this offensive or discriminatory? Answer 1 or 0."
15017.jpg,1,1,1,"Evaluate the meme’s image and caption together. If it expresses sexist or hateful content, output 1. If not, output 0."
15017.jpg,1,1,1,"Analyze the meme as a whole (image + text). If it contains misogynistic or sexist stereotypes, output 1. If it does not, output 0. Respond with only one character."
15017.jpg,1,0,0,"Using the combination of image and text, decide if the meme promotes hate or discrimination. Reply ONLY with 1 or 0."
15017.jpg,1,1,1,"Classify this meme: 1 = hateful or offensive toward women, 0 = not hateful. Output only the digit."
15017.jpg,1,0,0,"When interpreting the meme’s image and text jointly, does it demean or stereotype women? Answer 1 if yes, 0 if no."
15974.jpg,1,1,1,"Considering the visual and textual content together, is this offensive or discriminatory? Answer 1 or 0."
15974.jpg,1,1,1,"Evaluate the meme’s image and caption together. If it expresses sexist or hateful content, output 1. If not, output 0."
15974.jpg,1,1,1,"Analyze the meme as a whole (image + text). If it contains misogynistic or sexist stereotypes, output 1. If it does not, output 0. Respond with only one character."
15974.jpg,1,0,0,"Using the combination of image and text, decide if the meme promotes hate or discrimination. Reply ONLY with 1 or 0."
15974.jpg,1,1,1,"Classify this meme: 1 = hateful or offensive toward women, 0 = not hateful. Output only the digit."
15974.jpg,1,0,0,"When interpreting the meme’s image and text jointly, does it demean or stereotype women? Answer 1 if yes, 0 if no."
16084.jpg,0,0,0,"Considering the visual and textual content together, is this offensive or discriminatory? Answer 1 or 0."
16084.jpg,0,1,"1. The meme features an actress in a red dress sitting on a leopard print chair, with the caption ""actress was 38 back then, how old are you now?"" This could be interpreted as objectifying the actress and making age","Evaluate the meme’s image and caption together. If it expresses sexist or hateful content, output 1. If not, output 0."
16084.jpg,0,1,1,"Analyze the meme as a whole (image + text). If it contains misogynistic or sexist stereotypes, output 1. If it does not, output 0. Respond with only one character."
16084.jpg,0,0,0,"Using the combination of image and text, decide if the meme promotes hate or discrimination. Reply ONLY with 1 or 0."
16084.jpg,0,1,1,"Classify this meme: 1 = hateful or offensive toward women, 0 = not hateful. Output only the digit."
16084.jpg,0,0,0,"When interpreting the meme’s image and text jointly, does it demean or stereotype women? Answer 1 if yes, 0 if no."
15089.jpg,1,0,0,"Considering the visual and textual content together, is this offensive or discriminatory? Answer 1 or 0."
15089.jpg,1,1,1,"Evaluate the meme’s image and caption together. If it expresses sexist or hateful content, output 1. If not, output 0."
15089.jpg,1,0,0,"Analyze the meme as a whole (image + text). If it contains misogynistic or sexist stereotypes, output 1. If it does not, output 0. Respond with only one character."
15089.jpg,1,0,0,"Using the combination of image and text, decide if the meme promotes hate or discrimination. Reply ONLY with 1 or 0."
15089.jpg,1,0,0,"Classify this meme: 1 = hateful or offensive toward women, 0 = not hateful. Output only the digit."
15089.jpg,1,0,0,"When interpreting the meme’s image and text jointly, does it demean or stereotype women? Answer 1 if yes, 0 if no."
15792.jpg,1,0,0,"Considering the visual and textual content together, is this offensive or discriminatory? Answer 1 or 0."
15792.jpg,1,0,0,"Evaluate the meme’s image and caption together. If it expresses sexist or hateful content, output 1. If not, output 0."
15792.jpg,1,1,1,"Analyze the meme as a whole (image + text). If it contains misogynistic or sexist stereotypes, output 1. If it does not, output 0. Respond with only one character."
15792.jpg,1,0,0,"Using the combination of image and text, decide if the meme promotes hate or discrimination. Reply ONLY with 1 or 0."
15792.jpg,1,1,1,"Classify this meme: 1 = hateful or offensive toward women, 0 = not hateful. Output only the digit."
15792.jpg,1,0,0,"When interpreting the meme’s image and text jointly, does it demean or stereotype women? Answer 1 if yes, 0 if no."
16118.jpg,1,0,0,"Considering the visual and textual content together, is this offensive or discriminatory? Answer 1 or 0."
16118.jpg,1,0,0,"Evaluate the meme’s image and caption together. If it expresses sexist or hateful content, output 1. If not, output 0."
16118.jpg,1,1,1,"Analyze the meme as a whole (image + text). If it contains misogynistic or sexist stereotypes, output 1. If it does not, output 0. Respond with only one character."
16118.jpg,1,0,0,"Using the combination of image and text, decide if the meme promotes hate or discrimination. Reply ONLY with 1 or 0."
16118.jpg,1,1,1,"Classify this meme: 1 = hateful or offensive toward women, 0 = not hateful. Output only the digit."
16118.jpg,1,0,0,"When interpreting the meme’s image and text jointly, does it demean or stereotype women? Answer 1 if yes, 0 if no."
15699.jpg,0,0,0,"Considering the visual and textual content together, is this offensive or discriminatory? Answer 1 or 0."
15699.jpg,0,0,0,"Evaluate the meme’s image and caption together. If it expresses sexist or hateful content, output 1. If not, output 0."
15699.jpg,0,0,0,"Analyze the meme as a whole (image + text). If it contains misogynistic or sexist stereotypes, output 1. If it does not, output 0. Respond with only one character."
15699.jpg,0,0,0,"Using the combination of image and text, decide if the meme promotes hate or discrimination. Reply ONLY with 1 or 0."
15699.jpg,0,1,1,"Classify this meme: 1 = hateful or offensive toward women, 0 = not hateful. Output only the digit."
15699.jpg,0,0,0,"When interpreting the meme’s image and text jointly, does it demean or stereotype women? Answer 1 if yes, 0 if no."
15866.jpg,1,1,1,"Considering the visual and textual content together, is this offensive or discriminatory? Answer 1 or 0."
15866.jpg,1,1,1,"Evaluate the meme’s image and caption together. If it expresses sexist or hateful content, output 1. If not, output 0."
15866.jpg,1,1,1,"Analyze the meme as a whole (image + text). If it contains misogynistic or sexist stereotypes, output 1. If it does not, output 0. Respond with only one character."
15866.jpg,1,1,1,"Using the combination of image and text, decide if the meme promotes hate or discrimination. Reply ONLY with 1 or 0."
15866.jpg,1,1,1,"Classify this meme: 1 = hateful or offensive toward women, 0 = not hateful. Output only the digit."
15866.jpg,1,0,0,"When interpreting the meme’s image and text jointly, does it demean or stereotype women? Answer 1 if yes, 0 if no."
15582.jpg,0,0,0,"Considering the visual and textual content together, is this offensive or discriminatory? Answer 1 or 0."
15582.jpg,0,0,0,"Evaluate the meme’s image and caption together. If it expresses sexist or hateful content, output 1. If not, output 0."
15582.jpg,0,1,1,"Analyze the meme as a whole (image + text). If it contains misogynistic or sexist stereotypes, output 1. If it does not, output 0. Respond with only one character."
15582.jpg,0,0,0,"Using the combination of image and text, decide if the meme promotes hate or discrimination. Reply ONLY with 1 or 0."
15582.jpg,0,0,0,"Classify this meme: 1 = hateful or offensive toward women, 0 = not hateful. Output only the digit."
15582.jpg,0,0,0,"When interpreting the meme’s image and text jointly, does it demean or stereotype women? Answer 1 if yes, 0 if no."
16034.jpg,1,0,0,"Considering the visual and textual content together, is this offensive or discriminatory? Answer 1 or 0."
16034.jpg,1,1,1,"Evaluate the meme’s image and caption together. If it expresses sexist or hateful content, output 1. If not, output 0."
16034.jpg,1,1,1,"Analyze the meme as a whole (image + text). If it contains misogynistic or sexist stereotypes, output 1. If it does not, output 0. Respond with only one character."
16034.jpg,1,0,0,"Using the combination of image and text, decide if the meme promotes hate or discrimination. Reply ONLY with 1 or 0."
16034.jpg,1,0,0,"Classify this meme: 1 = hateful or offensive toward women, 0 = not hateful. Output only the digit."
16034.jpg,1,0,0,"When interpreting the meme’s image and text jointly, does it demean or stereotype women? Answer 1 if yes, 0 if no."
15025.jpg,0,0,0,"Considering the visual and textual content together, is this offensive or discriminatory? Answer 1 or 0."
15025.jpg,0,0,0,"Evaluate the meme’s image and caption together. If it expresses sexist or hateful content, output 1. If not, output 0."
15025.jpg,0,0,0,"Analyze the meme as a whole (image + text). If it contains misogynistic or sexist stereotypes, output 1. If it does not, output 0. Respond with only one character."
15025.jpg,0,0,0,"Using the combination of image and text, decide if the meme promotes hate or discrimination. Reply ONLY with 1 or 0."
15025.jpg,0,1,1,"Classify this meme: 1 = hateful or offensive toward women, 0 = not hateful. Output only the digit."
15025.jpg,0,0,0,"When interpreting the meme’s image and text jointly, does it demean or stereotype women? Answer 1 if yes, 0 if no."
15631.jpg,1,1,1,"Considering the visual and textual content together, is this offensive or discriminatory? Answer 1 or 0."
15631.jpg,1,1,1,"Evaluate the meme’s image and caption together. If it expresses sexist or hateful content, output 1. If not, output 0."
15631.jpg,1,1,1,"Analyze the meme as a whole (image + text). If it contains misogynistic or sexist stereotypes, output 1. If it does not, output 0. Respond with only one character."
15631.jpg,1,1,1,"Using the combination of image and text, decide if the meme promotes hate or discrimination. Reply ONLY with 1 or 0."
15631.jpg,1,1,1,"Classify this meme: 1 = hateful or offensive toward women, 0 = not hateful. Output only the digit."
15631.jpg,1,0,0,"When interpreting the meme’s image and text jointly, does it demean or stereotype women? Answer 1 if yes, 0 if no."
15887.jpg,0,1,1,"Considering the visual and textual content together, is this offensive or discriminatory? Answer 1 or 0."
15887.jpg,0,1,1,"Evaluate the meme’s image and caption together. If it expresses sexist or hateful content, output 1. If not, output 0."
15887.jpg,0,0,0,"Analyze the meme as a whole (image + text). If it contains misogynistic or sexist stereotypes, output 1. If it does not, output 0. Respond with only one character."
15887.jpg,0,1,1,"Using the combination of image and text, decide if the meme promotes hate or discrimination. Reply ONLY with 1 or 0."
15887.jpg,0,1,1,"Classify this meme: 1 = hateful or offensive toward women, 0 = not hateful. Output only the digit."
15887.jpg,0,0,0,"When interpreting the meme’s image and text jointly, does it demean or stereotype women? Answer 1 if yes, 0 if no."
17021.jpg,1,1,1,"Considering the visual and textual content together, is this offensive or discriminatory? Answer 1 or 0."
17021.jpg,1,1,1,"Evaluate the meme’s image and caption together. If it expresses sexist or hateful content, output 1. If not, output 0."
17021.jpg,1,1,1,"Analyze the meme as a whole (image + text). If it contains misogynistic or sexist stereotypes, output 1. If it does not, output 0. Respond with only one character."
17021.jpg,1,0,0,"Using the combination of image and text, decide if the meme promotes hate or discrimination. Reply ONLY with 1 or 0."
17021.jpg,1,1,1,"Classify this meme: 1 = hateful or offensive toward women, 0 = not hateful. Output only the digit."
17021.jpg,1,0,No.,"When interpreting the meme’s image and text jointly, does it demean or stereotype women? Answer 1 if yes, 0 if no."
15317.jpg,1,1,1,"Considering the visual and textual content together, is this offensive or discriminatory? Answer 1 or 0."
15317.jpg,1,1,1,"Evaluate the meme’s image and caption together. If it expresses sexist or hateful content, output 1. If not, output 0."
15317.jpg,1,1,1,"Analyze the meme as a whole (image + text). If it contains misogynistic or sexist stereotypes, output 1. If it does not, output 0. Respond with only one character."
15317.jpg,1,0,0,"Using the combination of image and text, decide if the meme promotes hate or discrimination. Reply ONLY with 1 or 0."
15317.jpg,1,1,1,"Classify this meme: 1 = hateful or offensive toward women, 0 = not hateful. Output only the digit."
15317.jpg,1,0,0,"When interpreting the meme’s image and text jointly, does it demean or stereotype women? Answer 1 if yes, 0 if no."
15913.jpg,1,0,0,"Considering the visual and textual content together, is this offensive or discriminatory? Answer 1 or 0."
15913.jpg,1,1,1,"Evaluate the meme’s image and caption together. If it expresses sexist or hateful content, output 1. If not, output 0."
15913.jpg,1,1,1,"Analyze the meme as a whole (image + text). If it contains misogynistic or sexist stereotypes, output 1. If it does not, output 0. Respond with only one character."
15913.jpg,1,0,0,"Using the combination of image and text, decide if the meme promotes hate or discrimination. Reply ONLY with 1 or 0."
15913.jpg,1,1,1,"Classify this meme: 1 = hateful or offensive toward women, 0 = not hateful. Output only the digit."
15913.jpg,1,0,0,"When interpreting the meme’s image and text jointly, does it demean or stereotype women? Answer 1 if yes, 0 if no."
15390.jpg,0,1,1,"Considering the visual and textual content together, is this offensive or discriminatory? Answer 1 or 0."
15390.jpg,0,1,1,"Evaluate the meme’s image and caption together. If it expresses sexist or hateful content, output 1. If not, output 0."
15390.jpg,0,1,1,"Analyze the meme as a whole (image + text). If it contains misogynistic or sexist stereotypes, output 1. If it does not, output 0. Respond with only one character."
15390.jpg,0,0,0,"Using the combination of image and text, decide if the meme promotes hate or discrimination. Reply ONLY with 1 or 0."
15390.jpg,0,1,1,"Classify this meme: 1 = hateful or offensive toward women, 0 = not hateful. Output only the digit."
15390.jpg,0,0,0,"When interpreting the meme’s image and text jointly, does it demean or stereotype women? Answer 1 if yes, 0 if no."
15196.jpg,0,0,0,"Considering the visual and textual content together, is this offensive or discriminatory? Answer 1 or 0."
15196.jpg,0,1,1,"Evaluate the meme’s image and caption together. If it expresses sexist or hateful content, output 1. If not, output 0."
15196.jpg,0,1,1,"Analyze the meme as a whole (image + text). If it contains misogynistic or sexist stereotypes, output 1. If it does not, output 0. Respond with only one character."
15196.jpg,0,1,1,"Using the combination of image and text, decide if the meme promotes hate or discrimination. Reply ONLY with 1 or 0."
15196.jpg,0,1,1,"Classify this meme: 1 = hateful or offensive toward women, 0 = not hateful. Output only the digit."
15196.jpg,0,0,0,"When interpreting the meme’s image and text jointly, does it demean or stereotype women? Answer 1 if yes, 0 if no."
17048.jpg,1,0,0,"Considering the visual and textual content together, is this offensive or discriminatory? Answer 1 or 0."
17048.jpg,1,1,"The meme's image shows cheerleaders performing a cheer, and the caption reads ""YAY Career Development."" There is no explicit sexist or hateful content in the image or caption. Therefore, the meme does not express sexist or hateful content. 0","Evaluate the meme’s image and caption together. If it expresses sexist or hateful content, output 1. If not, output 0."
17048.jpg,1,1,1,"Analyze the meme as a whole (image + text). If it contains misogynistic or sexist stereotypes, output 1. If it does not, output 0. Respond with only one character."
17048.jpg,1,0,0,"Using the combination of image and text, decide if the meme promotes hate or discrimination. Reply ONLY with 1 or 0."
17048.jpg,1,1,1,"Classify this meme: 1 = hateful or offensive toward women, 0 = not hateful. Output only the digit."
17048.jpg,1,0,0,"When interpreting the meme’s image and text jointly, does it demean or stereotype women? Answer 1 if yes, 0 if no."
16308.jpg,1,1,1,"Considering the visual and textual content together, is this offensive or discriminatory? Answer 1 or 0."
16308.jpg,1,0,0,"Evaluate the meme’s image and caption together. If it expresses sexist or hateful content, output 1. If not, output 0."
16308.jpg,1,1,1,"Analyze the meme as a whole (image + text). If it contains misogynistic or sexist stereotypes, output 1. If it does not, output 0. Respond with only one character."
16308.jpg,1,1,1,"Using the combination of image and text, decide if the meme promotes hate or discrimination. Reply ONLY with 1 or 0."
16308.jpg,1,1,1,"Classify this meme: 1 = hateful or offensive toward women, 0 = not hateful. Output only the digit."
16308.jpg,1,0,No.,"When interpreting the meme’s image and text jointly, does it demean or stereotype women? Answer 1 if yes, 0 if no."
15432.jpg,1,1,1,"Considering the visual and textual content together, is this offensive or discriminatory? Answer 1 or 0."
15432.jpg,1,1,1,"Evaluate the meme’s image and caption together. If it expresses sexist or hateful content, output 1. If not, output 0."
15432.jpg,1,1,1,"Analyze the meme as a whole (image + text). If it contains misogynistic or sexist stereotypes, output 1. If it does not, output 0. Respond with only one character."
15432.jpg,1,0,0,"Using the combination of image and text, decide if the meme promotes hate or discrimination. Reply ONLY with 1 or 0."
15432.jpg,1,1,1,"Classify this meme: 1 = hateful or offensive toward women, 0 = not hateful. Output only the digit."
15432.jpg,1,0,No,"When interpreting the meme’s image and text jointly, does it demean or stereotype women? Answer 1 if yes, 0 if no."
15305.jpg,1,1,1,"Considering the visual and textual content together, is this offensive or discriminatory? Answer 1 or 0."
15305.jpg,1,1,1,"Evaluate the meme’s image and caption together. If it expresses sexist or hateful content, output 1. If not, output 0."
15305.jpg,1,1,1,"Analyze the meme as a whole (image + text). If it contains misogynistic or sexist stereotypes, output 1. If it does not, output 0. Respond with only one character."
15305.jpg,1,1,1,"Using the combination of image and text, decide if the meme promotes hate or discrimination. Reply ONLY with 1 or 0."
15305.jpg,1,1,1,"Classify this meme: 1 = hateful or offensive toward women, 0 = not hateful. Output only the digit."
15305.jpg,1,0,0,"When interpreting the meme’s image and text jointly, does it demean or stereotype women? Answer 1 if yes, 0 if no."
15324.jpg,0,0,0,"Considering the visual and textual content together, is this offensive or discriminatory? Answer 1 or 0."
15324.jpg,0,0,0,"Evaluate the meme’s image and caption together. If it expresses sexist or hateful content, output 1. If not, output 0."
15324.jpg,0,1,1,"Analyze the meme as a whole (image + text). If it contains misogynistic or sexist stereotypes, output 1. If it does not, output 0. Respond with only one character."
15324.jpg,0,0,0,"Using the combination of image and text, decide if the meme promotes hate or discrimination. Reply ONLY with 1 or 0."
15324.jpg,0,1,1,"Classify this meme: 1 = hateful or offensive toward women, 0 = not hateful. Output only the digit."
15324.jpg,0,0,0,"When interpreting the meme’s image and text jointly, does it demean or stereotype women? Answer 1 if yes, 0 if no."
15180.jpg,1,0,0,"Considering the visual and textual content together, is this offensive or discriminatory? Answer 1 or 0."
15180.jpg,1,1,1,"Evaluate the meme’s image and caption together. If it expresses sexist or hateful content, output 1. If not, output 0."
15180.jpg,1,1,1,"Analyze the meme as a whole (image + text). If it contains misogynistic or sexist stereotypes, output 1. If it does not, output 0. Respond with only one character."
15180.jpg,1,0,0,"Using the combination of image and text, decide if the meme promotes hate or discrimination. Reply ONLY with 1 or 0."
15180.jpg,1,1,1,"Classify this meme: 1 = hateful or offensive toward women, 0 = not hateful. Output only the digit."
15180.jpg,1,0,0,"When interpreting the meme’s image and text jointly, does it demean or stereotype women? Answer 1 if yes, 0 if no."
16061.jpg,0,1,1,"Considering the visual and textual content together, is this offensive or discriminatory? Answer 1 or 0."
16061.jpg,0,0,0,"Evaluate the meme’s image and caption together. If it expresses sexist or hateful content, output 1. If not, output 0."
16061.jpg,0,1,1,"Analyze the meme as a whole (image + text). If it contains misogynistic or sexist stereotypes, output 1. If it does not, output 0. Respond with only one character."
16061.jpg,0,0,0,"Using the combination of image and text, decide if the meme promotes hate or discrimination. Reply ONLY with 1 or 0."
16061.jpg,0,1,1,"Classify this meme: 1 = hateful or offensive toward women, 0 = not hateful. Output only the digit."
16061.jpg,0,0,No,"When interpreting the meme’s image and text jointly, does it demean or stereotype women? Answer 1 if yes, 0 if no."
15956.jpg,1,0,0,"Considering the visual and textual content together, is this offensive or discriminatory? Answer 1 or 0."
15956.jpg,1,1,1,"Evaluate the meme’s image and caption together. If it expresses sexist or hateful content, output 1. If not, output 0."
15956.jpg,1,1,1,"Analyze the meme as a whole (image + text). If it contains misogynistic or sexist stereotypes, output 1. If it does not, output 0. Respond with only one character."
15956.jpg,1,0,0,"Using the combination of image and text, decide if the meme promotes hate or discrimination. Reply ONLY with 1 or 0."
15956.jpg,1,1,1,"Classify this meme: 1 = hateful or offensive toward women, 0 = not hateful. Output only the digit."
15956.jpg,1,0,No,"When interpreting the meme’s image and text jointly, does it demean or stereotype women? Answer 1 if yes, 0 if no."
16329.jpg,1,1,1,"Considering the visual and textual content together, is this offensive or discriminatory? Answer 1 or 0."
16329.jpg,1,1,1,"Evaluate the meme’s image and caption together. If it expresses sexist or hateful content, output 1. If not, output 0."
16329.jpg,1,1,1,"Analyze the meme as a whole (image + text). If it contains misogynistic or sexist stereotypes, output 1. If it does not, output 0. Respond with only one character."
16329.jpg,1,1,1,"Using the combination of image and text, decide if the meme promotes hate or discrimination. Reply ONLY with 1 or 0."
16329.jpg,1,1,1,"Classify this meme: 1 = hateful or offensive toward women, 0 = not hateful. Output only the digit."
16329.jpg,1,1,Yes,"When interpreting the meme’s image and text jointly, does it demean or stereotype women? Answer 1 if yes, 0 if no."
15803.jpg,0,1,1,"Considering the visual and textual content together, is this offensive or discriminatory? Answer 1 or 0."
15803.jpg,0,1,1,"Evaluate the meme’s image and caption together. If it expresses sexist or hateful content, output 1. If not, output 0."
15803.jpg,0,1,1,"Analyze the meme as a whole (image + text). If it contains misogynistic or sexist stereotypes, output 1. If it does not, output 0. Respond with only one character."
15803.jpg,0,0,0,"Using the combination of image and text, decide if the meme promotes hate or discrimination. Reply ONLY with 1 or 0."
15803.jpg,0,1,1,"Classify this meme: 1 = hateful or offensive toward women, 0 = not hateful. Output only the digit."
15803.jpg,0,0,No,"When interpreting the meme’s image and text jointly, does it demean or stereotype women? Answer 1 if yes, 0 if no."
15257.jpg,1,1,1,"Considering the visual and textual content together, is this offensive or discriminatory? Answer 1 or 0."
15257.jpg,1,1,1,"Evaluate the meme’s image and caption together. If it expresses sexist or hateful content, output 1. If not, output 0."
15257.jpg,1,1,1,"Analyze the meme as a whole (image + text). If it contains misogynistic or sexist stereotypes, output 1. If it does not, output 0. Respond with only one character."
15257.jpg,1,1,1,"Using the combination of image and text, decide if the meme promotes hate or discrimination. Reply ONLY with 1 or 0."
15257.jpg,1,1,1,"Classify this meme: 1 = hateful or offensive toward women, 0 = not hateful. Output only the digit."
15257.jpg,1,0,0,"When interpreting the meme’s image and text jointly, does it demean or stereotype women? Answer 1 if yes, 0 if no."
15880.jpg,0,0,0,"Considering the visual and textual content together, is this offensive or discriminatory? Answer 1 or 0."
15880.jpg,0,0,0,"Evaluate the meme’s image and caption together. If it expresses sexist or hateful content, output 1. If not, output 0."
15880.jpg,0,1,1,"Analyze the meme as a whole (image + text). If it contains misogynistic or sexist stereotypes, output 1. If it does not, output 0. Respond with only one character."
15880.jpg,0,0,0,"Using the combination of image and text, decide if the meme promotes hate or discrimination. Reply ONLY with 1 or 0."
15880.jpg,0,1,1,"Classify this meme: 1 = hateful or offensive toward women, 0 = not hateful. Output only the digit."
15880.jpg,0,0,0,"When interpreting the meme’s image and text jointly, does it demean or stereotype women? Answer 1 if yes, 0 if no."
15133.jpg,1,1,1,"Considering the visual and textual content together, is this offensive or discriminatory? Answer 1 or 0."
15133.jpg,1,1,1,"Evaluate the meme’s image and caption together. If it expresses sexist or hateful content, output 1. If not, output 0."
15133.jpg,1,1,1,"Analyze the meme as a whole (image + text). If it contains misogynistic or sexist stereotypes, output 1. If it does not, output 0. Respond with only one character."
15133.jpg,1,0,0,"Using the combination of image and text, decide if the meme promotes hate or discrimination. Reply ONLY with 1 or 0."
15133.jpg,1,1,1,"Classify this meme: 1 = hateful or offensive toward women, 0 = not hateful. Output only the digit."
15133.jpg,1,0,0,"When interpreting the meme’s image and text jointly, does it demean or stereotype women? Answer 1 if yes, 0 if no."
15536.jpg,0,0,0,"Considering the visual and textual content together, is this offensive or discriminatory? Answer 1 or 0."
15536.jpg,0,1,1,"Evaluate the meme’s image and caption together. If it expresses sexist or hateful content, output 1. If not, output 0."
15536.jpg,0,1,1,"Analyze the meme as a whole (image + text). If it contains misogynistic or sexist stereotypes, output 1. If it does not, output 0. Respond with only one character."
15536.jpg,0,1,1,"Using the combination of image and text, decide if the meme promotes hate or discrimination. Reply ONLY with 1 or 0."
15536.jpg,0,1,1,"Classify this meme: 1 = hateful or offensive toward women, 0 = not hateful. Output only the digit."
15536.jpg,0,0,0,"When interpreting the meme’s image and text jointly, does it demean or stereotype women? Answer 1 if yes, 0 if no."
15671.jpg,1,1,1,"Considering the visual and textual content together, is this offensive or discriminatory? Answer 1 or 0."
15671.jpg,1,1,1,"Evaluate the meme’s image and caption together. If it expresses sexist or hateful content, output 1. If not, output 0."
15671.jpg,1,1,1,"Analyze the meme as a whole (image + text). If it contains misogynistic or sexist stereotypes, output 1. If it does not, output 0. Respond with only one character."
15671.jpg,1,1,1,"Using the combination of image and text, decide if the meme promotes hate or discrimination. Reply ONLY with 1 or 0."
15671.jpg,1,1,1,"Classify this meme: 1 = hateful or offensive toward women, 0 = not hateful. Output only the digit."
15671.jpg,1,0,0,"When interpreting the meme’s image and text jointly, does it demean or stereotype women? Answer 1 if yes, 0 if no."
15380.jpg,0,0,0,"Considering the visual and textual content together, is this offensive or discriminatory? Answer 1 or 0."
15380.jpg,0,1,1,"Evaluate the meme’s image and caption together. If it expresses sexist or hateful content, output 1. If not, output 0."
15380.jpg,0,1,1,"Analyze the meme as a whole (image + text). If it contains misogynistic or sexist stereotypes, output 1. If it does not, output 0. Respond with only one character."
15380.jpg,0,0,0,"Using the combination of image and text, decide if the meme promotes hate or discrimination. Reply ONLY with 1 or 0."
15380.jpg,0,0,0,"Classify this meme: 1 = hateful or offensive toward women, 0 = not hateful. Output only the digit."
15380.jpg,0,0,0,"When interpreting the meme’s image and text jointly, does it demean or stereotype women? Answer 1 if yes, 0 if no."
15088.jpg,1,1,1,"Considering the visual and textual content together, is this offensive or discriminatory? Answer 1 or 0."
15088.jpg,1,1,1,"Evaluate the meme’s image and caption together. If it expresses sexist or hateful content, output 1. If not, output 0."
15088.jpg,1,1,1,"Analyze the meme as a whole (image + text). If it contains misogynistic or sexist stereotypes, output 1. If it does not, output 0. Respond with only one character."
15088.jpg,1,0,0,"Using the combination of image and text, decide if the meme promotes hate or discrimination. Reply ONLY with 1 or 0."
15088.jpg,1,1,1,"Classify this meme: 1 = hateful or offensive toward women, 0 = not hateful. Output only the digit."
15088.jpg,1,0,0,"When interpreting the meme’s image and text jointly, does it demean or stereotype women? Answer 1 if yes, 0 if no."
15106.jpg,0,0,0,"Considering the visual and textual content together, is this offensive or discriminatory? Answer 1 or 0."
15106.jpg,0,0,0,"Evaluate the meme’s image and caption together. If it expresses sexist or hateful content, output 1. If not, output 0."
15106.jpg,0,1,1,"Analyze the meme as a whole (image + text). If it contains misogynistic or sexist stereotypes, output 1. If it does not, output 0. Respond with only one character."
15106.jpg,0,0,0,"Using the combination of image and text, decide if the meme promotes hate or discrimination. Reply ONLY with 1 or 0."
15106.jpg,0,0,0,"Classify this meme: 1 = hateful or offensive toward women, 0 = not hateful. Output only the digit."
15106.jpg,0,0,No,"When interpreting the meme’s image and text jointly, does it demean or stereotype women? Answer 1 if yes, 0 if no."
15636.jpg,0,1,1,"Considering the visual and textual content together, is this offensive or discriminatory? Answer 1 or 0."
15636.jpg,0,1,1,"Evaluate the meme’s image and caption together. If it expresses sexist or hateful content, output 1. If not, output 0."
15636.jpg,0,1,1,"Analyze the meme as a whole (image + text). If it contains misogynistic or sexist stereotypes, output 1. If it does not, output 0. Respond with only one character."
15636.jpg,0,0,0,"Using the combination of image and text, decide if the meme promotes hate or discrimination. Reply ONLY with 1 or 0."
15636.jpg,0,1,1,"Classify this meme: 1 = hateful or offensive toward women, 0 = not hateful. Output only the digit."
15636.jpg,0,0,0,"When interpreting the meme’s image and text jointly, does it demean or stereotype women? Answer 1 if yes, 0 if no."
17063.jpg,1,0,0,"Considering the visual and textual content together, is this offensive or discriminatory? Answer 1 or 0."
17063.jpg,1,1,1,"Evaluate the meme’s image and caption together. If it expresses sexist or hateful content, output 1. If not, output 0."
17063.jpg,1,1,1,"Analyze the meme as a whole (image + text). If it contains misogynistic or sexist stereotypes, output 1. If it does not, output 0. Respond with only one character."
17063.jpg,1,0,0,"Using the combination of image and text, decide if the meme promotes hate or discrimination. Reply ONLY with 1 or 0."
17063.jpg,1,1,1,"Classify this meme: 1 = hateful or offensive toward women, 0 = not hateful. Output only the digit."
17063.jpg,1,0,0,"When interpreting the meme’s image and text jointly, does it demean or stereotype women? Answer 1 if yes, 0 if no."
15972.jpg,1,1,1,"Considering the visual and textual content together, is this offensive or discriminatory? Answer 1 or 0."
15972.jpg,1,0,0,"Evaluate the meme’s image and caption together. If it expresses sexist or hateful content, output 1. If not, output 0."
15972.jpg,1,1,1,"Analyze the meme as a whole (image + text). If it contains misogynistic or sexist stereotypes, output 1. If it does not, output 0. Respond with only one character."
15972.jpg,1,0,0,"Using the combination of image and text, decide if the meme promotes hate or discrimination. Reply ONLY with 1 or 0."
15972.jpg,1,1,1,"Classify this meme: 1 = hateful or offensive toward women, 0 = not hateful. Output only the digit."
15972.jpg,1,0,No,"When interpreting the meme’s image and text jointly, does it demean or stereotype women? Answer 1 if yes, 0 if no."
15944.jpg,1,1,1,"Considering the visual and textual content together, is this offensive or discriminatory? Answer 1 or 0."
15944.jpg,1,1,1,"Evaluate the meme’s image and caption together. If it expresses sexist or hateful content, output 1. If not, output 0."
15944.jpg,1,1,1,"Analyze the meme as a whole (image + text). If it contains misogynistic or sexist stereotypes, output 1. If it does not, output 0. Respond with only one character."
15944.jpg,1,0,0,"Using the combination of image and text, decide if the meme promotes hate or discrimination. Reply ONLY with 1 or 0."
15944.jpg,1,1,1,"Classify this meme: 1 = hateful or offensive toward women, 0 = not hateful. Output only the digit."
15944.jpg,1,0,No,"When interpreting the meme’s image and text jointly, does it demean or stereotype women? Answer 1 if yes, 0 if no."
17008.jpg,1,0,0,"Considering the visual and textual content together, is this offensive or discriminatory? Answer 1 or 0."
17008.jpg,1,1,"1. The meme features an image of a woman lying on the stairs with the caption ""Next time don't get pregnant,"" which implies that having a baby is a negative experience. This could be considered as sexist and disrespectful to women who choose to","Evaluate the meme’s image and caption together. If it expresses sexist or hateful content, output 1. If not, output 0."
17008.jpg,1,1,1,"Analyze the meme as a whole (image + text). If it contains misogynistic or sexist stereotypes, output 1. If it does not, output 0. Respond with only one character."
17008.jpg,1,0,0,"Using the combination of image and text, decide if the meme promotes hate or discrimination. Reply ONLY with 1 or 0."
17008.jpg,1,1,1,"Classify this meme: 1 = hateful or offensive toward women, 0 = not hateful. Output only the digit."
17008.jpg,1,0,0,"When interpreting the meme’s image and text jointly, does it demean or stereotype women? Answer 1 if yes, 0 if no."
15750.jpg,0,0,0,"Considering the visual and textual content together, is this offensive or discriminatory? Answer 1 or 0."
15750.jpg,0,0,0,"Evaluate the meme’s image and caption together. If it expresses sexist or hateful content, output 1. If not, output 0."
15750.jpg,0,0,0,"Analyze the meme as a whole (image + text). If it contains misogynistic or sexist stereotypes, output 1. If it does not, output 0. Respond with only one character."
15750.jpg,0,0,0,"Using the combination of image and text, decide if the meme promotes hate or discrimination. Reply ONLY with 1 or 0."
15750.jpg,0,0,0,"Classify this meme: 1 = hateful or offensive toward women, 0 = not hateful. Output only the digit."
15750.jpg,0,0,0,"When interpreting the meme’s image and text jointly, does it demean or stereotype women? Answer 1 if yes, 0 if no."
15189.jpg,0,0,0,"Considering the visual and textual content together, is this offensive or discriminatory? Answer 1 or 0."
15189.jpg,0,0,0,"Evaluate the meme’s image and caption together. If it expresses sexist or hateful content, output 1. If not, output 0."
15189.jpg,0,1,1,"Analyze the meme as a whole (image + text). If it contains misogynistic or sexist stereotypes, output 1. If it does not, output 0. Respond with only one character."
15189.jpg,0,0,0,"Using the combination of image and text, decide if the meme promotes hate or discrimination. Reply ONLY with 1 or 0."
15189.jpg,0,0,0,"Classify this meme: 1 = hateful or offensive toward women, 0 = not hateful. Output only the digit."
15189.jpg,0,0,0,"When interpreting the meme’s image and text jointly, does it demean or stereotype women? Answer 1 if yes, 0 if no."
15062.jpg,0,1,1,"Considering the visual and textual content together, is this offensive or discriminatory? Answer 1 or 0."
15062.jpg,0,0,0,"Evaluate the meme’s image and caption together. If it expresses sexist or hateful content, output 1. If not, output 0."
15062.jpg,0,1,1,"Analyze the meme as a whole (image + text). If it contains misogynistic or sexist stereotypes, output 1. If it does not, output 0. Respond with only one character."
15062.jpg,0,0,0,"Using the combination of image and text, decide if the meme promotes hate or discrimination. Reply ONLY with 1 or 0."
15062.jpg,0,0,0,"Classify this meme: 1 = hateful or offensive toward women, 0 = not hateful. Output only the digit."
15062.jpg,0,0,No,"When interpreting the meme’s image and text jointly, does it demean or stereotype women? Answer 1 if yes, 0 if no."
15485.jpg,0,0,0,"Considering the visual and textual content together, is this offensive or discriminatory? Answer 1 or 0."
15485.jpg,0,1,1,"Evaluate the meme’s image and caption together. If it expresses sexist or hateful content, output 1. If not, output 0."
15485.jpg,0,1,1,"Analyze the meme as a whole (image + text). If it contains misogynistic or sexist stereotypes, output 1. If it does not, output 0. Respond with only one character."
15485.jpg,0,0,0,"Using the combination of image and text, decide if the meme promotes hate or discrimination. Reply ONLY with 1 or 0."
15485.jpg,0,1,1,"Classify this meme: 1 = hateful or offensive toward women, 0 = not hateful. Output only the digit."
15485.jpg,0,0,No,"When interpreting the meme’s image and text jointly, does it demean or stereotype women? Answer 1 if yes, 0 if no."
15137.jpg,0,0,0,"Considering the visual and textual content together, is this offensive or discriminatory? Answer 1 or 0."
15137.jpg,0,1,1,"Evaluate the meme’s image and caption together. If it expresses sexist or hateful content, output 1. If not, output 0."
15137.jpg,0,1,1,"Analyze the meme as a whole (image + text). If it contains misogynistic or sexist stereotypes, output 1. If it does not, output 0. Respond with only one character."
15137.jpg,0,0,0,"Using the combination of image and text, decide if the meme promotes hate or discrimination. Reply ONLY with 1 or 0."
15137.jpg,0,1,1,"Classify this meme: 1 = hateful or offensive toward women, 0 = not hateful. Output only the digit."
15137.jpg,0,0,0,"When interpreting the meme’s image and text jointly, does it demean or stereotype women? Answer 1 if yes, 0 if no."
15723.jpg,0,0,0,"Considering the visual and textual content together, is this offensive or discriminatory? Answer 1 or 0."
15723.jpg,0,0,0,"Evaluate the meme’s image and caption together. If it expresses sexist or hateful content, output 1. If not, output 0."
15723.jpg,0,1,1,"Analyze the meme as a whole (image + text). If it contains misogynistic or sexist stereotypes, output 1. If it does not, output 0. Respond with only one character."
15723.jpg,0,0,0,"Using the combination of image and text, decide if the meme promotes hate or discrimination. Reply ONLY with 1 or 0."
15723.jpg,0,1,1,"Classify this meme: 1 = hateful or offensive toward women, 0 = not hateful. Output only the digit."
15723.jpg,0,0,No,"When interpreting the meme’s image and text jointly, does it demean or stereotype women? Answer 1 if yes, 0 if no."
15262.jpg,1,1,1,"Considering the visual and textual content together, is this offensive or discriminatory? Answer 1 or 0."
15262.jpg,1,1,1,"Evaluate the meme’s image and caption together. If it expresses sexist or hateful content, output 1. If not, output 0."
15262.jpg,1,1,1,"Analyze the meme as a whole (image + text). If it contains misogynistic or sexist stereotypes, output 1. If it does not, output 0. Respond with only one character."
15262.jpg,1,1,1,"Using the combination of image and text, decide if the meme promotes hate or discrimination. Reply ONLY with 1 or 0."
15262.jpg,1,1,1,"Classify this meme: 1 = hateful or offensive toward women, 0 = not hateful. Output only the digit."
15262.jpg,1,0,0,"When interpreting the meme’s image and text jointly, does it demean or stereotype women? Answer 1 if yes, 0 if no."
15990.jpg,1,1,1,"Considering the visual and textual content together, is this offensive or discriminatory? Answer 1 or 0."
15990.jpg,1,1,1,"Evaluate the meme’s image and caption together. If it expresses sexist or hateful content, output 1. If not, output 0."
15990.jpg,1,1,1,"Analyze the meme as a whole (image + text). If it contains misogynistic or sexist stereotypes, output 1. If it does not, output 0. Respond with only one character."
15990.jpg,1,0,0,"Using the combination of image and text, decide if the meme promotes hate or discrimination. Reply ONLY with 1 or 0."
15990.jpg,1,1,1,"Classify this meme: 1 = hateful or offensive toward women, 0 = not hateful. Output only the digit."
15990.jpg,1,0,No,"When interpreting the meme’s image and text jointly, does it demean or stereotype women? Answer 1 if yes, 0 if no."
16091.jpg,1,1,1,"Considering the visual and textual content together, is this offensive or discriminatory? Answer 1 or 0."
16091.jpg,1,1,1,"Evaluate the meme’s image and caption together. If it expresses sexist or hateful content, output 1. If not, output 0."
16091.jpg,1,1,1,"Analyze the meme as a whole (image + text). If it contains misogynistic or sexist stereotypes, output 1. If it does not, output 0. Respond with only one character."
16091.jpg,1,1,1,"Using the combination of image and text, decide if the meme promotes hate or discrimination. Reply ONLY with 1 or 0."
16091.jpg,1,1,1,"Classify this meme: 1 = hateful or offensive toward women, 0 = not hateful. Output only the digit."
16091.jpg,1,0,0,"When interpreting the meme’s image and text jointly, does it demean or stereotype women? Answer 1 if yes, 0 if no."
16284.jpg,1,1,1,"Considering the visual and textual content together, is this offensive or discriminatory? Answer 1 or 0."
16284.jpg,1,1,1,"Evaluate the meme’s image and caption together. If it expresses sexist or hateful content, output 1. If not, output 0."
16284.jpg,1,1,1,"Analyze the meme as a whole (image + text). If it contains misogynistic or sexist stereotypes, output 1. If it does not, output 0. Respond with only one character."
16284.jpg,1,0,0,"Using the combination of image and text, decide if the meme promotes hate or discrimination. Reply ONLY with 1 or 0."
16284.jpg,1,1,1,"Classify this meme: 1 = hateful or offensive toward women, 0 = not hateful. Output only the digit."
16284.jpg,1,0,0,"When interpreting the meme’s image and text jointly, does it demean or stereotype women? Answer 1 if yes, 0 if no."
16204.jpg,1,0,0,"Considering the visual and textual content together, is this offensive or discriminatory? Answer 1 or 0."
16204.jpg,1,1,1,"Evaluate the meme’s image and caption together. If it expresses sexist or hateful content, output 1. If not, output 0."
16204.jpg,1,1,1,"Analyze the meme as a whole (image + text). If it contains misogynistic or sexist stereotypes, output 1. If it does not, output 0. Respond with only one character."
16204.jpg,1,0,0,"Using the combination of image and text, decide if the meme promotes hate or discrimination. Reply ONLY with 1 or 0."
16204.jpg,1,1,1,"Classify this meme: 1 = hateful or offensive toward women, 0 = not hateful. Output only the digit."
16204.jpg,1,0,0,"When interpreting the meme’s image and text jointly, does it demean or stereotype women? Answer 1 if yes, 0 if no."
15164.jpg,0,1,1,"Considering the visual and textual content together, is this offensive or discriminatory? Answer 1 or 0."
15164.jpg,0,1,"The meme's image and caption do not express sexist or hateful content. Therefore, the output is 0.","Evaluate the meme’s image and caption together. If it expresses sexist or hateful content, output 1. If not, output 0."
15164.jpg,0,1,1,"Analyze the meme as a whole (image + text). If it contains misogynistic or sexist stereotypes, output 1. If it does not, output 0. Respond with only one character."
15164.jpg,0,0,0,"Using the combination of image and text, decide if the meme promotes hate or discrimination. Reply ONLY with 1 or 0."
15164.jpg,0,1,1,"Classify this meme: 1 = hateful or offensive toward women, 0 = not hateful. Output only the digit."
15164.jpg,0,0,0,"When interpreting the meme’s image and text jointly, does it demean or stereotype women? Answer 1 if yes, 0 if no."
15882.jpg,1,1,1,"Considering the visual and textual content together, is this offensive or discriminatory? Answer 1 or 0."
15882.jpg,1,1,1,"Evaluate the meme’s image and caption together. If it expresses sexist or hateful content, output 1. If not, output 0."
15882.jpg,1,1,1,"Analyze the meme as a whole (image + text). If it contains misogynistic or sexist stereotypes, output 1. If it does not, output 0. Respond with only one character."
15882.jpg,1,1,1,"Using the combination of image and text, decide if the meme promotes hate or discrimination. Reply ONLY with 1 or 0."
15882.jpg,1,1,1,"Classify this meme: 1 = hateful or offensive toward women, 0 = not hateful. Output only the digit."
15882.jpg,1,0,No,"When interpreting the meme’s image and text jointly, does it demean or stereotype women? Answer 1 if yes, 0 if no."
15780.jpg,1,0,0,"Considering the visual and textual content together, is this offensive or discriminatory? Answer 1 or 0."
15780.jpg,1,1,"The meme's image and caption do not express sexist or hateful content. Therefore, the output is 0.","Evaluate the meme’s image and caption together. If it expresses sexist or hateful content, output 1. If not, output 0."
15780.jpg,1,1,1,"Analyze the meme as a whole (image + text). If it contains misogynistic or sexist stereotypes, output 1. If it does not, output 0. Respond with only one character."
15780.jpg,1,0,0,"Using the combination of image and text, decide if the meme promotes hate or discrimination. Reply ONLY with 1 or 0."
15780.jpg,1,1,1,"Classify this meme: 1 = hateful or offensive toward women, 0 = not hateful. Output only the digit."
15780.jpg,1,-1,It is difficult to determine whether the meme demeans or stereotypes women without additional context. The image of a woman lying on the floor next to a toilet may be interpreted as demeaning or stereotyping if it is presented in a way that implies,"When interpreting the meme’s image and text jointly, does it demean or stereotype women? Answer 1 if yes, 0 if no."
15288.jpg,1,0,0,"Considering the visual and textual content together, is this offensive or discriminatory? Answer 1 or 0."
15288.jpg,1,0,0,"Evaluate the meme’s image and caption together. If it expresses sexist or hateful content, output 1. If not, output 0."
15288.jpg,1,1,1,"Analyze the meme as a whole (image + text). If it contains misogynistic or sexist stereotypes, output 1. If it does not, output 0. Respond with only one character."
15288.jpg,1,0,0,"Using the combination of image and text, decide if the meme promotes hate or discrimination. Reply ONLY with 1 or 0."
15288.jpg,1,1,1,"Classify this meme: 1 = hateful or offensive toward women, 0 = not hateful. Output only the digit."
15288.jpg,1,0,0,"When interpreting the meme’s image and text jointly, does it demean or stereotype women? Answer 1 if yes, 0 if no."
16043.jpg,0,0,0,"Considering the visual and textual content together, is this offensive or discriminatory? Answer 1 or 0."
16043.jpg,0,0,0,"Evaluate the meme’s image and caption together. If it expresses sexist or hateful content, output 1. If not, output 0."
16043.jpg,0,0,0,"Analyze the meme as a whole (image + text). If it contains misogynistic or sexist stereotypes, output 1. If it does not, output 0. Respond with only one character."
16043.jpg,0,0,0,"Using the combination of image and text, decide if the meme promotes hate or discrimination. Reply ONLY with 1 or 0."
16043.jpg,0,1,1,"Classify this meme: 1 = hateful or offensive toward women, 0 = not hateful. Output only the digit."
16043.jpg,0,0,0,"When interpreting the meme’s image and text jointly, does it demean or stereotype women? Answer 1 if yes, 0 if no."
15024.jpg,1,0,0,"Considering the visual and textual content together, is this offensive or discriminatory? Answer 1 or 0."
15024.jpg,1,1,1,"Evaluate the meme’s image and caption together. If it expresses sexist or hateful content, output 1. If not, output 0."
15024.jpg,1,1,1,"Analyze the meme as a whole (image + text). If it contains misogynistic or sexist stereotypes, output 1. If it does not, output 0. Respond with only one character."
15024.jpg,1,0,0,"Using the combination of image and text, decide if the meme promotes hate or discrimination. Reply ONLY with 1 or 0."
15024.jpg,1,1,1,"Classify this meme: 1 = hateful or offensive toward women, 0 = not hateful. Output only the digit."
15024.jpg,1,0,No,"When interpreting the meme’s image and text jointly, does it demean or stereotype women? Answer 1 if yes, 0 if no."
15774.jpg,1,0,0,"Considering the visual and textual content together, is this offensive or discriminatory? Answer 1 or 0."
15774.jpg,1,0,0,"Evaluate the meme’s image and caption together. If it expresses sexist or hateful content, output 1. If not, output 0."
15774.jpg,1,1,1,"Analyze the meme as a whole (image + text). If it contains misogynistic or sexist stereotypes, output 1. If it does not, output 0. Respond with only one character."
15774.jpg,1,0,0,"Using the combination of image and text, decide if the meme promotes hate or discrimination. Reply ONLY with 1 or 0."
15774.jpg,1,1,1,"Classify this meme: 1 = hateful or offensive toward women, 0 = not hateful. Output only the digit."
15774.jpg,1,0,No,"When interpreting the meme’s image and text jointly, does it demean or stereotype women? Answer 1 if yes, 0 if no."
15616.jpg,1,0,0,"Considering the visual and textual content together, is this offensive or discriminatory? Answer 1 or 0."
15616.jpg,1,1,1,"Evaluate the meme’s image and caption together. If it expresses sexist or hateful content, output 1. If not, output 0."
15616.jpg,1,1,1,"Analyze the meme as a whole (image + text). If it contains misogynistic or sexist stereotypes, output 1. If it does not, output 0. Respond with only one character."
15616.jpg,1,1,1,"Using the combination of image and text, decide if the meme promotes hate or discrimination. Reply ONLY with 1 or 0."
15616.jpg,1,1,1,"Classify this meme: 1 = hateful or offensive toward women, 0 = not hateful. Output only the digit."
15616.jpg,1,0,0,"When interpreting the meme’s image and text jointly, does it demean or stereotype women? Answer 1 if yes, 0 if no."
16148.jpg,0,0,0,"Considering the visual and textual content together, is this offensive or discriminatory? Answer 1 or 0."
16148.jpg,0,0,0,"Evaluate the meme’s image and caption together. If it expresses sexist or hateful content, output 1. If not, output 0."
16148.jpg,0,1,1,"Analyze the meme as a whole (image + text). If it contains misogynistic or sexist stereotypes, output 1. If it does not, output 0. Respond with only one character."
16148.jpg,0,0,0,"Using the combination of image and text, decide if the meme promotes hate or discrimination. Reply ONLY with 1 or 0."
16148.jpg,0,1,1,"Classify this meme: 1 = hateful or offensive toward women, 0 = not hateful. Output only the digit."
16148.jpg,0,0,No,"When interpreting the meme’s image and text jointly, does it demean or stereotype women? Answer 1 if yes, 0 if no."
15109.jpg,0,0,0,"Considering the visual and textual content together, is this offensive or discriminatory? Answer 1 or 0."
15109.jpg,0,0,0,"Evaluate the meme’s image and caption together. If it expresses sexist or hateful content, output 1. If not, output 0."
15109.jpg,0,1,1,"Analyze the meme as a whole (image + text). If it contains misogynistic or sexist stereotypes, output 1. If it does not, output 0. Respond with only one character."
15109.jpg,0,0,0,"Using the combination of image and text, decide if the meme promotes hate or discrimination. Reply ONLY with 1 or 0."
15109.jpg,0,0,0,"Classify this meme: 1 = hateful or offensive toward women, 0 = not hateful. Output only the digit."
15109.jpg,0,0,0,"When interpreting the meme’s image and text jointly, does it demean or stereotype women? Answer 1 if yes, 0 if no."
15995.jpg,1,0,0,"Considering the visual and textual content together, is this offensive or discriminatory? Answer 1 or 0."
15995.jpg,1,0,0,"Evaluate the meme’s image and caption together. If it expresses sexist or hateful content, output 1. If not, output 0."
15995.jpg,1,1,1,"Analyze the meme as a whole (image + text). If it contains misogynistic or sexist stereotypes, output 1. If it does not, output 0. Respond with only one character."
15995.jpg,1,0,0,"Using the combination of image and text, decide if the meme promotes hate or discrimination. Reply ONLY with 1 or 0."
15995.jpg,1,0,0,"Classify this meme: 1 = hateful or offensive toward women, 0 = not hateful. Output only the digit."
15995.jpg,1,0,0,"When interpreting the meme’s image and text jointly, does it demean or stereotype women? Answer 1 if yes, 0 if no."
16062.jpg,0,0,0,"Considering the visual and textual content together, is this offensive or discriminatory? Answer 1 or 0."
16062.jpg,0,0,0,"Evaluate the meme’s image and caption together. If it expresses sexist or hateful content, output 1. If not, output 0."
16062.jpg,0,0,0,"Analyze the meme as a whole (image + text). If it contains misogynistic or sexist stereotypes, output 1. If it does not, output 0. Respond with only one character."
16062.jpg,0,0,0,"Using the combination of image and text, decide if the meme promotes hate or discrimination. Reply ONLY with 1 or 0."
16062.jpg,0,1,1,"Classify this meme: 1 = hateful or offensive toward women, 0 = not hateful. Output only the digit."
16062.jpg,0,0,No,"When interpreting the meme’s image and text jointly, does it demean or stereotype women? Answer 1 if yes, 0 if no."
15704.jpg,1,1,1,"Considering the visual and textual content together, is this offensive or discriminatory? Answer 1 or 0."
15704.jpg,1,1,1,"Evaluate the meme’s image and caption together. If it expresses sexist or hateful content, output 1. If not, output 0."
15704.jpg,1,1,1,"Analyze the meme as a whole (image + text). If it contains misogynistic or sexist stereotypes, output 1. If it does not, output 0. Respond with only one character."
15704.jpg,1,1,1,"Using the combination of image and text, decide if the meme promotes hate or discrimination. Reply ONLY with 1 or 0."
15704.jpg,1,1,1,"Classify this meme: 1 = hateful or offensive toward women, 0 = not hateful. Output only the digit."
15704.jpg,1,1,Yes,"When interpreting the meme’s image and text jointly, does it demean or stereotype women? Answer 1 if yes, 0 if no."
15595.jpg,0,0,0,"Considering the visual and textual content together, is this offensive or discriminatory? Answer 1 or 0."
15595.jpg,0,0,0,"Evaluate the meme’s image and caption together. If it expresses sexist or hateful content, output 1. If not, output 0."
15595.jpg,0,1,1,"Analyze the meme as a whole (image + text). If it contains misogynistic or sexist stereotypes, output 1. If it does not, output 0. Respond with only one character."
15595.jpg,0,0,0,"Using the combination of image and text, decide if the meme promotes hate or discrimination. Reply ONLY with 1 or 0."
15595.jpg,0,1,1,"Classify this meme: 1 = hateful or offensive toward women, 0 = not hateful. Output only the digit."
15595.jpg,0,0,No.,"When interpreting the meme’s image and text jointly, does it demean or stereotype women? Answer 1 if yes, 0 if no."
16045.jpg,1,0,0,"Considering the visual and textual content together, is this offensive or discriminatory? Answer 1 or 0."
16045.jpg,1,0,0,"Evaluate the meme’s image and caption together. If it expresses sexist or hateful content, output 1. If not, output 0."
16045.jpg,1,0,0,"Analyze the meme as a whole (image + text). If it contains misogynistic or sexist stereotypes, output 1. If it does not, output 0. Respond with only one character."
16045.jpg,1,0,0,"Using the combination of image and text, decide if the meme promotes hate or discrimination. Reply ONLY with 1 or 0."
16045.jpg,1,1,1,"Classify this meme: 1 = hateful or offensive toward women, 0 = not hateful. Output only the digit."
16045.jpg,1,0,No,"When interpreting the meme’s image and text jointly, does it demean or stereotype women? Answer 1 if yes, 0 if no."
15626.jpg,0,1,1,"Considering the visual and textual content together, is this offensive or discriminatory? Answer 1 or 0."
15626.jpg,0,1,1,"Evaluate the meme’s image and caption together. If it expresses sexist or hateful content, output 1. If not, output 0."
15626.jpg,0,1,1,"Analyze the meme as a whole (image + text). If it contains misogynistic or sexist stereotypes, output 1. If it does not, output 0. Respond with only one character."
15626.jpg,0,1,1,"Using the combination of image and text, decide if the meme promotes hate or discrimination. Reply ONLY with 1 or 0."
15626.jpg,0,1,1,"Classify this meme: 1 = hateful or offensive toward women, 0 = not hateful. Output only the digit."
15626.jpg,0,0,0,"When interpreting the meme’s image and text jointly, does it demean or stereotype women? Answer 1 if yes, 0 if no."
16196.jpg,1,0,0,"Considering the visual and textual content together, is this offensive or discriminatory? Answer 1 or 0."
16196.jpg,1,0,0,"Evaluate the meme’s image and caption together. If it expresses sexist or hateful content, output 1. If not, output 0."
16196.jpg,1,1,1,"Analyze the meme as a whole (image + text). If it contains misogynistic or sexist stereotypes, output 1. If it does not, output 0. Respond with only one character."
16196.jpg,1,0,0,"Using the combination of image and text, decide if the meme promotes hate or discrimination. Reply ONLY with 1 or 0."
16196.jpg,1,0,0,"Classify this meme: 1 = hateful or offensive toward women, 0 = not hateful. Output only the digit."
16196.jpg,1,0,No,"When interpreting the meme’s image and text jointly, does it demean or stereotype women? Answer 1 if yes, 0 if no."
15901.jpg,1,1,1,"Considering the visual and textual content together, is this offensive or discriminatory? Answer 1 or 0."
15901.jpg,1,1,1,"Evaluate the meme’s image and caption together. If it expresses sexist or hateful content, output 1. If not, output 0."
15901.jpg,1,1,1,"Analyze the meme as a whole (image + text). If it contains misogynistic or sexist stereotypes, output 1. If it does not, output 0. Respond with only one character."
15901.jpg,1,1,1,"Using the combination of image and text, decide if the meme promotes hate or discrimination. Reply ONLY with 1 or 0."
15901.jpg,1,1,1,"Classify this meme: 1 = hateful or offensive toward women, 0 = not hateful. Output only the digit."
15901.jpg,1,0,0,"When interpreting the meme’s image and text jointly, does it demean or stereotype women? Answer 1 if yes, 0 if no."
17044.jpg,1,0,0,"Considering the visual and textual content together, is this offensive or discriminatory? Answer 1 or 0."
17044.jpg,1,1,1,"Evaluate the meme’s image and caption together. If it expresses sexist or hateful content, output 1. If not, output 0."
17044.jpg,1,1,1,"Analyze the meme as a whole (image + text). If it contains misogynistic or sexist stereotypes, output 1. If it does not, output 0. Respond with only one character."
17044.jpg,1,0,0,"Using the combination of image and text, decide if the meme promotes hate or discrimination. Reply ONLY with 1 or 0."
17044.jpg,1,1,1,"Classify this meme: 1 = hateful or offensive toward women, 0 = not hateful. Output only the digit."
17044.jpg,1,0,0,"When interpreting the meme’s image and text jointly, does it demean or stereotype women? Answer 1 if yes, 0 if no."
15985.jpg,1,1,1,"Considering the visual and textual content together, is this offensive or discriminatory? Answer 1 or 0."
15985.jpg,1,1,1,"Evaluate the meme’s image and caption together. If it expresses sexist or hateful content, output 1. If not, output 0."
15985.jpg,1,1,1,"Analyze the meme as a whole (image + text). If it contains misogynistic or sexist stereotypes, output 1. If it does not, output 0. Respond with only one character."
15985.jpg,1,1,1,"Using the combination of image and text, decide if the meme promotes hate or discrimination. Reply ONLY with 1 or 0."
15985.jpg,1,1,1,"Classify this meme: 1 = hateful or offensive toward women, 0 = not hateful. Output only the digit."
15985.jpg,1,0,0,"When interpreting the meme’s image and text jointly, does it demean or stereotype women? Answer 1 if yes, 0 if no."
15207.jpg,1,0,0,"Considering the visual and textual content together, is this offensive or discriminatory? Answer 1 or 0."
15207.jpg,1,1,1,"Evaluate the meme’s image and caption together. If it expresses sexist or hateful content, output 1. If not, output 0."
15207.jpg,1,1,1,"Analyze the meme as a whole (image + text). If it contains misogynistic or sexist stereotypes, output 1. If it does not, output 0. Respond with only one character."
15207.jpg,1,0,0,"Using the combination of image and text, decide if the meme promotes hate or discrimination. Reply ONLY with 1 or 0."
15207.jpg,1,1,1,"Classify this meme: 1 = hateful or offensive toward women, 0 = not hateful. Output only the digit."
15207.jpg,1,0,0,"When interpreting the meme’s image and text jointly, does it demean or stereotype women? Answer 1 if yes, 0 if no."
15849.jpg,1,1,1,"Considering the visual and textual content together, is this offensive or discriminatory? Answer 1 or 0."
15849.jpg,1,1,1,"Evaluate the meme’s image and caption together. If it expresses sexist or hateful content, output 1. If not, output 0."
15849.jpg,1,1,1,"Analyze the meme as a whole (image + text). If it contains misogynistic or sexist stereotypes, output 1. If it does not, output 0. Respond with only one character."
15849.jpg,1,0,0,"Using the combination of image and text, decide if the meme promotes hate or discrimination. Reply ONLY with 1 or 0."
15849.jpg,1,1,1,"Classify this meme: 1 = hateful or offensive toward women, 0 = not hateful. Output only the digit."
15849.jpg,1,0,0,"When interpreting the meme’s image and text jointly, does it demean or stereotype women? Answer 1 if yes, 0 if no."
17052.jpg,1,1,1,"Considering the visual and textual content together, is this offensive or discriminatory? Answer 1 or 0."
17052.jpg,1,1,1,"Evaluate the meme’s image and caption together. If it expresses sexist or hateful content, output 1. If not, output 0."
17052.jpg,1,1,1,"Analyze the meme as a whole (image + text). If it contains misogynistic or sexist stereotypes, output 1. If it does not, output 0. Respond with only one character."
17052.jpg,1,1,1,"Using the combination of image and text, decide if the meme promotes hate or discrimination. Reply ONLY with 1 or 0."
17052.jpg,1,1,1,"Classify this meme: 1 = hateful or offensive toward women, 0 = not hateful. Output only the digit."
17052.jpg,1,0,No,"When interpreting the meme’s image and text jointly, does it demean or stereotype women? Answer 1 if yes, 0 if no."
15450.jpg,0,0,0,"Considering the visual and textual content together, is this offensive or discriminatory? Answer 1 or 0."
15450.jpg,0,0,0,"Evaluate the meme’s image and caption together. If it expresses sexist or hateful content, output 1. If not, output 0."
15450.jpg,0,1,1,"Analyze the meme as a whole (image + text). If it contains misogynistic or sexist stereotypes, output 1. If it does not, output 0. Respond with only one character."
15450.jpg,0,0,0,"Using the combination of image and text, decide if the meme promotes hate or discrimination. Reply ONLY with 1 or 0."
15450.jpg,0,0,0,"Classify this meme: 1 = hateful or offensive toward women, 0 = not hateful. Output only the digit."
15450.jpg,0,0,0,"When interpreting the meme’s image and text jointly, does it demean or stereotype women? Answer 1 if yes, 0 if no."
15177.jpg,0,1,1,"Considering the visual and textual content together, is this offensive or discriminatory? Answer 1 or 0."
15177.jpg,0,1,1,"Evaluate the meme’s image and caption together. If it expresses sexist or hateful content, output 1. If not, output 0."
15177.jpg,0,1,1,"Analyze the meme as a whole (image + text). If it contains misogynistic or sexist stereotypes, output 1. If it does not, output 0. Respond with only one character."
15177.jpg,0,1,1,"Using the combination of image and text, decide if the meme promotes hate or discrimination. Reply ONLY with 1 or 0."
15177.jpg,0,1,1,"Classify this meme: 1 = hateful or offensive toward women, 0 = not hateful. Output only the digit."
15177.jpg,0,0,No,"When interpreting the meme’s image and text jointly, does it demean or stereotype women? Answer 1 if yes, 0 if no."
16087.jpg,1,1,1,"Considering the visual and textual content together, is this offensive or discriminatory? Answer 1 or 0."
16087.jpg,1,1,1,"Evaluate the meme’s image and caption together. If it expresses sexist or hateful content, output 1. If not, output 0."
16087.jpg,1,1,1,"Analyze the meme as a whole (image + text). If it contains misogynistic or sexist stereotypes, output 1. If it does not, output 0. Respond with only one character."
16087.jpg,1,1,1,"Using the combination of image and text, decide if the meme promotes hate or discrimination. Reply ONLY with 1 or 0."
16087.jpg,1,1,1,"Classify this meme: 1 = hateful or offensive toward women, 0 = not hateful. Output only the digit."
16087.jpg,1,0,0,"When interpreting the meme’s image and text jointly, does it demean or stereotype women? Answer 1 if yes, 0 if no."
15808.jpg,1,1,1,"Considering the visual and textual content together, is this offensive or discriminatory? Answer 1 or 0."
15808.jpg,1,1,1,"Evaluate the meme’s image and caption together. If it expresses sexist or hateful content, output 1. If not, output 0."
15808.jpg,1,1,1,"Analyze the meme as a whole (image + text). If it contains misogynistic or sexist stereotypes, output 1. If it does not, output 0. Respond with only one character."
15808.jpg,1,1,1,"Using the combination of image and text, decide if the meme promotes hate or discrimination. Reply ONLY with 1 or 0."
15808.jpg,1,1,1,"Classify this meme: 1 = hateful or offensive toward women, 0 = not hateful. Output only the digit."
15808.jpg,1,0,0,"When interpreting the meme’s image and text jointly, does it demean or stereotype women? Answer 1 if yes, 0 if no."
15580.jpg,1,1,1,"Considering the visual and textual content together, is this offensive or discriminatory? Answer 1 or 0."
15580.jpg,1,1,1,"Evaluate the meme’s image and caption together. If it expresses sexist or hateful content, output 1. If not, output 0."
15580.jpg,1,1,1,"Analyze the meme as a whole (image + text). If it contains misogynistic or sexist stereotypes, output 1. If it does not, output 0. Respond with only one character."
15580.jpg,1,0,0,"Using the combination of image and text, decide if the meme promotes hate or discrimination. Reply ONLY with 1 or 0."
15580.jpg,1,1,1,"Classify this meme: 1 = hateful or offensive toward women, 0 = not hateful. Output only the digit."
15580.jpg,1,0,0,"When interpreting the meme’s image and text jointly, does it demean or stereotype women? Answer 1 if yes, 0 if no."
16096.jpg,1,1,1,"Considering the visual and textual content together, is this offensive or discriminatory? Answer 1 or 0."
16096.jpg,1,1,1,"Evaluate the meme’s image and caption together. If it expresses sexist or hateful content, output 1. If not, output 0."
16096.jpg,1,1,1,"Analyze the meme as a whole (image + text). If it contains misogynistic or sexist stereotypes, output 1. If it does not, output 0. Respond with only one character."
16096.jpg,1,1,1,"Using the combination of image and text, decide if the meme promotes hate or discrimination. Reply ONLY with 1 or 0."
16096.jpg,1,1,1,"Classify this meme: 1 = hateful or offensive toward women, 0 = not hateful. Output only the digit."
16096.jpg,1,0,0,"When interpreting the meme’s image and text jointly, does it demean or stereotype women? Answer 1 if yes, 0 if no."
15184.jpg,0,0,0,"Considering the visual and textual content together, is this offensive or discriminatory? Answer 1 or 0."
15184.jpg,0,0,0,"Evaluate the meme’s image and caption together. If it expresses sexist or hateful content, output 1. If not, output 0."
15184.jpg,0,0,0,"Analyze the meme as a whole (image + text). If it contains misogynistic or sexist stereotypes, output 1. If it does not, output 0. Respond with only one character."
15184.jpg,0,0,0,"Using the combination of image and text, decide if the meme promotes hate or discrimination. Reply ONLY with 1 or 0."
15184.jpg,0,0,0,"Classify this meme: 1 = hateful or offensive toward women, 0 = not hateful. Output only the digit."
15184.jpg,0,0,No,"When interpreting the meme’s image and text jointly, does it demean or stereotype women? Answer 1 if yes, 0 if no."
15804.jpg,1,1,1,"Considering the visual and textual content together, is this offensive or discriminatory? Answer 1 or 0."
15804.jpg,1,1,1,"Evaluate the meme’s image and caption together. If it expresses sexist or hateful content, output 1. If not, output 0."
15804.jpg,1,1,1,"Analyze the meme as a whole (image + text). If it contains misogynistic or sexist stereotypes, output 1. If it does not, output 0. Respond with only one character."
15804.jpg,1,1,1,"Using the combination of image and text, decide if the meme promotes hate or discrimination. Reply ONLY with 1 or 0."
15804.jpg,1,1,1,"Classify this meme: 1 = hateful or offensive toward women, 0 = not hateful. Output only the digit."
15804.jpg,1,0,0,"When interpreting the meme’s image and text jointly, does it demean or stereotype women? Answer 1 if yes, 0 if no."
17005.jpg,0,1,1,"Considering the visual and textual content together, is this offensive or discriminatory? Answer 1 or 0."
17005.jpg,0,0,0,"Evaluate the meme’s image and caption together. If it expresses sexist or hateful content, output 1. If not, output 0."
17005.jpg,0,1,1,"Analyze the meme as a whole (image + text). If it contains misogynistic or sexist stereotypes, output 1. If it does not, output 0. Respond with only one character."
17005.jpg,0,0,0,"Using the combination of image and text, decide if the meme promotes hate or discrimination. Reply ONLY with 1 or 0."
17005.jpg,0,1,1,"Classify this meme: 1 = hateful or offensive toward women, 0 = not hateful. Output only the digit."
17005.jpg,0,0,No,"When interpreting the meme’s image and text jointly, does it demean or stereotype women? Answer 1 if yes, 0 if no."
15403.jpg,0,0,0,"Considering the visual and textual content together, is this offensive or discriminatory? Answer 1 or 0."
15403.jpg,0,0,0,"Evaluate the meme’s image and caption together. If it expresses sexist or hateful content, output 1. If not, output 0."
15403.jpg,0,0,0,"Analyze the meme as a whole (image + text). If it contains misogynistic or sexist stereotypes, output 1. If it does not, output 0. Respond with only one character."
15403.jpg,0,0,0,"Using the combination of image and text, decide if the meme promotes hate or discrimination. Reply ONLY with 1 or 0."
15403.jpg,0,0,0,"Classify this meme: 1 = hateful or offensive toward women, 0 = not hateful. Output only the digit."
15403.jpg,0,0,0,"When interpreting the meme’s image and text jointly, does it demean or stereotype women? Answer 1 if yes, 0 if no."
15746.jpg,0,0,0,"Considering the visual and textual content together, is this offensive or discriminatory? Answer 1 or 0."
15746.jpg,0,0,0,"Evaluate the meme’s image and caption together. If it expresses sexist or hateful content, output 1. If not, output 0."
15746.jpg,0,1,1,"Analyze the meme as a whole (image + text). If it contains misogynistic or sexist stereotypes, output 1. If it does not, output 0. Respond with only one character."
15746.jpg,0,0,0,"Using the combination of image and text, decide if the meme promotes hate or discrimination. Reply ONLY with 1 or 0."
15746.jpg,0,1,1,"Classify this meme: 1 = hateful or offensive toward women, 0 = not hateful. Output only the digit."
15746.jpg,0,0,No,"When interpreting the meme’s image and text jointly, does it demean or stereotype women? Answer 1 if yes, 0 if no."
16040.jpg,0,0,0,"Considering the visual and textual content together, is this offensive or discriminatory? Answer 1 or 0."
16040.jpg,0,0,0,"Evaluate the meme’s image and caption together. If it expresses sexist or hateful content, output 1. If not, output 0."
16040.jpg,0,1,1,"Analyze the meme as a whole (image + text). If it contains misogynistic or sexist stereotypes, output 1. If it does not, output 0. Respond with only one character."
16040.jpg,0,0,0,"Using the combination of image and text, decide if the meme promotes hate or discrimination. Reply ONLY with 1 or 0."
16040.jpg,0,1,1,"Classify this meme: 1 = hateful or offensive toward women, 0 = not hateful. Output only the digit."
16040.jpg,0,0,0,"When interpreting the meme’s image and text jointly, does it demean or stereotype women? Answer 1 if yes, 0 if no."
16320.jpg,1,0,0,"Considering the visual and textual content together, is this offensive or discriminatory? Answer 1 or 0."
16320.jpg,1,1,1,"Evaluate the meme’s image and caption together. If it expresses sexist or hateful content, output 1. If not, output 0."
16320.jpg,1,1,1,"Analyze the meme as a whole (image + text). If it contains misogynistic or sexist stereotypes, output 1. If it does not, output 0. Respond with only one character."
16320.jpg,1,0,0,"Using the combination of image and text, decide if the meme promotes hate or discrimination. Reply ONLY with 1 or 0."
16320.jpg,1,1,1,"Classify this meme: 1 = hateful or offensive toward women, 0 = not hateful. Output only the digit."
16320.jpg,1,0,No,"When interpreting the meme’s image and text jointly, does it demean or stereotype women? Answer 1 if yes, 0 if no."
15841.jpg,1,1,1,"Considering the visual and textual content together, is this offensive or discriminatory? Answer 1 or 0."
15841.jpg,1,1,1,"Evaluate the meme’s image and caption together. If it expresses sexist or hateful content, output 1. If not, output 0."
15841.jpg,1,1,1,"Analyze the meme as a whole (image + text). If it contains misogynistic or sexist stereotypes, output 1. If it does not, output 0. Respond with only one character."
15841.jpg,1,1,1,"Using the combination of image and text, decide if the meme promotes hate or discrimination. Reply ONLY with 1 or 0."
15841.jpg,1,1,1,"Classify this meme: 1 = hateful or offensive toward women, 0 = not hateful. Output only the digit."
15841.jpg,1,0,0,"When interpreting the meme’s image and text jointly, does it demean or stereotype women? Answer 1 if yes, 0 if no."
15620.jpg,0,1,1,"Considering the visual and textual content together, is this offensive or discriminatory? Answer 1 or 0."
15620.jpg,0,0,0,"Evaluate the meme’s image and caption together. If it expresses sexist or hateful content, output 1. If not, output 0."
15620.jpg,0,0,0,"Analyze the meme as a whole (image + text). If it contains misogynistic or sexist stereotypes, output 1. If it does not, output 0. Respond with only one character."
15620.jpg,0,0,0,"Using the combination of image and text, decide if the meme promotes hate or discrimination. Reply ONLY with 1 or 0."
15620.jpg,0,0,0,"Classify this meme: 1 = hateful or offensive toward women, 0 = not hateful. Output only the digit."
15620.jpg,0,0,No,"When interpreting the meme’s image and text jointly, does it demean or stereotype women? Answer 1 if yes, 0 if no."
15254.jpg,0,1,1,"Considering the visual and textual content together, is this offensive or discriminatory? Answer 1 or 0."
15254.jpg,0,1,1,"Evaluate the meme’s image and caption together. If it expresses sexist or hateful content, output 1. If not, output 0."
15254.jpg,0,1,1,"Analyze the meme as a whole (image + text). If it contains misogynistic or sexist stereotypes, output 1. If it does not, output 0. Respond with only one character."
15254.jpg,0,1,1,"Using the combination of image and text, decide if the meme promotes hate or discrimination. Reply ONLY with 1 or 0."
15254.jpg,0,1,1,"Classify this meme: 1 = hateful or offensive toward women, 0 = not hateful. Output only the digit."
15254.jpg,0,1,Yes,"When interpreting the meme’s image and text jointly, does it demean or stereotype women? Answer 1 if yes, 0 if no."
15488.jpg,0,0,0,"Considering the visual and textual content together, is this offensive or discriminatory? Answer 1 or 0."
15488.jpg,0,0,0,"Evaluate the meme’s image and caption together. If it expresses sexist or hateful content, output 1. If not, output 0."
15488.jpg,0,1,1,"Analyze the meme as a whole (image + text). If it contains misogynistic or sexist stereotypes, output 1. If it does not, output 0. Respond with only one character."
15488.jpg,0,0,0,"Using the combination of image and text, decide if the meme promotes hate or discrimination. Reply ONLY with 1 or 0."
15488.jpg,0,0,0,"Classify this meme: 1 = hateful or offensive toward women, 0 = not hateful. Output only the digit."
15488.jpg,0,0,0,"When interpreting the meme’s image and text jointly, does it demean or stereotype women? Answer 1 if yes, 0 if no."
15414.jpg,0,0,0,"Considering the visual and textual content together, is this offensive or discriminatory? Answer 1 or 0."
15414.jpg,0,0,0,"Evaluate the meme’s image and caption together. If it expresses sexist or hateful content, output 1. If not, output 0."
15414.jpg,0,1,1,"Analyze the meme as a whole (image + text). If it contains misogynistic or sexist stereotypes, output 1. If it does not, output 0. Respond with only one character."
15414.jpg,0,0,0,"Using the combination of image and text, decide if the meme promotes hate or discrimination. Reply ONLY with 1 or 0."
15414.jpg,0,0,0,"Classify this meme: 1 = hateful or offensive toward women, 0 = not hateful. Output only the digit."
15414.jpg,0,0,No,"When interpreting the meme’s image and text jointly, does it demean or stereotype women? Answer 1 if yes, 0 if no."
15552.jpg,0,1,1,"Considering the visual and textual content together, is this offensive or discriminatory? Answer 1 or 0."
15552.jpg,0,1,1,"Evaluate the meme’s image and caption together. If it expresses sexist or hateful content, output 1. If not, output 0."
15552.jpg,0,1,1,"Analyze the meme as a whole (image + text). If it contains misogynistic or sexist stereotypes, output 1. If it does not, output 0. Respond with only one character."
15552.jpg,0,0,0,"Using the combination of image and text, decide if the meme promotes hate or discrimination. Reply ONLY with 1 or 0."
15552.jpg,0,1,1,"Classify this meme: 1 = hateful or offensive toward women, 0 = not hateful. Output only the digit."
15552.jpg,0,0,No,"When interpreting the meme’s image and text jointly, does it demean or stereotype women? Answer 1 if yes, 0 if no."
16241.jpg,1,1,1,"Considering the visual and textual content together, is this offensive or discriminatory? Answer 1 or 0."
16241.jpg,1,1,1,"Evaluate the meme’s image and caption together. If it expresses sexist or hateful content, output 1. If not, output 0."
16241.jpg,1,1,1,"Analyze the meme as a whole (image + text). If it contains misogynistic or sexist stereotypes, output 1. If it does not, output 0. Respond with only one character."
16241.jpg,1,0,0,"Using the combination of image and text, decide if the meme promotes hate or discrimination. Reply ONLY with 1 or 0."
16241.jpg,1,1,1,"Classify this meme: 1 = hateful or offensive toward women, 0 = not hateful. Output only the digit."
16241.jpg,1,0,0,"When interpreting the meme’s image and text jointly, does it demean or stereotype women? Answer 1 if yes, 0 if no."
15622.jpg,1,1,1,"Considering the visual and textual content together, is this offensive or discriminatory? Answer 1 or 0."
15622.jpg,1,1,1,"Evaluate the meme’s image and caption together. If it expresses sexist or hateful content, output 1. If not, output 0."
15622.jpg,1,1,1,"Analyze the meme as a whole (image + text). If it contains misogynistic or sexist stereotypes, output 1. If it does not, output 0. Respond with only one character."
15622.jpg,1,1,1,"Using the combination of image and text, decide if the meme promotes hate or discrimination. Reply ONLY with 1 or 0."
15622.jpg,1,1,1,"Classify this meme: 1 = hateful or offensive toward women, 0 = not hateful. Output only the digit."
15622.jpg,1,0,No,"When interpreting the meme’s image and text jointly, does it demean or stereotype women? Answer 1 if yes, 0 if no."
17067.jpg,1,1,1,"Considering the visual and textual content together, is this offensive or discriminatory? Answer 1 or 0."
17067.jpg,1,1,1,"Evaluate the meme’s image and caption together. If it expresses sexist or hateful content, output 1. If not, output 0."
17067.jpg,1,0,0,"Analyze the meme as a whole (image + text). If it contains misogynistic or sexist stereotypes, output 1. If it does not, output 0. Respond with only one character."
17067.jpg,1,1,1,"Using the combination of image and text, decide if the meme promotes hate or discrimination. Reply ONLY with 1 or 0."
17067.jpg,1,1,1,"Classify this meme: 1 = hateful or offensive toward women, 0 = not hateful. Output only the digit."
17067.jpg,1,0,0,"When interpreting the meme’s image and text jointly, does it demean or stereotype women? Answer 1 if yes, 0 if no."
15209.jpg,0,0,0,"Considering the visual and textual content together, is this offensive or discriminatory? Answer 1 or 0."
15209.jpg,0,0,0,"Evaluate the meme’s image and caption together. If it expresses sexist or hateful content, output 1. If not, output 0."
15209.jpg,0,0,0,"Analyze the meme as a whole (image + text). If it contains misogynistic or sexist stereotypes, output 1. If it does not, output 0. Respond with only one character."
15209.jpg,0,0,0,"Using the combination of image and text, decide if the meme promotes hate or discrimination. Reply ONLY with 1 or 0."
15209.jpg,0,1,1,"Classify this meme: 1 = hateful or offensive toward women, 0 = not hateful. Output only the digit."
15209.jpg,0,0,0,"When interpreting the meme’s image and text jointly, does it demean or stereotype women? Answer 1 if yes, 0 if no."
15016.jpg,0,0,0,"Considering the visual and textual content together, is this offensive or discriminatory? Answer 1 or 0."
15016.jpg,0,0,0,"Evaluate the meme’s image and caption together. If it expresses sexist or hateful content, output 1. If not, output 0."
15016.jpg,0,1,1,"Analyze the meme as a whole (image + text). If it contains misogynistic or sexist stereotypes, output 1. If it does not, output 0. Respond with only one character."
15016.jpg,0,0,0,"Using the combination of image and text, decide if the meme promotes hate or discrimination. Reply ONLY with 1 or 0."
15016.jpg,0,1,1,"Classify this meme: 1 = hateful or offensive toward women, 0 = not hateful. Output only the digit."
15016.jpg,0,0,0,"When interpreting the meme’s image and text jointly, does it demean or stereotype women? Answer 1 if yes, 0 if no."
16184.jpg,0,0,0,"Considering the visual and textual content together, is this offensive or discriminatory? Answer 1 or 0."
16184.jpg,0,1,1,"Evaluate the meme’s image and caption together. If it expresses sexist or hateful content, output 1. If not, output 0."
16184.jpg,0,1,1,"Analyze the meme as a whole (image + text). If it contains misogynistic or sexist stereotypes, output 1. If it does not, output 0. Respond with only one character."
16184.jpg,0,1,1,"Using the combination of image and text, decide if the meme promotes hate or discrimination. Reply ONLY with 1 or 0."
16184.jpg,0,1,1,"Classify this meme: 1 = hateful or offensive toward women, 0 = not hateful. Output only the digit."
16184.jpg,0,0,0,"When interpreting the meme’s image and text jointly, does it demean or stereotype women? Answer 1 if yes, 0 if no."
15722.jpg,1,1,1,"Considering the visual and textual content together, is this offensive or discriminatory? Answer 1 or 0."
15722.jpg,1,1,1,"Evaluate the meme’s image and caption together. If it expresses sexist or hateful content, output 1. If not, output 0."
15722.jpg,1,1,1,"Analyze the meme as a whole (image + text). If it contains misogynistic or sexist stereotypes, output 1. If it does not, output 0. Respond with only one character."
15722.jpg,1,1,1,"Using the combination of image and text, decide if the meme promotes hate or discrimination. Reply ONLY with 1 or 0."
15722.jpg,1,1,1,"Classify this meme: 1 = hateful or offensive toward women, 0 = not hateful. Output only the digit."
15722.jpg,1,0,0,"When interpreting the meme’s image and text jointly, does it demean or stereotype women? Answer 1 if yes, 0 if no."
15541.jpg,1,1,1,"Considering the visual and textual content together, is this offensive or discriminatory? Answer 1 or 0."
15541.jpg,1,1,1,"Evaluate the meme’s image and caption together. If it expresses sexist or hateful content, output 1. If not, output 0."
15541.jpg,1,1,1,"Analyze the meme as a whole (image + text). If it contains misogynistic or sexist stereotypes, output 1. If it does not, output 0. Respond with only one character."
15541.jpg,1,0,0,"Using the combination of image and text, decide if the meme promotes hate or discrimination. Reply ONLY with 1 or 0."
15541.jpg,1,1,1,"Classify this meme: 1 = hateful or offensive toward women, 0 = not hateful. Output only the digit."
15541.jpg,1,0,No,"When interpreting the meme’s image and text jointly, does it demean or stereotype women? Answer 1 if yes, 0 if no."
16081.jpg,1,0,0,"Considering the visual and textual content together, is this offensive or discriminatory? Answer 1 or 0."
16081.jpg,1,-1,"The meme's image features a woman smiling and the caption reads ""Anti-feminism pro-stupid."" The caption seems to be making a joke about the idea that some people claim to be anti-feminist, but in reality, they are","Evaluate the meme’s image and caption together. If it expresses sexist or hateful content, output 1. If not, output 0."
16081.jpg,1,1,1,"Analyze the meme as a whole (image + text). If it contains misogynistic or sexist stereotypes, output 1. If it does not, output 0. Respond with only one character."
16081.jpg,1,1,1,"Using the combination of image and text, decide if the meme promotes hate or discrimination. Reply ONLY with 1 or 0."
16081.jpg,1,1,1,"Classify this meme: 1 = hateful or offensive toward women, 0 = not hateful. Output only the digit."
16081.jpg,1,0,No,"When interpreting the meme’s image and text jointly, does it demean or stereotype women? Answer 1 if yes, 0 if no."
16089.jpg,1,0,0,"Considering the visual and textual content together, is this offensive or discriminatory? Answer 1 or 0."
16089.jpg,1,1,1,"Evaluate the meme’s image and caption together. If it expresses sexist or hateful content, output 1. If not, output 0."
16089.jpg,1,1,1,"Analyze the meme as a whole (image + text). If it contains misogynistic or sexist stereotypes, output 1. If it does not, output 0. Respond with only one character."
16089.jpg,1,0,0,"Using the combination of image and text, decide if the meme promotes hate or discrimination. Reply ONLY with 1 or 0."
16089.jpg,1,1,1,"Classify this meme: 1 = hateful or offensive toward women, 0 = not hateful. Output only the digit."
16089.jpg,1,0,0,"When interpreting the meme’s image and text jointly, does it demean or stereotype women? Answer 1 if yes, 0 if no."
15858.jpg,1,0,0,"Considering the visual and textual content together, is this offensive or discriminatory? Answer 1 or 0."
15858.jpg,1,0,0,"Evaluate the meme’s image and caption together. If it expresses sexist or hateful content, output 1. If not, output 0."
15858.jpg,1,1,1,"Analyze the meme as a whole (image + text). If it contains misogynistic or sexist stereotypes, output 1. If it does not, output 0. Respond with only one character."
15858.jpg,1,0,0,"Using the combination of image and text, decide if the meme promotes hate or discrimination. Reply ONLY with 1 or 0."
15858.jpg,1,1,1,"Classify this meme: 1 = hateful or offensive toward women, 0 = not hateful. Output only the digit."
15858.jpg,1,0,No,"When interpreting the meme’s image and text jointly, does it demean or stereotype women? Answer 1 if yes, 0 if no."
15908.jpg,1,0,0,"Considering the visual and textual content together, is this offensive or discriminatory? Answer 1 or 0."
15908.jpg,1,0,0,"Evaluate the meme’s image and caption together. If it expresses sexist or hateful content, output 1. If not, output 0."
15908.jpg,1,1,1,"Analyze the meme as a whole (image + text). If it contains misogynistic or sexist stereotypes, output 1. If it does not, output 0. Respond with only one character."
15908.jpg,1,0,0,"Using the combination of image and text, decide if the meme promotes hate or discrimination. Reply ONLY with 1 or 0."
15908.jpg,1,1,1,"Classify this meme: 1 = hateful or offensive toward women, 0 = not hateful. Output only the digit."
15908.jpg,1,0,No,"When interpreting the meme’s image and text jointly, does it demean or stereotype women? Answer 1 if yes, 0 if no."
16226.jpg,0,0,0,"Considering the visual and textual content together, is this offensive or discriminatory? Answer 1 or 0."
16226.jpg,0,0,0,"Evaluate the meme’s image and caption together. If it expresses sexist or hateful content, output 1. If not, output 0."
16226.jpg,0,1,1,"Analyze the meme as a whole (image + text). If it contains misogynistic or sexist stereotypes, output 1. If it does not, output 0. Respond with only one character."
16226.jpg,0,0,0,"Using the combination of image and text, decide if the meme promotes hate or discrimination. Reply ONLY with 1 or 0."
16226.jpg,0,1,1,"Classify this meme: 1 = hateful or offensive toward women, 0 = not hateful. Output only the digit."
16226.jpg,0,0,No.,"When interpreting the meme’s image and text jointly, does it demean or stereotype women? Answer 1 if yes, 0 if no."
15470.jpg,1,1,1,"Considering the visual and textual content together, is this offensive or discriminatory? Answer 1 or 0."
15470.jpg,1,1,1,"Evaluate the meme’s image and caption together. If it expresses sexist or hateful content, output 1. If not, output 0."
15470.jpg,1,1,1,"Analyze the meme as a whole (image + text). If it contains misogynistic or sexist stereotypes, output 1. If it does not, output 0. Respond with only one character."
15470.jpg,1,0,0,"Using the combination of image and text, decide if the meme promotes hate or discrimination. Reply ONLY with 1 or 0."
15470.jpg,1,1,1,"Classify this meme: 1 = hateful or offensive toward women, 0 = not hateful. Output only the digit."
15470.jpg,1,0,0,"When interpreting the meme’s image and text jointly, does it demean or stereotype women? Answer 1 if yes, 0 if no."
16328.jpg,0,1,1,"Considering the visual and textual content together, is this offensive or discriminatory? Answer 1 or 0."
16328.jpg,0,1,1,"Evaluate the meme’s image and caption together. If it expresses sexist or hateful content, output 1. If not, output 0."
16328.jpg,0,0,0,"Analyze the meme as a whole (image + text). If it contains misogynistic or sexist stereotypes, output 1. If it does not, output 0. Respond with only one character."
16328.jpg,0,0,0,"Using the combination of image and text, decide if the meme promotes hate or discrimination. Reply ONLY with 1 or 0."
16328.jpg,0,1,1,"Classify this meme: 1 = hateful or offensive toward women, 0 = not hateful. Output only the digit."
16328.jpg,0,0,0,"When interpreting the meme’s image and text jointly, does it demean or stereotype women? Answer 1 if yes, 0 if no."
16049.jpg,0,1,1,"Considering the visual and textual content together, is this offensive or discriminatory? Answer 1 or 0."
16049.jpg,0,0,0,"Evaluate the meme’s image and caption together. If it expresses sexist or hateful content, output 1. If not, output 0."
16049.jpg,0,1,1,"Analyze the meme as a whole (image + text). If it contains misogynistic or sexist stereotypes, output 1. If it does not, output 0. Respond with only one character."
16049.jpg,0,1,1,"Using the combination of image and text, decide if the meme promotes hate or discrimination. Reply ONLY with 1 or 0."
16049.jpg,0,1,1,"Classify this meme: 1 = hateful or offensive toward women, 0 = not hateful. Output only the digit."
16049.jpg,0,0,0,"When interpreting the meme’s image and text jointly, does it demean or stereotype women? Answer 1 if yes, 0 if no."
15421.jpg,0,0,0,"Considering the visual and textual content together, is this offensive or discriminatory? Answer 1 or 0."
15421.jpg,0,0,0,"Evaluate the meme’s image and caption together. If it expresses sexist or hateful content, output 1. If not, output 0."
15421.jpg,0,0,0,"Analyze the meme as a whole (image + text). If it contains misogynistic or sexist stereotypes, output 1. If it does not, output 0. Respond with only one character."
15421.jpg,0,0,0,"Using the combination of image and text, decide if the meme promotes hate or discrimination. Reply ONLY with 1 or 0."
15421.jpg,0,1,1,"Classify this meme: 1 = hateful or offensive toward women, 0 = not hateful. Output only the digit."
15421.jpg,0,0,0,"When interpreting the meme’s image and text jointly, does it demean or stereotype women? Answer 1 if yes, 0 if no."
17017.jpg,0,0,0,"Considering the visual and textual content together, is this offensive or discriminatory? Answer 1 or 0."
17017.jpg,0,0,0,"Evaluate the meme’s image and caption together. If it expresses sexist or hateful content, output 1. If not, output 0."
17017.jpg,0,1,1,"Analyze the meme as a whole (image + text). If it contains misogynistic or sexist stereotypes, output 1. If it does not, output 0. Respond with only one character."
17017.jpg,0,0,0,"Using the combination of image and text, decide if the meme promotes hate or discrimination. Reply ONLY with 1 or 0."
17017.jpg,0,0,0,"Classify this meme: 1 = hateful or offensive toward women, 0 = not hateful. Output only the digit."
17017.jpg,0,0,No.,"When interpreting the meme’s image and text jointly, does it demean or stereotype women? Answer 1 if yes, 0 if no."
17012.jpg,1,1,1,"Considering the visual and textual content together, is this offensive or discriminatory? Answer 1 or 0."
17012.jpg,1,1,1,"Evaluate the meme’s image and caption together. If it expresses sexist or hateful content, output 1. If not, output 0."
17012.jpg,1,1,1,"Analyze the meme as a whole (image + text). If it contains misogynistic or sexist stereotypes, output 1. If it does not, output 0. Respond with only one character."
17012.jpg,1,1,1,"Using the combination of image and text, decide if the meme promotes hate or discrimination. Reply ONLY with 1 or 0."
17012.jpg,1,1,1,"Classify this meme: 1 = hateful or offensive toward women, 0 = not hateful. Output only the digit."
17012.jpg,1,0,0,"When interpreting the meme’s image and text jointly, does it demean or stereotype women? Answer 1 if yes, 0 if no."
15809.jpg,1,1,1,"Considering the visual and textual content together, is this offensive or discriminatory? Answer 1 or 0."
15809.jpg,1,0,0,"Evaluate the meme’s image and caption together. If it expresses sexist or hateful content, output 1. If not, output 0."
15809.jpg,1,1,1,"Analyze the meme as a whole (image + text). If it contains misogynistic or sexist stereotypes, output 1. If it does not, output 0. Respond with only one character."
15809.jpg,1,0,0,"Using the combination of image and text, decide if the meme promotes hate or discrimination. Reply ONLY with 1 or 0."
15809.jpg,1,1,1,"Classify this meme: 1 = hateful or offensive toward women, 0 = not hateful. Output only the digit."
15809.jpg,1,0,0,"When interpreting the meme’s image and text jointly, does it demean or stereotype women? Answer 1 if yes, 0 if no."
16224.jpg,0,0,0,"Considering the visual and textual content together, is this offensive or discriminatory? Answer 1 or 0."
16224.jpg,0,1,1,"Evaluate the meme’s image and caption together. If it expresses sexist or hateful content, output 1. If not, output 0."
16224.jpg,0,1,1,"Analyze the meme as a whole (image + text). If it contains misogynistic or sexist stereotypes, output 1. If it does not, output 0. Respond with only one character."
16224.jpg,0,0,0,"Using the combination of image and text, decide if the meme promotes hate or discrimination. Reply ONLY with 1 or 0."
16224.jpg,0,1,1,"Classify this meme: 1 = hateful or offensive toward women, 0 = not hateful. Output only the digit."
16224.jpg,0,0,No.,"When interpreting the meme’s image and text jointly, does it demean or stereotype women? Answer 1 if yes, 0 if no."
16243.jpg,0,0,0,"Considering the visual and textual content together, is this offensive or discriminatory? Answer 1 or 0."
16243.jpg,0,0,0,"Evaluate the meme’s image and caption together. If it expresses sexist or hateful content, output 1. If not, output 0."
16243.jpg,0,1,1,"Analyze the meme as a whole (image + text). If it contains misogynistic or sexist stereotypes, output 1. If it does not, output 0. Respond with only one character."
16243.jpg,0,0,0,"Using the combination of image and text, decide if the meme promotes hate or discrimination. Reply ONLY with 1 or 0."
16243.jpg,0,1,1,"Classify this meme: 1 = hateful or offensive toward women, 0 = not hateful. Output only the digit."
16243.jpg,0,0,No,"When interpreting the meme’s image and text jointly, does it demean or stereotype women? Answer 1 if yes, 0 if no."
17071.jpg,1,1,1,"Considering the visual and textual content together, is this offensive or discriminatory? Answer 1 or 0."
17071.jpg,1,0,0,"Evaluate the meme’s image and caption together. If it expresses sexist or hateful content, output 1. If not, output 0."
17071.jpg,1,1,1,"Analyze the meme as a whole (image + text). If it contains misogynistic or sexist stereotypes, output 1. If it does not, output 0. Respond with only one character."
17071.jpg,1,0,0,"Using the combination of image and text, decide if the meme promotes hate or discrimination. Reply ONLY with 1 or 0."
17071.jpg,1,1,1,"Classify this meme: 1 = hateful or offensive toward women, 0 = not hateful. Output only the digit."
17071.jpg,1,0,0,"When interpreting the meme’s image and text jointly, does it demean or stereotype women? Answer 1 if yes, 0 if no."
15428.jpg,1,1,1,"Considering the visual and textual content together, is this offensive or discriminatory? Answer 1 or 0."
15428.jpg,1,1,1,"Evaluate the meme’s image and caption together. If it expresses sexist or hateful content, output 1. If not, output 0."
15428.jpg,1,1,1,"Analyze the meme as a whole (image + text). If it contains misogynistic or sexist stereotypes, output 1. If it does not, output 0. Respond with only one character."
15428.jpg,1,0,0,"Using the combination of image and text, decide if the meme promotes hate or discrimination. Reply ONLY with 1 or 0."
15428.jpg,1,1,1,"Classify this meme: 1 = hateful or offensive toward women, 0 = not hateful. Output only the digit."
15428.jpg,1,0,0,"When interpreting the meme’s image and text jointly, does it demean or stereotype women? Answer 1 if yes, 0 if no."
15291.jpg,0,0,0,"Considering the visual and textual content together, is this offensive or discriminatory? Answer 1 or 0."
15291.jpg,0,1,1,"Evaluate the meme’s image and caption together. If it expresses sexist or hateful content, output 1. If not, output 0."
15291.jpg,0,1,1,"Analyze the meme as a whole (image + text). If it contains misogynistic or sexist stereotypes, output 1. If it does not, output 0. Respond with only one character."
15291.jpg,0,0,0,"Using the combination of image and text, decide if the meme promotes hate or discrimination. Reply ONLY with 1 or 0."
15291.jpg,0,1,1,"Classify this meme: 1 = hateful or offensive toward women, 0 = not hateful. Output only the digit."
15291.jpg,0,0,0,"When interpreting the meme’s image and text jointly, does it demean or stereotype women? Answer 1 if yes, 0 if no."
17020.jpg,1,1,1,"Considering the visual and textual content together, is this offensive or discriminatory? Answer 1 or 0."
17020.jpg,1,1,1,"Evaluate the meme’s image and caption together. If it expresses sexist or hateful content, output 1. If not, output 0."
17020.jpg,1,1,1,"Analyze the meme as a whole (image + text). If it contains misogynistic or sexist stereotypes, output 1. If it does not, output 0. Respond with only one character."
17020.jpg,1,1,1,"Using the combination of image and text, decide if the meme promotes hate or discrimination. Reply ONLY with 1 or 0."
17020.jpg,1,1,1,"Classify this meme: 1 = hateful or offensive toward women, 0 = not hateful. Output only the digit."
17020.jpg,1,0,No,"When interpreting the meme’s image and text jointly, does it demean or stereotype women? Answer 1 if yes, 0 if no."
15802.jpg,1,1,1,"Considering the visual and textual content together, is this offensive or discriminatory? Answer 1 or 0."
15802.jpg,1,1,1,"Evaluate the meme’s image and caption together. If it expresses sexist or hateful content, output 1. If not, output 0."
15802.jpg,1,1,1,"Analyze the meme as a whole (image + text). If it contains misogynistic or sexist stereotypes, output 1. If it does not, output 0. Respond with only one character."
15802.jpg,1,1,1,"Using the combination of image and text, decide if the meme promotes hate or discrimination. Reply ONLY with 1 or 0."
15802.jpg,1,1,1,"Classify this meme: 1 = hateful or offensive toward women, 0 = not hateful. Output only the digit."
15802.jpg,1,0,0,"When interpreting the meme’s image and text jointly, does it demean or stereotype women? Answer 1 if yes, 0 if no."
16238.jpg,0,0,0,"Considering the visual and textual content together, is this offensive or discriminatory? Answer 1 or 0."
16238.jpg,0,1,1,"Evaluate the meme’s image and caption together. If it expresses sexist or hateful content, output 1. If not, output 0."
16238.jpg,0,1,1,"Analyze the meme as a whole (image + text). If it contains misogynistic or sexist stereotypes, output 1. If it does not, output 0. Respond with only one character."
16238.jpg,0,0,0,"Using the combination of image and text, decide if the meme promotes hate or discrimination. Reply ONLY with 1 or 0."
16238.jpg,0,0,0,"Classify this meme: 1 = hateful or offensive toward women, 0 = not hateful. Output only the digit."
16238.jpg,0,0,0,"When interpreting the meme’s image and text jointly, does it demean or stereotype women? Answer 1 if yes, 0 if no."
15356.jpg,0,1,1,"Considering the visual and textual content together, is this offensive or discriminatory? Answer 1 or 0."
15356.jpg,0,1,1,"Evaluate the meme’s image and caption together. If it expresses sexist or hateful content, output 1. If not, output 0."
15356.jpg,0,1,1,"Analyze the meme as a whole (image + text). If it contains misogynistic or sexist stereotypes, output 1. If it does not, output 0. Respond with only one character."
15356.jpg,0,0,0,"Using the combination of image and text, decide if the meme promotes hate or discrimination. Reply ONLY with 1 or 0."
15356.jpg,0,1,1,"Classify this meme: 1 = hateful or offensive toward women, 0 = not hateful. Output only the digit."
15356.jpg,0,0,0,"When interpreting the meme’s image and text jointly, does it demean or stereotype women? Answer 1 if yes, 0 if no."
16078.jpg,1,1,1,"Considering the visual and textual content together, is this offensive or discriminatory? Answer 1 or 0."
16078.jpg,1,1,1,"Evaluate the meme’s image and caption together. If it expresses sexist or hateful content, output 1. If not, output 0."
16078.jpg,1,1,1,"Analyze the meme as a whole (image + text). If it contains misogynistic or sexist stereotypes, output 1. If it does not, output 0. Respond with only one character."
16078.jpg,1,0,0,"Using the combination of image and text, decide if the meme promotes hate or discrimination. Reply ONLY with 1 or 0."
16078.jpg,1,1,1,"Classify this meme: 1 = hateful or offensive toward women, 0 = not hateful. Output only the digit."
16078.jpg,1,0,No,"When interpreting the meme’s image and text jointly, does it demean or stereotype women? Answer 1 if yes, 0 if no."
15096.jpg,0,0,0,"Considering the visual and textual content together, is this offensive or discriminatory? Answer 1 or 0."
15096.jpg,0,1,1,"Evaluate the meme’s image and caption together. If it expresses sexist or hateful content, output 1. If not, output 0."
15096.jpg,0,1,1,"Analyze the meme as a whole (image + text). If it contains misogynistic or sexist stereotypes, output 1. If it does not, output 0. Respond with only one character."
15096.jpg,0,0,0,"Using the combination of image and text, decide if the meme promotes hate or discrimination. Reply ONLY with 1 or 0."
15096.jpg,0,1,1,"Classify this meme: 1 = hateful or offensive toward women, 0 = not hateful. Output only the digit."
15096.jpg,0,0,0,"When interpreting the meme’s image and text jointly, does it demean or stereotype women? Answer 1 if yes, 0 if no."
16016.jpg,1,1,1,"Considering the visual and textual content together, is this offensive or discriminatory? Answer 1 or 0."
16016.jpg,1,1,1,"Evaluate the meme’s image and caption together. If it expresses sexist or hateful content, output 1. If not, output 0."
16016.jpg,1,1,1,"Analyze the meme as a whole (image + text). If it contains misogynistic or sexist stereotypes, output 1. If it does not, output 0. Respond with only one character."
16016.jpg,1,1,1,"Using the combination of image and text, decide if the meme promotes hate or discrimination. Reply ONLY with 1 or 0."
16016.jpg,1,1,1,"Classify this meme: 1 = hateful or offensive toward women, 0 = not hateful. Output only the digit."
16016.jpg,1,0,0,"When interpreting the meme’s image and text jointly, does it demean or stereotype women? Answer 1 if yes, 0 if no."
16223.jpg,1,1,1,"Considering the visual and textual content together, is this offensive or discriminatory? Answer 1 or 0."
16223.jpg,1,1,1,"Evaluate the meme’s image and caption together. If it expresses sexist or hateful content, output 1. If not, output 0."
16223.jpg,1,1,1,"Analyze the meme as a whole (image + text). If it contains misogynistic or sexist stereotypes, output 1. If it does not, output 0. Respond with only one character."
16223.jpg,1,1,1,"Using the combination of image and text, decide if the meme promotes hate or discrimination. Reply ONLY with 1 or 0."
16223.jpg,1,1,1,"Classify this meme: 1 = hateful or offensive toward women, 0 = not hateful. Output only the digit."
16223.jpg,1,0,0,"When interpreting the meme’s image and text jointly, does it demean or stereotype women? Answer 1 if yes, 0 if no."
15874.jpg,0,1,1,"Considering the visual and textual content together, is this offensive or discriminatory? Answer 1 or 0."
15874.jpg,0,0,0,"Evaluate the meme’s image and caption together. If it expresses sexist or hateful content, output 1. If not, output 0."
15874.jpg,0,1,1,"Analyze the meme as a whole (image + text). If it contains misogynistic or sexist stereotypes, output 1. If it does not, output 0. Respond with only one character."
15874.jpg,0,0,0,"Using the combination of image and text, decide if the meme promotes hate or discrimination. Reply ONLY with 1 or 0."
15874.jpg,0,1,1,"Classify this meme: 1 = hateful or offensive toward women, 0 = not hateful. Output only the digit."
15874.jpg,0,0,No,"When interpreting the meme’s image and text jointly, does it demean or stereotype women? Answer 1 if yes, 0 if no."
15712.jpg,1,1,1,"Considering the visual and textual content together, is this offensive or discriminatory? Answer 1 or 0."
15712.jpg,1,1,1,"Evaluate the meme’s image and caption together. If it expresses sexist or hateful content, output 1. If not, output 0."
15712.jpg,1,1,1,"Analyze the meme as a whole (image + text). If it contains misogynistic or sexist stereotypes, output 1. If it does not, output 0. Respond with only one character."
15712.jpg,1,0,0,"Using the combination of image and text, decide if the meme promotes hate or discrimination. Reply ONLY with 1 or 0."
15712.jpg,1,1,1,"Classify this meme: 1 = hateful or offensive toward women, 0 = not hateful. Output only the digit."
15712.jpg,1,0,0,"When interpreting the meme’s image and text jointly, does it demean or stereotype women? Answer 1 if yes, 0 if no."
15937.jpg,1,0,0,"Considering the visual and textual content together, is this offensive or discriminatory? Answer 1 or 0."
15937.jpg,1,1,1,"Evaluate the meme’s image and caption together. If it expresses sexist or hateful content, output 1. If not, output 0."
15937.jpg,1,1,1,"Analyze the meme as a whole (image + text). If it contains misogynistic or sexist stereotypes, output 1. If it does not, output 0. Respond with only one character."
15937.jpg,1,0,0,"Using the combination of image and text, decide if the meme promotes hate or discrimination. Reply ONLY with 1 or 0."
15937.jpg,1,1,1,"Classify this meme: 1 = hateful or offensive toward women, 0 = not hateful. Output only the digit."
15937.jpg,1,0,No,"When interpreting the meme’s image and text jointly, does it demean or stereotype women? Answer 1 if yes, 0 if no."
15170.jpg,1,1,1,"Considering the visual and textual content together, is this offensive or discriminatory? Answer 1 or 0."
15170.jpg,1,1,1,"Evaluate the meme’s image and caption together. If it expresses sexist or hateful content, output 1. If not, output 0."
15170.jpg,1,1,1,"Analyze the meme as a whole (image + text). If it contains misogynistic or sexist stereotypes, output 1. If it does not, output 0. Respond with only one character."
15170.jpg,1,0,0,"Using the combination of image and text, decide if the meme promotes hate or discrimination. Reply ONLY with 1 or 0."
15170.jpg,1,1,1,"Classify this meme: 1 = hateful or offensive toward women, 0 = not hateful. Output only the digit."
15170.jpg,1,0,0,"When interpreting the meme’s image and text jointly, does it demean or stereotype women? Answer 1 if yes, 0 if no."
15153.jpg,0,0,0,"Considering the visual and textual content together, is this offensive or discriminatory? Answer 1 or 0."
15153.jpg,0,0,0,"Evaluate the meme’s image and caption together. If it expresses sexist or hateful content, output 1. If not, output 0."
15153.jpg,0,1,1,"Analyze the meme as a whole (image + text). If it contains misogynistic or sexist stereotypes, output 1. If it does not, output 0. Respond with only one character."
15153.jpg,0,0,0,"Using the combination of image and text, decide if the meme promotes hate or discrimination. Reply ONLY with 1 or 0."
15153.jpg,0,0,0,"Classify this meme: 1 = hateful or offensive toward women, 0 = not hateful. Output only the digit."
15153.jpg,0,0,0,"When interpreting the meme’s image and text jointly, does it demean or stereotype women? Answer 1 if yes, 0 if no."
15832.jpg,1,1,1,"Considering the visual and textual content together, is this offensive or discriminatory? Answer 1 or 0."
15832.jpg,1,1,1,"Evaluate the meme’s image and caption together. If it expresses sexist or hateful content, output 1. If not, output 0."
15832.jpg,1,1,1,"Analyze the meme as a whole (image + text). If it contains misogynistic or sexist stereotypes, output 1. If it does not, output 0. Respond with only one character."
15832.jpg,1,1,1,"Using the combination of image and text, decide if the meme promotes hate or discrimination. Reply ONLY with 1 or 0."
15832.jpg,1,1,1,"Classify this meme: 1 = hateful or offensive toward women, 0 = not hateful. Output only the digit."
15832.jpg,1,0,0,"When interpreting the meme’s image and text jointly, does it demean or stereotype women? Answer 1 if yes, 0 if no."
16307.jpg,1,1,1,"Considering the visual and textual content together, is this offensive or discriminatory? Answer 1 or 0."
16307.jpg,1,1,1,"Evaluate the meme’s image and caption together. If it expresses sexist or hateful content, output 1. If not, output 0."
16307.jpg,1,1,1,"Analyze the meme as a whole (image + text). If it contains misogynistic or sexist stereotypes, output 1. If it does not, output 0. Respond with only one character."
16307.jpg,1,1,1,"Using the combination of image and text, decide if the meme promotes hate or discrimination. Reply ONLY with 1 or 0."
16307.jpg,1,1,1,"Classify this meme: 1 = hateful or offensive toward women, 0 = not hateful. Output only the digit."
16307.jpg,1,0,No,"When interpreting the meme’s image and text jointly, does it demean or stereotype women? Answer 1 if yes, 0 if no."
16020.jpg,1,1,1,"Considering the visual and textual content together, is this offensive or discriminatory? Answer 1 or 0."
16020.jpg,1,0,0,"Evaluate the meme’s image and caption together. If it expresses sexist or hateful content, output 1. If not, output 0."
16020.jpg,1,1,1,"Analyze the meme as a whole (image + text). If it contains misogynistic or sexist stereotypes, output 1. If it does not, output 0. Respond with only one character."
16020.jpg,1,0,0,"Using the combination of image and text, decide if the meme promotes hate or discrimination. Reply ONLY with 1 or 0."
16020.jpg,1,1,1,"Classify this meme: 1 = hateful or offensive toward women, 0 = not hateful. Output only the digit."
16020.jpg,1,0,No,"When interpreting the meme’s image and text jointly, does it demean or stereotype women? Answer 1 if yes, 0 if no."
15738.jpg,1,1,1,"Considering the visual and textual content together, is this offensive or discriminatory? Answer 1 or 0."
15738.jpg,1,1,1,"Evaluate the meme’s image and caption together. If it expresses sexist or hateful content, output 1. If not, output 0."
15738.jpg,1,1,1,"Analyze the meme as a whole (image + text). If it contains misogynistic or sexist stereotypes, output 1. If it does not, output 0. Respond with only one character."
15738.jpg,1,1,1,"Using the combination of image and text, decide if the meme promotes hate or discrimination. Reply ONLY with 1 or 0."
15738.jpg,1,1,1,"Classify this meme: 1 = hateful or offensive toward women, 0 = not hateful. Output only the digit."
15738.jpg,1,1,Yes,"When interpreting the meme’s image and text jointly, does it demean or stereotype women? Answer 1 if yes, 0 if no."
15599.jpg,1,1,1,"Considering the visual and textual content together, is this offensive or discriminatory? Answer 1 or 0."
15599.jpg,1,1,1,"Evaluate the meme’s image and caption together. If it expresses sexist or hateful content, output 1. If not, output 0."
15599.jpg,1,1,1,"Analyze the meme as a whole (image + text). If it contains misogynistic or sexist stereotypes, output 1. If it does not, output 0. Respond with only one character."
15599.jpg,1,1,1,"Using the combination of image and text, decide if the meme promotes hate or discrimination. Reply ONLY with 1 or 0."
15599.jpg,1,1,1,"Classify this meme: 1 = hateful or offensive toward women, 0 = not hateful. Output only the digit."
15599.jpg,1,0,No,"When interpreting the meme’s image and text jointly, does it demean or stereotype women? Answer 1 if yes, 0 if no."
16088.jpg,1,1,1,"Considering the visual and textual content together, is this offensive or discriminatory? Answer 1 or 0."
16088.jpg,1,1,1,"Evaluate the meme’s image and caption together. If it expresses sexist or hateful content, output 1. If not, output 0."
16088.jpg,1,1,1,"Analyze the meme as a whole (image + text). If it contains misogynistic or sexist stereotypes, output 1. If it does not, output 0. Respond with only one character."
16088.jpg,1,0,0,"Using the combination of image and text, decide if the meme promotes hate or discrimination. Reply ONLY with 1 or 0."
16088.jpg,1,1,1,"Classify this meme: 1 = hateful or offensive toward women, 0 = not hateful. Output only the digit."
16088.jpg,1,0,0,"When interpreting the meme’s image and text jointly, does it demean or stereotype women? Answer 1 if yes, 0 if no."
15921.jpg,1,1,1,"Considering the visual and textual content together, is this offensive or discriminatory? Answer 1 or 0."
15921.jpg,1,1,1,"Evaluate the meme’s image and caption together. If it expresses sexist or hateful content, output 1. If not, output 0."
15921.jpg,1,1,1,"Analyze the meme as a whole (image + text). If it contains misogynistic or sexist stereotypes, output 1. If it does not, output 0. Respond with only one character."
15921.jpg,1,1,1,"Using the combination of image and text, decide if the meme promotes hate or discrimination. Reply ONLY with 1 or 0."
15921.jpg,1,1,1,"Classify this meme: 1 = hateful or offensive toward women, 0 = not hateful. Output only the digit."
15921.jpg,1,0,0,"When interpreting the meme’s image and text jointly, does it demean or stereotype women? Answer 1 if yes, 0 if no."
15825.jpg,0,0,0,"Considering the visual and textual content together, is this offensive or discriminatory? Answer 1 or 0."
15825.jpg,0,1,1,"Evaluate the meme’s image and caption together. If it expresses sexist or hateful content, output 1. If not, output 0."
15825.jpg,0,1,1,"Analyze the meme as a whole (image + text). If it contains misogynistic or sexist stereotypes, output 1. If it does not, output 0. Respond with only one character."
15825.jpg,0,0,0,"Using the combination of image and text, decide if the meme promotes hate or discrimination. Reply ONLY with 1 or 0."
15825.jpg,0,1,1,"Classify this meme: 1 = hateful or offensive toward women, 0 = not hateful. Output only the digit."
15825.jpg,0,0,0,"When interpreting the meme’s image and text jointly, does it demean or stereotype women? Answer 1 if yes, 0 if no."
15201.jpg,0,0,0,"Considering the visual and textual content together, is this offensive or discriminatory? Answer 1 or 0."
15201.jpg,0,0,0,"Evaluate the meme’s image and caption together. If it expresses sexist or hateful content, output 1. If not, output 0."
15201.jpg,0,0,0,"Analyze the meme as a whole (image + text). If it contains misogynistic or sexist stereotypes, output 1. If it does not, output 0. Respond with only one character."
15201.jpg,0,0,0,"Using the combination of image and text, decide if the meme promotes hate or discrimination. Reply ONLY with 1 or 0."
15201.jpg,0,0,0,"Classify this meme: 1 = hateful or offensive toward women, 0 = not hateful. Output only the digit."
15201.jpg,0,0,0,"When interpreting the meme’s image and text jointly, does it demean or stereotype women? Answer 1 if yes, 0 if no."
17003.jpg,0,0,0,"Considering the visual and textual content together, is this offensive or discriminatory? Answer 1 or 0."
17003.jpg,0,0,0,"Evaluate the meme’s image and caption together. If it expresses sexist or hateful content, output 1. If not, output 0."
17003.jpg,0,1,1,"Analyze the meme as a whole (image + text). If it contains misogynistic or sexist stereotypes, output 1. If it does not, output 0. Respond with only one character."
17003.jpg,0,0,0,"Using the combination of image and text, decide if the meme promotes hate or discrimination. Reply ONLY with 1 or 0."
17003.jpg,0,1,1,"Classify this meme: 1 = hateful or offensive toward women, 0 = not hateful. Output only the digit."
17003.jpg,0,0,0,"When interpreting the meme’s image and text jointly, does it demean or stereotype women? Answer 1 if yes, 0 if no."
15215.jpg,0,0,0,"Considering the visual and textual content together, is this offensive or discriminatory? Answer 1 or 0."
15215.jpg,0,0,0,"Evaluate the meme’s image and caption together. If it expresses sexist or hateful content, output 1. If not, output 0."
15215.jpg,0,0,0,"Analyze the meme as a whole (image + text). If it contains misogynistic or sexist stereotypes, output 1. If it does not, output 0. Respond with only one character."
15215.jpg,0,0,0,"Using the combination of image and text, decide if the meme promotes hate or discrimination. Reply ONLY with 1 or 0."
15215.jpg,0,1,1,"Classify this meme: 1 = hateful or offensive toward women, 0 = not hateful. Output only the digit."
15215.jpg,0,0,0,"When interpreting the meme’s image and text jointly, does it demean or stereotype women? Answer 1 if yes, 0 if no."
15473.jpg,1,1,1,"Considering the visual and textual content together, is this offensive or discriminatory? Answer 1 or 0."
15473.jpg,1,1,1,"Evaluate the meme’s image and caption together. If it expresses sexist or hateful content, output 1. If not, output 0."
15473.jpg,1,1,1,"Analyze the meme as a whole (image + text). If it contains misogynistic or sexist stereotypes, output 1. If it does not, output 0. Respond with only one character."
15473.jpg,1,0,0,"Using the combination of image and text, decide if the meme promotes hate or discrimination. Reply ONLY with 1 or 0."
15473.jpg,1,1,1,"Classify this meme: 1 = hateful or offensive toward women, 0 = not hateful. Output only the digit."
15473.jpg,1,0,0,"When interpreting the meme’s image and text jointly, does it demean or stereotype women? Answer 1 if yes, 0 if no."
16074.jpg,0,0,0,"Considering the visual and textual content together, is this offensive or discriminatory? Answer 1 or 0."
16074.jpg,0,0,0,"Evaluate the meme’s image and caption together. If it expresses sexist or hateful content, output 1. If not, output 0."
16074.jpg,0,0,0,"Analyze the meme as a whole (image + text). If it contains misogynistic or sexist stereotypes, output 1. If it does not, output 0. Respond with only one character."
16074.jpg,0,0,0,"Using the combination of image and text, decide if the meme promotes hate or discrimination. Reply ONLY with 1 or 0."
16074.jpg,0,1,1,"Classify this meme: 1 = hateful or offensive toward women, 0 = not hateful. Output only the digit."
16074.jpg,0,0,No,"When interpreting the meme’s image and text jointly, does it demean or stereotype women? Answer 1 if yes, 0 if no."
15308.jpg,1,1,1,"Considering the visual and textual content together, is this offensive or discriminatory? Answer 1 or 0."
15308.jpg,1,1,1,"Evaluate the meme’s image and caption together. If it expresses sexist or hateful content, output 1. If not, output 0."
15308.jpg,1,1,1,"Analyze the meme as a whole (image + text). If it contains misogynistic or sexist stereotypes, output 1. If it does not, output 0. Respond with only one character."
15308.jpg,1,1,1,"Using the combination of image and text, decide if the meme promotes hate or discrimination. Reply ONLY with 1 or 0."
15308.jpg,1,1,1,"Classify this meme: 1 = hateful or offensive toward women, 0 = not hateful. Output only the digit."
15308.jpg,1,0,0,"When interpreting the meme’s image and text jointly, does it demean or stereotype women? Answer 1 if yes, 0 if no."
16325.jpg,0,0,0,"Considering the visual and textual content together, is this offensive or discriminatory? Answer 1 or 0."
16325.jpg,0,1,"The meme's image and caption do not express sexist or hateful content. Therefore, the output is 0.","Evaluate the meme’s image and caption together. If it expresses sexist or hateful content, output 1. If not, output 0."
16325.jpg,0,1,1,"Analyze the meme as a whole (image + text). If it contains misogynistic or sexist stereotypes, output 1. If it does not, output 0. Respond with only one character."
16325.jpg,0,0,0,"Using the combination of image and text, decide if the meme promotes hate or discrimination. Reply ONLY with 1 or 0."
16325.jpg,0,1,1,"Classify this meme: 1 = hateful or offensive toward women, 0 = not hateful. Output only the digit."
16325.jpg,0,0,0,"When interpreting the meme’s image and text jointly, does it demean or stereotype women? Answer 1 if yes, 0 if no."
15538.jpg,1,1,1,"Considering the visual and textual content together, is this offensive or discriminatory? Answer 1 or 0."
15538.jpg,1,1,1,"Evaluate the meme’s image and caption together. If it expresses sexist or hateful content, output 1. If not, output 0."
15538.jpg,1,1,1,"Analyze the meme as a whole (image + text). If it contains misogynistic or sexist stereotypes, output 1. If it does not, output 0. Respond with only one character."
15538.jpg,1,1,1,"Using the combination of image and text, decide if the meme promotes hate or discrimination. Reply ONLY with 1 or 0."
15538.jpg,1,1,1,"Classify this meme: 1 = hateful or offensive toward women, 0 = not hateful. Output only the digit."
15538.jpg,1,0,0,"When interpreting the meme’s image and text jointly, does it demean or stereotype women? Answer 1 if yes, 0 if no."
16228.jpg,1,0,0,"Considering the visual and textual content together, is this offensive or discriminatory? Answer 1 or 0."
16228.jpg,1,0,0,"Evaluate the meme’s image and caption together. If it expresses sexist or hateful content, output 1. If not, output 0."
16228.jpg,1,1,1,"Analyze the meme as a whole (image + text). If it contains misogynistic or sexist stereotypes, output 1. If it does not, output 0. Respond with only one character."
16228.jpg,1,0,0,"Using the combination of image and text, decide if the meme promotes hate or discrimination. Reply ONLY with 1 or 0."
16228.jpg,1,0,0,"Classify this meme: 1 = hateful or offensive toward women, 0 = not hateful. Output only the digit."
16228.jpg,1,0,0,"When interpreting the meme’s image and text jointly, does it demean or stereotype women? Answer 1 if yes, 0 if no."
15120.jpg,0,1,1,"Considering the visual and textual content together, is this offensive or discriminatory? Answer 1 or 0."
15120.jpg,0,1,1,"Evaluate the meme’s image and caption together. If it expresses sexist or hateful content, output 1. If not, output 0."
15120.jpg,0,1,1,"Analyze the meme as a whole (image + text). If it contains misogynistic or sexist stereotypes, output 1. If it does not, output 0. Respond with only one character."
15120.jpg,0,0,0,"Using the combination of image and text, decide if the meme promotes hate or discrimination. Reply ONLY with 1 or 0."
15120.jpg,0,1,1,"Classify this meme: 1 = hateful or offensive toward women, 0 = not hateful. Output only the digit."
15120.jpg,0,0,0,"When interpreting the meme’s image and text jointly, does it demean or stereotype women? Answer 1 if yes, 0 if no."
15862.jpg,0,1,1,"Considering the visual and textual content together, is this offensive or discriminatory? Answer 1 or 0."
15862.jpg,0,0,0,"Evaluate the meme’s image and caption together. If it expresses sexist or hateful content, output 1. If not, output 0."
15862.jpg,0,1,1,"Analyze the meme as a whole (image + text). If it contains misogynistic or sexist stereotypes, output 1. If it does not, output 0. Respond with only one character."
15862.jpg,0,0,0,"Using the combination of image and text, decide if the meme promotes hate or discrimination. Reply ONLY with 1 or 0."
15862.jpg,0,1,1,"Classify this meme: 1 = hateful or offensive toward women, 0 = not hateful. Output only the digit."
15862.jpg,0,0,No,"When interpreting the meme’s image and text jointly, does it demean or stereotype women? Answer 1 if yes, 0 if no."
15891.jpg,0,0,0,"Considering the visual and textual content together, is this offensive or discriminatory? Answer 1 or 0."
15891.jpg,0,1,1,"Evaluate the meme’s image and caption together. If it expresses sexist or hateful content, output 1. If not, output 0."
15891.jpg,0,1,1,"Analyze the meme as a whole (image + text). If it contains misogynistic or sexist stereotypes, output 1. If it does not, output 0. Respond with only one character."
15891.jpg,0,0,0,"Using the combination of image and text, decide if the meme promotes hate or discrimination. Reply ONLY with 1 or 0."
15891.jpg,0,0,0,"Classify this meme: 1 = hateful or offensive toward women, 0 = not hateful. Output only the digit."
15891.jpg,0,0,0,"When interpreting the meme’s image and text jointly, does it demean or stereotype women? Answer 1 if yes, 0 if no."
16332.jpg,0,0,0,"Considering the visual and textual content together, is this offensive or discriminatory? Answer 1 or 0."
16332.jpg,0,0,0,"Evaluate the meme’s image and caption together. If it expresses sexist or hateful content, output 1. If not, output 0."
16332.jpg,0,1,1,"Analyze the meme as a whole (image + text). If it contains misogynistic or sexist stereotypes, output 1. If it does not, output 0. Respond with only one character."
16332.jpg,0,0,0,"Using the combination of image and text, decide if the meme promotes hate or discrimination. Reply ONLY with 1 or 0."
16332.jpg,0,0,0,"Classify this meme: 1 = hateful or offensive toward women, 0 = not hateful. Output only the digit."
16332.jpg,0,0,No.,"When interpreting the meme’s image and text jointly, does it demean or stereotype women? Answer 1 if yes, 0 if no."
15318.jpg,1,1,1,"Considering the visual and textual content together, is this offensive or discriminatory? Answer 1 or 0."
15318.jpg,1,1,1,"Evaluate the meme’s image and caption together. If it expresses sexist or hateful content, output 1. If not, output 0."
15318.jpg,1,1,1,"Analyze the meme as a whole (image + text). If it contains misogynistic or sexist stereotypes, output 1. If it does not, output 0. Respond with only one character."
15318.jpg,1,1,1,"Using the combination of image and text, decide if the meme promotes hate or discrimination. Reply ONLY with 1 or 0."
15318.jpg,1,1,1,"Classify this meme: 1 = hateful or offensive toward women, 0 = not hateful. Output only the digit."
15318.jpg,1,0,0,"When interpreting the meme’s image and text jointly, does it demean or stereotype women? Answer 1 if yes, 0 if no."
16211.jpg,0,0,0,"Considering the visual and textual content together, is this offensive or discriminatory? Answer 1 or 0."
16211.jpg,0,1,1,"Evaluate the meme’s image and caption together. If it expresses sexist or hateful content, output 1. If not, output 0."
16211.jpg,0,1,1,"Analyze the meme as a whole (image + text). If it contains misogynistic or sexist stereotypes, output 1. If it does not, output 0. Respond with only one character."
16211.jpg,0,0,0,"Using the combination of image and text, decide if the meme promotes hate or discrimination. Reply ONLY with 1 or 0."
16211.jpg,0,1,1,"Classify this meme: 1 = hateful or offensive toward women, 0 = not hateful. Output only the digit."
16211.jpg,0,0,0,"When interpreting the meme’s image and text jointly, does it demean or stereotype women? Answer 1 if yes, 0 if no."
15078.jpg,0,1,1,"Considering the visual and textual content together, is this offensive or discriminatory? Answer 1 or 0."
15078.jpg,0,0,0,"Evaluate the meme’s image and caption together. If it expresses sexist or hateful content, output 1. If not, output 0."
15078.jpg,0,1,1,"Analyze the meme as a whole (image + text). If it contains misogynistic or sexist stereotypes, output 1. If it does not, output 0. Respond with only one character."
15078.jpg,0,0,0,"Using the combination of image and text, decide if the meme promotes hate or discrimination. Reply ONLY with 1 or 0."
15078.jpg,0,1,1,"Classify this meme: 1 = hateful or offensive toward women, 0 = not hateful. Output only the digit."
15078.jpg,0,0,No,"When interpreting the meme’s image and text jointly, does it demean or stereotype women? Answer 1 if yes, 0 if no."
16219.jpg,1,0,0,"Considering the visual and textual content together, is this offensive or discriminatory? Answer 1 or 0."
16219.jpg,1,1,1,"Evaluate the meme’s image and caption together. If it expresses sexist or hateful content, output 1. If not, output 0."
16219.jpg,1,1,1,"Analyze the meme as a whole (image + text). If it contains misogynistic or sexist stereotypes, output 1. If it does not, output 0. Respond with only one character."
16219.jpg,1,0,0,"Using the combination of image and text, decide if the meme promotes hate or discrimination. Reply ONLY with 1 or 0."
16219.jpg,1,1,1,"Classify this meme: 1 = hateful or offensive toward women, 0 = not hateful. Output only the digit."
16219.jpg,1,0,0,"When interpreting the meme’s image and text jointly, does it demean or stereotype women? Answer 1 if yes, 0 if no."
16111.jpg,1,1,1,"Considering the visual and textual content together, is this offensive or discriminatory? Answer 1 or 0."
16111.jpg,1,1,1,"Evaluate the meme’s image and caption together. If it expresses sexist or hateful content, output 1. If not, output 0."
16111.jpg,1,1,1,"Analyze the meme as a whole (image + text). If it contains misogynistic or sexist stereotypes, output 1. If it does not, output 0. Respond with only one character."
16111.jpg,1,0,0,"Using the combination of image and text, decide if the meme promotes hate or discrimination. Reply ONLY with 1 or 0."
16111.jpg,1,1,1,"Classify this meme: 1 = hateful or offensive toward women, 0 = not hateful. Output only the digit."
16111.jpg,1,0,0,"When interpreting the meme’s image and text jointly, does it demean or stereotype women? Answer 1 if yes, 0 if no."
15014.jpg,0,0,0,"Considering the visual and textual content together, is this offensive or discriminatory? Answer 1 or 0."
15014.jpg,0,0,0,"Evaluate the meme’s image and caption together. If it expresses sexist or hateful content, output 1. If not, output 0."
15014.jpg,0,0,0,"Analyze the meme as a whole (image + text). If it contains misogynistic or sexist stereotypes, output 1. If it does not, output 0. Respond with only one character."
15014.jpg,0,0,0,"Using the combination of image and text, decide if the meme promotes hate or discrimination. Reply ONLY with 1 or 0."
15014.jpg,0,0,0,"Classify this meme: 1 = hateful or offensive toward women, 0 = not hateful. Output only the digit."
15014.jpg,0,0,0,"When interpreting the meme’s image and text jointly, does it demean or stereotype women? Answer 1 if yes, 0 if no."
15408.jpg,0,0,0,"Considering the visual and textual content together, is this offensive or discriminatory? Answer 1 or 0."
15408.jpg,0,0,0,"Evaluate the meme’s image and caption together. If it expresses sexist or hateful content, output 1. If not, output 0."
15408.jpg,0,1,1,"Analyze the meme as a whole (image + text). If it contains misogynistic or sexist stereotypes, output 1. If it does not, output 0. Respond with only one character."
15408.jpg,0,0,0,"Using the combination of image and text, decide if the meme promotes hate or discrimination. Reply ONLY with 1 or 0."
15408.jpg,0,1,1,"Classify this meme: 1 = hateful or offensive toward women, 0 = not hateful. Output only the digit."
15408.jpg,0,0,0,"When interpreting the meme’s image and text jointly, does it demean or stereotype women? Answer 1 if yes, 0 if no."
17027.jpg,1,1,1,"Considering the visual and textual content together, is this offensive or discriminatory? Answer 1 or 0."
17027.jpg,1,1,1,"Evaluate the meme’s image and caption together. If it expresses sexist or hateful content, output 1. If not, output 0."
17027.jpg,1,1,1,"Analyze the meme as a whole (image + text). If it contains misogynistic or sexist stereotypes, output 1. If it does not, output 0. Respond with only one character."
17027.jpg,1,0,0,"Using the combination of image and text, decide if the meme promotes hate or discrimination. Reply ONLY with 1 or 0."
17027.jpg,1,1,1,"Classify this meme: 1 = hateful or offensive toward women, 0 = not hateful. Output only the digit."
17027.jpg,1,0,0,"When interpreting the meme’s image and text jointly, does it demean or stereotype women? Answer 1 if yes, 0 if no."
15240.jpg,1,1,1,"Considering the visual and textual content together, is this offensive or discriminatory? Answer 1 or 0."
15240.jpg,1,-1,"The meme's image shows a man with a scar on his forehead and the caption reads ""gave that bitch a scar, bitches love scars."" This could be interpreted as a play on words, with ""bitches"" referring to the scar","Evaluate the meme’s image and caption together. If it expresses sexist or hateful content, output 1. If not, output 0."
15240.jpg,1,1,1,"Analyze the meme as a whole (image + text). If it contains misogynistic or sexist stereotypes, output 1. If it does not, output 0. Respond with only one character."
15240.jpg,1,1,1,"Using the combination of image and text, decide if the meme promotes hate or discrimination. Reply ONLY with 1 or 0."
15240.jpg,1,1,1,"Classify this meme: 1 = hateful or offensive toward women, 0 = not hateful. Output only the digit."
15240.jpg,1,0,0,"When interpreting the meme’s image and text jointly, does it demean or stereotype women? Answer 1 if yes, 0 if no."
15056.jpg,0,0,0,"Considering the visual and textual content together, is this offensive or discriminatory? Answer 1 or 0."
15056.jpg,0,0,0,"Evaluate the meme’s image and caption together. If it expresses sexist or hateful content, output 1. If not, output 0."
15056.jpg,0,1,1,"Analyze the meme as a whole (image + text). If it contains misogynistic or sexist stereotypes, output 1. If it does not, output 0. Respond with only one character."
15056.jpg,0,0,0,"Using the combination of image and text, decide if the meme promotes hate or discrimination. Reply ONLY with 1 or 0."
15056.jpg,0,1,1,"Classify this meme: 1 = hateful or offensive toward women, 0 = not hateful. Output only the digit."
15056.jpg,0,0,0,"When interpreting the meme’s image and text jointly, does it demean or stereotype women? Answer 1 if yes, 0 if no."
16309.jpg,1,0,0,"Considering the visual and textual content together, is this offensive or discriminatory? Answer 1 or 0."
16309.jpg,1,0,0,"Evaluate the meme’s image and caption together. If it expresses sexist or hateful content, output 1. If not, output 0."
16309.jpg,1,0,0,"Analyze the meme as a whole (image + text). If it contains misogynistic or sexist stereotypes, output 1. If it does not, output 0. Respond with only one character."
16309.jpg,1,1,1,"Using the combination of image and text, decide if the meme promotes hate or discrimination. Reply ONLY with 1 or 0."
16309.jpg,1,1,1,"Classify this meme: 1 = hateful or offensive toward women, 0 = not hateful. Output only the digit."
16309.jpg,1,0,0,"When interpreting the meme’s image and text jointly, does it demean or stereotype women? Answer 1 if yes, 0 if no."
15958.jpg,0,0,0,"Considering the visual and textual content together, is this offensive or discriminatory? Answer 1 or 0."
15958.jpg,0,0,0,"Evaluate the meme’s image and caption together. If it expresses sexist or hateful content, output 1. If not, output 0."
15958.jpg,0,1,1,"Analyze the meme as a whole (image + text). If it contains misogynistic or sexist stereotypes, output 1. If it does not, output 0. Respond with only one character."
15958.jpg,0,0,0,"Using the combination of image and text, decide if the meme promotes hate or discrimination. Reply ONLY with 1 or 0."
15958.jpg,0,1,1,"Classify this meme: 1 = hateful or offensive toward women, 0 = not hateful. Output only the digit."
15958.jpg,0,0,0,"When interpreting the meme’s image and text jointly, does it demean or stereotype women? Answer 1 if yes, 0 if no."
15867.jpg,0,1,1,"Considering the visual and textual content together, is this offensive or discriminatory? Answer 1 or 0."
15867.jpg,0,1,1,"Evaluate the meme’s image and caption together. If it expresses sexist or hateful content, output 1. If not, output 0."
15867.jpg,0,1,1,"Analyze the meme as a whole (image + text). If it contains misogynistic or sexist stereotypes, output 1. If it does not, output 0. Respond with only one character."
15867.jpg,0,0,0,"Using the combination of image and text, decide if the meme promotes hate or discrimination. Reply ONLY with 1 or 0."
15867.jpg,0,1,1,"Classify this meme: 1 = hateful or offensive toward women, 0 = not hateful. Output only the digit."
15867.jpg,0,0,No,"When interpreting the meme’s image and text jointly, does it demean or stereotype women? Answer 1 if yes, 0 if no."
15950.jpg,0,0,0,"Considering the visual and textual content together, is this offensive or discriminatory? Answer 1 or 0."
15950.jpg,0,1,1,"Evaluate the meme’s image and caption together. If it expresses sexist or hateful content, output 1. If not, output 0."
15950.jpg,0,0,0,"Analyze the meme as a whole (image + text). If it contains misogynistic or sexist stereotypes, output 1. If it does not, output 0. Respond with only one character."
15950.jpg,0,0,0,"Using the combination of image and text, decide if the meme promotes hate or discrimination. Reply ONLY with 1 or 0."
15950.jpg,0,1,1,"Classify this meme: 1 = hateful or offensive toward women, 0 = not hateful. Output only the digit."
15950.jpg,0,0,0,"When interpreting the meme’s image and text jointly, does it demean or stereotype women? Answer 1 if yes, 0 if no."
15906.jpg,1,1,1,"Considering the visual and textual content together, is this offensive or discriminatory? Answer 1 or 0."
15906.jpg,1,0,0,"Evaluate the meme’s image and caption together. If it expresses sexist or hateful content, output 1. If not, output 0."
15906.jpg,1,0,0,"Analyze the meme as a whole (image + text). If it contains misogynistic or sexist stereotypes, output 1. If it does not, output 0. Respond with only one character."
15906.jpg,1,0,0,"Using the combination of image and text, decide if the meme promotes hate or discrimination. Reply ONLY with 1 or 0."
15906.jpg,1,1,1,"Classify this meme: 1 = hateful or offensive toward women, 0 = not hateful. Output only the digit."
15906.jpg,1,0,0,"When interpreting the meme’s image and text jointly, does it demean or stereotype women? Answer 1 if yes, 0 if no."
17042.jpg,1,1,1,"Considering the visual and textual content together, is this offensive or discriminatory? Answer 1 or 0."
17042.jpg,1,0,0,"Evaluate the meme’s image and caption together. If it expresses sexist or hateful content, output 1. If not, output 0."
17042.jpg,1,1,1,"Analyze the meme as a whole (image + text). If it contains misogynistic or sexist stereotypes, output 1. If it does not, output 0. Respond with only one character."
17042.jpg,1,0,0,"Using the combination of image and text, decide if the meme promotes hate or discrimination. Reply ONLY with 1 or 0."
17042.jpg,1,1,1,"Classify this meme: 1 = hateful or offensive toward women, 0 = not hateful. Output only the digit."
17042.jpg,1,0,No,"When interpreting the meme’s image and text jointly, does it demean or stereotype women? Answer 1 if yes, 0 if no."
15330.jpg,1,0,0,"Considering the visual and textual content together, is this offensive or discriminatory? Answer 1 or 0."
15330.jpg,1,1,1,"Evaluate the meme’s image and caption together. If it expresses sexist or hateful content, output 1. If not, output 0."
15330.jpg,1,1,1,"Analyze the meme as a whole (image + text). If it contains misogynistic or sexist stereotypes, output 1. If it does not, output 0. Respond with only one character."
15330.jpg,1,0,0,"Using the combination of image and text, decide if the meme promotes hate or discrimination. Reply ONLY with 1 or 0."
15330.jpg,1,1,1,"Classify this meme: 1 = hateful or offensive toward women, 0 = not hateful. Output only the digit."
15330.jpg,1,0,0,"When interpreting the meme’s image and text jointly, does it demean or stereotype women? Answer 1 if yes, 0 if no."
15349.jpg,1,0,0,"Considering the visual and textual content together, is this offensive or discriminatory? Answer 1 or 0."
15349.jpg,1,0,0,"Evaluate the meme’s image and caption together. If it expresses sexist or hateful content, output 1. If not, output 0."
15349.jpg,1,1,1,"Analyze the meme as a whole (image + text). If it contains misogynistic or sexist stereotypes, output 1. If it does not, output 0. Respond with only one character."
15349.jpg,1,0,0,"Using the combination of image and text, decide if the meme promotes hate or discrimination. Reply ONLY with 1 or 0."
15349.jpg,1,1,1,"Classify this meme: 1 = hateful or offensive toward women, 0 = not hateful. Output only the digit."
15349.jpg,1,0,0,"When interpreting the meme’s image and text jointly, does it demean or stereotype women? Answer 1 if yes, 0 if no."
16248.jpg,1,0,0,"Considering the visual and textual content together, is this offensive or discriminatory? Answer 1 or 0."
16248.jpg,1,1,1,"Evaluate the meme’s image and caption together. If it expresses sexist or hateful content, output 1. If not, output 0."
16248.jpg,1,1,1,"Analyze the meme as a whole (image + text). If it contains misogynistic or sexist stereotypes, output 1. If it does not, output 0. Respond with only one character."
16248.jpg,1,0,0,"Using the combination of image and text, decide if the meme promotes hate or discrimination. Reply ONLY with 1 or 0."
16248.jpg,1,1,1,"Classify this meme: 1 = hateful or offensive toward women, 0 = not hateful. Output only the digit."
16248.jpg,1,0,0,"When interpreting the meme’s image and text jointly, does it demean or stereotype women? Answer 1 if yes, 0 if no."
15602.jpg,0,0,0,"Considering the visual and textual content together, is this offensive or discriminatory? Answer 1 or 0."
15602.jpg,0,1,1,"Evaluate the meme’s image and caption together. If it expresses sexist or hateful content, output 1. If not, output 0."
15602.jpg,0,1,1,"Analyze the meme as a whole (image + text). If it contains misogynistic or sexist stereotypes, output 1. If it does not, output 0. Respond with only one character."
15602.jpg,0,0,0,"Using the combination of image and text, decide if the meme promotes hate or discrimination. Reply ONLY with 1 or 0."
15602.jpg,0,0,0,"Classify this meme: 1 = hateful or offensive toward women, 0 = not hateful. Output only the digit."
15602.jpg,0,0,0,"When interpreting the meme’s image and text jointly, does it demean or stereotype women? Answer 1 if yes, 0 if no."
17022.jpg,0,0,0,"Considering the visual and textual content together, is this offensive or discriminatory? Answer 1 or 0."
17022.jpg,0,0,0,"Evaluate the meme’s image and caption together. If it expresses sexist or hateful content, output 1. If not, output 0."
17022.jpg,0,0,0,"Analyze the meme as a whole (image + text). If it contains misogynistic or sexist stereotypes, output 1. If it does not, output 0. Respond with only one character."
17022.jpg,0,0,0,"Using the combination of image and text, decide if the meme promotes hate or discrimination. Reply ONLY with 1 or 0."
17022.jpg,0,0,0,"Classify this meme: 1 = hateful or offensive toward women, 0 = not hateful. Output only the digit."
17022.jpg,0,0,No.,"When interpreting the meme’s image and text jointly, does it demean or stereotype women? Answer 1 if yes, 0 if no."
17025.jpg,1,0,0,"Considering the visual and textual content together, is this offensive or discriminatory? Answer 1 or 0."
17025.jpg,1,1,1,"Evaluate the meme’s image and caption together. If it expresses sexist or hateful content, output 1. If not, output 0."
17025.jpg,1,1,1,"Analyze the meme as a whole (image + text). If it contains misogynistic or sexist stereotypes, output 1. If it does not, output 0. Respond with only one character."
17025.jpg,1,0,0,"Using the combination of image and text, decide if the meme promotes hate or discrimination. Reply ONLY with 1 or 0."
17025.jpg,1,1,1,"Classify this meme: 1 = hateful or offensive toward women, 0 = not hateful. Output only the digit."
17025.jpg,1,0,No,"When interpreting the meme’s image and text jointly, does it demean or stereotype women? Answer 1 if yes, 0 if no."
15097.jpg,0,0,0,"Considering the visual and textual content together, is this offensive or discriminatory? Answer 1 or 0."
15097.jpg,0,1,1,"Evaluate the meme’s image and caption together. If it expresses sexist or hateful content, output 1. If not, output 0."
15097.jpg,0,1,1,"Analyze the meme as a whole (image + text). If it contains misogynistic or sexist stereotypes, output 1. If it does not, output 0. Respond with only one character."
15097.jpg,0,0,0,"Using the combination of image and text, decide if the meme promotes hate or discrimination. Reply ONLY with 1 or 0."
15097.jpg,0,1,1,"Classify this meme: 1 = hateful or offensive toward women, 0 = not hateful. Output only the digit."
15097.jpg,0,0,0,"When interpreting the meme’s image and text jointly, does it demean or stereotype women? Answer 1 if yes, 0 if no."
16023.jpg,0,0,0,"Considering the visual and textual content together, is this offensive or discriminatory? Answer 1 or 0."
16023.jpg,0,1,1,"Evaluate the meme’s image and caption together. If it expresses sexist or hateful content, output 1. If not, output 0."
16023.jpg,0,1,1,"Analyze the meme as a whole (image + text). If it contains misogynistic or sexist stereotypes, output 1. If it does not, output 0. Respond with only one character."
16023.jpg,0,0,0,"Using the combination of image and text, decide if the meme promotes hate or discrimination. Reply ONLY with 1 or 0."
16023.jpg,0,1,1,"Classify this meme: 1 = hateful or offensive toward women, 0 = not hateful. Output only the digit."
16023.jpg,0,0,0,"When interpreting the meme’s image and text jointly, does it demean or stereotype women? Answer 1 if yes, 0 if no."
15823.jpg,1,0,0,"Considering the visual and textual content together, is this offensive or discriminatory? Answer 1 or 0."
15823.jpg,1,0,0,"Evaluate the meme’s image and caption together. If it expresses sexist or hateful content, output 1. If not, output 0."
15823.jpg,1,1,1,"Analyze the meme as a whole (image + text). If it contains misogynistic or sexist stereotypes, output 1. If it does not, output 0. Respond with only one character."
15823.jpg,1,0,0,"Using the combination of image and text, decide if the meme promotes hate or discrimination. Reply ONLY with 1 or 0."
15823.jpg,1,1,1,"Classify this meme: 1 = hateful or offensive toward women, 0 = not hateful. Output only the digit."
15823.jpg,1,0,0,"When interpreting the meme’s image and text jointly, does it demean or stereotype women? Answer 1 if yes, 0 if no."
16161.jpg,1,0,0,"Considering the visual and textual content together, is this offensive or discriminatory? Answer 1 or 0."
16161.jpg,1,1,1,"Evaluate the meme’s image and caption together. If it expresses sexist or hateful content, output 1. If not, output 0."
16161.jpg,1,1,1,"Analyze the meme as a whole (image + text). If it contains misogynistic or sexist stereotypes, output 1. If it does not, output 0. Respond with only one character."
16161.jpg,1,0,0,"Using the combination of image and text, decide if the meme promotes hate or discrimination. Reply ONLY with 1 or 0."
16161.jpg,1,1,1,"Classify this meme: 1 = hateful or offensive toward women, 0 = not hateful. Output only the digit."
16161.jpg,1,0,0,"When interpreting the meme’s image and text jointly, does it demean or stereotype women? Answer 1 if yes, 0 if no."
17043.jpg,0,1,1,"Considering the visual and textual content together, is this offensive or discriminatory? Answer 1 or 0."
17043.jpg,0,0,0,"Evaluate the meme’s image and caption together. If it expresses sexist or hateful content, output 1. If not, output 0."
17043.jpg,0,0,0,"Analyze the meme as a whole (image + text). If it contains misogynistic or sexist stereotypes, output 1. If it does not, output 0. Respond with only one character."
17043.jpg,0,0,0,"Using the combination of image and text, decide if the meme promotes hate or discrimination. Reply ONLY with 1 or 0."
17043.jpg,0,0,0,"Classify this meme: 1 = hateful or offensive toward women, 0 = not hateful. Output only the digit."
17043.jpg,0,0,0,"When interpreting the meme’s image and text jointly, does it demean or stereotype women? Answer 1 if yes, 0 if no."
15966.jpg,0,0,0,"Considering the visual and textual content together, is this offensive or discriminatory? Answer 1 or 0."
15966.jpg,0,0,0,"Evaluate the meme’s image and caption together. If it expresses sexist or hateful content, output 1. If not, output 0."
15966.jpg,0,0,0,"Analyze the meme as a whole (image + text). If it contains misogynistic or sexist stereotypes, output 1. If it does not, output 0. Respond with only one character."
15966.jpg,0,0,0,"Using the combination of image and text, decide if the meme promotes hate or discrimination. Reply ONLY with 1 or 0."
15966.jpg,0,1,1,"Classify this meme: 1 = hateful or offensive toward women, 0 = not hateful. Output only the digit."
15966.jpg,0,0,No,"When interpreting the meme’s image and text jointly, does it demean or stereotype women? Answer 1 if yes, 0 if no."
15412.jpg,0,0,0,"Considering the visual and textual content together, is this offensive or discriminatory? Answer 1 or 0."
15412.jpg,0,1,1,"Evaluate the meme’s image and caption together. If it expresses sexist or hateful content, output 1. If not, output 0."
15412.jpg,0,1,1,"Analyze the meme as a whole (image + text). If it contains misogynistic or sexist stereotypes, output 1. If it does not, output 0. Respond with only one character."
15412.jpg,0,0,0,"Using the combination of image and text, decide if the meme promotes hate or discrimination. Reply ONLY with 1 or 0."
15412.jpg,0,1,1,"Classify this meme: 1 = hateful or offensive toward women, 0 = not hateful. Output only the digit."
15412.jpg,0,0,No,"When interpreting the meme’s image and text jointly, does it demean or stereotype women? Answer 1 if yes, 0 if no."
15969.jpg,1,1,1,"Considering the visual and textual content together, is this offensive or discriminatory? Answer 1 or 0."
15969.jpg,1,1,1,"Evaluate the meme’s image and caption together. If it expresses sexist or hateful content, output 1. If not, output 0."
15969.jpg,1,1,1,"Analyze the meme as a whole (image + text). If it contains misogynistic or sexist stereotypes, output 1. If it does not, output 0. Respond with only one character."
15969.jpg,1,1,1,"Using the combination of image and text, decide if the meme promotes hate or discrimination. Reply ONLY with 1 or 0."
15969.jpg,1,1,1,"Classify this meme: 1 = hateful or offensive toward women, 0 = not hateful. Output only the digit."
15969.jpg,1,0,0,"When interpreting the meme’s image and text jointly, does it demean or stereotype women? Answer 1 if yes, 0 if no."
16117.jpg,0,0,0,"Considering the visual and textual content together, is this offensive or discriminatory? Answer 1 or 0."
16117.jpg,0,0,0,"Evaluate the meme’s image and caption together. If it expresses sexist or hateful content, output 1. If not, output 0."
16117.jpg,0,1,1,"Analyze the meme as a whole (image + text). If it contains misogynistic or sexist stereotypes, output 1. If it does not, output 0. Respond with only one character."
16117.jpg,0,1,1,"Using the combination of image and text, decide if the meme promotes hate or discrimination. Reply ONLY with 1 or 0."
16117.jpg,0,1,1,"Classify this meme: 1 = hateful or offensive toward women, 0 = not hateful. Output only the digit."
16117.jpg,0,0,0,"When interpreting the meme’s image and text jointly, does it demean or stereotype women? Answer 1 if yes, 0 if no."
15578.jpg,0,0,0,"Considering the visual and textual content together, is this offensive or discriminatory? Answer 1 or 0."
15578.jpg,0,0,0,"Evaluate the meme’s image and caption together. If it expresses sexist or hateful content, output 1. If not, output 0."
15578.jpg,0,1,1,"Analyze the meme as a whole (image + text). If it contains misogynistic or sexist stereotypes, output 1. If it does not, output 0. Respond with only one character."
15578.jpg,0,0,0,"Using the combination of image and text, decide if the meme promotes hate or discrimination. Reply ONLY with 1 or 0."
15578.jpg,0,0,0,"Classify this meme: 1 = hateful or offensive toward women, 0 = not hateful. Output only the digit."
15578.jpg,0,0,No,"When interpreting the meme’s image and text jointly, does it demean or stereotype women? Answer 1 if yes, 0 if no."
15300.jpg,1,1,1,"Considering the visual and textual content together, is this offensive or discriminatory? Answer 1 or 0."
15300.jpg,1,1,1,"Evaluate the meme’s image and caption together. If it expresses sexist or hateful content, output 1. If not, output 0."
15300.jpg,1,1,1,"Analyze the meme as a whole (image + text). If it contains misogynistic or sexist stereotypes, output 1. If it does not, output 0. Respond with only one character."
15300.jpg,1,0,0,"Using the combination of image and text, decide if the meme promotes hate or discrimination. Reply ONLY with 1 or 0."
15300.jpg,1,1,1,"Classify this meme: 1 = hateful or offensive toward women, 0 = not hateful. Output only the digit."
15300.jpg,1,0,No,"When interpreting the meme’s image and text jointly, does it demean or stereotype women? Answer 1 if yes, 0 if no."
15557.jpg,0,0,0,"Considering the visual and textual content together, is this offensive or discriminatory? Answer 1 or 0."
15557.jpg,0,0,0,"Evaluate the meme’s image and caption together. If it expresses sexist or hateful content, output 1. If not, output 0."
15557.jpg,0,1,1,"Analyze the meme as a whole (image + text). If it contains misogynistic or sexist stereotypes, output 1. If it does not, output 0. Respond with only one character."
15557.jpg,0,0,0,"Using the combination of image and text, decide if the meme promotes hate or discrimination. Reply ONLY with 1 or 0."
15557.jpg,0,1,1,"Classify this meme: 1 = hateful or offensive toward women, 0 = not hateful. Output only the digit."
15557.jpg,0,0,0,"When interpreting the meme’s image and text jointly, does it demean or stereotype women? Answer 1 if yes, 0 if no."
15161.jpg,0,1,1,"Considering the visual and textual content together, is this offensive or discriminatory? Answer 1 or 0."
15161.jpg,0,0,0,"Evaluate the meme’s image and caption together. If it expresses sexist or hateful content, output 1. If not, output 0."
15161.jpg,0,1,1,"Analyze the meme as a whole (image + text). If it contains misogynistic or sexist stereotypes, output 1. If it does not, output 0. Respond with only one character."
15161.jpg,0,0,0,"Using the combination of image and text, decide if the meme promotes hate or discrimination. Reply ONLY with 1 or 0."
15161.jpg,0,1,1,"Classify this meme: 1 = hateful or offensive toward women, 0 = not hateful. Output only the digit."
15161.jpg,0,0,0,"When interpreting the meme’s image and text jointly, does it demean or stereotype women? Answer 1 if yes, 0 if no."
17023.jpg,1,1,1,"Considering the visual and textual content together, is this offensive or discriminatory? Answer 1 or 0."
17023.jpg,1,1,1,"Evaluate the meme’s image and caption together. If it expresses sexist or hateful content, output 1. If not, output 0."
17023.jpg,1,1,1,"Analyze the meme as a whole (image + text). If it contains misogynistic or sexist stereotypes, output 1. If it does not, output 0. Respond with only one character."
17023.jpg,1,1,1,"Using the combination of image and text, decide if the meme promotes hate or discrimination. Reply ONLY with 1 or 0."
17023.jpg,1,1,1,"Classify this meme: 1 = hateful or offensive toward women, 0 = not hateful. Output only the digit."
17023.jpg,1,1,1,"When interpreting the meme’s image and text jointly, does it demean or stereotype women? Answer 1 if yes, 0 if no."
15222.jpg,0,0,0,"Considering the visual and textual content together, is this offensive or discriminatory? Answer 1 or 0."
15222.jpg,0,0,0,"Evaluate the meme’s image and caption together. If it expresses sexist or hateful content, output 1. If not, output 0."
15222.jpg,0,1,1,"Analyze the meme as a whole (image + text). If it contains misogynistic or sexist stereotypes, output 1. If it does not, output 0. Respond with only one character."
15222.jpg,0,0,0,"Using the combination of image and text, decide if the meme promotes hate or discrimination. Reply ONLY with 1 or 0."
15222.jpg,0,1,1,"Classify this meme: 1 = hateful or offensive toward women, 0 = not hateful. Output only the digit."
15222.jpg,0,0,0,"When interpreting the meme’s image and text jointly, does it demean or stereotype women? Answer 1 if yes, 0 if no."
15090.jpg,0,0,0,"Considering the visual and textual content together, is this offensive or discriminatory? Answer 1 or 0."
15090.jpg,0,1,1,"Evaluate the meme’s image and caption together. If it expresses sexist or hateful content, output 1. If not, output 0."
15090.jpg,0,1,1,"Analyze the meme as a whole (image + text). If it contains misogynistic or sexist stereotypes, output 1. If it does not, output 0. Respond with only one character."
15090.jpg,0,0,0,"Using the combination of image and text, decide if the meme promotes hate or discrimination. Reply ONLY with 1 or 0."
15090.jpg,0,1,1,"Classify this meme: 1 = hateful or offensive toward women, 0 = not hateful. Output only the digit."
15090.jpg,0,0,0,"When interpreting the meme’s image and text jointly, does it demean or stereotype women? Answer 1 if yes, 0 if no."
15854.jpg,1,0,0,"Considering the visual and textual content together, is this offensive or discriminatory? Answer 1 or 0."
15854.jpg,1,0,0,"Evaluate the meme’s image and caption together. If it expresses sexist or hateful content, output 1. If not, output 0."
15854.jpg,1,0,0,"Analyze the meme as a whole (image + text). If it contains misogynistic or sexist stereotypes, output 1. If it does not, output 0. Respond with only one character."
15854.jpg,1,0,0,"Using the combination of image and text, decide if the meme promotes hate or discrimination. Reply ONLY with 1 or 0."
15854.jpg,1,1,1,"Classify this meme: 1 = hateful or offensive toward women, 0 = not hateful. Output only the digit."
15854.jpg,1,0,No,"When interpreting the meme’s image and text jointly, does it demean or stereotype women? Answer 1 if yes, 0 if no."
15483.jpg,1,1,1,"Considering the visual and textual content together, is this offensive or discriminatory? Answer 1 or 0."
15483.jpg,1,1,1,"Evaluate the meme’s image and caption together. If it expresses sexist or hateful content, output 1. If not, output 0."
15483.jpg,1,1,1,"Analyze the meme as a whole (image + text). If it contains misogynistic or sexist stereotypes, output 1. If it does not, output 0. Respond with only one character."
15483.jpg,1,1,1,"Using the combination of image and text, decide if the meme promotes hate or discrimination. Reply ONLY with 1 or 0."
15483.jpg,1,1,1,"Classify this meme: 1 = hateful or offensive toward women, 0 = not hateful. Output only the digit."
15483.jpg,1,0,0,"When interpreting the meme’s image and text jointly, does it demean or stereotype women? Answer 1 if yes, 0 if no."
16131.jpg,1,0,0,"Considering the visual and textual content together, is this offensive or discriminatory? Answer 1 or 0."
16131.jpg,1,0,0,"Evaluate the meme’s image and caption together. If it expresses sexist or hateful content, output 1. If not, output 0."
16131.jpg,1,0,0,"Analyze the meme as a whole (image + text). If it contains misogynistic or sexist stereotypes, output 1. If it does not, output 0. Respond with only one character."
16131.jpg,1,0,0,"Using the combination of image and text, decide if the meme promotes hate or discrimination. Reply ONLY with 1 or 0."
16131.jpg,1,1,1,"Classify this meme: 1 = hateful or offensive toward women, 0 = not hateful. Output only the digit."
16131.jpg,1,0,0,"When interpreting the meme’s image and text jointly, does it demean or stereotype women? Answer 1 if yes, 0 if no."
15333.jpg,1,1,1,"Considering the visual and textual content together, is this offensive or discriminatory? Answer 1 or 0."
15333.jpg,1,1,1,"Evaluate the meme’s image and caption together. If it expresses sexist or hateful content, output 1. If not, output 0."
15333.jpg,1,1,1,"Analyze the meme as a whole (image + text). If it contains misogynistic or sexist stereotypes, output 1. If it does not, output 0. Respond with only one character."
15333.jpg,1,1,1,"Using the combination of image and text, decide if the meme promotes hate or discrimination. Reply ONLY with 1 or 0."
15333.jpg,1,1,1,"Classify this meme: 1 = hateful or offensive toward women, 0 = not hateful. Output only the digit."
15333.jpg,1,0,0,"When interpreting the meme’s image and text jointly, does it demean or stereotype women? Answer 1 if yes, 0 if no."
15159.jpg,1,1,1,"Considering the visual and textual content together, is this offensive or discriminatory? Answer 1 or 0."
15159.jpg,1,1,1,"Evaluate the meme’s image and caption together. If it expresses sexist or hateful content, output 1. If not, output 0."
15159.jpg,1,1,1,"Analyze the meme as a whole (image + text). If it contains misogynistic or sexist stereotypes, output 1. If it does not, output 0. Respond with only one character."
15159.jpg,1,0,0,"Using the combination of image and text, decide if the meme promotes hate or discrimination. Reply ONLY with 1 or 0."
15159.jpg,1,1,1,"Classify this meme: 1 = hateful or offensive toward women, 0 = not hateful. Output only the digit."
15159.jpg,1,0,No,"When interpreting the meme’s image and text jointly, does it demean or stereotype women? Answer 1 if yes, 0 if no."
15770.jpg,1,1,1,"Considering the visual and textual content together, is this offensive or discriminatory? Answer 1 or 0."
15770.jpg,1,1,1,"Evaluate the meme’s image and caption together. If it expresses sexist or hateful content, output 1. If not, output 0."
15770.jpg,1,1,1,"Analyze the meme as a whole (image + text). If it contains misogynistic or sexist stereotypes, output 1. If it does not, output 0. Respond with only one character."
15770.jpg,1,0,0,"Using the combination of image and text, decide if the meme promotes hate or discrimination. Reply ONLY with 1 or 0."
15770.jpg,1,1,1,"Classify this meme: 1 = hateful or offensive toward women, 0 = not hateful. Output only the digit."
15770.jpg,1,0,0,"When interpreting the meme’s image and text jointly, does it demean or stereotype women? Answer 1 if yes, 0 if no."
16076.jpg,1,1,1,"Considering the visual and textual content together, is this offensive or discriminatory? Answer 1 or 0."
16076.jpg,1,0,0,"Evaluate the meme’s image and caption together. If it expresses sexist or hateful content, output 1. If not, output 0."
16076.jpg,1,1,1,"Analyze the meme as a whole (image + text). If it contains misogynistic or sexist stereotypes, output 1. If it does not, output 0. Respond with only one character."
16076.jpg,1,0,0,"Using the combination of image and text, decide if the meme promotes hate or discrimination. Reply ONLY with 1 or 0."
16076.jpg,1,1,1,"Classify this meme: 1 = hateful or offensive toward women, 0 = not hateful. Output only the digit."
16076.jpg,1,0,0,"When interpreting the meme’s image and text jointly, does it demean or stereotype women? Answer 1 if yes, 0 if no."
16290.jpg,0,0,0,"Considering the visual and textual content together, is this offensive or discriminatory? Answer 1 or 0."
16290.jpg,0,1,1,"Evaluate the meme’s image and caption together. If it expresses sexist or hateful content, output 1. If not, output 0."
16290.jpg,0,1,1,"Analyze the meme as a whole (image + text). If it contains misogynistic or sexist stereotypes, output 1. If it does not, output 0. Respond with only one character."
16290.jpg,0,1,1,"Using the combination of image and text, decide if the meme promotes hate or discrimination. Reply ONLY with 1 or 0."
16290.jpg,0,1,1,"Classify this meme: 1 = hateful or offensive toward women, 0 = not hateful. Output only the digit."
16290.jpg,0,0,No,"When interpreting the meme’s image and text jointly, does it demean or stereotype women? Answer 1 if yes, 0 if no."
15651.jpg,0,0,0,"Considering the visual and textual content together, is this offensive or discriminatory? Answer 1 or 0."
15651.jpg,0,1,"The meme's image and caption do not express sexist or hateful content. It is a humorous depiction of the differences between how girls and boys behave in the bathroom. Therefore, the output is 0.","Evaluate the meme’s image and caption together. If it expresses sexist or hateful content, output 1. If not, output 0."
15651.jpg,0,1,1,"Analyze the meme as a whole (image + text). If it contains misogynistic or sexist stereotypes, output 1. If it does not, output 0. Respond with only one character."
15651.jpg,0,0,0,"Using the combination of image and text, decide if the meme promotes hate or discrimination. Reply ONLY with 1 or 0."
15651.jpg,0,1,1,"Classify this meme: 1 = hateful or offensive toward women, 0 = not hateful. Output only the digit."
15651.jpg,0,0,No,"When interpreting the meme’s image and text jointly, does it demean or stereotype women? Answer 1 if yes, 0 if no."
15237.jpg,0,0,0,"Considering the visual and textual content together, is this offensive or discriminatory? Answer 1 or 0."
15237.jpg,0,0,0,"Evaluate the meme’s image and caption together. If it expresses sexist or hateful content, output 1. If not, output 0."
15237.jpg,0,0,0,"Analyze the meme as a whole (image + text). If it contains misogynistic or sexist stereotypes, output 1. If it does not, output 0. Respond with only one character."
15237.jpg,0,0,0,"Using the combination of image and text, decide if the meme promotes hate or discrimination. Reply ONLY with 1 or 0."
15237.jpg,0,1,1,"Classify this meme: 1 = hateful or offensive toward women, 0 = not hateful. Output only the digit."
15237.jpg,0,0,0,"When interpreting the meme’s image and text jointly, does it demean or stereotype women? Answer 1 if yes, 0 if no."
16113.jpg,1,1,1,"Considering the visual and textual content together, is this offensive or discriminatory? Answer 1 or 0."
16113.jpg,1,1,1,"Evaluate the meme’s image and caption together. If it expresses sexist or hateful content, output 1. If not, output 0."
16113.jpg,1,1,1,"Analyze the meme as a whole (image + text). If it contains misogynistic or sexist stereotypes, output 1. If it does not, output 0. Respond with only one character."
16113.jpg,1,1,1,"Using the combination of image and text, decide if the meme promotes hate or discrimination. Reply ONLY with 1 or 0."
16113.jpg,1,1,1,"Classify this meme: 1 = hateful or offensive toward women, 0 = not hateful. Output only the digit."
16113.jpg,1,0,0,"When interpreting the meme’s image and text jointly, does it demean or stereotype women? Answer 1 if yes, 0 if no."
15845.jpg,1,1,1,"Considering the visual and textual content together, is this offensive or discriminatory? Answer 1 or 0."
15845.jpg,1,1,1,"Evaluate the meme’s image and caption together. If it expresses sexist or hateful content, output 1. If not, output 0."
15845.jpg,1,1,1,"Analyze the meme as a whole (image + text). If it contains misogynistic or sexist stereotypes, output 1. If it does not, output 0. Respond with only one character."
15845.jpg,1,0,0,"Using the combination of image and text, decide if the meme promotes hate or discrimination. Reply ONLY with 1 or 0."
15845.jpg,1,1,1,"Classify this meme: 1 = hateful or offensive toward women, 0 = not hateful. Output only the digit."
15845.jpg,1,0,0,"When interpreting the meme’s image and text jointly, does it demean or stereotype women? Answer 1 if yes, 0 if no."
15228.jpg,0,1,1,"Considering the visual and textual content together, is this offensive or discriminatory? Answer 1 or 0."
15228.jpg,0,0,0,"Evaluate the meme’s image and caption together. If it expresses sexist or hateful content, output 1. If not, output 0."
15228.jpg,0,1,1,"Analyze the meme as a whole (image + text). If it contains misogynistic or sexist stereotypes, output 1. If it does not, output 0. Respond with only one character."
15228.jpg,0,0,0,"Using the combination of image and text, decide if the meme promotes hate or discrimination. Reply ONLY with 1 or 0."
15228.jpg,0,1,1,"Classify this meme: 1 = hateful or offensive toward women, 0 = not hateful. Output only the digit."
15228.jpg,0,0,0,"When interpreting the meme’s image and text jointly, does it demean or stereotype women? Answer 1 if yes, 0 if no."
15915.jpg,0,0,0,"Considering the visual and textual content together, is this offensive or discriminatory? Answer 1 or 0."
15915.jpg,0,-1,"The meme's image features a smiling woman sitting in front of a computer, with the caption ""My favorite position? CEO."" This caption is likely intended as a playful joke, suggesting that the woman is proud to be a CEO. The image and","Evaluate the meme’s image and caption together. If it expresses sexist or hateful content, output 1. If not, output 0."
15915.jpg,0,0,0,"Analyze the meme as a whole (image + text). If it contains misogynistic or sexist stereotypes, output 1. If it does not, output 0. Respond with only one character."
15915.jpg,0,0,0,"Using the combination of image and text, decide if the meme promotes hate or discrimination. Reply ONLY with 1 or 0."
15915.jpg,0,1,1,"Classify this meme: 1 = hateful or offensive toward women, 0 = not hateful. Output only the digit."
15915.jpg,0,0,0,"When interpreting the meme’s image and text jointly, does it demean or stereotype women? Answer 1 if yes, 0 if no."
15008.jpg,1,1,1,"Considering the visual and textual content together, is this offensive or discriminatory? Answer 1 or 0."
15008.jpg,1,1,1,"Evaluate the meme’s image and caption together. If it expresses sexist or hateful content, output 1. If not, output 0."
15008.jpg,1,1,1,"Analyze the meme as a whole (image + text). If it contains misogynistic or sexist stereotypes, output 1. If it does not, output 0. Respond with only one character."
15008.jpg,1,0,0,"Using the combination of image and text, decide if the meme promotes hate or discrimination. Reply ONLY with 1 or 0."
15008.jpg,1,1,1,"Classify this meme: 1 = hateful or offensive toward women, 0 = not hateful. Output only the digit."
15008.jpg,1,0,No,"When interpreting the meme’s image and text jointly, does it demean or stereotype women? Answer 1 if yes, 0 if no."
16071.jpg,0,1,1,"Considering the visual and textual content together, is this offensive or discriminatory? Answer 1 or 0."
16071.jpg,0,1,1,"Evaluate the meme’s image and caption together. If it expresses sexist or hateful content, output 1. If not, output 0."
16071.jpg,0,1,1,"Analyze the meme as a whole (image + text). If it contains misogynistic or sexist stereotypes, output 1. If it does not, output 0. Respond with only one character."
16071.jpg,0,0,0,"Using the combination of image and text, decide if the meme promotes hate or discrimination. Reply ONLY with 1 or 0."
16071.jpg,0,1,1,"Classify this meme: 1 = hateful or offensive toward women, 0 = not hateful. Output only the digit."
16071.jpg,0,0,0,"When interpreting the meme’s image and text jointly, does it demean or stereotype women? Answer 1 if yes, 0 if no."
16189.jpg,1,1,1,"Considering the visual and textual content together, is this offensive or discriminatory? Answer 1 or 0."
16189.jpg,1,1,1,"Evaluate the meme’s image and caption together. If it expresses sexist or hateful content, output 1. If not, output 0."
16189.jpg,1,1,1,"Analyze the meme as a whole (image + text). If it contains misogynistic or sexist stereotypes, output 1. If it does not, output 0. Respond with only one character."
16189.jpg,1,1,1,"Using the combination of image and text, decide if the meme promotes hate or discrimination. Reply ONLY with 1 or 0."
16189.jpg,1,1,1,"Classify this meme: 1 = hateful or offensive toward women, 0 = not hateful. Output only the digit."
16189.jpg,1,1,1,"When interpreting the meme’s image and text jointly, does it demean or stereotype women? Answer 1 if yes, 0 if no."
17066.jpg,1,1,1,"Considering the visual and textual content together, is this offensive or discriminatory? Answer 1 or 0."
17066.jpg,1,1,1,"Evaluate the meme’s image and caption together. If it expresses sexist or hateful content, output 1. If not, output 0."
17066.jpg,1,1,1,"Analyze the meme as a whole (image + text). If it contains misogynistic or sexist stereotypes, output 1. If it does not, output 0. Respond with only one character."
17066.jpg,1,1,1,"Using the combination of image and text, decide if the meme promotes hate or discrimination. Reply ONLY with 1 or 0."
17066.jpg,1,1,1,"Classify this meme: 1 = hateful or offensive toward women, 0 = not hateful. Output only the digit."
17066.jpg,1,0,0,"When interpreting the meme’s image and text jointly, does it demean or stereotype women? Answer 1 if yes, 0 if no."
16299.jpg,0,0,0,"Considering the visual and textual content together, is this offensive or discriminatory? Answer 1 or 0."
16299.jpg,0,0,0,"Evaluate the meme’s image and caption together. If it expresses sexist or hateful content, output 1. If not, output 0."
16299.jpg,0,1,1,"Analyze the meme as a whole (image + text). If it contains misogynistic or sexist stereotypes, output 1. If it does not, output 0. Respond with only one character."
16299.jpg,0,0,0,"Using the combination of image and text, decide if the meme promotes hate or discrimination. Reply ONLY with 1 or 0."
16299.jpg,0,1,1,"Classify this meme: 1 = hateful or offensive toward women, 0 = not hateful. Output only the digit."
16299.jpg,0,0,0,"When interpreting the meme’s image and text jointly, does it demean or stereotype women? Answer 1 if yes, 0 if no."
15221.jpg,1,1,1,"Considering the visual and textual content together, is this offensive or discriminatory? Answer 1 or 0."
15221.jpg,1,1,1,"Evaluate the meme’s image and caption together. If it expresses sexist or hateful content, output 1. If not, output 0."
15221.jpg,1,1,1,"Analyze the meme as a whole (image + text). If it contains misogynistic or sexist stereotypes, output 1. If it does not, output 0. Respond with only one character."
15221.jpg,1,0,0,"Using the combination of image and text, decide if the meme promotes hate or discrimination. Reply ONLY with 1 or 0."
15221.jpg,1,1,1,"Classify this meme: 1 = hateful or offensive toward women, 0 = not hateful. Output only the digit."
15221.jpg,1,0,0,"When interpreting the meme’s image and text jointly, does it demean or stereotype women? Answer 1 if yes, 0 if no."
15351.jpg,0,0,0,"Considering the visual and textual content together, is this offensive or discriminatory? Answer 1 or 0."
15351.jpg,0,0,0,"Evaluate the meme’s image and caption together. If it expresses sexist or hateful content, output 1. If not, output 0."
15351.jpg,0,0,0,"Analyze the meme as a whole (image + text). If it contains misogynistic or sexist stereotypes, output 1. If it does not, output 0. Respond with only one character."
15351.jpg,0,0,0,"Using the combination of image and text, decide if the meme promotes hate or discrimination. Reply ONLY with 1 or 0."
15351.jpg,0,1,1,"Classify this meme: 1 = hateful or offensive toward women, 0 = not hateful. Output only the digit."
15351.jpg,0,0,0,"When interpreting the meme’s image and text jointly, does it demean or stereotype women? Answer 1 if yes, 0 if no."
15967.jpg,0,0,0,"Considering the visual and textual content together, is this offensive or discriminatory? Answer 1 or 0."
15967.jpg,0,1,1,"Evaluate the meme’s image and caption together. If it expresses sexist or hateful content, output 1. If not, output 0."
15967.jpg,0,0,0,"Analyze the meme as a whole (image + text). If it contains misogynistic or sexist stereotypes, output 1. If it does not, output 0. Respond with only one character."
15967.jpg,0,0,0,"Using the combination of image and text, decide if the meme promotes hate or discrimination. Reply ONLY with 1 or 0."
15967.jpg,0,1,1,"Classify this meme: 1 = hateful or offensive toward women, 0 = not hateful. Output only the digit."
15967.jpg,0,0,0,"When interpreting the meme’s image and text jointly, does it demean or stereotype women? Answer 1 if yes, 0 if no."
15103.jpg,0,0,0,"Considering the visual and textual content together, is this offensive or discriminatory? Answer 1 or 0."
15103.jpg,0,1,1,"Evaluate the meme’s image and caption together. If it expresses sexist or hateful content, output 1. If not, output 0."
15103.jpg,0,1,1,"Analyze the meme as a whole (image + text). If it contains misogynistic or sexist stereotypes, output 1. If it does not, output 0. Respond with only one character."
15103.jpg,0,0,0,"Using the combination of image and text, decide if the meme promotes hate or discrimination. Reply ONLY with 1 or 0."
15103.jpg,0,1,1,"Classify this meme: 1 = hateful or offensive toward women, 0 = not hateful. Output only the digit."
15103.jpg,0,0,No,"When interpreting the meme’s image and text jointly, does it demean or stereotype women? Answer 1 if yes, 0 if no."
17016.jpg,1,1,1,"Considering the visual and textual content together, is this offensive or discriminatory? Answer 1 or 0."
17016.jpg,1,1,1,"Evaluate the meme’s image and caption together. If it expresses sexist or hateful content, output 1. If not, output 0."
17016.jpg,1,1,1,"Analyze the meme as a whole (image + text). If it contains misogynistic or sexist stereotypes, output 1. If it does not, output 0. Respond with only one character."
17016.jpg,1,1,1,"Using the combination of image and text, decide if the meme promotes hate or discrimination. Reply ONLY with 1 or 0."
17016.jpg,1,1,1,"Classify this meme: 1 = hateful or offensive toward women, 0 = not hateful. Output only the digit."
17016.jpg,1,0,No,"When interpreting the meme’s image and text jointly, does it demean or stereotype women? Answer 1 if yes, 0 if no."
16094.jpg,1,1,1,"Considering the visual and textual content together, is this offensive or discriminatory? Answer 1 or 0."
16094.jpg,1,1,1,"Evaluate the meme’s image and caption together. If it expresses sexist or hateful content, output 1. If not, output 0."
16094.jpg,1,1,1,"Analyze the meme as a whole (image + text). If it contains misogynistic or sexist stereotypes, output 1. If it does not, output 0. Respond with only one character."
16094.jpg,1,1,1,"Using the combination of image and text, decide if the meme promotes hate or discrimination. Reply ONLY with 1 or 0."
16094.jpg,1,1,1,"Classify this meme: 1 = hateful or offensive toward women, 0 = not hateful. Output only the digit."
16094.jpg,1,0,No,"When interpreting the meme’s image and text jointly, does it demean or stereotype women? Answer 1 if yes, 0 if no."
15579.jpg,0,0,0,"Considering the visual and textual content together, is this offensive or discriminatory? Answer 1 or 0."
15579.jpg,0,1,"1. The meme features a man standing in front of a group of women, with the caption ""FRIEND ZONE LEVEL: OVER 9000"". This suggests that the man is in the friend zone with the women, implying that","Evaluate the meme’s image and caption together. If it expresses sexist or hateful content, output 1. If not, output 0."
15579.jpg,0,1,1,"Analyze the meme as a whole (image + text). If it contains misogynistic or sexist stereotypes, output 1. If it does not, output 0. Respond with only one character."
15579.jpg,0,0,0,"Using the combination of image and text, decide if the meme promotes hate or discrimination. Reply ONLY with 1 or 0."
15579.jpg,0,1,1,"Classify this meme: 1 = hateful or offensive toward women, 0 = not hateful. Output only the digit."
15579.jpg,0,0,0,"When interpreting the meme’s image and text jointly, does it demean or stereotype women? Answer 1 if yes, 0 if no."
15873.jpg,1,0,0,"Considering the visual and textual content together, is this offensive or discriminatory? Answer 1 or 0."
15873.jpg,1,0,0,"Evaluate the meme’s image and caption together. If it expresses sexist or hateful content, output 1. If not, output 0."
15873.jpg,1,0,0,"Analyze the meme as a whole (image + text). If it contains misogynistic or sexist stereotypes, output 1. If it does not, output 0. Respond with only one character."
15873.jpg,1,0,0,"Using the combination of image and text, decide if the meme promotes hate or discrimination. Reply ONLY with 1 or 0."
15873.jpg,1,0,0,"Classify this meme: 1 = hateful or offensive toward women, 0 = not hateful. Output only the digit."
15873.jpg,1,0,No,"When interpreting the meme’s image and text jointly, does it demean or stereotype women? Answer 1 if yes, 0 if no."
17079.jpg,1,0,0,"Considering the visual and textual content together, is this offensive or discriminatory? Answer 1 or 0."
17079.jpg,1,1,1,"Evaluate the meme’s image and caption together. If it expresses sexist or hateful content, output 1. If not, output 0."
17079.jpg,1,1,1,"Analyze the meme as a whole (image + text). If it contains misogynistic or sexist stereotypes, output 1. If it does not, output 0. Respond with only one character."
17079.jpg,1,1,1,"Using the combination of image and text, decide if the meme promotes hate or discrimination. Reply ONLY with 1 or 0."
17079.jpg,1,1,1,"Classify this meme: 1 = hateful or offensive toward women, 0 = not hateful. Output only the digit."
17079.jpg,1,0,0,"When interpreting the meme’s image and text jointly, does it demean or stereotype women? Answer 1 if yes, 0 if no."
15558.jpg,0,1,1,"Considering the visual and textual content together, is this offensive or discriminatory? Answer 1 or 0."
15558.jpg,0,0,0,"Evaluate the meme’s image and caption together. If it expresses sexist or hateful content, output 1. If not, output 0."
15558.jpg,0,0,0,"Analyze the meme as a whole (image + text). If it contains misogynistic or sexist stereotypes, output 1. If it does not, output 0. Respond with only one character."
15558.jpg,0,0,0,"Using the combination of image and text, decide if the meme promotes hate or discrimination. Reply ONLY with 1 or 0."
15558.jpg,0,0,0,"Classify this meme: 1 = hateful or offensive toward women, 0 = not hateful. Output only the digit."
15558.jpg,0,0,0,"When interpreting the meme’s image and text jointly, does it demean or stereotype women? Answer 1 if yes, 0 if no."
15745.jpg,0,1,1,"Considering the visual and textual content together, is this offensive or discriminatory? Answer 1 or 0."
15745.jpg,0,0,0,"Evaluate the meme’s image and caption together. If it expresses sexist or hateful content, output 1. If not, output 0."
15745.jpg,0,1,1,"Analyze the meme as a whole (image + text). If it contains misogynistic or sexist stereotypes, output 1. If it does not, output 0. Respond with only one character."
15745.jpg,0,0,0,"Using the combination of image and text, decide if the meme promotes hate or discrimination. Reply ONLY with 1 or 0."
15745.jpg,0,1,1,"Classify this meme: 1 = hateful or offensive toward women, 0 = not hateful. Output only the digit."
15745.jpg,0,0,No,"When interpreting the meme’s image and text jointly, does it demean or stereotype women? Answer 1 if yes, 0 if no."
15020.jpg,0,1,1,"Considering the visual and textual content together, is this offensive or discriminatory? Answer 1 or 0."
15020.jpg,0,0,0,"Evaluate the meme’s image and caption together. If it expresses sexist or hateful content, output 1. If not, output 0."
15020.jpg,0,1,1,"Analyze the meme as a whole (image + text). If it contains misogynistic or sexist stereotypes, output 1. If it does not, output 0. Respond with only one character."
15020.jpg,0,0,0,"Using the combination of image and text, decide if the meme promotes hate or discrimination. Reply ONLY with 1 or 0."
15020.jpg,0,1,1,"Classify this meme: 1 = hateful or offensive toward women, 0 = not hateful. Output only the digit."
15020.jpg,0,0,0,"When interpreting the meme’s image and text jointly, does it demean or stereotype women? Answer 1 if yes, 0 if no."
16339.jpg,0,0,0,"Considering the visual and textual content together, is this offensive or discriminatory? Answer 1 or 0."
16339.jpg,0,0,0,"Evaluate the meme’s image and caption together. If it expresses sexist or hateful content, output 1. If not, output 0."
16339.jpg,0,1,1,"Analyze the meme as a whole (image + text). If it contains misogynistic or sexist stereotypes, output 1. If it does not, output 0. Respond with only one character."
16339.jpg,0,0,0,"Using the combination of image and text, decide if the meme promotes hate or discrimination. Reply ONLY with 1 or 0."
16339.jpg,0,0,0,"Classify this meme: 1 = hateful or offensive toward women, 0 = not hateful. Output only the digit."
16339.jpg,0,0,No,"When interpreting the meme’s image and text jointly, does it demean or stereotype women? Answer 1 if yes, 0 if no."
15890.jpg,0,0,0,"Considering the visual and textual content together, is this offensive or discriminatory? Answer 1 or 0."
15890.jpg,0,0,0,"Evaluate the meme’s image and caption together. If it expresses sexist or hateful content, output 1. If not, output 0."
15890.jpg,0,0,0,"Analyze the meme as a whole (image + text). If it contains misogynistic or sexist stereotypes, output 1. If it does not, output 0. Respond with only one character."
15890.jpg,0,0,0,"Using the combination of image and text, decide if the meme promotes hate or discrimination. Reply ONLY with 1 or 0."
15890.jpg,0,1,1,"Classify this meme: 1 = hateful or offensive toward women, 0 = not hateful. Output only the digit."
15890.jpg,0,0,0,"When interpreting the meme’s image and text jointly, does it demean or stereotype women? Answer 1 if yes, 0 if no."
16303.jpg,1,1,1,"Considering the visual and textual content together, is this offensive or discriminatory? Answer 1 or 0."
16303.jpg,1,1,1,"Evaluate the meme’s image and caption together. If it expresses sexist or hateful content, output 1. If not, output 0."
16303.jpg,1,1,1,"Analyze the meme as a whole (image + text). If it contains misogynistic or sexist stereotypes, output 1. If it does not, output 0. Respond with only one character."
16303.jpg,1,1,1,"Using the combination of image and text, decide if the meme promotes hate or discrimination. Reply ONLY with 1 or 0."
16303.jpg,1,1,1,"Classify this meme: 1 = hateful or offensive toward women, 0 = not hateful. Output only the digit."
16303.jpg,1,0,0,"When interpreting the meme’s image and text jointly, does it demean or stereotype women? Answer 1 if yes, 0 if no."
16240.jpg,1,0,0,"Considering the visual and textual content together, is this offensive or discriminatory? Answer 1 or 0."
16240.jpg,1,1,1,"Evaluate the meme’s image and caption together. If it expresses sexist or hateful content, output 1. If not, output 0."
16240.jpg,1,0,0,"Analyze the meme as a whole (image + text). If it contains misogynistic or sexist stereotypes, output 1. If it does not, output 0. Respond with only one character."
16240.jpg,1,0,0,"Using the combination of image and text, decide if the meme promotes hate or discrimination. Reply ONLY with 1 or 0."
16240.jpg,1,0,0,"Classify this meme: 1 = hateful or offensive toward women, 0 = not hateful. Output only the digit."
16240.jpg,1,0,No,"When interpreting the meme’s image and text jointly, does it demean or stereotype women? Answer 1 if yes, 0 if no."
15539.jpg,0,1,1,"Considering the visual and textual content together, is this offensive or discriminatory? Answer 1 or 0."
15539.jpg,0,1,1,"Evaluate the meme’s image and caption together. If it expresses sexist or hateful content, output 1. If not, output 0."
15539.jpg,0,1,1,"Analyze the meme as a whole (image + text). If it contains misogynistic or sexist stereotypes, output 1. If it does not, output 0. Respond with only one character."
15539.jpg,0,0,0,"Using the combination of image and text, decide if the meme promotes hate or discrimination. Reply ONLY with 1 or 0."
15539.jpg,0,1,1,"Classify this meme: 1 = hateful or offensive toward women, 0 = not hateful. Output only the digit."
15539.jpg,0,0,0,"When interpreting the meme’s image and text jointly, does it demean or stereotype women? Answer 1 if yes, 0 if no."
17007.jpg,1,0,0,"Considering the visual and textual content together, is this offensive or discriminatory? Answer 1 or 0."
17007.jpg,1,0,0,"Evaluate the meme’s image and caption together. If it expresses sexist or hateful content, output 1. If not, output 0."
17007.jpg,1,0,0,"Analyze the meme as a whole (image + text). If it contains misogynistic or sexist stereotypes, output 1. If it does not, output 0. Respond with only one character."
17007.jpg,1,0,0,"Using the combination of image and text, decide if the meme promotes hate or discrimination. Reply ONLY with 1 or 0."
17007.jpg,1,1,1,"Classify this meme: 1 = hateful or offensive toward women, 0 = not hateful. Output only the digit."
17007.jpg,1,0,No,"When interpreting the meme’s image and text jointly, does it demean or stereotype women? Answer 1 if yes, 0 if no."
17030.jpg,1,0,0,"Considering the visual and textual content together, is this offensive or discriminatory? Answer 1 or 0."
17030.jpg,1,0,0,"Evaluate the meme’s image and caption together. If it expresses sexist or hateful content, output 1. If not, output 0."
17030.jpg,1,1,1,"Analyze the meme as a whole (image + text). If it contains misogynistic or sexist stereotypes, output 1. If it does not, output 0. Respond with only one character."
17030.jpg,1,0,0,"Using the combination of image and text, decide if the meme promotes hate or discrimination. Reply ONLY with 1 or 0."
17030.jpg,1,1,1,"Classify this meme: 1 = hateful or offensive toward women, 0 = not hateful. Output only the digit."
17030.jpg,1,0,0,"When interpreting the meme’s image and text jointly, does it demean or stereotype women? Answer 1 if yes, 0 if no."
15642.jpg,1,0,0,"Considering the visual and textual content together, is this offensive or discriminatory? Answer 1 or 0."
15642.jpg,1,1,1,"Evaluate the meme’s image and caption together. If it expresses sexist or hateful content, output 1. If not, output 0."
15642.jpg,1,1,1,"Analyze the meme as a whole (image + text). If it contains misogynistic or sexist stereotypes, output 1. If it does not, output 0. Respond with only one character."
15642.jpg,1,0,0,"Using the combination of image and text, decide if the meme promotes hate or discrimination. Reply ONLY with 1 or 0."
15642.jpg,1,1,1,"Classify this meme: 1 = hateful or offensive toward women, 0 = not hateful. Output only the digit."
15642.jpg,1,0,No,"When interpreting the meme’s image and text jointly, does it demean or stereotype women? Answer 1 if yes, 0 if no."
15685.jpg,1,1,1,"Considering the visual and textual content together, is this offensive or discriminatory? Answer 1 or 0."
15685.jpg,1,1,1,"Evaluate the meme’s image and caption together. If it expresses sexist or hateful content, output 1. If not, output 0."
15685.jpg,1,1,1,"Analyze the meme as a whole (image + text). If it contains misogynistic or sexist stereotypes, output 1. If it does not, output 0. Respond with only one character."
15685.jpg,1,1,1,"Using the combination of image and text, decide if the meme promotes hate or discrimination. Reply ONLY with 1 or 0."
15685.jpg,1,1,1,"Classify this meme: 1 = hateful or offensive toward women, 0 = not hateful. Output only the digit."
15685.jpg,1,0,No,"When interpreting the meme’s image and text jointly, does it demean or stereotype women? Answer 1 if yes, 0 if no."
16181.jpg,0,1,1,"Considering the visual and textual content together, is this offensive or discriminatory? Answer 1 or 0."
16181.jpg,0,1,1,"Evaluate the meme’s image and caption together. If it expresses sexist or hateful content, output 1. If not, output 0."
16181.jpg,0,1,1,"Analyze the meme as a whole (image + text). If it contains misogynistic or sexist stereotypes, output 1. If it does not, output 0. Respond with only one character."
16181.jpg,0,1,1,"Using the combination of image and text, decide if the meme promotes hate or discrimination. Reply ONLY with 1 or 0."
16181.jpg,0,1,1,"Classify this meme: 1 = hateful or offensive toward women, 0 = not hateful. Output only the digit."
16181.jpg,0,0,0,"When interpreting the meme’s image and text jointly, does it demean or stereotype women? Answer 1 if yes, 0 if no."
16324.jpg,1,1,1,"Considering the visual and textual content together, is this offensive or discriminatory? Answer 1 or 0."
16324.jpg,1,1,1,"Evaluate the meme’s image and caption together. If it expresses sexist or hateful content, output 1. If not, output 0."
16324.jpg,1,1,1,"Analyze the meme as a whole (image + text). If it contains misogynistic or sexist stereotypes, output 1. If it does not, output 0. Respond with only one character."
16324.jpg,1,1,1,"Using the combination of image and text, decide if the meme promotes hate or discrimination. Reply ONLY with 1 or 0."
16324.jpg,1,1,1,"Classify this meme: 1 = hateful or offensive toward women, 0 = not hateful. Output only the digit."
16324.jpg,1,0,0,"When interpreting the meme’s image and text jointly, does it demean or stereotype women? Answer 1 if yes, 0 if no."
16109.jpg,1,1,1,"Considering the visual and textual content together, is this offensive or discriminatory? Answer 1 or 0."
16109.jpg,1,1,1,"Evaluate the meme’s image and caption together. If it expresses sexist or hateful content, output 1. If not, output 0."
16109.jpg,1,1,1,"Analyze the meme as a whole (image + text). If it contains misogynistic or sexist stereotypes, output 1. If it does not, output 0. Respond with only one character."
16109.jpg,1,0,0,"Using the combination of image and text, decide if the meme promotes hate or discrimination. Reply ONLY with 1 or 0."
16109.jpg,1,1,1,"Classify this meme: 1 = hateful or offensive toward women, 0 = not hateful. Output only the digit."
16109.jpg,1,0,0,"When interpreting the meme’s image and text jointly, does it demean or stereotype women? Answer 1 if yes, 0 if no."
15768.jpg,1,1,1,"Considering the visual and textual content together, is this offensive or discriminatory? Answer 1 or 0."
15768.jpg,1,1,"The meme's image and caption do not express sexist or hateful content. Therefore, the output is 0.","Evaluate the meme’s image and caption together. If it expresses sexist or hateful content, output 1. If not, output 0."
15768.jpg,1,1,1,"Analyze the meme as a whole (image + text). If it contains misogynistic or sexist stereotypes, output 1. If it does not, output 0. Respond with only one character."
15768.jpg,1,0,0,"Using the combination of image and text, decide if the meme promotes hate or discrimination. Reply ONLY with 1 or 0."
15768.jpg,1,1,1,"Classify this meme: 1 = hateful or offensive toward women, 0 = not hateful. Output only the digit."
15768.jpg,1,0,0,"When interpreting the meme’s image and text jointly, does it demean or stereotype women? Answer 1 if yes, 0 if no."
15614.jpg,0,1,1,"Considering the visual and textual content together, is this offensive or discriminatory? Answer 1 or 0."
15614.jpg,0,1,1,"Evaluate the meme’s image and caption together. If it expresses sexist or hateful content, output 1. If not, output 0."
15614.jpg,0,1,1,"Analyze the meme as a whole (image + text). If it contains misogynistic or sexist stereotypes, output 1. If it does not, output 0. Respond with only one character."
15614.jpg,0,1,1,"Using the combination of image and text, decide if the meme promotes hate or discrimination. Reply ONLY with 1 or 0."
15614.jpg,0,1,1,"Classify this meme: 1 = hateful or offensive toward women, 0 = not hateful. Output only the digit."
15614.jpg,0,0,0,"When interpreting the meme’s image and text jointly, does it demean or stereotype women? Answer 1 if yes, 0 if no."
15897.jpg,1,1,1,"Considering the visual and textual content together, is this offensive or discriminatory? Answer 1 or 0."
15897.jpg,1,1,1,"Evaluate the meme’s image and caption together. If it expresses sexist or hateful content, output 1. If not, output 0."
15897.jpg,1,1,1,"Analyze the meme as a whole (image + text). If it contains misogynistic or sexist stereotypes, output 1. If it does not, output 0. Respond with only one character."
15897.jpg,1,0,0,"Using the combination of image and text, decide if the meme promotes hate or discrimination. Reply ONLY with 1 or 0."
15897.jpg,1,1,1,"Classify this meme: 1 = hateful or offensive toward women, 0 = not hateful. Output only the digit."
15897.jpg,1,0,0,"When interpreting the meme’s image and text jointly, does it demean or stereotype women? Answer 1 if yes, 0 if no."
15157.jpg,0,0,0,"Considering the visual and textual content together, is this offensive or discriminatory? Answer 1 or 0."
15157.jpg,0,0,0,"Evaluate the meme’s image and caption together. If it expresses sexist or hateful content, output 1. If not, output 0."
15157.jpg,0,1,1,"Analyze the meme as a whole (image + text). If it contains misogynistic or sexist stereotypes, output 1. If it does not, output 0. Respond with only one character."
15157.jpg,0,0,0,"Using the combination of image and text, decide if the meme promotes hate or discrimination. Reply ONLY with 1 or 0."
15157.jpg,0,1,1,"Classify this meme: 1 = hateful or offensive toward women, 0 = not hateful. Output only the digit."
15157.jpg,0,0,0,"When interpreting the meme’s image and text jointly, does it demean or stereotype women? Answer 1 if yes, 0 if no."
16058.jpg,1,1,1,"Considering the visual and textual content together, is this offensive or discriminatory? Answer 1 or 0."
16058.jpg,1,1,1,"Evaluate the meme’s image and caption together. If it expresses sexist or hateful content, output 1. If not, output 0."
16058.jpg,1,1,1,"Analyze the meme as a whole (image + text). If it contains misogynistic or sexist stereotypes, output 1. If it does not, output 0. Respond with only one character."
16058.jpg,1,0,0,"Using the combination of image and text, decide if the meme promotes hate or discrimination. Reply ONLY with 1 or 0."
16058.jpg,1,1,1,"Classify this meme: 1 = hateful or offensive toward women, 0 = not hateful. Output only the digit."
16058.jpg,1,0,No,"When interpreting the meme’s image and text jointly, does it demean or stereotype women? Answer 1 if yes, 0 if no."
15713.jpg,0,0,0,"Considering the visual and textual content together, is this offensive or discriminatory? Answer 1 or 0."
15713.jpg,0,1,1,"Evaluate the meme’s image and caption together. If it expresses sexist or hateful content, output 1. If not, output 0."
15713.jpg,0,1,1,"Analyze the meme as a whole (image + text). If it contains misogynistic or sexist stereotypes, output 1. If it does not, output 0. Respond with only one character."
15713.jpg,0,1,1,"Using the combination of image and text, decide if the meme promotes hate or discrimination. Reply ONLY with 1 or 0."
15713.jpg,0,1,1,"Classify this meme: 1 = hateful or offensive toward women, 0 = not hateful. Output only the digit."
15713.jpg,0,0,0,"When interpreting the meme’s image and text jointly, does it demean or stereotype women? Answer 1 if yes, 0 if no."
15606.jpg,1,0,0,"Considering the visual and textual content together, is this offensive or discriminatory? Answer 1 or 0."
15606.jpg,1,1,1,"Evaluate the meme’s image and caption together. If it expresses sexist or hateful content, output 1. If not, output 0."
15606.jpg,1,1,1,"Analyze the meme as a whole (image + text). If it contains misogynistic or sexist stereotypes, output 1. If it does not, output 0. Respond with only one character."
15606.jpg,1,1,1,"Using the combination of image and text, decide if the meme promotes hate or discrimination. Reply ONLY with 1 or 0."
15606.jpg,1,1,1,"Classify this meme: 1 = hateful or offensive toward women, 0 = not hateful. Output only the digit."
15606.jpg,1,0,0,"When interpreting the meme’s image and text jointly, does it demean or stereotype women? Answer 1 if yes, 0 if no."
15652.jpg,0,0,0,"Considering the visual and textual content together, is this offensive or discriminatory? Answer 1 or 0."
15652.jpg,0,1,1,"Evaluate the meme’s image and caption together. If it expresses sexist or hateful content, output 1. If not, output 0."
15652.jpg,0,1,1,"Analyze the meme as a whole (image + text). If it contains misogynistic or sexist stereotypes, output 1. If it does not, output 0. Respond with only one character."
15652.jpg,0,1,1,"Using the combination of image and text, decide if the meme promotes hate or discrimination. Reply ONLY with 1 or 0."
15652.jpg,0,1,1,"Classify this meme: 1 = hateful or offensive toward women, 0 = not hateful. Output only the digit."
15652.jpg,0,0,0,"When interpreting the meme’s image and text jointly, does it demean or stereotype women? Answer 1 if yes, 0 if no."
16261.jpg,1,1,1,"Considering the visual and textual content together, is this offensive or discriminatory? Answer 1 or 0."
16261.jpg,1,1,1,"Evaluate the meme’s image and caption together. If it expresses sexist or hateful content, output 1. If not, output 0."
16261.jpg,1,1,1,"Analyze the meme as a whole (image + text). If it contains misogynistic or sexist stereotypes, output 1. If it does not, output 0. Respond with only one character."
16261.jpg,1,0,0,"Using the combination of image and text, decide if the meme promotes hate or discrimination. Reply ONLY with 1 or 0."
16261.jpg,1,1,1,"Classify this meme: 1 = hateful or offensive toward women, 0 = not hateful. Output only the digit."
16261.jpg,1,0,No,"When interpreting the meme’s image and text jointly, does it demean or stereotype women? Answer 1 if yes, 0 if no."
15241.jpg,0,0,0,"Considering the visual and textual content together, is this offensive or discriminatory? Answer 1 or 0."
15241.jpg,0,0,0,"Evaluate the meme’s image and caption together. If it expresses sexist or hateful content, output 1. If not, output 0."
15241.jpg,0,1,1,"Analyze the meme as a whole (image + text). If it contains misogynistic or sexist stereotypes, output 1. If it does not, output 0. Respond with only one character."
15241.jpg,0,0,0,"Using the combination of image and text, decide if the meme promotes hate or discrimination. Reply ONLY with 1 or 0."
15241.jpg,0,1,1,"Classify this meme: 1 = hateful or offensive toward women, 0 = not hateful. Output only the digit."
15241.jpg,0,0,0,"When interpreting the meme’s image and text jointly, does it demean or stereotype women? Answer 1 if yes, 0 if no."
15195.jpg,0,0,0,"Considering the visual and textual content together, is this offensive or discriminatory? Answer 1 or 0."
15195.jpg,0,0,0,"Evaluate the meme’s image and caption together. If it expresses sexist or hateful content, output 1. If not, output 0."
15195.jpg,0,1,1,"Analyze the meme as a whole (image + text). If it contains misogynistic or sexist stereotypes, output 1. If it does not, output 0. Respond with only one character."
15195.jpg,0,0,0,"Using the combination of image and text, decide if the meme promotes hate or discrimination. Reply ONLY with 1 or 0."
15195.jpg,0,0,0,"Classify this meme: 1 = hateful or offensive toward women, 0 = not hateful. Output only the digit."
15195.jpg,0,0,0,"When interpreting the meme’s image and text jointly, does it demean or stereotype women? Answer 1 if yes, 0 if no."
16038.jpg,1,1,1,"Considering the visual and textual content together, is this offensive or discriminatory? Answer 1 or 0."
16038.jpg,1,0,0,"Evaluate the meme’s image and caption together. If it expresses sexist or hateful content, output 1. If not, output 0."
16038.jpg,1,1,1,"Analyze the meme as a whole (image + text). If it contains misogynistic or sexist stereotypes, output 1. If it does not, output 0. Respond with only one character."
16038.jpg,1,1,1,"Using the combination of image and text, decide if the meme promotes hate or discrimination. Reply ONLY with 1 or 0."
16038.jpg,1,1,1,"Classify this meme: 1 = hateful or offensive toward women, 0 = not hateful. Output only the digit."
16038.jpg,1,0,0,"When interpreting the meme’s image and text jointly, does it demean or stereotype women? Answer 1 if yes, 0 if no."
15419.jpg,0,0,0,"Considering the visual and textual content together, is this offensive or discriminatory? Answer 1 or 0."
15419.jpg,0,0,0,"Evaluate the meme’s image and caption together. If it expresses sexist or hateful content, output 1. If not, output 0."
15419.jpg,0,1,1,"Analyze the meme as a whole (image + text). If it contains misogynistic or sexist stereotypes, output 1. If it does not, output 0. Respond with only one character."
15419.jpg,0,0,0,"Using the combination of image and text, decide if the meme promotes hate or discrimination. Reply ONLY with 1 or 0."
15419.jpg,0,0,0,"Classify this meme: 1 = hateful or offensive toward women, 0 = not hateful. Output only the digit."
15419.jpg,0,0,No,"When interpreting the meme’s image and text jointly, does it demean or stereotype women? Answer 1 if yes, 0 if no."
16237.jpg,0,0,0,"Considering the visual and textual content together, is this offensive or discriminatory? Answer 1 or 0."
16237.jpg,0,0,0,"Evaluate the meme’s image and caption together. If it expresses sexist or hateful content, output 1. If not, output 0."
16237.jpg,0,1,1,"Analyze the meme as a whole (image + text). If it contains misogynistic or sexist stereotypes, output 1. If it does not, output 0. Respond with only one character."
16237.jpg,0,0,0,"Using the combination of image and text, decide if the meme promotes hate or discrimination. Reply ONLY with 1 or 0."
16237.jpg,0,0,0,"Classify this meme: 1 = hateful or offensive toward women, 0 = not hateful. Output only the digit."
16237.jpg,0,0,0,"When interpreting the meme’s image and text jointly, does it demean or stereotype women? Answer 1 if yes, 0 if no."
15612.jpg,0,0,0,"Considering the visual and textual content together, is this offensive or discriminatory? Answer 1 or 0."
15612.jpg,0,0,0,"Evaluate the meme’s image and caption together. If it expresses sexist or hateful content, output 1. If not, output 0."
15612.jpg,0,0,0,"Analyze the meme as a whole (image + text). If it contains misogynistic or sexist stereotypes, output 1. If it does not, output 0. Respond with only one character."
15612.jpg,0,0,0,"Using the combination of image and text, decide if the meme promotes hate or discrimination. Reply ONLY with 1 or 0."
15612.jpg,0,0,0,"Classify this meme: 1 = hateful or offensive toward women, 0 = not hateful. Output only the digit."
15612.jpg,0,0,0,"When interpreting the meme’s image and text jointly, does it demean or stereotype women? Answer 1 if yes, 0 if no."
15840.jpg,1,1,1,"Considering the visual and textual content together, is this offensive or discriminatory? Answer 1 or 0."
15840.jpg,1,1,1,"Evaluate the meme’s image and caption together. If it expresses sexist or hateful content, output 1. If not, output 0."
15840.jpg,1,1,1,"Analyze the meme as a whole (image + text). If it contains misogynistic or sexist stereotypes, output 1. If it does not, output 0. Respond with only one character."
15840.jpg,1,0,0,"Using the combination of image and text, decide if the meme promotes hate or discrimination. Reply ONLY with 1 or 0."
15840.jpg,1,1,1,"Classify this meme: 1 = hateful or offensive toward women, 0 = not hateful. Output only the digit."
15840.jpg,1,0,0,"When interpreting the meme’s image and text jointly, does it demean or stereotype women? Answer 1 if yes, 0 if no."
16046.jpg,1,1,1,"Considering the visual and textual content together, is this offensive or discriminatory? Answer 1 or 0."
16046.jpg,1,0,0,"Evaluate the meme’s image and caption together. If it expresses sexist or hateful content, output 1. If not, output 0."
16046.jpg,1,1,1,"Analyze the meme as a whole (image + text). If it contains misogynistic or sexist stereotypes, output 1. If it does not, output 0. Respond with only one character."
16046.jpg,1,1,1,"Using the combination of image and text, decide if the meme promotes hate or discrimination. Reply ONLY with 1 or 0."
16046.jpg,1,1,1,"Classify this meme: 1 = hateful or offensive toward women, 0 = not hateful. Output only the digit."
16046.jpg,1,0,No,"When interpreting the meme’s image and text jointly, does it demean or stereotype women? Answer 1 if yes, 0 if no."
15525.jpg,0,0,0,"Considering the visual and textual content together, is this offensive or discriminatory? Answer 1 or 0."
15525.jpg,0,1,1,"Evaluate the meme’s image and caption together. If it expresses sexist or hateful content, output 1. If not, output 0."
15525.jpg,0,1,1,"Analyze the meme as a whole (image + text). If it contains misogynistic or sexist stereotypes, output 1. If it does not, output 0. Respond with only one character."
15525.jpg,0,0,0,"Using the combination of image and text, decide if the meme promotes hate or discrimination. Reply ONLY with 1 or 0."
15525.jpg,0,0,0,"Classify this meme: 1 = hateful or offensive toward women, 0 = not hateful. Output only the digit."
15525.jpg,0,0,0,"When interpreting the meme’s image and text jointly, does it demean or stereotype women? Answer 1 if yes, 0 if no."
15627.jpg,1,1,1,"Considering the visual and textual content together, is this offensive or discriminatory? Answer 1 or 0."
15627.jpg,1,0,0,"Evaluate the meme’s image and caption together. If it expresses sexist or hateful content, output 1. If not, output 0."
15627.jpg,1,0,0,"Analyze the meme as a whole (image + text). If it contains misogynistic or sexist stereotypes, output 1. If it does not, output 0. Respond with only one character."
15627.jpg,1,0,0,"Using the combination of image and text, decide if the meme promotes hate or discrimination. Reply ONLY with 1 or 0."
15627.jpg,1,1,1,"Classify this meme: 1 = hateful or offensive toward women, 0 = not hateful. Output only the digit."
15627.jpg,1,0,No,"When interpreting the meme’s image and text jointly, does it demean or stereotype women? Answer 1 if yes, 0 if no."
16053.jpg,0,0,0,"Considering the visual and textual content together, is this offensive or discriminatory? Answer 1 or 0."
16053.jpg,0,0,0,"Evaluate the meme’s image and caption together. If it expresses sexist or hateful content, output 1. If not, output 0."
16053.jpg,0,1,1,"Analyze the meme as a whole (image + text). If it contains misogynistic or sexist stereotypes, output 1. If it does not, output 0. Respond with only one character."
16053.jpg,0,0,0,"Using the combination of image and text, decide if the meme promotes hate or discrimination. Reply ONLY with 1 or 0."
16053.jpg,0,1,1,"Classify this meme: 1 = hateful or offensive toward women, 0 = not hateful. Output only the digit."
16053.jpg,0,0,0,"When interpreting the meme’s image and text jointly, does it demean or stereotype women? Answer 1 if yes, 0 if no."
16222.jpg,1,1,1,"Considering the visual and textual content together, is this offensive or discriminatory? Answer 1 or 0."
16222.jpg,1,1,"1. The meme features an image of a woman with the words ""REALLY BIG"" written across the bottom, and the woman is bending over with her hands on her hips. The caption is not explicitly sexist or hateful, but it does object","Evaluate the meme’s image and caption together. If it expresses sexist or hateful content, output 1. If not, output 0."
16222.jpg,1,1,1,"Analyze the meme as a whole (image + text). If it contains misogynistic or sexist stereotypes, output 1. If it does not, output 0. Respond with only one character."
16222.jpg,1,0,0,"Using the combination of image and text, decide if the meme promotes hate or discrimination. Reply ONLY with 1 or 0."
16222.jpg,1,1,1,"Classify this meme: 1 = hateful or offensive toward women, 0 = not hateful. Output only the digit."
16222.jpg,1,0,0,"When interpreting the meme’s image and text jointly, does it demean or stereotype women? Answer 1 if yes, 0 if no."
15230.jpg,0,0,0,"Considering the visual and textual content together, is this offensive or discriminatory? Answer 1 or 0."
15230.jpg,0,1,1,"Evaluate the meme’s image and caption together. If it expresses sexist or hateful content, output 1. If not, output 0."
15230.jpg,0,1,1,"Analyze the meme as a whole (image + text). If it contains misogynistic or sexist stereotypes, output 1. If it does not, output 0. Respond with only one character."
15230.jpg,0,0,0,"Using the combination of image and text, decide if the meme promotes hate or discrimination. Reply ONLY with 1 or 0."
15230.jpg,0,1,1,"Classify this meme: 1 = hateful or offensive toward women, 0 = not hateful. Output only the digit."
15230.jpg,0,0,No,"When interpreting the meme’s image and text jointly, does it demean or stereotype women? Answer 1 if yes, 0 if no."
16108.jpg,1,1,1,"Considering the visual and textual content together, is this offensive or discriminatory? Answer 1 or 0."
16108.jpg,1,0,0,"Evaluate the meme’s image and caption together. If it expresses sexist or hateful content, output 1. If not, output 0."
16108.jpg,1,1,1,"Analyze the meme as a whole (image + text). If it contains misogynistic or sexist stereotypes, output 1. If it does not, output 0. Respond with only one character."
16108.jpg,1,0,0,"Using the combination of image and text, decide if the meme promotes hate or discrimination. Reply ONLY with 1 or 0."
16108.jpg,1,1,1,"Classify this meme: 1 = hateful or offensive toward women, 0 = not hateful. Output only the digit."
16108.jpg,1,0,0,"When interpreting the meme’s image and text jointly, does it demean or stereotype women? Answer 1 if yes, 0 if no."
15946.jpg,0,0,0,"Considering the visual and textual content together, is this offensive or discriminatory? Answer 1 or 0."
15946.jpg,0,1,1,"Evaluate the meme’s image and caption together. If it expresses sexist or hateful content, output 1. If not, output 0."
15946.jpg,0,1,1,"Analyze the meme as a whole (image + text). If it contains misogynistic or sexist stereotypes, output 1. If it does not, output 0. Respond with only one character."
15946.jpg,0,0,0,"Using the combination of image and text, decide if the meme promotes hate or discrimination. Reply ONLY with 1 or 0."
15946.jpg,0,1,1,"Classify this meme: 1 = hateful or offensive toward women, 0 = not hateful. Output only the digit."
15946.jpg,0,0,0,"When interpreting the meme’s image and text jointly, does it demean or stereotype women? Answer 1 if yes, 0 if no."
16017.jpg,1,1,1,"Considering the visual and textual content together, is this offensive or discriminatory? Answer 1 or 0."
16017.jpg,1,1,1,"Evaluate the meme’s image and caption together. If it expresses sexist or hateful content, output 1. If not, output 0."
16017.jpg,1,1,1,"Analyze the meme as a whole (image + text). If it contains misogynistic or sexist stereotypes, output 1. If it does not, output 0. Respond with only one character."
16017.jpg,1,1,1,"Using the combination of image and text, decide if the meme promotes hate or discrimination. Reply ONLY with 1 or 0."
16017.jpg,1,1,1,"Classify this meme: 1 = hateful or offensive toward women, 0 = not hateful. Output only the digit."
16017.jpg,1,0,No,"When interpreting the meme’s image and text jointly, does it demean or stereotype women? Answer 1 if yes, 0 if no."
15566.jpg,0,0,0,"Considering the visual and textual content together, is this offensive or discriminatory? Answer 1 or 0."
15566.jpg,0,1,"The meme's image features a woman in a business suit with her hand under her chin, and the caption reads ""Be a woman with power & success."" This image and caption do not express any sexist or hateful content. Therefore, the output is","Evaluate the meme’s image and caption together. If it expresses sexist or hateful content, output 1. If not, output 0."
15566.jpg,0,1,1,"Analyze the meme as a whole (image + text). If it contains misogynistic or sexist stereotypes, output 1. If it does not, output 0. Respond with only one character."
15566.jpg,0,0,0,"Using the combination of image and text, decide if the meme promotes hate or discrimination. Reply ONLY with 1 or 0."
15566.jpg,0,1,1,"Classify this meme: 1 = hateful or offensive toward women, 0 = not hateful. Output only the digit."
15566.jpg,0,0,No.,"When interpreting the meme’s image and text jointly, does it demean or stereotype women? Answer 1 if yes, 0 if no."
15104.jpg,0,1,1,"Considering the visual and textual content together, is this offensive or discriminatory? Answer 1 or 0."
15104.jpg,0,0,0,"Evaluate the meme’s image and caption together. If it expresses sexist or hateful content, output 1. If not, output 0."
15104.jpg,0,1,1,"Analyze the meme as a whole (image + text). If it contains misogynistic or sexist stereotypes, output 1. If it does not, output 0. Respond with only one character."
15104.jpg,0,0,0,"Using the combination of image and text, decide if the meme promotes hate or discrimination. Reply ONLY with 1 or 0."
15104.jpg,0,1,1,"Classify this meme: 1 = hateful or offensive toward women, 0 = not hateful. Output only the digit."
15104.jpg,0,0,No,"When interpreting the meme’s image and text jointly, does it demean or stereotype women? Answer 1 if yes, 0 if no."
15664.jpg,0,0,0,"Considering the visual and textual content together, is this offensive or discriminatory? Answer 1 or 0."
15664.jpg,0,0,0,"Evaluate the meme’s image and caption together. If it expresses sexist or hateful content, output 1. If not, output 0."
15664.jpg,0,0,0,"Analyze the meme as a whole (image + text). If it contains misogynistic or sexist stereotypes, output 1. If it does not, output 0. Respond with only one character."
15664.jpg,0,0,0,"Using the combination of image and text, decide if the meme promotes hate or discrimination. Reply ONLY with 1 or 0."
15664.jpg,0,1,1,"Classify this meme: 1 = hateful or offensive toward women, 0 = not hateful. Output only the digit."
15664.jpg,0,0,0,"When interpreting the meme’s image and text jointly, does it demean or stereotype women? Answer 1 if yes, 0 if no."
15216.jpg,0,0,0,"Considering the visual and textual content together, is this offensive or discriminatory? Answer 1 or 0."
15216.jpg,0,0,0,"Evaluate the meme’s image and caption together. If it expresses sexist or hateful content, output 1. If not, output 0."
15216.jpg,0,1,1,"Analyze the meme as a whole (image + text). If it contains misogynistic or sexist stereotypes, output 1. If it does not, output 0. Respond with only one character."
15216.jpg,0,0,0,"Using the combination of image and text, decide if the meme promotes hate or discrimination. Reply ONLY with 1 or 0."
15216.jpg,0,1,1,"Classify this meme: 1 = hateful or offensive toward women, 0 = not hateful. Output only the digit."
15216.jpg,0,0,No,"When interpreting the meme’s image and text jointly, does it demean or stereotype women? Answer 1 if yes, 0 if no."
15142.jpg,1,0,0,"Considering the visual and textual content together, is this offensive or discriminatory? Answer 1 or 0."
15142.jpg,1,1,1,"Evaluate the meme’s image and caption together. If it expresses sexist or hateful content, output 1. If not, output 0."
15142.jpg,1,1,1,"Analyze the meme as a whole (image + text). If it contains misogynistic or sexist stereotypes, output 1. If it does not, output 0. Respond with only one character."
15142.jpg,1,1,1,"Using the combination of image and text, decide if the meme promotes hate or discrimination. Reply ONLY with 1 or 0."
15142.jpg,1,1,1,"Classify this meme: 1 = hateful or offensive toward women, 0 = not hateful. Output only the digit."
15142.jpg,1,0,0,"When interpreting the meme’s image and text jointly, does it demean or stereotype women? Answer 1 if yes, 0 if no."
15755.jpg,1,1,1,"Considering the visual and textual content together, is this offensive or discriminatory? Answer 1 or 0."
15755.jpg,1,1,1,"Evaluate the meme’s image and caption together. If it expresses sexist or hateful content, output 1. If not, output 0."
15755.jpg,1,1,1,"Analyze the meme as a whole (image + text). If it contains misogynistic or sexist stereotypes, output 1. If it does not, output 0. Respond with only one character."
15755.jpg,1,1,1,"Using the combination of image and text, decide if the meme promotes hate or discrimination. Reply ONLY with 1 or 0."
15755.jpg,1,1,1,"Classify this meme: 1 = hateful or offensive toward women, 0 = not hateful. Output only the digit."
15755.jpg,1,0,0,"When interpreting the meme’s image and text jointly, does it demean or stereotype women? Answer 1 if yes, 0 if no."
15598.jpg,1,1,1,"Considering the visual and textual content together, is this offensive or discriminatory? Answer 1 or 0."
15598.jpg,1,1,1,"Evaluate the meme’s image and caption together. If it expresses sexist or hateful content, output 1. If not, output 0."
15598.jpg,1,1,1,"Analyze the meme as a whole (image + text). If it contains misogynistic or sexist stereotypes, output 1. If it does not, output 0. Respond with only one character."
15598.jpg,1,0,0,"Using the combination of image and text, decide if the meme promotes hate or discrimination. Reply ONLY with 1 or 0."
15598.jpg,1,1,1,"Classify this meme: 1 = hateful or offensive toward women, 0 = not hateful. Output only the digit."
15598.jpg,1,0,0,"When interpreting the meme’s image and text jointly, does it demean or stereotype women? Answer 1 if yes, 0 if no."
15670.jpg,0,1,1,"Considering the visual and textual content together, is this offensive or discriminatory? Answer 1 or 0."
15670.jpg,0,1,1,"Evaluate the meme’s image and caption together. If it expresses sexist or hateful content, output 1. If not, output 0."
15670.jpg,0,1,1,"Analyze the meme as a whole (image + text). If it contains misogynistic or sexist stereotypes, output 1. If it does not, output 0. Respond with only one character."
15670.jpg,0,0,0,"Using the combination of image and text, decide if the meme promotes hate or discrimination. Reply ONLY with 1 or 0."
15670.jpg,0,1,1,"Classify this meme: 1 = hateful or offensive toward women, 0 = not hateful. Output only the digit."
15670.jpg,0,0,0,"When interpreting the meme’s image and text jointly, does it demean or stereotype women? Answer 1 if yes, 0 if no."
15941.jpg,0,0,0,"Considering the visual and textual content together, is this offensive or discriminatory? Answer 1 or 0."
15941.jpg,0,0,0,"Evaluate the meme’s image and caption together. If it expresses sexist or hateful content, output 1. If not, output 0."
15941.jpg,0,1,1,"Analyze the meme as a whole (image + text). If it contains misogynistic or sexist stereotypes, output 1. If it does not, output 0. Respond with only one character."
15941.jpg,0,0,0,"Using the combination of image and text, decide if the meme promotes hate or discrimination. Reply ONLY with 1 or 0."
15941.jpg,0,0,0,"Classify this meme: 1 = hateful or offensive toward women, 0 = not hateful. Output only the digit."
15941.jpg,0,0,0,"When interpreting the meme’s image and text jointly, does it demean or stereotype women? Answer 1 if yes, 0 if no."
17081.jpg,0,0,0,"Considering the visual and textual content together, is this offensive or discriminatory? Answer 1 or 0."
17081.jpg,0,0,0,"Evaluate the meme’s image and caption together. If it expresses sexist or hateful content, output 1. If not, output 0."
17081.jpg,0,1,1,"Analyze the meme as a whole (image + text). If it contains misogynistic or sexist stereotypes, output 1. If it does not, output 0. Respond with only one character."
17081.jpg,0,0,0,"Using the combination of image and text, decide if the meme promotes hate or discrimination. Reply ONLY with 1 or 0."
17081.jpg,0,1,1,"Classify this meme: 1 = hateful or offensive toward women, 0 = not hateful. Output only the digit."
17081.jpg,0,0,0,"When interpreting the meme’s image and text jointly, does it demean or stereotype women? Answer 1 if yes, 0 if no."
15987.jpg,1,0,0,"Considering the visual and textual content together, is this offensive or discriminatory? Answer 1 or 0."
15987.jpg,1,0,0,"Evaluate the meme’s image and caption together. If it expresses sexist or hateful content, output 1. If not, output 0."
15987.jpg,1,0,0,"Analyze the meme as a whole (image + text). If it contains misogynistic or sexist stereotypes, output 1. If it does not, output 0. Respond with only one character."
15987.jpg,1,0,0,"Using the combination of image and text, decide if the meme promotes hate or discrimination. Reply ONLY with 1 or 0."
15987.jpg,1,1,1,"Classify this meme: 1 = hateful or offensive toward women, 0 = not hateful. Output only the digit."
15987.jpg,1,0,No,"When interpreting the meme’s image and text jointly, does it demean or stereotype women? Answer 1 if yes, 0 if no."
16233.jpg,0,0,0,"Considering the visual and textual content together, is this offensive or discriminatory? Answer 1 or 0."
16233.jpg,0,1,1,"Evaluate the meme’s image and caption together. If it expresses sexist or hateful content, output 1. If not, output 0."
16233.jpg,0,1,1,"Analyze the meme as a whole (image + text). If it contains misogynistic or sexist stereotypes, output 1. If it does not, output 0. Respond with only one character."
16233.jpg,0,0,0,"Using the combination of image and text, decide if the meme promotes hate or discrimination. Reply ONLY with 1 or 0."
16233.jpg,0,0,0,"Classify this meme: 1 = hateful or offensive toward women, 0 = not hateful. Output only the digit."
16233.jpg,0,0,0,"When interpreting the meme’s image and text jointly, does it demean or stereotype women? Answer 1 if yes, 0 if no."
15678.jpg,0,1,1,"Considering the visual and textual content together, is this offensive or discriminatory? Answer 1 or 0."
15678.jpg,0,1,1,"Evaluate the meme’s image and caption together. If it expresses sexist or hateful content, output 1. If not, output 0."
15678.jpg,0,0,0,"Analyze the meme as a whole (image + text). If it contains misogynistic or sexist stereotypes, output 1. If it does not, output 0. Respond with only one character."
15678.jpg,0,0,0,"Using the combination of image and text, decide if the meme promotes hate or discrimination. Reply ONLY with 1 or 0."
15678.jpg,0,1,1,"Classify this meme: 1 = hateful or offensive toward women, 0 = not hateful. Output only the digit."
15678.jpg,0,0,0,"When interpreting the meme’s image and text jointly, does it demean or stereotype women? Answer 1 if yes, 0 if no."
15737.jpg,0,0,0,"Considering the visual and textual content together, is this offensive or discriminatory? Answer 1 or 0."
15737.jpg,0,0,0,"Evaluate the meme’s image and caption together. If it expresses sexist or hateful content, output 1. If not, output 0."
15737.jpg,0,1,1,"Analyze the meme as a whole (image + text). If it contains misogynistic or sexist stereotypes, output 1. If it does not, output 0. Respond with only one character."
15737.jpg,0,0,0,"Using the combination of image and text, decide if the meme promotes hate or discrimination. Reply ONLY with 1 or 0."
15737.jpg,0,0,0,"Classify this meme: 1 = hateful or offensive toward women, 0 = not hateful. Output only the digit."
15737.jpg,0,0,0,"When interpreting the meme’s image and text jointly, does it demean or stereotype women? Answer 1 if yes, 0 if no."
16170.jpg,0,0,0,"Considering the visual and textual content together, is this offensive or discriminatory? Answer 1 or 0."
16170.jpg,0,0,0,"Evaluate the meme’s image and caption together. If it expresses sexist or hateful content, output 1. If not, output 0."
16170.jpg,0,0,0,"Analyze the meme as a whole (image + text). If it contains misogynistic or sexist stereotypes, output 1. If it does not, output 0. Respond with only one character."
16170.jpg,0,0,0,"Using the combination of image and text, decide if the meme promotes hate or discrimination. Reply ONLY with 1 or 0."
16170.jpg,0,0,0,"Classify this meme: 1 = hateful or offensive toward women, 0 = not hateful. Output only the digit."
16170.jpg,0,0,0,"When interpreting the meme’s image and text jointly, does it demean or stereotype women? Answer 1 if yes, 0 if no."
17070.jpg,1,1,1,"Considering the visual and textual content together, is this offensive or discriminatory? Answer 1 or 0."
17070.jpg,1,1,1,"Evaluate the meme’s image and caption together. If it expresses sexist or hateful content, output 1. If not, output 0."
17070.jpg,1,1,1,"Analyze the meme as a whole (image + text). If it contains misogynistic or sexist stereotypes, output 1. If it does not, output 0. Respond with only one character."
17070.jpg,1,1,1,"Using the combination of image and text, decide if the meme promotes hate or discrimination. Reply ONLY with 1 or 0."
17070.jpg,1,1,1,"Classify this meme: 1 = hateful or offensive toward women, 0 = not hateful. Output only the digit."
17070.jpg,1,0,0,"When interpreting the meme’s image and text jointly, does it demean or stereotype women? Answer 1 if yes, 0 if no."
16145.jpg,0,0,0,"Considering the visual and textual content together, is this offensive or discriminatory? Answer 1 or 0."
16145.jpg,0,0,0,"Evaluate the meme’s image and caption together. If it expresses sexist or hateful content, output 1. If not, output 0."
16145.jpg,0,1,1,"Analyze the meme as a whole (image + text). If it contains misogynistic or sexist stereotypes, output 1. If it does not, output 0. Respond with only one character."
16145.jpg,0,0,0,"Using the combination of image and text, decide if the meme promotes hate or discrimination. Reply ONLY with 1 or 0."
16145.jpg,0,1,1,"Classify this meme: 1 = hateful or offensive toward women, 0 = not hateful. Output only the digit."
16145.jpg,0,0,No,"When interpreting the meme’s image and text jointly, does it demean or stereotype women? Answer 1 if yes, 0 if no."
15569.jpg,0,1,1,"Considering the visual and textual content together, is this offensive or discriminatory? Answer 1 or 0."
15569.jpg,0,1,1,"Evaluate the meme’s image and caption together. If it expresses sexist or hateful content, output 1. If not, output 0."
15569.jpg,0,1,1,"Analyze the meme as a whole (image + text). If it contains misogynistic or sexist stereotypes, output 1. If it does not, output 0. Respond with only one character."
15569.jpg,0,0,0,"Using the combination of image and text, decide if the meme promotes hate or discrimination. Reply ONLY with 1 or 0."
15569.jpg,0,1,1,"Classify this meme: 1 = hateful or offensive toward women, 0 = not hateful. Output only the digit."
15569.jpg,0,0,0,"When interpreting the meme’s image and text jointly, does it demean or stereotype women? Answer 1 if yes, 0 if no."
15649.jpg,0,0,0,"Considering the visual and textual content together, is this offensive or discriminatory? Answer 1 or 0."
15649.jpg,0,0,0,"Evaluate the meme’s image and caption together. If it expresses sexist or hateful content, output 1. If not, output 0."
15649.jpg,0,1,1,"Analyze the meme as a whole (image + text). If it contains misogynistic or sexist stereotypes, output 1. If it does not, output 0. Respond with only one character."
15649.jpg,0,0,0,"Using the combination of image and text, decide if the meme promotes hate or discrimination. Reply ONLY with 1 or 0."
15649.jpg,0,1,1,"Classify this meme: 1 = hateful or offensive toward women, 0 = not hateful. Output only the digit."
15649.jpg,0,0,No,"When interpreting the meme’s image and text jointly, does it demean or stereotype women? Answer 1 if yes, 0 if no."
15004.jpg,0,0,0,"Considering the visual and textual content together, is this offensive or discriminatory? Answer 1 or 0."
15004.jpg,0,1,"The meme's image and caption do not express sexist or hateful content. Therefore, the output is 0.","Evaluate the meme’s image and caption together. If it expresses sexist or hateful content, output 1. If not, output 0."
15004.jpg,0,1,1,"Analyze the meme as a whole (image + text). If it contains misogynistic or sexist stereotypes, output 1. If it does not, output 0. Respond with only one character."
15004.jpg,0,0,0,"Using the combination of image and text, decide if the meme promotes hate or discrimination. Reply ONLY with 1 or 0."
15004.jpg,0,1,1,"Classify this meme: 1 = hateful or offensive toward women, 0 = not hateful. Output only the digit."
15004.jpg,0,0,0,"When interpreting the meme’s image and text jointly, does it demean or stereotype women? Answer 1 if yes, 0 if no."
17055.jpg,0,0,0,"Considering the visual and textual content together, is this offensive or discriminatory? Answer 1 or 0."
17055.jpg,0,0,0,"Evaluate the meme’s image and caption together. If it expresses sexist or hateful content, output 1. If not, output 0."
17055.jpg,0,0,0,"Analyze the meme as a whole (image + text). If it contains misogynistic or sexist stereotypes, output 1. If it does not, output 0. Respond with only one character."
17055.jpg,0,0,0,"Using the combination of image and text, decide if the meme promotes hate or discrimination. Reply ONLY with 1 or 0."
17055.jpg,0,1,1,"Classify this meme: 1 = hateful or offensive toward women, 0 = not hateful. Output only the digit."
17055.jpg,0,0,No,"When interpreting the meme’s image and text jointly, does it demean or stereotype women? Answer 1 if yes, 0 if no."
15756.jpg,0,0,0,"Considering the visual and textual content together, is this offensive or discriminatory? Answer 1 or 0."
15756.jpg,0,1,1,"Evaluate the meme’s image and caption together. If it expresses sexist or hateful content, output 1. If not, output 0."
15756.jpg,0,1,1,"Analyze the meme as a whole (image + text). If it contains misogynistic or sexist stereotypes, output 1. If it does not, output 0. Respond with only one character."
15756.jpg,0,0,0,"Using the combination of image and text, decide if the meme promotes hate or discrimination. Reply ONLY with 1 or 0."
15756.jpg,0,1,1,"Classify this meme: 1 = hateful or offensive toward women, 0 = not hateful. Output only the digit."
15756.jpg,0,0,No.,"When interpreting the meme’s image and text jointly, does it demean or stereotype women? Answer 1 if yes, 0 if no."
15126.jpg,1,1,1,"Considering the visual and textual content together, is this offensive or discriminatory? Answer 1 or 0."
15126.jpg,1,1,1,"Evaluate the meme’s image and caption together. If it expresses sexist or hateful content, output 1. If not, output 0."
15126.jpg,1,1,1,"Analyze the meme as a whole (image + text). If it contains misogynistic or sexist stereotypes, output 1. If it does not, output 0. Respond with only one character."
15126.jpg,1,1,1,"Using the combination of image and text, decide if the meme promotes hate or discrimination. Reply ONLY with 1 or 0."
15126.jpg,1,1,1,"Classify this meme: 1 = hateful or offensive toward women, 0 = not hateful. Output only the digit."
15126.jpg,1,0,0,"When interpreting the meme’s image and text jointly, does it demean or stereotype women? Answer 1 if yes, 0 if no."
15212.jpg,0,1,1,"Considering the visual and textual content together, is this offensive or discriminatory? Answer 1 or 0."
15212.jpg,0,1,1.,"Evaluate the meme’s image and caption together. If it expresses sexist or hateful content, output 1. If not, output 0."
15212.jpg,0,1,1,"Analyze the meme as a whole (image + text). If it contains misogynistic or sexist stereotypes, output 1. If it does not, output 0. Respond with only one character."
15212.jpg,0,0,0,"Using the combination of image and text, decide if the meme promotes hate or discrimination. Reply ONLY with 1 or 0."
15212.jpg,0,1,1,"Classify this meme: 1 = hateful or offensive toward women, 0 = not hateful. Output only the digit."
15212.jpg,0,0,0,"When interpreting the meme’s image and text jointly, does it demean or stereotype women? Answer 1 if yes, 0 if no."
15800.jpg,1,1,1,"Considering the visual and textual content together, is this offensive or discriminatory? Answer 1 or 0."
15800.jpg,1,1,1,"Evaluate the meme’s image and caption together. If it expresses sexist or hateful content, output 1. If not, output 0."
15800.jpg,1,1,1,"Analyze the meme as a whole (image + text). If it contains misogynistic or sexist stereotypes, output 1. If it does not, output 0. Respond with only one character."
15800.jpg,1,0,0,"Using the combination of image and text, decide if the meme promotes hate or discrimination. Reply ONLY with 1 or 0."
15800.jpg,1,1,1,"Classify this meme: 1 = hateful or offensive toward women, 0 = not hateful. Output only the digit."
15800.jpg,1,0,0,"When interpreting the meme’s image and text jointly, does it demean or stereotype women? Answer 1 if yes, 0 if no."
15055.jpg,0,1,1,"Considering the visual and textual content together, is this offensive or discriminatory? Answer 1 or 0."
15055.jpg,0,0,0,"Evaluate the meme’s image and caption together. If it expresses sexist or hateful content, output 1. If not, output 0."
15055.jpg,0,1,1,"Analyze the meme as a whole (image + text). If it contains misogynistic or sexist stereotypes, output 1. If it does not, output 0. Respond with only one character."
15055.jpg,0,0,0,"Using the combination of image and text, decide if the meme promotes hate or discrimination. Reply ONLY with 1 or 0."
15055.jpg,0,1,1,"Classify this meme: 1 = hateful or offensive toward women, 0 = not hateful. Output only the digit."
15055.jpg,0,0,0,"When interpreting the meme’s image and text jointly, does it demean or stereotype women? Answer 1 if yes, 0 if no."
16129.jpg,1,1,1,"Considering the visual and textual content together, is this offensive or discriminatory? Answer 1 or 0."
16129.jpg,1,1,1,"Evaluate the meme’s image and caption together. If it expresses sexist or hateful content, output 1. If not, output 0."
16129.jpg,1,1,1,"Analyze the meme as a whole (image + text). If it contains misogynistic or sexist stereotypes, output 1. If it does not, output 0. Respond with only one character."
16129.jpg,1,1,1,"Using the combination of image and text, decide if the meme promotes hate or discrimination. Reply ONLY with 1 or 0."
16129.jpg,1,1,1,"Classify this meme: 1 = hateful or offensive toward women, 0 = not hateful. Output only the digit."
16129.jpg,1,0,0,"When interpreting the meme’s image and text jointly, does it demean or stereotype women? Answer 1 if yes, 0 if no."
16026.jpg,1,1,1,"Considering the visual and textual content together, is this offensive or discriminatory? Answer 1 or 0."
16026.jpg,1,1,1,"Evaluate the meme’s image and caption together. If it expresses sexist or hateful content, output 1. If not, output 0."
16026.jpg,1,1,1,"Analyze the meme as a whole (image + text). If it contains misogynistic or sexist stereotypes, output 1. If it does not, output 0. Respond with only one character."
16026.jpg,1,0,0,"Using the combination of image and text, decide if the meme promotes hate or discrimination. Reply ONLY with 1 or 0."
16026.jpg,1,1,1,"Classify this meme: 1 = hateful or offensive toward women, 0 = not hateful. Output only the digit."
16026.jpg,1,0,0,"When interpreting the meme’s image and text jointly, does it demean or stereotype women? Answer 1 if yes, 0 if no."
15058.jpg,1,0,0,"Considering the visual and textual content together, is this offensive or discriminatory? Answer 1 or 0."
15058.jpg,1,0,0,"Evaluate the meme’s image and caption together. If it expresses sexist or hateful content, output 1. If not, output 0."
15058.jpg,1,0,0,"Analyze the meme as a whole (image + text). If it contains misogynistic or sexist stereotypes, output 1. If it does not, output 0. Respond with only one character."
15058.jpg,1,0,0,"Using the combination of image and text, decide if the meme promotes hate or discrimination. Reply ONLY with 1 or 0."
15058.jpg,1,1,1,"Classify this meme: 1 = hateful or offensive toward women, 0 = not hateful. Output only the digit."
15058.jpg,1,0,0,"When interpreting the meme’s image and text jointly, does it demean or stereotype women? Answer 1 if yes, 0 if no."
15548.jpg,0,0,0,"Considering the visual and textual content together, is this offensive or discriminatory? Answer 1 or 0."
15548.jpg,0,0,0,"Evaluate the meme’s image and caption together. If it expresses sexist or hateful content, output 1. If not, output 0."
15548.jpg,0,0,0,"Analyze the meme as a whole (image + text). If it contains misogynistic or sexist stereotypes, output 1. If it does not, output 0. Respond with only one character."
15548.jpg,0,0,0,"Using the combination of image and text, decide if the meme promotes hate or discrimination. Reply ONLY with 1 or 0."
15548.jpg,0,0,0,"Classify this meme: 1 = hateful or offensive toward women, 0 = not hateful. Output only the digit."
15548.jpg,0,0,No,"When interpreting the meme’s image and text jointly, does it demean or stereotype women? Answer 1 if yes, 0 if no."
15361.jpg,1,1,1,"Considering the visual and textual content together, is this offensive or discriminatory? Answer 1 or 0."
15361.jpg,1,1,1,"Evaluate the meme’s image and caption together. If it expresses sexist or hateful content, output 1. If not, output 0."
15361.jpg,1,1,1,"Analyze the meme as a whole (image + text). If it contains misogynistic or sexist stereotypes, output 1. If it does not, output 0. Respond with only one character."
15361.jpg,1,1,1,"Using the combination of image and text, decide if the meme promotes hate or discrimination. Reply ONLY with 1 or 0."
15361.jpg,1,1,1,"Classify this meme: 1 = hateful or offensive toward women, 0 = not hateful. Output only the digit."
15361.jpg,1,1,Yes,"When interpreting the meme’s image and text jointly, does it demean or stereotype women? Answer 1 if yes, 0 if no."
16069.jpg,1,1,1,"Considering the visual and textual content together, is this offensive or discriminatory? Answer 1 or 0."
16069.jpg,1,1,"The meme's image and caption do not express sexist or hateful content. It is a humorous play on words, making a pun on the words ""mILF"" (middle-aged wife) and ""pizza"". The woman in the image is holding","Evaluate the meme’s image and caption together. If it expresses sexist or hateful content, output 1. If not, output 0."
16069.jpg,1,1,1,"Analyze the meme as a whole (image + text). If it contains misogynistic or sexist stereotypes, output 1. If it does not, output 0. Respond with only one character."
16069.jpg,1,1,1,"Using the combination of image and text, decide if the meme promotes hate or discrimination. Reply ONLY with 1 or 0."
16069.jpg,1,1,1,"Classify this meme: 1 = hateful or offensive toward women, 0 = not hateful. Output only the digit."
16069.jpg,1,0,0,"When interpreting the meme’s image and text jointly, does it demean or stereotype women? Answer 1 if yes, 0 if no."
15452.jpg,0,0,0,"Considering the visual and textual content together, is this offensive or discriminatory? Answer 1 or 0."
15452.jpg,0,1,"The meme's image and caption do not express sexist or hateful content. The caption reads ""drunk sex or sober sex"" and shows a man and woman sleeping in bed. There is no negative or offensive language or imagery in the meme. Therefore","Evaluate the meme’s image and caption together. If it expresses sexist or hateful content, output 1. If not, output 0."
15452.jpg,0,1,1,"Analyze the meme as a whole (image + text). If it contains misogynistic or sexist stereotypes, output 1. If it does not, output 0. Respond with only one character."
15452.jpg,0,0,0,"Using the combination of image and text, decide if the meme promotes hate or discrimination. Reply ONLY with 1 or 0."
15452.jpg,0,1,1,"Classify this meme: 1 = hateful or offensive toward women, 0 = not hateful. Output only the digit."
15452.jpg,0,0,No.,"When interpreting the meme’s image and text jointly, does it demean or stereotype women? Answer 1 if yes, 0 if no."
15783.jpg,0,0,0,"Considering the visual and textual content together, is this offensive or discriminatory? Answer 1 or 0."
15783.jpg,0,0,0,"Evaluate the meme’s image and caption together. If it expresses sexist or hateful content, output 1. If not, output 0."
15783.jpg,0,0,0,"Analyze the meme as a whole (image + text). If it contains misogynistic or sexist stereotypes, output 1. If it does not, output 0. Respond with only one character."
15783.jpg,0,0,0,"Using the combination of image and text, decide if the meme promotes hate or discrimination. Reply ONLY with 1 or 0."
15783.jpg,0,0,0,"Classify this meme: 1 = hateful or offensive toward women, 0 = not hateful. Output only the digit."
15783.jpg,0,0,No,"When interpreting the meme’s image and text jointly, does it demean or stereotype women? Answer 1 if yes, 0 if no."
15047.jpg,0,1,1,"Considering the visual and textual content together, is this offensive or discriminatory? Answer 1 or 0."
15047.jpg,0,0,0,"Evaluate the meme’s image and caption together. If it expresses sexist or hateful content, output 1. If not, output 0."
15047.jpg,0,1,1,"Analyze the meme as a whole (image + text). If it contains misogynistic or sexist stereotypes, output 1. If it does not, output 0. Respond with only one character."
15047.jpg,0,0,0,"Using the combination of image and text, decide if the meme promotes hate or discrimination. Reply ONLY with 1 or 0."
15047.jpg,0,1,1,"Classify this meme: 1 = hateful or offensive toward women, 0 = not hateful. Output only the digit."
15047.jpg,0,0,No,"When interpreting the meme’s image and text jointly, does it demean or stereotype women? Answer 1 if yes, 0 if no."
15833.jpg,1,1,1,"Considering the visual and textual content together, is this offensive or discriminatory? Answer 1 or 0."
15833.jpg,1,1,1,"Evaluate the meme’s image and caption together. If it expresses sexist or hateful content, output 1. If not, output 0."
15833.jpg,1,1,1,"Analyze the meme as a whole (image + text). If it contains misogynistic or sexist stereotypes, output 1. If it does not, output 0. Respond with only one character."
15833.jpg,1,0,0,"Using the combination of image and text, decide if the meme promotes hate or discrimination. Reply ONLY with 1 or 0."
15833.jpg,1,1,1,"Classify this meme: 1 = hateful or offensive toward women, 0 = not hateful. Output only the digit."
15833.jpg,1,0,0,"When interpreting the meme’s image and text jointly, does it demean or stereotype women? Answer 1 if yes, 0 if no."
15130.jpg,0,0,0,"Considering the visual and textual content together, is this offensive or discriminatory? Answer 1 or 0."
15130.jpg,0,0,0,"Evaluate the meme’s image and caption together. If it expresses sexist or hateful content, output 1. If not, output 0."
15130.jpg,0,0,0,"Analyze the meme as a whole (image + text). If it contains misogynistic or sexist stereotypes, output 1. If it does not, output 0. Respond with only one character."
15130.jpg,0,0,0,"Using the combination of image and text, decide if the meme promotes hate or discrimination. Reply ONLY with 1 or 0."
15130.jpg,0,0,0,"Classify this meme: 1 = hateful or offensive toward women, 0 = not hateful. Output only the digit."
15130.jpg,0,0,No,"When interpreting the meme’s image and text jointly, does it demean or stereotype women? Answer 1 if yes, 0 if no."
15763.jpg,0,0,0,"Considering the visual and textual content together, is this offensive or discriminatory? Answer 1 or 0."
15763.jpg,0,0,0,"Evaluate the meme’s image and caption together. If it expresses sexist or hateful content, output 1. If not, output 0."
15763.jpg,0,1,1,"Analyze the meme as a whole (image + text). If it contains misogynistic or sexist stereotypes, output 1. If it does not, output 0. Respond with only one character."
15763.jpg,0,0,0,"Using the combination of image and text, decide if the meme promotes hate or discrimination. Reply ONLY with 1 or 0."
15763.jpg,0,1,1,"Classify this meme: 1 = hateful or offensive toward women, 0 = not hateful. Output only the digit."
15763.jpg,0,0,No,"When interpreting the meme’s image and text jointly, does it demean or stereotype women? Answer 1 if yes, 0 if no."
15879.jpg,1,0,0,"Considering the visual and textual content together, is this offensive or discriminatory? Answer 1 or 0."
15879.jpg,1,1,1,"Evaluate the meme’s image and caption together. If it expresses sexist or hateful content, output 1. If not, output 0."
15879.jpg,1,1,1,"Analyze the meme as a whole (image + text). If it contains misogynistic or sexist stereotypes, output 1. If it does not, output 0. Respond with only one character."
15879.jpg,1,0,0,"Using the combination of image and text, decide if the meme promotes hate or discrimination. Reply ONLY with 1 or 0."
15879.jpg,1,0,0,"Classify this meme: 1 = hateful or offensive toward women, 0 = not hateful. Output only the digit."
15879.jpg,1,0,0,"When interpreting the meme’s image and text jointly, does it demean or stereotype women? Answer 1 if yes, 0 if no."
15752.jpg,1,0,0,"Considering the visual and textual content together, is this offensive or discriminatory? Answer 1 or 0."
15752.jpg,1,1,1,"Evaluate the meme’s image and caption together. If it expresses sexist or hateful content, output 1. If not, output 0."
15752.jpg,1,1,1,"Analyze the meme as a whole (image + text). If it contains misogynistic or sexist stereotypes, output 1. If it does not, output 0. Respond with only one character."
15752.jpg,1,1,1,"Using the combination of image and text, decide if the meme promotes hate or discrimination. Reply ONLY with 1 or 0."
15752.jpg,1,1,1,"Classify this meme: 1 = hateful or offensive toward women, 0 = not hateful. Output only the digit."
15752.jpg,1,0,No,"When interpreting the meme’s image and text jointly, does it demean or stereotype women? Answer 1 if yes, 0 if no."
15476.jpg,0,0,0,"Considering the visual and textual content together, is this offensive or discriminatory? Answer 1 or 0."
15476.jpg,0,0,0,"Evaluate the meme’s image and caption together. If it expresses sexist or hateful content, output 1. If not, output 0."
15476.jpg,0,1,1,"Analyze the meme as a whole (image + text). If it contains misogynistic or sexist stereotypes, output 1. If it does not, output 0. Respond with only one character."
15476.jpg,0,0,0,"Using the combination of image and text, decide if the meme promotes hate or discrimination. Reply ONLY with 1 or 0."
15476.jpg,0,1,1,"Classify this meme: 1 = hateful or offensive toward women, 0 = not hateful. Output only the digit."
15476.jpg,0,0,No,"When interpreting the meme’s image and text jointly, does it demean or stereotype women? Answer 1 if yes, 0 if no."
15409.jpg,0,1,1,"Considering the visual and textual content together, is this offensive or discriminatory? Answer 1 or 0."
15409.jpg,0,0,0,"Evaluate the meme’s image and caption together. If it expresses sexist or hateful content, output 1. If not, output 0."
15409.jpg,0,0,0,"Analyze the meme as a whole (image + text). If it contains misogynistic or sexist stereotypes, output 1. If it does not, output 0. Respond with only one character."
15409.jpg,0,0,0,"Using the combination of image and text, decide if the meme promotes hate or discrimination. Reply ONLY with 1 or 0."
15409.jpg,0,1,1,"Classify this meme: 1 = hateful or offensive toward women, 0 = not hateful. Output only the digit."
15409.jpg,0,0,0,"When interpreting the meme’s image and text jointly, does it demean or stereotype women? Answer 1 if yes, 0 if no."
15965.jpg,1,0,0,"Considering the visual and textual content together, is this offensive or discriminatory? Answer 1 or 0."
15965.jpg,1,1,1.,"Evaluate the meme’s image and caption together. If it expresses sexist or hateful content, output 1. If not, output 0."
15965.jpg,1,1,1,"Analyze the meme as a whole (image + text). If it contains misogynistic or sexist stereotypes, output 1. If it does not, output 0. Respond with only one character."
15965.jpg,1,0,0,"Using the combination of image and text, decide if the meme promotes hate or discrimination. Reply ONLY with 1 or 0."
15965.jpg,1,1,1,"Classify this meme: 1 = hateful or offensive toward women, 0 = not hateful. Output only the digit."
15965.jpg,1,0,0,"When interpreting the meme’s image and text jointly, does it demean or stereotype women? Answer 1 if yes, 0 if no."
15772.jpg,0,1,1,"Considering the visual and textual content together, is this offensive or discriminatory? Answer 1 or 0."
15772.jpg,0,1,1,"Evaluate the meme’s image and caption together. If it expresses sexist or hateful content, output 1. If not, output 0."
15772.jpg,0,1,1,"Analyze the meme as a whole (image + text). If it contains misogynistic or sexist stereotypes, output 1. If it does not, output 0. Respond with only one character."
15772.jpg,0,1,1,"Using the combination of image and text, decide if the meme promotes hate or discrimination. Reply ONLY with 1 or 0."
15772.jpg,0,1,1,"Classify this meme: 1 = hateful or offensive toward women, 0 = not hateful. Output only the digit."
15772.jpg,0,0,0,"When interpreting the meme’s image and text jointly, does it demean or stereotype women? Answer 1 if yes, 0 if no."
15655.jpg,0,1,1,"Considering the visual and textual content together, is this offensive or discriminatory? Answer 1 or 0."
15655.jpg,0,1,1,"Evaluate the meme’s image and caption together. If it expresses sexist or hateful content, output 1. If not, output 0."
15655.jpg,0,1,1,"Analyze the meme as a whole (image + text). If it contains misogynistic or sexist stereotypes, output 1. If it does not, output 0. Respond with only one character."
15655.jpg,0,0,0,"Using the combination of image and text, decide if the meme promotes hate or discrimination. Reply ONLY with 1 or 0."
15655.jpg,0,1,1,"Classify this meme: 1 = hateful or offensive toward women, 0 = not hateful. Output only the digit."
15655.jpg,0,0,0,"When interpreting the meme’s image and text jointly, does it demean or stereotype women? Answer 1 if yes, 0 if no."
15847.jpg,1,1,1,"Considering the visual and textual content together, is this offensive or discriminatory? Answer 1 or 0."
15847.jpg,1,1,1,"Evaluate the meme’s image and caption together. If it expresses sexist or hateful content, output 1. If not, output 0."
15847.jpg,1,1,1,"Analyze the meme as a whole (image + text). If it contains misogynistic or sexist stereotypes, output 1. If it does not, output 0. Respond with only one character."
15847.jpg,1,0,0,"Using the combination of image and text, decide if the meme promotes hate or discrimination. Reply ONLY with 1 or 0."
15847.jpg,1,1,1,"Classify this meme: 1 = hateful or offensive toward women, 0 = not hateful. Output only the digit."
15847.jpg,1,0,0,"When interpreting the meme’s image and text jointly, does it demean or stereotype women? Answer 1 if yes, 0 if no."
15499.jpg,0,0,0,"Considering the visual and textual content together, is this offensive or discriminatory? Answer 1 or 0."
15499.jpg,0,0,0,"Evaluate the meme’s image and caption together. If it expresses sexist or hateful content, output 1. If not, output 0."
15499.jpg,0,1,1,"Analyze the meme as a whole (image + text). If it contains misogynistic or sexist stereotypes, output 1. If it does not, output 0. Respond with only one character."
15499.jpg,0,0,0,"Using the combination of image and text, decide if the meme promotes hate or discrimination. Reply ONLY with 1 or 0."
15499.jpg,0,1,1,"Classify this meme: 1 = hateful or offensive toward women, 0 = not hateful. Output only the digit."
15499.jpg,0,0,0,"When interpreting the meme’s image and text jointly, does it demean or stereotype women? Answer 1 if yes, 0 if no."
15303.jpg,0,0,0,"Considering the visual and textual content together, is this offensive or discriminatory? Answer 1 or 0."
15303.jpg,0,1,1,"Evaluate the meme’s image and caption together. If it expresses sexist or hateful content, output 1. If not, output 0."
15303.jpg,0,1,1,"Analyze the meme as a whole (image + text). If it contains misogynistic or sexist stereotypes, output 1. If it does not, output 0. Respond with only one character."
15303.jpg,0,0,0,"Using the combination of image and text, decide if the meme promotes hate or discrimination. Reply ONLY with 1 or 0."
15303.jpg,0,1,1,"Classify this meme: 1 = hateful or offensive toward women, 0 = not hateful. Output only the digit."
15303.jpg,0,0,No,"When interpreting the meme’s image and text jointly, does it demean or stereotype women? Answer 1 if yes, 0 if no."
16212.jpg,0,0,0,"Considering the visual and textual content together, is this offensive or discriminatory? Answer 1 or 0."
16212.jpg,0,1,1,"Evaluate the meme’s image and caption together. If it expresses sexist or hateful content, output 1. If not, output 0."
16212.jpg,0,1,1,"Analyze the meme as a whole (image + text). If it contains misogynistic or sexist stereotypes, output 1. If it does not, output 0. Respond with only one character."
16212.jpg,0,0,0,"Using the combination of image and text, decide if the meme promotes hate or discrimination. Reply ONLY with 1 or 0."
16212.jpg,0,1,1,"Classify this meme: 1 = hateful or offensive toward women, 0 = not hateful. Output only the digit."
16212.jpg,0,0,No,"When interpreting the meme’s image and text jointly, does it demean or stereotype women? Answer 1 if yes, 0 if no."
15619.jpg,1,1,1,"Considering the visual and textual content together, is this offensive or discriminatory? Answer 1 or 0."
15619.jpg,1,1,1,"Evaluate the meme’s image and caption together. If it expresses sexist or hateful content, output 1. If not, output 0."
15619.jpg,1,1,1,"Analyze the meme as a whole (image + text). If it contains misogynistic or sexist stereotypes, output 1. If it does not, output 0. Respond with only one character."
15619.jpg,1,1,1,"Using the combination of image and text, decide if the meme promotes hate or discrimination. Reply ONLY with 1 or 0."
15619.jpg,1,1,1,"Classify this meme: 1 = hateful or offensive toward women, 0 = not hateful. Output only the digit."
15619.jpg,1,1,Yes,"When interpreting the meme’s image and text jointly, does it demean or stereotype women? Answer 1 if yes, 0 if no."
15444.jpg,0,0,0,"Considering the visual and textual content together, is this offensive or discriminatory? Answer 1 or 0."
15444.jpg,0,0,0,"Evaluate the meme’s image and caption together. If it expresses sexist or hateful content, output 1. If not, output 0."
15444.jpg,0,1,1,"Analyze the meme as a whole (image + text). If it contains misogynistic or sexist stereotypes, output 1. If it does not, output 0. Respond with only one character."
15444.jpg,0,0,0,"Using the combination of image and text, decide if the meme promotes hate or discrimination. Reply ONLY with 1 or 0."
15444.jpg,0,1,1,"Classify this meme: 1 = hateful or offensive toward women, 0 = not hateful. Output only the digit."
15444.jpg,0,0,No,"When interpreting the meme’s image and text jointly, does it demean or stereotype women? Answer 1 if yes, 0 if no."
15784.jpg,1,1,1,"Considering the visual and textual content together, is this offensive or discriminatory? Answer 1 or 0."
15784.jpg,1,1,1,"Evaluate the meme’s image and caption together. If it expresses sexist or hateful content, output 1. If not, output 0."
15784.jpg,1,1,1,"Analyze the meme as a whole (image + text). If it contains misogynistic or sexist stereotypes, output 1. If it does not, output 0. Respond with only one character."
15784.jpg,1,0,0,"Using the combination of image and text, decide if the meme promotes hate or discrimination. Reply ONLY with 1 or 0."
15784.jpg,1,1,1,"Classify this meme: 1 = hateful or offensive toward women, 0 = not hateful. Output only the digit."
15784.jpg,1,0,0,"When interpreting the meme’s image and text jointly, does it demean or stereotype women? Answer 1 if yes, 0 if no."
15748.jpg,1,0,0,"Considering the visual and textual content together, is this offensive or discriminatory? Answer 1 or 0."
15748.jpg,1,1,1,"Evaluate the meme’s image and caption together. If it expresses sexist or hateful content, output 1. If not, output 0."
15748.jpg,1,1,1,"Analyze the meme as a whole (image + text). If it contains misogynistic or sexist stereotypes, output 1. If it does not, output 0. Respond with only one character."
15748.jpg,1,0,0,"Using the combination of image and text, decide if the meme promotes hate or discrimination. Reply ONLY with 1 or 0."
15748.jpg,1,1,1,"Classify this meme: 1 = hateful or offensive toward women, 0 = not hateful. Output only the digit."
15748.jpg,1,0,0,"When interpreting the meme’s image and text jointly, does it demean or stereotype women? Answer 1 if yes, 0 if no."
15588.jpg,1,1,1,"Considering the visual and textual content together, is this offensive or discriminatory? Answer 1 or 0."
15588.jpg,1,1,1,"Evaluate the meme’s image and caption together. If it expresses sexist or hateful content, output 1. If not, output 0."
15588.jpg,1,1,1,"Analyze the meme as a whole (image + text). If it contains misogynistic or sexist stereotypes, output 1. If it does not, output 0. Respond with only one character."
15588.jpg,1,1,1,"Using the combination of image and text, decide if the meme promotes hate or discrimination. Reply ONLY with 1 or 0."
15588.jpg,1,1,1,"Classify this meme: 1 = hateful or offensive toward women, 0 = not hateful. Output only the digit."
15588.jpg,1,0,No,"When interpreting the meme’s image and text jointly, does it demean or stereotype women? Answer 1 if yes, 0 if no."
16220.jpg,1,1,1,"Considering the visual and textual content together, is this offensive or discriminatory? Answer 1 or 0."
16220.jpg,1,1,1,"Evaluate the meme’s image and caption together. If it expresses sexist or hateful content, output 1. If not, output 0."
16220.jpg,1,1,1,"Analyze the meme as a whole (image + text). If it contains misogynistic or sexist stereotypes, output 1. If it does not, output 0. Respond with only one character."
16220.jpg,1,0,0,"Using the combination of image and text, decide if the meme promotes hate or discrimination. Reply ONLY with 1 or 0."
16220.jpg,1,1,1,"Classify this meme: 1 = hateful or offensive toward women, 0 = not hateful. Output only the digit."
16220.jpg,1,0,0,"When interpreting the meme’s image and text jointly, does it demean or stereotype women? Answer 1 if yes, 0 if no."
15962.jpg,0,0,0,"Considering the visual and textual content together, is this offensive or discriminatory? Answer 1 or 0."
15962.jpg,0,0,0,"Evaluate the meme’s image and caption together. If it expresses sexist or hateful content, output 1. If not, output 0."
15962.jpg,0,1,1,"Analyze the meme as a whole (image + text). If it contains misogynistic or sexist stereotypes, output 1. If it does not, output 0. Respond with only one character."
15962.jpg,0,0,0,"Using the combination of image and text, decide if the meme promotes hate or discrimination. Reply ONLY with 1 or 0."
15962.jpg,0,1,1,"Classify this meme: 1 = hateful or offensive toward women, 0 = not hateful. Output only the digit."
15962.jpg,0,0,0,"When interpreting the meme’s image and text jointly, does it demean or stereotype women? Answer 1 if yes, 0 if no."
16029.jpg,0,0,0,"Considering the visual and textual content together, is this offensive or discriminatory? Answer 1 or 0."
16029.jpg,0,1,1,"Evaluate the meme’s image and caption together. If it expresses sexist or hateful content, output 1. If not, output 0."
16029.jpg,0,0,0,"Analyze the meme as a whole (image + text). If it contains misogynistic or sexist stereotypes, output 1. If it does not, output 0. Respond with only one character."
16029.jpg,0,0,0,"Using the combination of image and text, decide if the meme promotes hate or discrimination. Reply ONLY with 1 or 0."
16029.jpg,0,1,1,"Classify this meme: 1 = hateful or offensive toward women, 0 = not hateful. Output only the digit."
16029.jpg,0,0,No,"When interpreting the meme’s image and text jointly, does it demean or stereotype women? Answer 1 if yes, 0 if no."
15328.jpg,0,1,1,"Considering the visual and textual content together, is this offensive or discriminatory? Answer 1 or 0."
15328.jpg,0,1,1,"Evaluate the meme’s image and caption together. If it expresses sexist or hateful content, output 1. If not, output 0."
15328.jpg,0,1,1,"Analyze the meme as a whole (image + text). If it contains misogynistic or sexist stereotypes, output 1. If it does not, output 0. Respond with only one character."
15328.jpg,0,0,0,"Using the combination of image and text, decide if the meme promotes hate or discrimination. Reply ONLY with 1 or 0."
15328.jpg,0,1,1,"Classify this meme: 1 = hateful or offensive toward women, 0 = not hateful. Output only the digit."
15328.jpg,0,0,No,"When interpreting the meme’s image and text jointly, does it demean or stereotype women? Answer 1 if yes, 0 if no."
17068.jpg,0,1,1,"Considering the visual and textual content together, is this offensive or discriminatory? Answer 1 or 0."
17068.jpg,0,1,1,"Evaluate the meme’s image and caption together. If it expresses sexist or hateful content, output 1. If not, output 0."
17068.jpg,0,1,1,"Analyze the meme as a whole (image + text). If it contains misogynistic or sexist stereotypes, output 1. If it does not, output 0. Respond with only one character."
17068.jpg,0,1,1,"Using the combination of image and text, decide if the meme promotes hate or discrimination. Reply ONLY with 1 or 0."
17068.jpg,0,1,1,"Classify this meme: 1 = hateful or offensive toward women, 0 = not hateful. Output only the digit."
17068.jpg,0,0,No,"When interpreting the meme’s image and text jointly, does it demean or stereotype women? Answer 1 if yes, 0 if no."
15355.jpg,0,0,0,"Considering the visual and textual content together, is this offensive or discriminatory? Answer 1 or 0."
15355.jpg,0,1,1,"Evaluate the meme’s image and caption together. If it expresses sexist or hateful content, output 1. If not, output 0."
15355.jpg,0,1,1,"Analyze the meme as a whole (image + text). If it contains misogynistic or sexist stereotypes, output 1. If it does not, output 0. Respond with only one character."
15355.jpg,0,0,0,"Using the combination of image and text, decide if the meme promotes hate or discrimination. Reply ONLY with 1 or 0."
15355.jpg,0,0,0,"Classify this meme: 1 = hateful or offensive toward women, 0 = not hateful. Output only the digit."
15355.jpg,0,0,0,"When interpreting the meme’s image and text jointly, does it demean or stereotype women? Answer 1 if yes, 0 if no."
15280.jpg,1,0,0,"Considering the visual and textual content together, is this offensive or discriminatory? Answer 1 or 0."
15280.jpg,1,1,1,"Evaluate the meme’s image and caption together. If it expresses sexist or hateful content, output 1. If not, output 0."
15280.jpg,1,1,1,"Analyze the meme as a whole (image + text). If it contains misogynistic or sexist stereotypes, output 1. If it does not, output 0. Respond with only one character."
15280.jpg,1,1,1,"Using the combination of image and text, decide if the meme promotes hate or discrimination. Reply ONLY with 1 or 0."
15280.jpg,1,1,1,"Classify this meme: 1 = hateful or offensive toward women, 0 = not hateful. Output only the digit."
15280.jpg,1,0,No,"When interpreting the meme’s image and text jointly, does it demean or stereotype women? Answer 1 if yes, 0 if no."
15448.jpg,0,1,1,"Considering the visual and textual content together, is this offensive or discriminatory? Answer 1 or 0."
15448.jpg,0,1,1,"Evaluate the meme’s image and caption together. If it expresses sexist or hateful content, output 1. If not, output 0."
15448.jpg,0,1,1,"Analyze the meme as a whole (image + text). If it contains misogynistic or sexist stereotypes, output 1. If it does not, output 0. Respond with only one character."
15448.jpg,0,0,0,"Using the combination of image and text, decide if the meme promotes hate or discrimination. Reply ONLY with 1 or 0."
15448.jpg,0,1,1,"Classify this meme: 1 = hateful or offensive toward women, 0 = not hateful. Output only the digit."
15448.jpg,0,0,0,"When interpreting the meme’s image and text jointly, does it demean or stereotype women? Answer 1 if yes, 0 if no."
16335.jpg,0,1,1,"Considering the visual and textual content together, is this offensive or discriminatory? Answer 1 or 0."
16335.jpg,0,1,1,"Evaluate the meme’s image and caption together. If it expresses sexist or hateful content, output 1. If not, output 0."
16335.jpg,0,1,1,"Analyze the meme as a whole (image + text). If it contains misogynistic or sexist stereotypes, output 1. If it does not, output 0. Respond with only one character."
16335.jpg,0,0,0,"Using the combination of image and text, decide if the meme promotes hate or discrimination. Reply ONLY with 1 or 0."
16335.jpg,0,1,1,"Classify this meme: 1 = hateful or offensive toward women, 0 = not hateful. Output only the digit."
16335.jpg,0,0,0,"When interpreting the meme’s image and text jointly, does it demean or stereotype women? Answer 1 if yes, 0 if no."
15561.jpg,0,0,0,"Considering the visual and textual content together, is this offensive or discriminatory? Answer 1 or 0."
15561.jpg,0,0,0,"Evaluate the meme’s image and caption together. If it expresses sexist or hateful content, output 1. If not, output 0."
15561.jpg,0,1,1,"Analyze the meme as a whole (image + text). If it contains misogynistic or sexist stereotypes, output 1. If it does not, output 0. Respond with only one character."
15561.jpg,0,0,0,"Using the combination of image and text, decide if the meme promotes hate or discrimination. Reply ONLY with 1 or 0."
15561.jpg,0,0,0,"Classify this meme: 1 = hateful or offensive toward women, 0 = not hateful. Output only the digit."
15561.jpg,0,0,0,"When interpreting the meme’s image and text jointly, does it demean or stereotype women? Answer 1 if yes, 0 if no."
15065.jpg,1,0,0,"Considering the visual and textual content together, is this offensive or discriminatory? Answer 1 or 0."
15065.jpg,1,0,0,"Evaluate the meme’s image and caption together. If it expresses sexist or hateful content, output 1. If not, output 0."
15065.jpg,1,1,1,"Analyze the meme as a whole (image + text). If it contains misogynistic or sexist stereotypes, output 1. If it does not, output 0. Respond with only one character."
15065.jpg,1,0,0,"Using the combination of image and text, decide if the meme promotes hate or discrimination. Reply ONLY with 1 or 0."
15065.jpg,1,0,0,"Classify this meme: 1 = hateful or offensive toward women, 0 = not hateful. Output only the digit."
15065.jpg,1,0,0,"When interpreting the meme’s image and text jointly, does it demean or stereotype women? Answer 1 if yes, 0 if no."
15838.jpg,0,1,1,"Considering the visual and textual content together, is this offensive or discriminatory? Answer 1 or 0."
15838.jpg,0,1,1,"Evaluate the meme’s image and caption together. If it expresses sexist or hateful content, output 1. If not, output 0."
15838.jpg,0,1,1,"Analyze the meme as a whole (image + text). If it contains misogynistic or sexist stereotypes, output 1. If it does not, output 0. Respond with only one character."
15838.jpg,0,1,1,"Using the combination of image and text, decide if the meme promotes hate or discrimination. Reply ONLY with 1 or 0."
15838.jpg,0,1,1,"Classify this meme: 1 = hateful or offensive toward women, 0 = not hateful. Output only the digit."
15838.jpg,0,0,0,"When interpreting the meme’s image and text jointly, does it demean or stereotype women? Answer 1 if yes, 0 if no."
15304.jpg,1,0,0,"Considering the visual and textual content together, is this offensive or discriminatory? Answer 1 or 0."
15304.jpg,1,1,1,"Evaluate the meme’s image and caption together. If it expresses sexist or hateful content, output 1. If not, output 0."
15304.jpg,1,1,1,"Analyze the meme as a whole (image + text). If it contains misogynistic or sexist stereotypes, output 1. If it does not, output 0. Respond with only one character."
15304.jpg,1,0,0,"Using the combination of image and text, decide if the meme promotes hate or discrimination. Reply ONLY with 1 or 0."
15304.jpg,1,1,1,"Classify this meme: 1 = hateful or offensive toward women, 0 = not hateful. Output only the digit."
15304.jpg,1,0,No,"When interpreting the meme’s image and text jointly, does it demean or stereotype women? Answer 1 if yes, 0 if no."
15150.jpg,0,0,0,"Considering the visual and textual content together, is this offensive or discriminatory? Answer 1 or 0."
15150.jpg,0,0,0,"Evaluate the meme’s image and caption together. If it expresses sexist or hateful content, output 1. If not, output 0."
15150.jpg,0,1,1,"Analyze the meme as a whole (image + text). If it contains misogynistic or sexist stereotypes, output 1. If it does not, output 0. Respond with only one character."
15150.jpg,0,0,0,"Using the combination of image and text, decide if the meme promotes hate or discrimination. Reply ONLY with 1 or 0."
15150.jpg,0,1,1,"Classify this meme: 1 = hateful or offensive toward women, 0 = not hateful. Output only the digit."
15150.jpg,0,0,0,"When interpreting the meme’s image and text jointly, does it demean or stereotype women? Answer 1 if yes, 0 if no."
15818.jpg,0,0,0,"Considering the visual and textual content together, is this offensive or discriminatory? Answer 1 or 0."
15818.jpg,0,0,0,"Evaluate the meme’s image and caption together. If it expresses sexist or hateful content, output 1. If not, output 0."
15818.jpg,0,1,1,"Analyze the meme as a whole (image + text). If it contains misogynistic or sexist stereotypes, output 1. If it does not, output 0. Respond with only one character."
15818.jpg,0,0,0,"Using the combination of image and text, decide if the meme promotes hate or discrimination. Reply ONLY with 1 or 0."
15818.jpg,0,1,1,"Classify this meme: 1 = hateful or offensive toward women, 0 = not hateful. Output only the digit."
15818.jpg,0,0,0,"When interpreting the meme’s image and text jointly, does it demean or stereotype women? Answer 1 if yes, 0 if no."
15210.jpg,0,0,0,"Considering the visual and textual content together, is this offensive or discriminatory? Answer 1 or 0."
15210.jpg,0,1,1,"Evaluate the meme’s image and caption together. If it expresses sexist or hateful content, output 1. If not, output 0."
15210.jpg,0,1,1,"Analyze the meme as a whole (image + text). If it contains misogynistic or sexist stereotypes, output 1. If it does not, output 0. Respond with only one character."
15210.jpg,0,1,1,"Using the combination of image and text, decide if the meme promotes hate or discrimination. Reply ONLY with 1 or 0."
15210.jpg,0,1,1,"Classify this meme: 1 = hateful or offensive toward women, 0 = not hateful. Output only the digit."
15210.jpg,0,0,0,"When interpreting the meme’s image and text jointly, does it demean or stereotype women? Answer 1 if yes, 0 if no."
17024.jpg,1,0,0,"Considering the visual and textual content together, is this offensive or discriminatory? Answer 1 or 0."
17024.jpg,1,-1,"The meme's image features a large stuffed sausage in a cheerleader outfit, with the caption ""New Orleans Saints voted her to the most sexy cheerleader in Who Dat Nation."" This content is likely intended as a humorous play on words, but it","Evaluate the meme’s image and caption together. If it expresses sexist or hateful content, output 1. If not, output 0."
17024.jpg,1,1,1,"Analyze the meme as a whole (image + text). If it contains misogynistic or sexist stereotypes, output 1. If it does not, output 0. Respond with only one character."
17024.jpg,1,0,0,"Using the combination of image and text, decide if the meme promotes hate or discrimination. Reply ONLY with 1 or 0."
17024.jpg,1,1,1,"Classify this meme: 1 = hateful or offensive toward women, 0 = not hateful. Output only the digit."
17024.jpg,1,0,0,"When interpreting the meme’s image and text jointly, does it demean or stereotype women? Answer 1 if yes, 0 if no."
16250.jpg,1,0,0,"Considering the visual and textual content together, is this offensive or discriminatory? Answer 1 or 0."
16250.jpg,1,1,1,"Evaluate the meme’s image and caption together. If it expresses sexist or hateful content, output 1. If not, output 0."
16250.jpg,1,1,1,"Analyze the meme as a whole (image + text). If it contains misogynistic or sexist stereotypes, output 1. If it does not, output 0. Respond with only one character."
16250.jpg,1,0,0,"Using the combination of image and text, decide if the meme promotes hate or discrimination. Reply ONLY with 1 or 0."
16250.jpg,1,1,1,"Classify this meme: 1 = hateful or offensive toward women, 0 = not hateful. Output only the digit."
16250.jpg,1,0,0,"When interpreting the meme’s image and text jointly, does it demean or stereotype women? Answer 1 if yes, 0 if no."
15041.jpg,1,1,1,"Considering the visual and textual content together, is this offensive or discriminatory? Answer 1 or 0."
15041.jpg,1,1,1,"Evaluate the meme’s image and caption together. If it expresses sexist or hateful content, output 1. If not, output 0."
15041.jpg,1,1,1,"Analyze the meme as a whole (image + text). If it contains misogynistic or sexist stereotypes, output 1. If it does not, output 0. Respond with only one character."
15041.jpg,1,1,1,"Using the combination of image and text, decide if the meme promotes hate or discrimination. Reply ONLY with 1 or 0."
15041.jpg,1,1,1,"Classify this meme: 1 = hateful or offensive toward women, 0 = not hateful. Output only the digit."
15041.jpg,1,0,0,"When interpreting the meme’s image and text jointly, does it demean or stereotype women? Answer 1 if yes, 0 if no."
16128.jpg,1,0,0,"Considering the visual and textual content together, is this offensive or discriminatory? Answer 1 or 0."
16128.jpg,1,1,1,"Evaluate the meme’s image and caption together. If it expresses sexist or hateful content, output 1. If not, output 0."
16128.jpg,1,1,1,"Analyze the meme as a whole (image + text). If it contains misogynistic or sexist stereotypes, output 1. If it does not, output 0. Respond with only one character."
16128.jpg,1,0,0,"Using the combination of image and text, decide if the meme promotes hate or discrimination. Reply ONLY with 1 or 0."
16128.jpg,1,1,1,"Classify this meme: 1 = hateful or offensive toward women, 0 = not hateful. Output only the digit."
16128.jpg,1,0,0,"When interpreting the meme’s image and text jointly, does it demean or stereotype women? Answer 1 if yes, 0 if no."
15255.jpg,1,1,1,"Considering the visual and textual content together, is this offensive or discriminatory? Answer 1 or 0."
15255.jpg,1,1,1,"Evaluate the meme’s image and caption together. If it expresses sexist or hateful content, output 1. If not, output 0."
15255.jpg,1,1,1,"Analyze the meme as a whole (image + text). If it contains misogynistic or sexist stereotypes, output 1. If it does not, output 0. Respond with only one character."
15255.jpg,1,0,0,"Using the combination of image and text, decide if the meme promotes hate or discrimination. Reply ONLY with 1 or 0."
15255.jpg,1,1,1,"Classify this meme: 1 = hateful or offensive toward women, 0 = not hateful. Output only the digit."
15255.jpg,1,0,0,"When interpreting the meme’s image and text jointly, does it demean or stereotype women? Answer 1 if yes, 0 if no."
16314.jpg,1,1,1,"Considering the visual and textual content together, is this offensive or discriminatory? Answer 1 or 0."
16314.jpg,1,0,0,"Evaluate the meme’s image and caption together. If it expresses sexist or hateful content, output 1. If not, output 0."
16314.jpg,1,1,1,"Analyze the meme as a whole (image + text). If it contains misogynistic or sexist stereotypes, output 1. If it does not, output 0. Respond with only one character."
16314.jpg,1,1,1,"Using the combination of image and text, decide if the meme promotes hate or discrimination. Reply ONLY with 1 or 0."
16314.jpg,1,1,1,"Classify this meme: 1 = hateful or offensive toward women, 0 = not hateful. Output only the digit."
16314.jpg,1,0,0,"When interpreting the meme’s image and text jointly, does it demean or stereotype women? Answer 1 if yes, 0 if no."
16317.jpg,1,1,1,"Considering the visual and textual content together, is this offensive or discriminatory? Answer 1 or 0."
16317.jpg,1,1,1,"Evaluate the meme’s image and caption together. If it expresses sexist or hateful content, output 1. If not, output 0."
16317.jpg,1,1,1,"Analyze the meme as a whole (image + text). If it contains misogynistic or sexist stereotypes, output 1. If it does not, output 0. Respond with only one character."
16317.jpg,1,1,1,"Using the combination of image and text, decide if the meme promotes hate or discrimination. Reply ONLY with 1 or 0."
16317.jpg,1,1,1,"Classify this meme: 1 = hateful or offensive toward women, 0 = not hateful. Output only the digit."
16317.jpg,1,0,0,"When interpreting the meme’s image and text jointly, does it demean or stereotype women? Answer 1 if yes, 0 if no."
16283.jpg,0,0,0,"Considering the visual and textual content together, is this offensive or discriminatory? Answer 1 or 0."
16283.jpg,0,0,0,"Evaluate the meme’s image and caption together. If it expresses sexist or hateful content, output 1. If not, output 0."
16283.jpg,0,1,1,"Analyze the meme as a whole (image + text). If it contains misogynistic or sexist stereotypes, output 1. If it does not, output 0. Respond with only one character."
16283.jpg,0,0,0,"Using the combination of image and text, decide if the meme promotes hate or discrimination. Reply ONLY with 1 or 0."
16283.jpg,0,1,1,"Classify this meme: 1 = hateful or offensive toward women, 0 = not hateful. Output only the digit."
16283.jpg,0,0,No,"When interpreting the meme’s image and text jointly, does it demean or stereotype women? Answer 1 if yes, 0 if no."
15206.jpg,1,0,0,"Considering the visual and textual content together, is this offensive or discriminatory? Answer 1 or 0."
15206.jpg,1,1,1,"Evaluate the meme’s image and caption together. If it expresses sexist or hateful content, output 1. If not, output 0."
15206.jpg,1,1,1,"Analyze the meme as a whole (image + text). If it contains misogynistic or sexist stereotypes, output 1. If it does not, output 0. Respond with only one character."
15206.jpg,1,1,1,"Using the combination of image and text, decide if the meme promotes hate or discrimination. Reply ONLY with 1 or 0."
15206.jpg,1,1,1,"Classify this meme: 1 = hateful or offensive toward women, 0 = not hateful. Output only the digit."
15206.jpg,1,0,0,"When interpreting the meme’s image and text jointly, does it demean or stereotype women? Answer 1 if yes, 0 if no."
15669.jpg,0,1,1,"Considering the visual and textual content together, is this offensive or discriminatory? Answer 1 or 0."
15669.jpg,0,1,1,"Evaluate the meme’s image and caption together. If it expresses sexist or hateful content, output 1. If not, output 0."
15669.jpg,0,1,1,"Analyze the meme as a whole (image + text). If it contains misogynistic or sexist stereotypes, output 1. If it does not, output 0. Respond with only one character."
15669.jpg,0,0,0,"Using the combination of image and text, decide if the meme promotes hate or discrimination. Reply ONLY with 1 or 0."
15669.jpg,0,1,1,"Classify this meme: 1 = hateful or offensive toward women, 0 = not hateful. Output only the digit."
15669.jpg,0,0,0,"When interpreting the meme’s image and text jointly, does it demean or stereotype women? Answer 1 if yes, 0 if no."
15348.jpg,1,0,0,"Considering the visual and textual content together, is this offensive or discriminatory? Answer 1 or 0."
15348.jpg,1,1,1,"Evaluate the meme’s image and caption together. If it expresses sexist or hateful content, output 1. If not, output 0."
15348.jpg,1,1,1,"Analyze the meme as a whole (image + text). If it contains misogynistic or sexist stereotypes, output 1. If it does not, output 0. Respond with only one character."
15348.jpg,1,1,1,"Using the combination of image and text, decide if the meme promotes hate or discrimination. Reply ONLY with 1 or 0."
15348.jpg,1,1,1,"Classify this meme: 1 = hateful or offensive toward women, 0 = not hateful. Output only the digit."
15348.jpg,1,0,0,"When interpreting the meme’s image and text jointly, does it demean or stereotype women? Answer 1 if yes, 0 if no."
15656.jpg,0,1,1,"Considering the visual and textual content together, is this offensive or discriminatory? Answer 1 or 0."
15656.jpg,0,0,0,"Evaluate the meme’s image and caption together. If it expresses sexist or hateful content, output 1. If not, output 0."
15656.jpg,0,0,0,"Analyze the meme as a whole (image + text). If it contains misogynistic or sexist stereotypes, output 1. If it does not, output 0. Respond with only one character."
15656.jpg,0,0,0,"Using the combination of image and text, decide if the meme promotes hate or discrimination. Reply ONLY with 1 or 0."
15656.jpg,0,1,1,"Classify this meme: 1 = hateful or offensive toward women, 0 = not hateful. Output only the digit."
15656.jpg,0,0,0,"When interpreting the meme’s image and text jointly, does it demean or stereotype women? Answer 1 if yes, 0 if no."
15454.jpg,0,0,0,"Considering the visual and textual content together, is this offensive or discriminatory? Answer 1 or 0."
15454.jpg,0,1,1,"Evaluate the meme’s image and caption together. If it expresses sexist or hateful content, output 1. If not, output 0."
15454.jpg,0,1,1,"Analyze the meme as a whole (image + text). If it contains misogynistic or sexist stereotypes, output 1. If it does not, output 0. Respond with only one character."
15454.jpg,0,1,1,"Using the combination of image and text, decide if the meme promotes hate or discrimination. Reply ONLY with 1 or 0."
15454.jpg,0,1,1,"Classify this meme: 1 = hateful or offensive toward women, 0 = not hateful. Output only the digit."
15454.jpg,0,0,0,"When interpreting the meme’s image and text jointly, does it demean or stereotype women? Answer 1 if yes, 0 if no."
15789.jpg,1,1,1,"Considering the visual and textual content together, is this offensive or discriminatory? Answer 1 or 0."
15789.jpg,1,1,1,"Evaluate the meme’s image and caption together. If it expresses sexist or hateful content, output 1. If not, output 0."
15789.jpg,1,1,1,"Analyze the meme as a whole (image + text). If it contains misogynistic or sexist stereotypes, output 1. If it does not, output 0. Respond with only one character."
15789.jpg,1,1,1,"Using the combination of image and text, decide if the meme promotes hate or discrimination. Reply ONLY with 1 or 0."
15789.jpg,1,1,1,"Classify this meme: 1 = hateful or offensive toward women, 0 = not hateful. Output only the digit."
15789.jpg,1,0,0,"When interpreting the meme’s image and text jointly, does it demean or stereotype women? Answer 1 if yes, 0 if no."
15493.jpg,0,0,0,"Considering the visual and textual content together, is this offensive or discriminatory? Answer 1 or 0."
15493.jpg,0,0,0,"Evaluate the meme’s image and caption together. If it expresses sexist or hateful content, output 1. If not, output 0."
15493.jpg,0,1,1,"Analyze the meme as a whole (image + text). If it contains misogynistic or sexist stereotypes, output 1. If it does not, output 0. Respond with only one character."
15493.jpg,0,0,0,"Using the combination of image and text, decide if the meme promotes hate or discrimination. Reply ONLY with 1 or 0."
15493.jpg,0,1,1,"Classify this meme: 1 = hateful or offensive toward women, 0 = not hateful. Output only the digit."
15493.jpg,0,0,0,"When interpreting the meme’s image and text jointly, does it demean or stereotype women? Answer 1 if yes, 0 if no."
15892.jpg,1,0,0,"Considering the visual and textual content together, is this offensive or discriminatory? Answer 1 or 0."
15892.jpg,1,0,0,"Evaluate the meme’s image and caption together. If it expresses sexist or hateful content, output 1. If not, output 0."
15892.jpg,1,0,0,"Analyze the meme as a whole (image + text). If it contains misogynistic or sexist stereotypes, output 1. If it does not, output 0. Respond with only one character."
15892.jpg,1,0,0,"Using the combination of image and text, decide if the meme promotes hate or discrimination. Reply ONLY with 1 or 0."
15892.jpg,1,1,1,"Classify this meme: 1 = hateful or offensive toward women, 0 = not hateful. Output only the digit."
15892.jpg,1,0,0,"When interpreting the meme’s image and text jointly, does it demean or stereotype women? Answer 1 if yes, 0 if no."
15167.jpg,0,0,0,"Considering the visual and textual content together, is this offensive or discriminatory? Answer 1 or 0."
15167.jpg,0,0,0,"Evaluate the meme’s image and caption together. If it expresses sexist or hateful content, output 1. If not, output 0."
15167.jpg,0,0,0,"Analyze the meme as a whole (image + text). If it contains misogynistic or sexist stereotypes, output 1. If it does not, output 0. Respond with only one character."
15167.jpg,0,0,0,"Using the combination of image and text, decide if the meme promotes hate or discrimination. Reply ONLY with 1 or 0."
15167.jpg,0,0,0,"Classify this meme: 1 = hateful or offensive toward women, 0 = not hateful. Output only the digit."
15167.jpg,0,0,No,"When interpreting the meme’s image and text jointly, does it demean or stereotype women? Answer 1 if yes, 0 if no."
15289.jpg,1,0,0,"Considering the visual and textual content together, is this offensive or discriminatory? Answer 1 or 0."
15289.jpg,1,1,1,"Evaluate the meme’s image and caption together. If it expresses sexist or hateful content, output 1. If not, output 0."
15289.jpg,1,1,1,"Analyze the meme as a whole (image + text). If it contains misogynistic or sexist stereotypes, output 1. If it does not, output 0. Respond with only one character."
15289.jpg,1,0,0,"Using the combination of image and text, decide if the meme promotes hate or discrimination. Reply ONLY with 1 or 0."
15289.jpg,1,1,1,"Classify this meme: 1 = hateful or offensive toward women, 0 = not hateful. Output only the digit."
15289.jpg,1,0,0,"When interpreting the meme’s image and text jointly, does it demean or stereotype women? Answer 1 if yes, 0 if no."
15835.jpg,1,1,1,"Considering the visual and textual content together, is this offensive or discriminatory? Answer 1 or 0."
15835.jpg,1,1,1,"Evaluate the meme’s image and caption together. If it expresses sexist or hateful content, output 1. If not, output 0."
15835.jpg,1,1,1,"Analyze the meme as a whole (image + text). If it contains misogynistic or sexist stereotypes, output 1. If it does not, output 0. Respond with only one character."
15835.jpg,1,1,1,"Using the combination of image and text, decide if the meme promotes hate or discrimination. Reply ONLY with 1 or 0."
15835.jpg,1,1,1,"Classify this meme: 1 = hateful or offensive toward women, 0 = not hateful. Output only the digit."
15835.jpg,1,0,No,"When interpreting the meme’s image and text jointly, does it demean or stereotype women? Answer 1 if yes, 0 if no."
15009.jpg,0,0,0,"Considering the visual and textual content together, is this offensive or discriminatory? Answer 1 or 0."
15009.jpg,0,0,0,"Evaluate the meme’s image and caption together. If it expresses sexist or hateful content, output 1. If not, output 0."
15009.jpg,0,0,0,"Analyze the meme as a whole (image + text). If it contains misogynistic or sexist stereotypes, output 1. If it does not, output 0. Respond with only one character."
15009.jpg,0,0,0,"Using the combination of image and text, decide if the meme promotes hate or discrimination. Reply ONLY with 1 or 0."
15009.jpg,0,0,0,"Classify this meme: 1 = hateful or offensive toward women, 0 = not hateful. Output only the digit."
15009.jpg,0,0,0,"When interpreting the meme’s image and text jointly, does it demean or stereotype women? Answer 1 if yes, 0 if no."
15829.jpg,1,0,0,"Considering the visual and textual content together, is this offensive or discriminatory? Answer 1 or 0."
15829.jpg,1,1,1,"Evaluate the meme’s image and caption together. If it expresses sexist or hateful content, output 1. If not, output 0."
15829.jpg,1,1,1,"Analyze the meme as a whole (image + text). If it contains misogynistic or sexist stereotypes, output 1. If it does not, output 0. Respond with only one character."
15829.jpg,1,0,0,"Using the combination of image and text, decide if the meme promotes hate or discrimination. Reply ONLY with 1 or 0."
15829.jpg,1,1,1,"Classify this meme: 1 = hateful or offensive toward women, 0 = not hateful. Output only the digit."
15829.jpg,1,0,0,"When interpreting the meme’s image and text jointly, does it demean or stereotype women? Answer 1 if yes, 0 if no."
16090.jpg,1,1,1,"Considering the visual and textual content together, is this offensive or discriminatory? Answer 1 or 0."
16090.jpg,1,1,1,"Evaluate the meme’s image and caption together. If it expresses sexist or hateful content, output 1. If not, output 0."
16090.jpg,1,1,1,"Analyze the meme as a whole (image + text). If it contains misogynistic or sexist stereotypes, output 1. If it does not, output 0. Respond with only one character."
16090.jpg,1,0,0,"Using the combination of image and text, decide if the meme promotes hate or discrimination. Reply ONLY with 1 or 0."
16090.jpg,1,1,1,"Classify this meme: 1 = hateful or offensive toward women, 0 = not hateful. Output only the digit."
16090.jpg,1,0,0,"When interpreting the meme’s image and text jointly, does it demean or stereotype women? Answer 1 if yes, 0 if no."
17032.jpg,1,1,1,"Considering the visual and textual content together, is this offensive or discriminatory? Answer 1 or 0."
17032.jpg,1,1,1,"Evaluate the meme’s image and caption together. If it expresses sexist or hateful content, output 1. If not, output 0."
17032.jpg,1,1,1,"Analyze the meme as a whole (image + text). If it contains misogynistic or sexist stereotypes, output 1. If it does not, output 0. Respond with only one character."
17032.jpg,1,1,1,"Using the combination of image and text, decide if the meme promotes hate or discrimination. Reply ONLY with 1 or 0."
17032.jpg,1,1,1,"Classify this meme: 1 = hateful or offensive toward women, 0 = not hateful. Output only the digit."
17032.jpg,1,0,No,"When interpreting the meme’s image and text jointly, does it demean or stereotype women? Answer 1 if yes, 0 if no."
16275.jpg,1,0,0,"Considering the visual and textual content together, is this offensive or discriminatory? Answer 1 or 0."
16275.jpg,1,0,0,"Evaluate the meme’s image and caption together. If it expresses sexist or hateful content, output 1. If not, output 0."
16275.jpg,1,1,1,"Analyze the meme as a whole (image + text). If it contains misogynistic or sexist stereotypes, output 1. If it does not, output 0. Respond with only one character."
16275.jpg,1,0,0,"Using the combination of image and text, decide if the meme promotes hate or discrimination. Reply ONLY with 1 or 0."
16275.jpg,1,1,1,"Classify this meme: 1 = hateful or offensive toward women, 0 = not hateful. Output only the digit."
16275.jpg,1,0,0,"When interpreting the meme’s image and text jointly, does it demean or stereotype women? Answer 1 if yes, 0 if no."
17013.jpg,1,0,0,"Considering the visual and textual content together, is this offensive or discriminatory? Answer 1 or 0."
17013.jpg,1,0,0,"Evaluate the meme’s image and caption together. If it expresses sexist or hateful content, output 1. If not, output 0."
17013.jpg,1,1,1,"Analyze the meme as a whole (image + text). If it contains misogynistic or sexist stereotypes, output 1. If it does not, output 0. Respond with only one character."
17013.jpg,1,0,0,"Using the combination of image and text, decide if the meme promotes hate or discrimination. Reply ONLY with 1 or 0."
17013.jpg,1,1,1,"Classify this meme: 1 = hateful or offensive toward women, 0 = not hateful. Output only the digit."
17013.jpg,1,0,No,"When interpreting the meme’s image and text jointly, does it demean or stereotype women? Answer 1 if yes, 0 if no."
15036.jpg,0,0,0,"Considering the visual and textual content together, is this offensive or discriminatory? Answer 1 or 0."
15036.jpg,0,0,0,"Evaluate the meme’s image and caption together. If it expresses sexist or hateful content, output 1. If not, output 0."
15036.jpg,0,1,1,"Analyze the meme as a whole (image + text). If it contains misogynistic or sexist stereotypes, output 1. If it does not, output 0. Respond with only one character."
15036.jpg,0,0,0,"Using the combination of image and text, decide if the meme promotes hate or discrimination. Reply ONLY with 1 or 0."
15036.jpg,0,1,1,"Classify this meme: 1 = hateful or offensive toward women, 0 = not hateful. Output only the digit."
15036.jpg,0,0,0,"When interpreting the meme’s image and text jointly, does it demean or stereotype women? Answer 1 if yes, 0 if no."
15155.jpg,0,0,0,"Considering the visual and textual content together, is this offensive or discriminatory? Answer 1 or 0."
15155.jpg,0,1,1.,"Evaluate the meme’s image and caption together. If it expresses sexist or hateful content, output 1. If not, output 0."
15155.jpg,0,1,1,"Analyze the meme as a whole (image + text). If it contains misogynistic or sexist stereotypes, output 1. If it does not, output 0. Respond with only one character."
15155.jpg,0,0,0,"Using the combination of image and text, decide if the meme promotes hate or discrimination. Reply ONLY with 1 or 0."
15155.jpg,0,0,0,"Classify this meme: 1 = hateful or offensive toward women, 0 = not hateful. Output only the digit."
15155.jpg,0,0,0,"When interpreting the meme’s image and text jointly, does it demean or stereotype women? Answer 1 if yes, 0 if no."
15045.jpg,0,0,0,"Considering the visual and textual content together, is this offensive or discriminatory? Answer 1 or 0."
15045.jpg,0,0,0,"Evaluate the meme’s image and caption together. If it expresses sexist or hateful content, output 1. If not, output 0."
15045.jpg,0,0,0,"Analyze the meme as a whole (image + text). If it contains misogynistic or sexist stereotypes, output 1. If it does not, output 0. Respond with only one character."
15045.jpg,0,0,0,"Using the combination of image and text, decide if the meme promotes hate or discrimination. Reply ONLY with 1 or 0."
15045.jpg,0,0,0,"Classify this meme: 1 = hateful or offensive toward women, 0 = not hateful. Output only the digit."
15045.jpg,0,0,0,"When interpreting the meme’s image and text jointly, does it demean or stereotype women? Answer 1 if yes, 0 if no."
15522.jpg,0,0,0,"Considering the visual and textual content together, is this offensive or discriminatory? Answer 1 or 0."
15522.jpg,0,1,1,"Evaluate the meme’s image and caption together. If it expresses sexist or hateful content, output 1. If not, output 0."
15522.jpg,0,1,1,"Analyze the meme as a whole (image + text). If it contains misogynistic or sexist stereotypes, output 1. If it does not, output 0. Respond with only one character."
15522.jpg,0,0,0,"Using the combination of image and text, decide if the meme promotes hate or discrimination. Reply ONLY with 1 or 0."
15522.jpg,0,1,1,"Classify this meme: 1 = hateful or offensive toward women, 0 = not hateful. Output only the digit."
15522.jpg,0,0,0,"When interpreting the meme’s image and text jointly, does it demean or stereotype women? Answer 1 if yes, 0 if no."
16289.jpg,0,0,0,"Considering the visual and textual content together, is this offensive or discriminatory? Answer 1 or 0."
16289.jpg,0,0,0,"Evaluate the meme’s image and caption together. If it expresses sexist or hateful content, output 1. If not, output 0."
16289.jpg,0,0,0,"Analyze the meme as a whole (image + text). If it contains misogynistic or sexist stereotypes, output 1. If it does not, output 0. Respond with only one character."
16289.jpg,0,0,0,"Using the combination of image and text, decide if the meme promotes hate or discrimination. Reply ONLY with 1 or 0."
16289.jpg,0,0,0,"Classify this meme: 1 = hateful or offensive toward women, 0 = not hateful. Output only the digit."
16289.jpg,0,0,0,"When interpreting the meme’s image and text jointly, does it demean or stereotype women? Answer 1 if yes, 0 if no."
15648.jpg,1,1,1,"Considering the visual and textual content together, is this offensive or discriminatory? Answer 1 or 0."
15648.jpg,1,1,1,"Evaluate the meme’s image and caption together. If it expresses sexist or hateful content, output 1. If not, output 0."
15648.jpg,1,1,1,"Analyze the meme as a whole (image + text). If it contains misogynistic or sexist stereotypes, output 1. If it does not, output 0. Respond with only one character."
15648.jpg,1,1,1,"Using the combination of image and text, decide if the meme promotes hate or discrimination. Reply ONLY with 1 or 0."
15648.jpg,1,1,1,"Classify this meme: 1 = hateful or offensive toward women, 0 = not hateful. Output only the digit."
15648.jpg,1,0,0,"When interpreting the meme’s image and text jointly, does it demean or stereotype women? Answer 1 if yes, 0 if no."
15067.jpg,1,1,1,"Considering the visual and textual content together, is this offensive or discriminatory? Answer 1 or 0."
15067.jpg,1,1,1,"Evaluate the meme’s image and caption together. If it expresses sexist or hateful content, output 1. If not, output 0."
15067.jpg,1,1,1,"Analyze the meme as a whole (image + text). If it contains misogynistic or sexist stereotypes, output 1. If it does not, output 0. Respond with only one character."
15067.jpg,1,1,1,"Using the combination of image and text, decide if the meme promotes hate or discrimination. Reply ONLY with 1 or 0."
15067.jpg,1,1,1,"Classify this meme: 1 = hateful or offensive toward women, 0 = not hateful. Output only the digit."
15067.jpg,1,0,0,"When interpreting the meme’s image and text jointly, does it demean or stereotype women? Answer 1 if yes, 0 if no."
15860.jpg,0,1,1,"Considering the visual and textual content together, is this offensive or discriminatory? Answer 1 or 0."
15860.jpg,0,1,1,"Evaluate the meme’s image and caption together. If it expresses sexist or hateful content, output 1. If not, output 0."
15860.jpg,0,1,1,"Analyze the meme as a whole (image + text). If it contains misogynistic or sexist stereotypes, output 1. If it does not, output 0. Respond with only one character."
15860.jpg,0,1,1,"Using the combination of image and text, decide if the meme promotes hate or discrimination. Reply ONLY with 1 or 0."
15860.jpg,0,1,1,"Classify this meme: 1 = hateful or offensive toward women, 0 = not hateful. Output only the digit."
15860.jpg,0,0,0,"When interpreting the meme’s image and text jointly, does it demean or stereotype women? Answer 1 if yes, 0 if no."
15747.jpg,1,0,0,"Considering the visual and textual content together, is this offensive or discriminatory? Answer 1 or 0."
15747.jpg,1,0,0,"Evaluate the meme’s image and caption together. If it expresses sexist or hateful content, output 1. If not, output 0."
15747.jpg,1,0,0,"Analyze the meme as a whole (image + text). If it contains misogynistic or sexist stereotypes, output 1. If it does not, output 0. Respond with only one character."
15747.jpg,1,0,0,"Using the combination of image and text, decide if the meme promotes hate or discrimination. Reply ONLY with 1 or 0."
15747.jpg,1,1,1,"Classify this meme: 1 = hateful or offensive toward women, 0 = not hateful. Output only the digit."
15747.jpg,1,0,0,"When interpreting the meme’s image and text jointly, does it demean or stereotype women? Answer 1 if yes, 0 if no."
15924.jpg,1,1,1,"Considering the visual and textual content together, is this offensive or discriminatory? Answer 1 or 0."
15924.jpg,1,1,1,"Evaluate the meme’s image and caption together. If it expresses sexist or hateful content, output 1. If not, output 0."
15924.jpg,1,1,1,"Analyze the meme as a whole (image + text). If it contains misogynistic or sexist stereotypes, output 1. If it does not, output 0. Respond with only one character."
15924.jpg,1,0,0,"Using the combination of image and text, decide if the meme promotes hate or discrimination. Reply ONLY with 1 or 0."
15924.jpg,1,1,1,"Classify this meme: 1 = hateful or offensive toward women, 0 = not hateful. Output only the digit."
15924.jpg,1,0,0,"When interpreting the meme’s image and text jointly, does it demean or stereotype women? Answer 1 if yes, 0 if no."
17026.jpg,0,0,0,"Considering the visual and textual content together, is this offensive or discriminatory? Answer 1 or 0."
17026.jpg,0,0,0,"Evaluate the meme’s image and caption together. If it expresses sexist or hateful content, output 1. If not, output 0."
17026.jpg,0,1,1,"Analyze the meme as a whole (image + text). If it contains misogynistic or sexist stereotypes, output 1. If it does not, output 0. Respond with only one character."
17026.jpg,0,0,0,"Using the combination of image and text, decide if the meme promotes hate or discrimination. Reply ONLY with 1 or 0."
17026.jpg,0,1,1,"Classify this meme: 1 = hateful or offensive toward women, 0 = not hateful. Output only the digit."
17026.jpg,0,0,No,"When interpreting the meme’s image and text jointly, does it demean or stereotype women? Answer 1 if yes, 0 if no."
16073.jpg,1,1,1,"Considering the visual and textual content together, is this offensive or discriminatory? Answer 1 or 0."
16073.jpg,1,1,"The meme's image and caption do not express sexist or hateful content. Therefore, the output is 0.","Evaluate the meme’s image and caption together. If it expresses sexist or hateful content, output 1. If not, output 0."
16073.jpg,1,1,1,"Analyze the meme as a whole (image + text). If it contains misogynistic or sexist stereotypes, output 1. If it does not, output 0. Respond with only one character."
16073.jpg,1,1,1,"Using the combination of image and text, decide if the meme promotes hate or discrimination. Reply ONLY with 1 or 0."
16073.jpg,1,1,1,"Classify this meme: 1 = hateful or offensive toward women, 0 = not hateful. Output only the digit."
16073.jpg,1,0,0,"When interpreting the meme’s image and text jointly, does it demean or stereotype women? Answer 1 if yes, 0 if no."
15138.jpg,0,0,0,"Considering the visual and textual content together, is this offensive or discriminatory? Answer 1 or 0."
15138.jpg,0,1,1,"Evaluate the meme’s image and caption together. If it expresses sexist or hateful content, output 1. If not, output 0."
15138.jpg,0,1,1,"Analyze the meme as a whole (image + text). If it contains misogynistic or sexist stereotypes, output 1. If it does not, output 0. Respond with only one character."
15138.jpg,0,1,1,"Using the combination of image and text, decide if the meme promotes hate or discrimination. Reply ONLY with 1 or 0."
15138.jpg,0,1,1,"Classify this meme: 1 = hateful or offensive toward women, 0 = not hateful. Output only the digit."
15138.jpg,0,0,No,"When interpreting the meme’s image and text jointly, does it demean or stereotype women? Answer 1 if yes, 0 if no."
15925.jpg,1,0,0,"Considering the visual and textual content together, is this offensive or discriminatory? Answer 1 or 0."
15925.jpg,1,1,1,"Evaluate the meme’s image and caption together. If it expresses sexist or hateful content, output 1. If not, output 0."
15925.jpg,1,1,1,"Analyze the meme as a whole (image + text). If it contains misogynistic or sexist stereotypes, output 1. If it does not, output 0. Respond with only one character."
15925.jpg,1,0,0,"Using the combination of image and text, decide if the meme promotes hate or discrimination. Reply ONLY with 1 or 0."
15925.jpg,1,0,0,"Classify this meme: 1 = hateful or offensive toward women, 0 = not hateful. Output only the digit."
15925.jpg,1,0,No,"When interpreting the meme’s image and text jointly, does it demean or stereotype women? Answer 1 if yes, 0 if no."
15621.jpg,0,1,1,"Considering the visual and textual content together, is this offensive or discriminatory? Answer 1 or 0."
15621.jpg,0,0,0,"Evaluate the meme’s image and caption together. If it expresses sexist or hateful content, output 1. If not, output 0."
15621.jpg,0,1,1,"Analyze the meme as a whole (image + text). If it contains misogynistic or sexist stereotypes, output 1. If it does not, output 0. Respond with only one character."
15621.jpg,0,0,0,"Using the combination of image and text, decide if the meme promotes hate or discrimination. Reply ONLY with 1 or 0."
15621.jpg,0,1,1,"Classify this meme: 1 = hateful or offensive toward women, 0 = not hateful. Output only the digit."
15621.jpg,0,0,0,"When interpreting the meme’s image and text jointly, does it demean or stereotype women? Answer 1 if yes, 0 if no."
15293.jpg,1,1,1,"Considering the visual and textual content together, is this offensive or discriminatory? Answer 1 or 0."
15293.jpg,1,1,1,"Evaluate the meme’s image and caption together. If it expresses sexist or hateful content, output 1. If not, output 0."
15293.jpg,1,1,1,"Analyze the meme as a whole (image + text). If it contains misogynistic or sexist stereotypes, output 1. If it does not, output 0. Respond with only one character."
15293.jpg,1,0,0,"Using the combination of image and text, decide if the meme promotes hate or discrimination. Reply ONLY with 1 or 0."
15293.jpg,1,1,1,"Classify this meme: 1 = hateful or offensive toward women, 0 = not hateful. Output only the digit."
15293.jpg,1,0,0,"When interpreting the meme’s image and text jointly, does it demean or stereotype women? Answer 1 if yes, 0 if no."
15813.jpg,1,1,1,"Considering the visual and textual content together, is this offensive or discriminatory? Answer 1 or 0."
15813.jpg,1,0,0,"Evaluate the meme’s image and caption together. If it expresses sexist or hateful content, output 1. If not, output 0."
15813.jpg,1,1,1,"Analyze the meme as a whole (image + text). If it contains misogynistic or sexist stereotypes, output 1. If it does not, output 0. Respond with only one character."
15813.jpg,1,0,0,"Using the combination of image and text, decide if the meme promotes hate or discrimination. Reply ONLY with 1 or 0."
15813.jpg,1,1,1,"Classify this meme: 1 = hateful or offensive toward women, 0 = not hateful. Output only the digit."
15813.jpg,1,0,0,"When interpreting the meme’s image and text jointly, does it demean or stereotype women? Answer 1 if yes, 0 if no."
15433.jpg,1,1,1,"Considering the visual and textual content together, is this offensive or discriminatory? Answer 1 or 0."
15433.jpg,1,1,1,"Evaluate the meme’s image and caption together. If it expresses sexist or hateful content, output 1. If not, output 0."
15433.jpg,1,1,1,"Analyze the meme as a whole (image + text). If it contains misogynistic or sexist stereotypes, output 1. If it does not, output 0. Respond with only one character."
15433.jpg,1,0,0,"Using the combination of image and text, decide if the meme promotes hate or discrimination. Reply ONLY with 1 or 0."
15433.jpg,1,1,1,"Classify this meme: 1 = hateful or offensive toward women, 0 = not hateful. Output only the digit."
15433.jpg,1,0,No.,"When interpreting the meme’s image and text jointly, does it demean or stereotype women? Answer 1 if yes, 0 if no."
16255.jpg,0,0,0,"Considering the visual and textual content together, is this offensive or discriminatory? Answer 1 or 0."
16255.jpg,0,0,0,"Evaluate the meme’s image and caption together. If it expresses sexist or hateful content, output 1. If not, output 0."
16255.jpg,0,1,1,"Analyze the meme as a whole (image + text). If it contains misogynistic or sexist stereotypes, output 1. If it does not, output 0. Respond with only one character."
16255.jpg,0,0,0,"Using the combination of image and text, decide if the meme promotes hate or discrimination. Reply ONLY with 1 or 0."
16255.jpg,0,1,1,"Classify this meme: 1 = hateful or offensive toward women, 0 = not hateful. Output only the digit."
16255.jpg,0,0,No,"When interpreting the meme’s image and text jointly, does it demean or stereotype women? Answer 1 if yes, 0 if no."
15048.jpg,0,1,1,"Considering the visual and textual content together, is this offensive or discriminatory? Answer 1 or 0."
15048.jpg,0,0,0,"Evaluate the meme’s image and caption together. If it expresses sexist or hateful content, output 1. If not, output 0."
15048.jpg,0,1,1,"Analyze the meme as a whole (image + text). If it contains misogynistic or sexist stereotypes, output 1. If it does not, output 0. Respond with only one character."
15048.jpg,0,0,0,"Using the combination of image and text, decide if the meme promotes hate or discrimination. Reply ONLY with 1 or 0."
15048.jpg,0,0,0,"Classify this meme: 1 = hateful or offensive toward women, 0 = not hateful. Output only the digit."
15048.jpg,0,0,No,"When interpreting the meme’s image and text jointly, does it demean or stereotype women? Answer 1 if yes, 0 if no."
15233.jpg,0,1,1,"Considering the visual and textual content together, is this offensive or discriminatory? Answer 1 or 0."
15233.jpg,0,1,1,"Evaluate the meme’s image and caption together. If it expresses sexist or hateful content, output 1. If not, output 0."
15233.jpg,0,1,1,"Analyze the meme as a whole (image + text). If it contains misogynistic or sexist stereotypes, output 1. If it does not, output 0. Respond with only one character."
15233.jpg,0,0,0,"Using the combination of image and text, decide if the meme promotes hate or discrimination. Reply ONLY with 1 or 0."
15233.jpg,0,1,1,"Classify this meme: 1 = hateful or offensive toward women, 0 = not hateful. Output only the digit."
15233.jpg,0,0,0,"When interpreting the meme’s image and text jointly, does it demean or stereotype women? Answer 1 if yes, 0 if no."
16188.jpg,1,1,1,"Considering the visual and textual content together, is this offensive or discriminatory? Answer 1 or 0."
16188.jpg,1,1,1,"Evaluate the meme’s image and caption together. If it expresses sexist or hateful content, output 1. If not, output 0."
16188.jpg,1,1,1,"Analyze the meme as a whole (image + text). If it contains misogynistic or sexist stereotypes, output 1. If it does not, output 0. Respond with only one character."
16188.jpg,1,0,0,"Using the combination of image and text, decide if the meme promotes hate or discrimination. Reply ONLY with 1 or 0."
16188.jpg,1,1,1,"Classify this meme: 1 = hateful or offensive toward women, 0 = not hateful. Output only the digit."
16188.jpg,1,0,No,"When interpreting the meme’s image and text jointly, does it demean or stereotype women? Answer 1 if yes, 0 if no."
15515.jpg,1,0,0,"Considering the visual and textual content together, is this offensive or discriminatory? Answer 1 or 0."
15515.jpg,1,1,1,"Evaluate the meme’s image and caption together. If it expresses sexist or hateful content, output 1. If not, output 0."
15515.jpg,1,1,1,"Analyze the meme as a whole (image + text). If it contains misogynistic or sexist stereotypes, output 1. If it does not, output 0. Respond with only one character."
15515.jpg,1,0,0,"Using the combination of image and text, decide if the meme promotes hate or discrimination. Reply ONLY with 1 or 0."
15515.jpg,1,1,1,"Classify this meme: 1 = hateful or offensive toward women, 0 = not hateful. Output only the digit."
15515.jpg,1,0,0,"When interpreting the meme’s image and text jointly, does it demean or stereotype women? Answer 1 if yes, 0 if no."
15198.jpg,0,0,0,"Considering the visual and textual content together, is this offensive or discriminatory? Answer 1 or 0."
15198.jpg,0,0,0,"Evaluate the meme’s image and caption together. If it expresses sexist or hateful content, output 1. If not, output 0."
15198.jpg,0,1,1,"Analyze the meme as a whole (image + text). If it contains misogynistic or sexist stereotypes, output 1. If it does not, output 0. Respond with only one character."
15198.jpg,0,0,0,"Using the combination of image and text, decide if the meme promotes hate or discrimination. Reply ONLY with 1 or 0."
15198.jpg,0,0,0,"Classify this meme: 1 = hateful or offensive toward women, 0 = not hateful. Output only the digit."
15198.jpg,0,0,0,"When interpreting the meme’s image and text jointly, does it demean or stereotype women? Answer 1 if yes, 0 if no."
15145.jpg,0,1,1,"Considering the visual and textual content together, is this offensive or discriminatory? Answer 1 or 0."
15145.jpg,0,1,1,"Evaluate the meme’s image and caption together. If it expresses sexist or hateful content, output 1. If not, output 0."
15145.jpg,0,1,1,"Analyze the meme as a whole (image + text). If it contains misogynistic or sexist stereotypes, output 1. If it does not, output 0. Respond with only one character."
15145.jpg,0,0,0,"Using the combination of image and text, decide if the meme promotes hate or discrimination. Reply ONLY with 1 or 0."
15145.jpg,0,1,1,"Classify this meme: 1 = hateful or offensive toward women, 0 = not hateful. Output only the digit."
15145.jpg,0,0,No,"When interpreting the meme’s image and text jointly, does it demean or stereotype women? Answer 1 if yes, 0 if no."
15852.jpg,0,1,1,"Considering the visual and textual content together, is this offensive or discriminatory? Answer 1 or 0."
15852.jpg,0,1,1,"Evaluate the meme’s image and caption together. If it expresses sexist or hateful content, output 1. If not, output 0."
15852.jpg,0,1,1,"Analyze the meme as a whole (image + text). If it contains misogynistic or sexist stereotypes, output 1. If it does not, output 0. Respond with only one character."
15852.jpg,0,1,1,"Using the combination of image and text, decide if the meme promotes hate or discrimination. Reply ONLY with 1 or 0."
15852.jpg,0,1,1,"Classify this meme: 1 = hateful or offensive toward women, 0 = not hateful. Output only the digit."
15852.jpg,0,0,0,"When interpreting the meme’s image and text jointly, does it demean or stereotype women? Answer 1 if yes, 0 if no."
15311.jpg,0,0,0,"Considering the visual and textual content together, is this offensive or discriminatory? Answer 1 or 0."
15311.jpg,0,0,0,"Evaluate the meme’s image and caption together. If it expresses sexist or hateful content, output 1. If not, output 0."
15311.jpg,0,0,0,"Analyze the meme as a whole (image + text). If it contains misogynistic or sexist stereotypes, output 1. If it does not, output 0. Respond with only one character."
15311.jpg,0,0,0,"Using the combination of image and text, decide if the meme promotes hate or discrimination. Reply ONLY with 1 or 0."
15311.jpg,0,1,1,"Classify this meme: 1 = hateful or offensive toward women, 0 = not hateful. Output only the digit."
15311.jpg,0,0,0,"When interpreting the meme’s image and text jointly, does it demean or stereotype women? Answer 1 if yes, 0 if no."
15930.jpg,1,1,1,"Considering the visual and textual content together, is this offensive or discriminatory? Answer 1 or 0."
15930.jpg,1,1,1,"Evaluate the meme’s image and caption together. If it expresses sexist or hateful content, output 1. If not, output 0."
15930.jpg,1,1,1,"Analyze the meme as a whole (image + text). If it contains misogynistic or sexist stereotypes, output 1. If it does not, output 0. Respond with only one character."
15930.jpg,1,0,0,"Using the combination of image and text, decide if the meme promotes hate or discrimination. Reply ONLY with 1 or 0."
15930.jpg,1,1,1,"Classify this meme: 1 = hateful or offensive toward women, 0 = not hateful. Output only the digit."
15930.jpg,1,0,0,"When interpreting the meme’s image and text jointly, does it demean or stereotype women? Answer 1 if yes, 0 if no."
15677.jpg,1,1,1,"Considering the visual and textual content together, is this offensive or discriminatory? Answer 1 or 0."
15677.jpg,1,1,1,"Evaluate the meme’s image and caption together. If it expresses sexist or hateful content, output 1. If not, output 0."
15677.jpg,1,1,1,"Analyze the meme as a whole (image + text). If it contains misogynistic or sexist stereotypes, output 1. If it does not, output 0. Respond with only one character."
15677.jpg,1,0,0,"Using the combination of image and text, decide if the meme promotes hate or discrimination. Reply ONLY with 1 or 0."
15677.jpg,1,1,1,"Classify this meme: 1 = hateful or offensive toward women, 0 = not hateful. Output only the digit."
15677.jpg,1,0,0,"When interpreting the meme’s image and text jointly, does it demean or stereotype women? Answer 1 if yes, 0 if no."
15650.jpg,0,0,0,"Considering the visual and textual content together, is this offensive or discriminatory? Answer 1 or 0."
15650.jpg,0,0,0,"Evaluate the meme’s image and caption together. If it expresses sexist or hateful content, output 1. If not, output 0."
15650.jpg,0,1,1,"Analyze the meme as a whole (image + text). If it contains misogynistic or sexist stereotypes, output 1. If it does not, output 0. Respond with only one character."
15650.jpg,0,0,0,"Using the combination of image and text, decide if the meme promotes hate or discrimination. Reply ONLY with 1 or 0."
15650.jpg,0,1,1,"Classify this meme: 1 = hateful or offensive toward women, 0 = not hateful. Output only the digit."
15650.jpg,0,0,0,"When interpreting the meme’s image and text jointly, does it demean or stereotype women? Answer 1 if yes, 0 if no."
15683.jpg,0,0,0,"Considering the visual and textual content together, is this offensive or discriminatory? Answer 1 or 0."
15683.jpg,0,0,0,"Evaluate the meme’s image and caption together. If it expresses sexist or hateful content, output 1. If not, output 0."
15683.jpg,0,0,0,"Analyze the meme as a whole (image + text). If it contains misogynistic or sexist stereotypes, output 1. If it does not, output 0. Respond with only one character."
15683.jpg,0,0,0,"Using the combination of image and text, decide if the meme promotes hate or discrimination. Reply ONLY with 1 or 0."
15683.jpg,0,1,1,"Classify this meme: 1 = hateful or offensive toward women, 0 = not hateful. Output only the digit."
15683.jpg,0,0,0,"When interpreting the meme’s image and text jointly, does it demean or stereotype women? Answer 1 if yes, 0 if no."
15875.jpg,1,0,0,"Considering the visual and textual content together, is this offensive or discriminatory? Answer 1 or 0."
15875.jpg,1,0,0,"Evaluate the meme’s image and caption together. If it expresses sexist or hateful content, output 1. If not, output 0."
15875.jpg,1,1,1,"Analyze the meme as a whole (image + text). If it contains misogynistic or sexist stereotypes, output 1. If it does not, output 0. Respond with only one character."
15875.jpg,1,0,0,"Using the combination of image and text, decide if the meme promotes hate or discrimination. Reply ONLY with 1 or 0."
15875.jpg,1,1,1,"Classify this meme: 1 = hateful or offensive toward women, 0 = not hateful. Output only the digit."
15875.jpg,1,0,0,"When interpreting the meme’s image and text jointly, does it demean or stereotype women? Answer 1 if yes, 0 if no."
15904.jpg,0,0,0,"Considering the visual and textual content together, is this offensive or discriminatory? Answer 1 or 0."
15904.jpg,0,0,0,"Evaluate the meme’s image and caption together. If it expresses sexist or hateful content, output 1. If not, output 0."
15904.jpg,0,0,0,"Analyze the meme as a whole (image + text). If it contains misogynistic or sexist stereotypes, output 1. If it does not, output 0. Respond with only one character."
15904.jpg,0,0,0,"Using the combination of image and text, decide if the meme promotes hate or discrimination. Reply ONLY with 1 or 0."
15904.jpg,0,0,0,"Classify this meme: 1 = hateful or offensive toward women, 0 = not hateful. Output only the digit."
15904.jpg,0,0,No,"When interpreting the meme’s image and text jointly, does it demean or stereotype women? Answer 1 if yes, 0 if no."
15926.jpg,1,0,0,"Considering the visual and textual content together, is this offensive or discriminatory? Answer 1 or 0."
15926.jpg,1,0,0,"Evaluate the meme’s image and caption together. If it expresses sexist or hateful content, output 1. If not, output 0."
15926.jpg,1,0,0,"Analyze the meme as a whole (image + text). If it contains misogynistic or sexist stereotypes, output 1. If it does not, output 0. Respond with only one character."
15926.jpg,1,0,0,"Using the combination of image and text, decide if the meme promotes hate or discrimination. Reply ONLY with 1 or 0."
15926.jpg,1,1,1,"Classify this meme: 1 = hateful or offensive toward women, 0 = not hateful. Output only the digit."
15926.jpg,1,0,0,"When interpreting the meme’s image and text jointly, does it demean or stereotype women? Answer 1 if yes, 0 if no."
15691.jpg,0,0,0,"Considering the visual and textual content together, is this offensive or discriminatory? Answer 1 or 0."
15691.jpg,0,0,0,"Evaluate the meme’s image and caption together. If it expresses sexist or hateful content, output 1. If not, output 0."
15691.jpg,0,1,1,"Analyze the meme as a whole (image + text). If it contains misogynistic or sexist stereotypes, output 1. If it does not, output 0. Respond with only one character."
15691.jpg,0,0,0,"Using the combination of image and text, decide if the meme promotes hate or discrimination. Reply ONLY with 1 or 0."
15691.jpg,0,1,1,"Classify this meme: 1 = hateful or offensive toward women, 0 = not hateful. Output only the digit."
15691.jpg,0,0,No,"When interpreting the meme’s image and text jointly, does it demean or stereotype women? Answer 1 if yes, 0 if no."
15002.jpg,0,0,0,"Considering the visual and textual content together, is this offensive or discriminatory? Answer 1 or 0."
15002.jpg,0,1,1,"Evaluate the meme’s image and caption together. If it expresses sexist or hateful content, output 1. If not, output 0."
15002.jpg,0,1,1,"Analyze the meme as a whole (image + text). If it contains misogynistic or sexist stereotypes, output 1. If it does not, output 0. Respond with only one character."
15002.jpg,0,0,0,"Using the combination of image and text, decide if the meme promotes hate or discrimination. Reply ONLY with 1 or 0."
15002.jpg,0,0,0,"Classify this meme: 1 = hateful or offensive toward women, 0 = not hateful. Output only the digit."
15002.jpg,0,0,0,"When interpreting the meme’s image and text jointly, does it demean or stereotype women? Answer 1 if yes, 0 if no."
15219.jpg,0,0,0,"Considering the visual and textual content together, is this offensive or discriminatory? Answer 1 or 0."
15219.jpg,0,0,0,"Evaluate the meme’s image and caption together. If it expresses sexist or hateful content, output 1. If not, output 0."
15219.jpg,0,1,1,"Analyze the meme as a whole (image + text). If it contains misogynistic or sexist stereotypes, output 1. If it does not, output 0. Respond with only one character."
15219.jpg,0,0,0,"Using the combination of image and text, decide if the meme promotes hate or discrimination. Reply ONLY with 1 or 0."
15219.jpg,0,0,0,"Classify this meme: 1 = hateful or offensive toward women, 0 = not hateful. Output only the digit."
15219.jpg,0,0,No,"When interpreting the meme’s image and text jointly, does it demean or stereotype women? Answer 1 if yes, 0 if no."
16305.jpg,1,0,0,"Considering the visual and textual content together, is this offensive or discriminatory? Answer 1 or 0."
16305.jpg,1,1,1,"Evaluate the meme’s image and caption together. If it expresses sexist or hateful content, output 1. If not, output 0."
16305.jpg,1,1,1,"Analyze the meme as a whole (image + text). If it contains misogynistic or sexist stereotypes, output 1. If it does not, output 0. Respond with only one character."
16305.jpg,1,0,0,"Using the combination of image and text, decide if the meme promotes hate or discrimination. Reply ONLY with 1 or 0."
16305.jpg,1,0,0,"Classify this meme: 1 = hateful or offensive toward women, 0 = not hateful. Output only the digit."
16305.jpg,1,0,0,"When interpreting the meme’s image and text jointly, does it demean or stereotype women? Answer 1 if yes, 0 if no."
16198.jpg,1,0,0,"Considering the visual and textual content together, is this offensive or discriminatory? Answer 1 or 0."
16198.jpg,1,1,1,"Evaluate the meme’s image and caption together. If it expresses sexist or hateful content, output 1. If not, output 0."
16198.jpg,1,1,1,"Analyze the meme as a whole (image + text). If it contains misogynistic or sexist stereotypes, output 1. If it does not, output 0. Respond with only one character."
16198.jpg,1,0,0,"Using the combination of image and text, decide if the meme promotes hate or discrimination. Reply ONLY with 1 or 0."
16198.jpg,1,1,1,"Classify this meme: 1 = hateful or offensive toward women, 0 = not hateful. Output only the digit."
16198.jpg,1,0,0,"When interpreting the meme’s image and text jointly, does it demean or stereotype women? Answer 1 if yes, 0 if no."
15981.jpg,1,1,1,"Considering the visual and textual content together, is this offensive or discriminatory? Answer 1 or 0."
15981.jpg,1,1,1,"Evaluate the meme’s image and caption together. If it expresses sexist or hateful content, output 1. If not, output 0."
15981.jpg,1,1,1,"Analyze the meme as a whole (image + text). If it contains misogynistic or sexist stereotypes, output 1. If it does not, output 0. Respond with only one character."
15981.jpg,1,0,0,"Using the combination of image and text, decide if the meme promotes hate or discrimination. Reply ONLY with 1 or 0."
15981.jpg,1,1,1,"Classify this meme: 1 = hateful or offensive toward women, 0 = not hateful. Output only the digit."
15981.jpg,1,0,No,"When interpreting the meme’s image and text jointly, does it demean or stereotype women? Answer 1 if yes, 0 if no."
15645.jpg,1,0,0,"Considering the visual and textual content together, is this offensive or discriminatory? Answer 1 or 0."
15645.jpg,1,1,1,"Evaluate the meme’s image and caption together. If it expresses sexist or hateful content, output 1. If not, output 0."
15645.jpg,1,1,1,"Analyze the meme as a whole (image + text). If it contains misogynistic or sexist stereotypes, output 1. If it does not, output 0. Respond with only one character."
15645.jpg,1,0,0,"Using the combination of image and text, decide if the meme promotes hate or discrimination. Reply ONLY with 1 or 0."
15645.jpg,1,1,1,"Classify this meme: 1 = hateful or offensive toward women, 0 = not hateful. Output only the digit."
15645.jpg,1,0,No,"When interpreting the meme’s image and text jointly, does it demean or stereotype women? Answer 1 if yes, 0 if no."
15869.jpg,1,1,1,"Considering the visual and textual content together, is this offensive or discriminatory? Answer 1 or 0."
15869.jpg,1,1,1,"Evaluate the meme’s image and caption together. If it expresses sexist or hateful content, output 1. If not, output 0."
15869.jpg,1,1,1,"Analyze the meme as a whole (image + text). If it contains misogynistic or sexist stereotypes, output 1. If it does not, output 0. Respond with only one character."
15869.jpg,1,1,1,"Using the combination of image and text, decide if the meme promotes hate or discrimination. Reply ONLY with 1 or 0."
15869.jpg,1,1,1,"Classify this meme: 1 = hateful or offensive toward women, 0 = not hateful. Output only the digit."
15869.jpg,1,0,0,"When interpreting the meme’s image and text jointly, does it demean or stereotype women? Answer 1 if yes, 0 if no."
16156.jpg,1,1,1,"Considering the visual and textual content together, is this offensive or discriminatory? Answer 1 or 0."
16156.jpg,1,1,1,"Evaluate the meme’s image and caption together. If it expresses sexist or hateful content, output 1. If not, output 0."
16156.jpg,1,1,1,"Analyze the meme as a whole (image + text). If it contains misogynistic or sexist stereotypes, output 1. If it does not, output 0. Respond with only one character."
16156.jpg,1,1,1,"Using the combination of image and text, decide if the meme promotes hate or discrimination. Reply ONLY with 1 or 0."
16156.jpg,1,1,1,"Classify this meme: 1 = hateful or offensive toward women, 0 = not hateful. Output only the digit."
16156.jpg,1,0,0,"When interpreting the meme’s image and text jointly, does it demean or stereotype women? Answer 1 if yes, 0 if no."
15546.jpg,0,1,1,"Considering the visual and textual content together, is this offensive or discriminatory? Answer 1 or 0."
15546.jpg,0,1,1,"Evaluate the meme’s image and caption together. If it expresses sexist or hateful content, output 1. If not, output 0."
15546.jpg,0,1,1,"Analyze the meme as a whole (image + text). If it contains misogynistic or sexist stereotypes, output 1. If it does not, output 0. Respond with only one character."
15546.jpg,0,1,1,"Using the combination of image and text, decide if the meme promotes hate or discrimination. Reply ONLY with 1 or 0."
15546.jpg,0,1,1,"Classify this meme: 1 = hateful or offensive toward women, 0 = not hateful. Output only the digit."
15546.jpg,0,0,0,"When interpreting the meme’s image and text jointly, does it demean or stereotype women? Answer 1 if yes, 0 if no."
15528.jpg,1,1,1,"Considering the visual and textual content together, is this offensive or discriminatory? Answer 1 or 0."
15528.jpg,1,1,1,"Evaluate the meme’s image and caption together. If it expresses sexist or hateful content, output 1. If not, output 0."
15528.jpg,1,1,1,"Analyze the meme as a whole (image + text). If it contains misogynistic or sexist stereotypes, output 1. If it does not, output 0. Respond with only one character."
15528.jpg,1,0,0,"Using the combination of image and text, decide if the meme promotes hate or discrimination. Reply ONLY with 1 or 0."
15528.jpg,1,1,1,"Classify this meme: 1 = hateful or offensive toward women, 0 = not hateful. Output only the digit."
15528.jpg,1,0,No,"When interpreting the meme’s image and text jointly, does it demean or stereotype women? Answer 1 if yes, 0 if no."
15018.jpg,0,0,0,"Considering the visual and textual content together, is this offensive or discriminatory? Answer 1 or 0."
15018.jpg,0,1,1,"Evaluate the meme’s image and caption together. If it expresses sexist or hateful content, output 1. If not, output 0."
15018.jpg,0,1,1,"Analyze the meme as a whole (image + text). If it contains misogynistic or sexist stereotypes, output 1. If it does not, output 0. Respond with only one character."
15018.jpg,0,0,0,"Using the combination of image and text, decide if the meme promotes hate or discrimination. Reply ONLY with 1 or 0."
15018.jpg,0,1,1,"Classify this meme: 1 = hateful or offensive toward women, 0 = not hateful. Output only the digit."
15018.jpg,0,0,0,"When interpreting the meme’s image and text jointly, does it demean or stereotype women? Answer 1 if yes, 0 if no."
15843.jpg,0,1,1,"Considering the visual and textual content together, is this offensive or discriminatory? Answer 1 or 0."
15843.jpg,0,0,0,"Evaluate the meme’s image and caption together. If it expresses sexist or hateful content, output 1. If not, output 0."
15843.jpg,0,1,1,"Analyze the meme as a whole (image + text). If it contains misogynistic or sexist stereotypes, output 1. If it does not, output 0. Respond with only one character."
15843.jpg,0,0,0,"Using the combination of image and text, decide if the meme promotes hate or discrimination. Reply ONLY with 1 or 0."
15843.jpg,0,0,0,"Classify this meme: 1 = hateful or offensive toward women, 0 = not hateful. Output only the digit."
15843.jpg,0,0,No,"When interpreting the meme’s image and text jointly, does it demean or stereotype women? Answer 1 if yes, 0 if no."
16098.jpg,0,1,1,"Considering the visual and textual content together, is this offensive or discriminatory? Answer 1 or 0."
16098.jpg,0,0,0,"Evaluate the meme’s image and caption together. If it expresses sexist or hateful content, output 1. If not, output 0."
16098.jpg,0,1,1,"Analyze the meme as a whole (image + text). If it contains misogynistic or sexist stereotypes, output 1. If it does not, output 0. Respond with only one character."
16098.jpg,0,0,0,"Using the combination of image and text, decide if the meme promotes hate or discrimination. Reply ONLY with 1 or 0."
16098.jpg,0,1,1,"Classify this meme: 1 = hateful or offensive toward women, 0 = not hateful. Output only the digit."
16098.jpg,0,0,No,"When interpreting the meme’s image and text jointly, does it demean or stereotype women? Answer 1 if yes, 0 if no."
15777.jpg,1,1,1,"Considering the visual and textual content together, is this offensive or discriminatory? Answer 1 or 0."
15777.jpg,1,0,0,"Evaluate the meme’s image and caption together. If it expresses sexist or hateful content, output 1. If not, output 0."
15777.jpg,1,1,1,"Analyze the meme as a whole (image + text). If it contains misogynistic or sexist stereotypes, output 1. If it does not, output 0. Respond with only one character."
15777.jpg,1,1,1,"Using the combination of image and text, decide if the meme promotes hate or discrimination. Reply ONLY with 1 or 0."
15777.jpg,1,1,1,"Classify this meme: 1 = hateful or offensive toward women, 0 = not hateful. Output only the digit."
15777.jpg,1,0,0,"When interpreting the meme’s image and text jointly, does it demean or stereotype women? Answer 1 if yes, 0 if no."
15093.jpg,0,1,1,"Considering the visual and textual content together, is this offensive or discriminatory? Answer 1 or 0."
15093.jpg,0,0,0,"Evaluate the meme’s image and caption together. If it expresses sexist or hateful content, output 1. If not, output 0."
15093.jpg,0,1,1,"Analyze the meme as a whole (image + text). If it contains misogynistic or sexist stereotypes, output 1. If it does not, output 0. Respond with only one character."
15093.jpg,0,0,0,"Using the combination of image and text, decide if the meme promotes hate or discrimination. Reply ONLY with 1 or 0."
15093.jpg,0,1,1,"Classify this meme: 1 = hateful or offensive toward women, 0 = not hateful. Output only the digit."
15093.jpg,0,0,0,"When interpreting the meme’s image and text jointly, does it demean or stereotype women? Answer 1 if yes, 0 if no."
15068.jpg,0,0,0,"Considering the visual and textual content together, is this offensive or discriminatory? Answer 1 or 0."
15068.jpg,0,0,0,"Evaluate the meme’s image and caption together. If it expresses sexist or hateful content, output 1. If not, output 0."
15068.jpg,0,1,1,"Analyze the meme as a whole (image + text). If it contains misogynistic or sexist stereotypes, output 1. If it does not, output 0. Respond with only one character."
15068.jpg,0,0,0,"Using the combination of image and text, decide if the meme promotes hate or discrimination. Reply ONLY with 1 or 0."
15068.jpg,0,1,1,"Classify this meme: 1 = hateful or offensive toward women, 0 = not hateful. Output only the digit."
15068.jpg,0,0,0,"When interpreting the meme’s image and text jointly, does it demean or stereotype women? Answer 1 if yes, 0 if no."
15424.jpg,1,1,1,"Considering the visual and textual content together, is this offensive or discriminatory? Answer 1 or 0."
15424.jpg,1,1,1,"Evaluate the meme’s image and caption together. If it expresses sexist or hateful content, output 1. If not, output 0."
15424.jpg,1,1,1,"Analyze the meme as a whole (image + text). If it contains misogynistic or sexist stereotypes, output 1. If it does not, output 0. Respond with only one character."
15424.jpg,1,1,1,"Using the combination of image and text, decide if the meme promotes hate or discrimination. Reply ONLY with 1 or 0."
15424.jpg,1,1,1,"Classify this meme: 1 = hateful or offensive toward women, 0 = not hateful. Output only the digit."
15424.jpg,1,0,No,"When interpreting the meme’s image and text jointly, does it demean or stereotype women? Answer 1 if yes, 0 if no."
17078.jpg,0,0,0,"Considering the visual and textual content together, is this offensive or discriminatory? Answer 1 or 0."
17078.jpg,0,0,0,"Evaluate the meme’s image and caption together. If it expresses sexist or hateful content, output 1. If not, output 0."
17078.jpg,0,0,0,"Analyze the meme as a whole (image + text). If it contains misogynistic or sexist stereotypes, output 1. If it does not, output 0. Respond with only one character."
17078.jpg,0,0,0,"Using the combination of image and text, decide if the meme promotes hate or discrimination. Reply ONLY with 1 or 0."
17078.jpg,0,0,0,"Classify this meme: 1 = hateful or offensive toward women, 0 = not hateful. Output only the digit."
17078.jpg,0,0,No,"When interpreting the meme’s image and text jointly, does it demean or stereotype women? Answer 1 if yes, 0 if no."
16050.jpg,1,0,0,"Considering the visual and textual content together, is this offensive or discriminatory? Answer 1 or 0."
16050.jpg,1,0,0,"Evaluate the meme’s image and caption together. If it expresses sexist or hateful content, output 1. If not, output 0."
16050.jpg,1,0,0,"Analyze the meme as a whole (image + text). If it contains misogynistic or sexist stereotypes, output 1. If it does not, output 0. Respond with only one character."
16050.jpg,1,0,0,"Using the combination of image and text, decide if the meme promotes hate or discrimination. Reply ONLY with 1 or 0."
16050.jpg,1,0,0,"Classify this meme: 1 = hateful or offensive toward women, 0 = not hateful. Output only the digit."
16050.jpg,1,0,0,"When interpreting the meme’s image and text jointly, does it demean or stereotype women? Answer 1 if yes, 0 if no."
15006.jpg,0,0,0,"Considering the visual and textual content together, is this offensive or discriminatory? Answer 1 or 0."
15006.jpg,0,0,0,"Evaluate the meme’s image and caption together. If it expresses sexist or hateful content, output 1. If not, output 0."
15006.jpg,0,1,1,"Analyze the meme as a whole (image + text). If it contains misogynistic or sexist stereotypes, output 1. If it does not, output 0. Respond with only one character."
15006.jpg,0,0,0,"Using the combination of image and text, decide if the meme promotes hate or discrimination. Reply ONLY with 1 or 0."
15006.jpg,0,0,0,"Classify this meme: 1 = hateful or offensive toward women, 0 = not hateful. Output only the digit."
15006.jpg,0,0,0,"When interpreting the meme’s image and text jointly, does it demean or stereotype women? Answer 1 if yes, 0 if no."
15449.jpg,1,1,1,"Considering the visual and textual content together, is this offensive or discriminatory? Answer 1 or 0."
15449.jpg,1,1,1,"Evaluate the meme’s image and caption together. If it expresses sexist or hateful content, output 1. If not, output 0."
15449.jpg,1,1,1,"Analyze the meme as a whole (image + text). If it contains misogynistic or sexist stereotypes, output 1. If it does not, output 0. Respond with only one character."
15449.jpg,1,1,1,"Using the combination of image and text, decide if the meme promotes hate or discrimination. Reply ONLY with 1 or 0."
15449.jpg,1,1,1,"Classify this meme: 1 = hateful or offensive toward women, 0 = not hateful. Output only the digit."
15449.jpg,1,0,0,"When interpreting the meme’s image and text jointly, does it demean or stereotype women? Answer 1 if yes, 0 if no."
15959.jpg,0,1,1,"Considering the visual and textual content together, is this offensive or discriminatory? Answer 1 or 0."
15959.jpg,0,1,1,"Evaluate the meme’s image and caption together. If it expresses sexist or hateful content, output 1. If not, output 0."
15959.jpg,0,1,1,"Analyze the meme as a whole (image + text). If it contains misogynistic or sexist stereotypes, output 1. If it does not, output 0. Respond with only one character."
15959.jpg,0,0,0,"Using the combination of image and text, decide if the meme promotes hate or discrimination. Reply ONLY with 1 or 0."
15959.jpg,0,1,1,"Classify this meme: 1 = hateful or offensive toward women, 0 = not hateful. Output only the digit."
15959.jpg,0,0,No,"When interpreting the meme’s image and text jointly, does it demean or stereotype women? Answer 1 if yes, 0 if no."
16033.jpg,1,0,0,"Considering the visual and textual content together, is this offensive or discriminatory? Answer 1 or 0."
16033.jpg,1,0,0,"Evaluate the meme’s image and caption together. If it expresses sexist or hateful content, output 1. If not, output 0."
16033.jpg,1,0,0,"Analyze the meme as a whole (image + text). If it contains misogynistic or sexist stereotypes, output 1. If it does not, output 0. Respond with only one character."
16033.jpg,1,0,0,"Using the combination of image and text, decide if the meme promotes hate or discrimination. Reply ONLY with 1 or 0."
16033.jpg,1,1,1,"Classify this meme: 1 = hateful or offensive toward women, 0 = not hateful. Output only the digit."
16033.jpg,1,0,No.,"When interpreting the meme’s image and text jointly, does it demean or stereotype women? Answer 1 if yes, 0 if no."
16105.jpg,0,1,1,"Considering the visual and textual content together, is this offensive or discriminatory? Answer 1 or 0."
16105.jpg,0,0,0,"Evaluate the meme’s image and caption together. If it expresses sexist or hateful content, output 1. If not, output 0."
16105.jpg,0,1,1,"Analyze the meme as a whole (image + text). If it contains misogynistic or sexist stereotypes, output 1. If it does not, output 0. Respond with only one character."
16105.jpg,0,0,0,"Using the combination of image and text, decide if the meme promotes hate or discrimination. Reply ONLY with 1 or 0."
16105.jpg,0,1,1,"Classify this meme: 1 = hateful or offensive toward women, 0 = not hateful. Output only the digit."
16105.jpg,0,0,No,"When interpreting the meme’s image and text jointly, does it demean or stereotype women? Answer 1 if yes, 0 if no."
15551.jpg,1,1,1,"Considering the visual and textual content together, is this offensive or discriminatory? Answer 1 or 0."
15551.jpg,1,1,1,"Evaluate the meme’s image and caption together. If it expresses sexist or hateful content, output 1. If not, output 0."
15551.jpg,1,1,1,"Analyze the meme as a whole (image + text). If it contains misogynistic or sexist stereotypes, output 1. If it does not, output 0. Respond with only one character."
15551.jpg,1,0,0,"Using the combination of image and text, decide if the meme promotes hate or discrimination. Reply ONLY with 1 or 0."
15551.jpg,1,1,1,"Classify this meme: 1 = hateful or offensive toward women, 0 = not hateful. Output only the digit."
15551.jpg,1,0,0,"When interpreting the meme’s image and text jointly, does it demean or stereotype women? Answer 1 if yes, 0 if no."
15707.jpg,1,0,0,"Considering the visual and textual content together, is this offensive or discriminatory? Answer 1 or 0."
15707.jpg,1,0,0,"Evaluate the meme’s image and caption together. If it expresses sexist or hateful content, output 1. If not, output 0."
15707.jpg,1,1,1,"Analyze the meme as a whole (image + text). If it contains misogynistic or sexist stereotypes, output 1. If it does not, output 0. Respond with only one character."
15707.jpg,1,0,0,"Using the combination of image and text, decide if the meme promotes hate or discrimination. Reply ONLY with 1 or 0."
15707.jpg,1,1,1,"Classify this meme: 1 = hateful or offensive toward women, 0 = not hateful. Output only the digit."
15707.jpg,1,0,0,"When interpreting the meme’s image and text jointly, does it demean or stereotype women? Answer 1 if yes, 0 if no."
15928.jpg,1,1,1,"Considering the visual and textual content together, is this offensive or discriminatory? Answer 1 or 0."
15928.jpg,1,0,0,"Evaluate the meme’s image and caption together. If it expresses sexist or hateful content, output 1. If not, output 0."
15928.jpg,1,1,1,"Analyze the meme as a whole (image + text). If it contains misogynistic or sexist stereotypes, output 1. If it does not, output 0. Respond with only one character."
15928.jpg,1,1,1,"Using the combination of image and text, decide if the meme promotes hate or discrimination. Reply ONLY with 1 or 0."
15928.jpg,1,1,1,"Classify this meme: 1 = hateful or offensive toward women, 0 = not hateful. Output only the digit."
15928.jpg,1,0,0,"When interpreting the meme’s image and text jointly, does it demean or stereotype women? Answer 1 if yes, 0 if no."
16175.jpg,0,0,0,"Considering the visual and textual content together, is this offensive or discriminatory? Answer 1 or 0."
16175.jpg,0,0,0,"Evaluate the meme’s image and caption together. If it expresses sexist or hateful content, output 1. If not, output 0."
16175.jpg,0,1,1,"Analyze the meme as a whole (image + text). If it contains misogynistic or sexist stereotypes, output 1. If it does not, output 0. Respond with only one character."
16175.jpg,0,0,0,"Using the combination of image and text, decide if the meme promotes hate or discrimination. Reply ONLY with 1 or 0."
16175.jpg,0,0,0,"Classify this meme: 1 = hateful or offensive toward women, 0 = not hateful. Output only the digit."
16175.jpg,0,0,0,"When interpreting the meme’s image and text jointly, does it demean or stereotype women? Answer 1 if yes, 0 if no."
15110.jpg,1,1,1,"Considering the visual and textual content together, is this offensive or discriminatory? Answer 1 or 0."
15110.jpg,1,0,0,"Evaluate the meme’s image and caption together. If it expresses sexist or hateful content, output 1. If not, output 0."
15110.jpg,1,1,1,"Analyze the meme as a whole (image + text). If it contains misogynistic or sexist stereotypes, output 1. If it does not, output 0. Respond with only one character."
15110.jpg,1,0,0,"Using the combination of image and text, decide if the meme promotes hate or discrimination. Reply ONLY with 1 or 0."
15110.jpg,1,1,1,"Classify this meme: 1 = hateful or offensive toward women, 0 = not hateful. Output only the digit."
15110.jpg,1,0,No,"When interpreting the meme’s image and text jointly, does it demean or stereotype women? Answer 1 if yes, 0 if no."
15986.jpg,1,1,1,"Considering the visual and textual content together, is this offensive or discriminatory? Answer 1 or 0."
15986.jpg,1,1,1,"Evaluate the meme’s image and caption together. If it expresses sexist or hateful content, output 1. If not, output 0."
15986.jpg,1,1,1,"Analyze the meme as a whole (image + text). If it contains misogynistic or sexist stereotypes, output 1. If it does not, output 0. Respond with only one character."
15986.jpg,1,1,1,"Using the combination of image and text, decide if the meme promotes hate or discrimination. Reply ONLY with 1 or 0."
15986.jpg,1,1,1,"Classify this meme: 1 = hateful or offensive toward women, 0 = not hateful. Output only the digit."
15986.jpg,1,0,0,"When interpreting the meme’s image and text jointly, does it demean or stereotype women? Answer 1 if yes, 0 if no."
15129.jpg,1,0,0,"Considering the visual and textual content together, is this offensive or discriminatory? Answer 1 or 0."
15129.jpg,1,-1,"The meme's image features an overweight woman sitting on a bed, with the caption ""Save the whales and harpoon a fat chick."" The caption is in poor taste and contains sexist and fat-shaming content. Therefore, the meme expresses sexist and","Evaluate the meme’s image and caption together. If it expresses sexist or hateful content, output 1. If not, output 0."
15129.jpg,1,1,1,"Analyze the meme as a whole (image + text). If it contains misogynistic or sexist stereotypes, output 1. If it does not, output 0. Respond with only one character."
15129.jpg,1,1,1,"Using the combination of image and text, decide if the meme promotes hate or discrimination. Reply ONLY with 1 or 0."
15129.jpg,1,1,1,"Classify this meme: 1 = hateful or offensive toward women, 0 = not hateful. Output only the digit."
15129.jpg,1,0,0,"When interpreting the meme’s image and text jointly, does it demean or stereotype women? Answer 1 if yes, 0 if no."
15259.jpg,0,1,1,"Considering the visual and textual content together, is this offensive or discriminatory? Answer 1 or 0."
15259.jpg,0,1,1,"Evaluate the meme’s image and caption together. If it expresses sexist or hateful content, output 1. If not, output 0."
15259.jpg,0,1,1,"Analyze the meme as a whole (image + text). If it contains misogynistic or sexist stereotypes, output 1. If it does not, output 0. Respond with only one character."
15259.jpg,0,1,1,"Using the combination of image and text, decide if the meme promotes hate or discrimination. Reply ONLY with 1 or 0."
15259.jpg,0,1,1,"Classify this meme: 1 = hateful or offensive toward women, 0 = not hateful. Output only the digit."
15259.jpg,0,0,0,"When interpreting the meme’s image and text jointly, does it demean or stereotype women? Answer 1 if yes, 0 if no."
16063.jpg,1,1,1,"Considering the visual and textual content together, is this offensive or discriminatory? Answer 1 or 0."
16063.jpg,1,1,1,"Evaluate the meme’s image and caption together. If it expresses sexist or hateful content, output 1. If not, output 0."
16063.jpg,1,1,1,"Analyze the meme as a whole (image + text). If it contains misogynistic or sexist stereotypes, output 1. If it does not, output 0. Respond with only one character."
16063.jpg,1,0,0,"Using the combination of image and text, decide if the meme promotes hate or discrimination. Reply ONLY with 1 or 0."
16063.jpg,1,1,1,"Classify this meme: 1 = hateful or offensive toward women, 0 = not hateful. Output only the digit."
16063.jpg,1,0,No,"When interpreting the meme’s image and text jointly, does it demean or stereotype women? Answer 1 if yes, 0 if no."
16208.jpg,1,1,1,"Considering the visual and textual content together, is this offensive or discriminatory? Answer 1 or 0."
16208.jpg,1,1,1,"Evaluate the meme’s image and caption together. If it expresses sexist or hateful content, output 1. If not, output 0."
16208.jpg,1,1,1,"Analyze the meme as a whole (image + text). If it contains misogynistic or sexist stereotypes, output 1. If it does not, output 0. Respond with only one character."
16208.jpg,1,0,0,"Using the combination of image and text, decide if the meme promotes hate or discrimination. Reply ONLY with 1 or 0."
16208.jpg,1,1,1,"Classify this meme: 1 = hateful or offensive toward women, 0 = not hateful. Output only the digit."
16208.jpg,1,0,0,"When interpreting the meme’s image and text jointly, does it demean or stereotype women? Answer 1 if yes, 0 if no."
15335.jpg,0,0,0,"Considering the visual and textual content together, is this offensive or discriminatory? Answer 1 or 0."
15335.jpg,0,0,0,"Evaluate the meme’s image and caption together. If it expresses sexist or hateful content, output 1. If not, output 0."
15335.jpg,0,1,1,"Analyze the meme as a whole (image + text). If it contains misogynistic or sexist stereotypes, output 1. If it does not, output 0. Respond with only one character."
15335.jpg,0,0,0,"Using the combination of image and text, decide if the meme promotes hate or discrimination. Reply ONLY with 1 or 0."
15335.jpg,0,1,1,"Classify this meme: 1 = hateful or offensive toward women, 0 = not hateful. Output only the digit."
15335.jpg,0,0,0,"When interpreting the meme’s image and text jointly, does it demean or stereotype women? Answer 1 if yes, 0 if no."
15790.jpg,1,0,0,"Considering the visual and textual content together, is this offensive or discriminatory? Answer 1 or 0."
15790.jpg,1,1,1,"Evaluate the meme’s image and caption together. If it expresses sexist or hateful content, output 1. If not, output 0."
15790.jpg,1,1,1,"Analyze the meme as a whole (image + text). If it contains misogynistic or sexist stereotypes, output 1. If it does not, output 0. Respond with only one character."
15790.jpg,1,0,0,"Using the combination of image and text, decide if the meme promotes hate or discrimination. Reply ONLY with 1 or 0."
15790.jpg,1,1,1,"Classify this meme: 1 = hateful or offensive toward women, 0 = not hateful. Output only the digit."
15790.jpg,1,0,0,"When interpreting the meme’s image and text jointly, does it demean or stereotype women? Answer 1 if yes, 0 if no."
15044.jpg,0,0,0,"Considering the visual and textual content together, is this offensive or discriminatory? Answer 1 or 0."
15044.jpg,0,1,1,"Evaluate the meme’s image and caption together. If it expresses sexist or hateful content, output 1. If not, output 0."
15044.jpg,0,1,1,"Analyze the meme as a whole (image + text). If it contains misogynistic or sexist stereotypes, output 1. If it does not, output 0. Respond with only one character."
15044.jpg,0,0,0,"Using the combination of image and text, decide if the meme promotes hate or discrimination. Reply ONLY with 1 or 0."
15044.jpg,0,1,1,"Classify this meme: 1 = hateful or offensive toward women, 0 = not hateful. Output only the digit."
15044.jpg,0,0,0,"When interpreting the meme’s image and text jointly, does it demean or stereotype women? Answer 1 if yes, 0 if no."
17031.jpg,1,1,1,"Considering the visual and textual content together, is this offensive or discriminatory? Answer 1 or 0."
17031.jpg,1,1,1,"Evaluate the meme’s image and caption together. If it expresses sexist or hateful content, output 1. If not, output 0."
17031.jpg,1,1,1,"Analyze the meme as a whole (image + text). If it contains misogynistic or sexist stereotypes, output 1. If it does not, output 0. Respond with only one character."
17031.jpg,1,1,1,"Using the combination of image and text, decide if the meme promotes hate or discrimination. Reply ONLY with 1 or 0."
17031.jpg,1,1,1,"Classify this meme: 1 = hateful or offensive toward women, 0 = not hateful. Output only the digit."
17031.jpg,1,0,No,"When interpreting the meme’s image and text jointly, does it demean or stereotype women? Answer 1 if yes, 0 if no."
15719.jpg,0,0,0,"Considering the visual and textual content together, is this offensive or discriminatory? Answer 1 or 0."
15719.jpg,0,0,0,"Evaluate the meme’s image and caption together. If it expresses sexist or hateful content, output 1. If not, output 0."
15719.jpg,0,1,1,"Analyze the meme as a whole (image + text). If it contains misogynistic or sexist stereotypes, output 1. If it does not, output 0. Respond with only one character."
15719.jpg,0,0,0,"Using the combination of image and text, decide if the meme promotes hate or discrimination. Reply ONLY with 1 or 0."
15719.jpg,0,0,0,"Classify this meme: 1 = hateful or offensive toward women, 0 = not hateful. Output only the digit."
15719.jpg,0,0,No,"When interpreting the meme’s image and text jointly, does it demean or stereotype women? Answer 1 if yes, 0 if no."
15162.jpg,0,0,0,"Considering the visual and textual content together, is this offensive or discriminatory? Answer 1 or 0."
15162.jpg,0,0,0,"Evaluate the meme’s image and caption together. If it expresses sexist or hateful content, output 1. If not, output 0."
15162.jpg,0,1,1,"Analyze the meme as a whole (image + text). If it contains misogynistic or sexist stereotypes, output 1. If it does not, output 0. Respond with only one character."
15162.jpg,0,0,0,"Using the combination of image and text, decide if the meme promotes hate or discrimination. Reply ONLY with 1 or 0."
15162.jpg,0,1,1,"Classify this meme: 1 = hateful or offensive toward women, 0 = not hateful. Output only the digit."
15162.jpg,0,0,0,"When interpreting the meme’s image and text jointly, does it demean or stereotype women? Answer 1 if yes, 0 if no."
15490.jpg,1,1,1,"Considering the visual and textual content together, is this offensive or discriminatory? Answer 1 or 0."
15490.jpg,1,-1,"The meme's image shows a woman tied up in ropes, and the caption reads ""HEY JUST MET YOU! AND THIS IS CRAZY! BUT I'M A SLAVEGIRL! SO COLLAR ME MAYBE?"" This content can be","Evaluate the meme’s image and caption together. If it expresses sexist or hateful content, output 1. If not, output 0."
15490.jpg,1,1,1,"Analyze the meme as a whole (image + text). If it contains misogynistic or sexist stereotypes, output 1. If it does not, output 0. Respond with only one character."
15490.jpg,1,0,0,"Using the combination of image and text, decide if the meme promotes hate or discrimination. Reply ONLY with 1 or 0."
15490.jpg,1,1,1,"Classify this meme: 1 = hateful or offensive toward women, 0 = not hateful. Output only the digit."
15490.jpg,1,0,0,"When interpreting the meme’s image and text jointly, does it demean or stereotype women? Answer 1 if yes, 0 if no."
15346.jpg,1,1,1,"Considering the visual and textual content together, is this offensive or discriminatory? Answer 1 or 0."
15346.jpg,1,1,1,"Evaluate the meme’s image and caption together. If it expresses sexist or hateful content, output 1. If not, output 0."
15346.jpg,1,1,1,"Analyze the meme as a whole (image + text). If it contains misogynistic or sexist stereotypes, output 1. If it does not, output 0. Respond with only one character."
15346.jpg,1,0,0,"Using the combination of image and text, decide if the meme promotes hate or discrimination. Reply ONLY with 1 or 0."
15346.jpg,1,1,1,"Classify this meme: 1 = hateful or offensive toward women, 0 = not hateful. Output only the digit."
15346.jpg,1,0,0,"When interpreting the meme’s image and text jointly, does it demean or stereotype women? Answer 1 if yes, 0 if no."
16095.jpg,1,1,1,"Considering the visual and textual content together, is this offensive or discriminatory? Answer 1 or 0."
16095.jpg,1,1,1,"Evaluate the meme’s image and caption together. If it expresses sexist or hateful content, output 1. If not, output 0."
16095.jpg,1,1,1,"Analyze the meme as a whole (image + text). If it contains misogynistic or sexist stereotypes, output 1. If it does not, output 0. Respond with only one character."
16095.jpg,1,0,0,"Using the combination of image and text, decide if the meme promotes hate or discrimination. Reply ONLY with 1 or 0."
16095.jpg,1,1,1,"Classify this meme: 1 = hateful or offensive toward women, 0 = not hateful. Output only the digit."
16095.jpg,1,0,0,"When interpreting the meme’s image and text jointly, does it demean or stereotype women? Answer 1 if yes, 0 if no."
15285.jpg,0,0,0,"Considering the visual and textual content together, is this offensive or discriminatory? Answer 1 or 0."
15285.jpg,0,0,0,"Evaluate the meme’s image and caption together. If it expresses sexist or hateful content, output 1. If not, output 0."
15285.jpg,0,1,1,"Analyze the meme as a whole (image + text). If it contains misogynistic or sexist stereotypes, output 1. If it does not, output 0. Respond with only one character."
15285.jpg,0,0,0,"Using the combination of image and text, decide if the meme promotes hate or discrimination. Reply ONLY with 1 or 0."
15285.jpg,0,1,1,"Classify this meme: 1 = hateful or offensive toward women, 0 = not hateful. Output only the digit."
15285.jpg,0,0,0,"When interpreting the meme’s image and text jointly, does it demean or stereotype women? Answer 1 if yes, 0 if no."
16103.jpg,0,0,0,"Considering the visual and textual content together, is this offensive or discriminatory? Answer 1 or 0."
16103.jpg,0,0,0,"Evaluate the meme’s image and caption together. If it expresses sexist or hateful content, output 1. If not, output 0."
16103.jpg,0,0,0,"Analyze the meme as a whole (image + text). If it contains misogynistic or sexist stereotypes, output 1. If it does not, output 0. Respond with only one character."
16103.jpg,0,0,0,"Using the combination of image and text, decide if the meme promotes hate or discrimination. Reply ONLY with 1 or 0."
16103.jpg,0,0,0,"Classify this meme: 1 = hateful or offensive toward women, 0 = not hateful. Output only the digit."
16103.jpg,0,0,No,"When interpreting the meme’s image and text jointly, does it demean or stereotype women? Answer 1 if yes, 0 if no."
17050.jpg,1,0,0,"Considering the visual and textual content together, is this offensive or discriminatory? Answer 1 or 0."
17050.jpg,1,-1,"The meme's image shows a cheerleader in a compromising position with a male wrestler, and the caption reads ""joined cheerleading, lost virginity."" This could be interpreted as objectifying and sexist, as it makes light of the idea that joining","Evaluate the meme’s image and caption together. If it expresses sexist or hateful content, output 1. If not, output 0."
17050.jpg,1,1,1,"Analyze the meme as a whole (image + text). If it contains misogynistic or sexist stereotypes, output 1. If it does not, output 0. Respond with only one character."
17050.jpg,1,0,0,"Using the combination of image and text, decide if the meme promotes hate or discrimination. Reply ONLY with 1 or 0."
17050.jpg,1,1,1,"Classify this meme: 1 = hateful or offensive toward women, 0 = not hateful. Output only the digit."
17050.jpg,1,0,0,"When interpreting the meme’s image and text jointly, does it demean or stereotype women? Answer 1 if yes, 0 if no."
15782.jpg,1,1,1,"Considering the visual and textual content together, is this offensive or discriminatory? Answer 1 or 0."
15782.jpg,1,1,1,"Evaluate the meme’s image and caption together. If it expresses sexist or hateful content, output 1. If not, output 0."
15782.jpg,1,1,1,"Analyze the meme as a whole (image + text). If it contains misogynistic or sexist stereotypes, output 1. If it does not, output 0. Respond with only one character."
15782.jpg,1,1,1,"Using the combination of image and text, decide if the meme promotes hate or discrimination. Reply ONLY with 1 or 0."
15782.jpg,1,1,1,"Classify this meme: 1 = hateful or offensive toward women, 0 = not hateful. Output only the digit."
15782.jpg,1,0,0,"When interpreting the meme’s image and text jointly, does it demean or stereotype women? Answer 1 if yes, 0 if no."
16134.jpg,1,1,1,"Considering the visual and textual content together, is this offensive or discriminatory? Answer 1 or 0."
16134.jpg,1,1,1,"Evaluate the meme’s image and caption together. If it expresses sexist or hateful content, output 1. If not, output 0."
16134.jpg,1,1,1,"Analyze the meme as a whole (image + text). If it contains misogynistic or sexist stereotypes, output 1. If it does not, output 0. Respond with only one character."
16134.jpg,1,0,0,"Using the combination of image and text, decide if the meme promotes hate or discrimination. Reply ONLY with 1 or 0."
16134.jpg,1,1,1,"Classify this meme: 1 = hateful or offensive toward women, 0 = not hateful. Output only the digit."
16134.jpg,1,0,0,"When interpreting the meme’s image and text jointly, does it demean or stereotype women? Answer 1 if yes, 0 if no."
15864.jpg,1,1,1,"Considering the visual and textual content together, is this offensive or discriminatory? Answer 1 or 0."
15864.jpg,1,1,1,"Evaluate the meme’s image and caption together. If it expresses sexist or hateful content, output 1. If not, output 0."
15864.jpg,1,1,1,"Analyze the meme as a whole (image + text). If it contains misogynistic or sexist stereotypes, output 1. If it does not, output 0. Respond with only one character."
15864.jpg,1,1,1,"Using the combination of image and text, decide if the meme promotes hate or discrimination. Reply ONLY with 1 or 0."
15864.jpg,1,1,1,"Classify this meme: 1 = hateful or offensive toward women, 0 = not hateful. Output only the digit."
15864.jpg,1,1,Yes,"When interpreting the meme’s image and text jointly, does it demean or stereotype women? Answer 1 if yes, 0 if no."
17058.jpg,1,0,0,"Considering the visual and textual content together, is this offensive or discriminatory? Answer 1 or 0."
17058.jpg,1,1,"The meme's image and caption do not express sexist or hateful content. Therefore, the output is 0.","Evaluate the meme’s image and caption together. If it expresses sexist or hateful content, output 1. If not, output 0."
17058.jpg,1,1,1,"Analyze the meme as a whole (image + text). If it contains misogynistic or sexist stereotypes, output 1. If it does not, output 0. Respond with only one character."
17058.jpg,1,0,0,"Using the combination of image and text, decide if the meme promotes hate or discrimination. Reply ONLY with 1 or 0."
17058.jpg,1,1,1,"Classify this meme: 1 = hateful or offensive toward women, 0 = not hateful. Output only the digit."
17058.jpg,1,0,0,"When interpreting the meme’s image and text jointly, does it demean or stereotype women? Answer 1 if yes, 0 if no."
16153.jpg,1,0,0,"Considering the visual and textual content together, is this offensive or discriminatory? Answer 1 or 0."
16153.jpg,1,1,1,"Evaluate the meme’s image and caption together. If it expresses sexist or hateful content, output 1. If not, output 0."
16153.jpg,1,1,1,"Analyze the meme as a whole (image + text). If it contains misogynistic or sexist stereotypes, output 1. If it does not, output 0. Respond with only one character."
16153.jpg,1,0,0,"Using the combination of image and text, decide if the meme promotes hate or discrimination. Reply ONLY with 1 or 0."
16153.jpg,1,1,1,"Classify this meme: 1 = hateful or offensive toward women, 0 = not hateful. Output only the digit."
16153.jpg,1,0,No,"When interpreting the meme’s image and text jointly, does it demean or stereotype women? Answer 1 if yes, 0 if no."
15544.jpg,0,0,0,"Considering the visual and textual content together, is this offensive or discriminatory? Answer 1 or 0."
15544.jpg,0,1,1,"Evaluate the meme’s image and caption together. If it expresses sexist or hateful content, output 1. If not, output 0."
15544.jpg,0,1,1,"Analyze the meme as a whole (image + text). If it contains misogynistic or sexist stereotypes, output 1. If it does not, output 0. Respond with only one character."
15544.jpg,0,1,1,"Using the combination of image and text, decide if the meme promotes hate or discrimination. Reply ONLY with 1 or 0."
15544.jpg,0,1,1,"Classify this meme: 1 = hateful or offensive toward women, 0 = not hateful. Output only the digit."
15544.jpg,0,0,0,"When interpreting the meme’s image and text jointly, does it demean or stereotype women? Answer 1 if yes, 0 if no."
16101.jpg,0,1,1,"Considering the visual and textual content together, is this offensive or discriminatory? Answer 1 or 0."
16101.jpg,0,1,1,"Evaluate the meme’s image and caption together. If it expresses sexist or hateful content, output 1. If not, output 0."
16101.jpg,0,1,1,"Analyze the meme as a whole (image + text). If it contains misogynistic or sexist stereotypes, output 1. If it does not, output 0. Respond with only one character."
16101.jpg,0,1,1,"Using the combination of image and text, decide if the meme promotes hate or discrimination. Reply ONLY with 1 or 0."
16101.jpg,0,1,1,"Classify this meme: 1 = hateful or offensive toward women, 0 = not hateful. Output only the digit."
16101.jpg,0,0,0,"When interpreting the meme’s image and text jointly, does it demean or stereotype women? Answer 1 if yes, 0 if no."
16012.jpg,0,0,0,"Considering the visual and textual content together, is this offensive or discriminatory? Answer 1 or 0."
16012.jpg,0,0,0,"Evaluate the meme’s image and caption together. If it expresses sexist or hateful content, output 1. If not, output 0."
16012.jpg,0,0,0,"Analyze the meme as a whole (image + text). If it contains misogynistic or sexist stereotypes, output 1. If it does not, output 0. Respond with only one character."
16012.jpg,0,0,0,"Using the combination of image and text, decide if the meme promotes hate or discrimination. Reply ONLY with 1 or 0."
16012.jpg,0,1,1,"Classify this meme: 1 = hateful or offensive toward women, 0 = not hateful. Output only the digit."
16012.jpg,0,0,No,"When interpreting the meme’s image and text jointly, does it demean or stereotype women? Answer 1 if yes, 0 if no."
15146.jpg,1,1,1,"Considering the visual and textual content together, is this offensive or discriminatory? Answer 1 or 0."
15146.jpg,1,1,1,"Evaluate the meme’s image and caption together. If it expresses sexist or hateful content, output 1. If not, output 0."
15146.jpg,1,1,1,"Analyze the meme as a whole (image + text). If it contains misogynistic or sexist stereotypes, output 1. If it does not, output 0. Respond with only one character."
15146.jpg,1,1,1,"Using the combination of image and text, decide if the meme promotes hate or discrimination. Reply ONLY with 1 or 0."
15146.jpg,1,1,1,"Classify this meme: 1 = hateful or offensive toward women, 0 = not hateful. Output only the digit."
15146.jpg,1,0,0,"When interpreting the meme’s image and text jointly, does it demean or stereotype women? Answer 1 if yes, 0 if no."
15767.jpg,0,0,0,"Considering the visual and textual content together, is this offensive or discriminatory? Answer 1 or 0."
15767.jpg,0,0,0,"Evaluate the meme’s image and caption together. If it expresses sexist or hateful content, output 1. If not, output 0."
15767.jpg,0,0,0,"Analyze the meme as a whole (image + text). If it contains misogynistic or sexist stereotypes, output 1. If it does not, output 0. Respond with only one character."
15767.jpg,0,0,0,"Using the combination of image and text, decide if the meme promotes hate or discrimination. Reply ONLY with 1 or 0."
15767.jpg,0,1,1,"Classify this meme: 1 = hateful or offensive toward women, 0 = not hateful. Output only the digit."
15767.jpg,0,0,No,"When interpreting the meme’s image and text jointly, does it demean or stereotype women? Answer 1 if yes, 0 if no."
16162.jpg,1,1,1,"Considering the visual and textual content together, is this offensive or discriminatory? Answer 1 or 0."
16162.jpg,1,1,1,"Evaluate the meme’s image and caption together. If it expresses sexist or hateful content, output 1. If not, output 0."
16162.jpg,1,1,1,"Analyze the meme as a whole (image + text). If it contains misogynistic or sexist stereotypes, output 1. If it does not, output 0. Respond with only one character."
16162.jpg,1,1,1,"Using the combination of image and text, decide if the meme promotes hate or discrimination. Reply ONLY with 1 or 0."
16162.jpg,1,1,1,"Classify this meme: 1 = hateful or offensive toward women, 0 = not hateful. Output only the digit."
16162.jpg,1,1,Yes,"When interpreting the meme’s image and text jointly, does it demean or stereotype women? Answer 1 if yes, 0 if no."
15624.jpg,1,0,0,"Considering the visual and textual content together, is this offensive or discriminatory? Answer 1 or 0."
15624.jpg,1,0,0,"Evaluate the meme’s image and caption together. If it expresses sexist or hateful content, output 1. If not, output 0."
15624.jpg,1,1,1,"Analyze the meme as a whole (image + text). If it contains misogynistic or sexist stereotypes, output 1. If it does not, output 0. Respond with only one character."
15624.jpg,1,0,0,"Using the combination of image and text, decide if the meme promotes hate or discrimination. Reply ONLY with 1 or 0."
15624.jpg,1,1,1,"Classify this meme: 1 = hateful or offensive toward women, 0 = not hateful. Output only the digit."
15624.jpg,1,0,No,"When interpreting the meme’s image and text jointly, does it demean or stereotype women? Answer 1 if yes, 0 if no."
15753.jpg,1,1,1,"Considering the visual and textual content together, is this offensive or discriminatory? Answer 1 or 0."
15753.jpg,1,1,1,"Evaluate the meme’s image and caption together. If it expresses sexist or hateful content, output 1. If not, output 0."
15753.jpg,1,1,1,"Analyze the meme as a whole (image + text). If it contains misogynistic or sexist stereotypes, output 1. If it does not, output 0. Respond with only one character."
15753.jpg,1,1,1,"Using the combination of image and text, decide if the meme promotes hate or discrimination. Reply ONLY with 1 or 0."
15753.jpg,1,1,1,"Classify this meme: 1 = hateful or offensive toward women, 0 = not hateful. Output only the digit."
15753.jpg,1,1,Yes,"When interpreting the meme’s image and text jointly, does it demean or stereotype women? Answer 1 if yes, 0 if no."
16120.jpg,1,1,1,"Considering the visual and textual content together, is this offensive or discriminatory? Answer 1 or 0."
16120.jpg,1,1,1,"Evaluate the meme’s image and caption together. If it expresses sexist or hateful content, output 1. If not, output 0."
16120.jpg,1,1,1,"Analyze the meme as a whole (image + text). If it contains misogynistic or sexist stereotypes, output 1. If it does not, output 0. Respond with only one character."
16120.jpg,1,1,1,"Using the combination of image and text, decide if the meme promotes hate or discrimination. Reply ONLY with 1 or 0."
16120.jpg,1,1,1,"Classify this meme: 1 = hateful or offensive toward women, 0 = not hateful. Output only the digit."
16120.jpg,1,0,No,"When interpreting the meme’s image and text jointly, does it demean or stereotype women? Answer 1 if yes, 0 if no."
15902.jpg,1,1,1,"Considering the visual and textual content together, is this offensive or discriminatory? Answer 1 or 0."
15902.jpg,1,0,0,"Evaluate the meme’s image and caption together. If it expresses sexist or hateful content, output 1. If not, output 0."
15902.jpg,1,1,1,"Analyze the meme as a whole (image + text). If it contains misogynistic or sexist stereotypes, output 1. If it does not, output 0. Respond with only one character."
15902.jpg,1,0,0,"Using the combination of image and text, decide if the meme promotes hate or discrimination. Reply ONLY with 1 or 0."
15902.jpg,1,1,1,"Classify this meme: 1 = hateful or offensive toward women, 0 = not hateful. Output only the digit."
15902.jpg,1,0,0,"When interpreting the meme’s image and text jointly, does it demean or stereotype women? Answer 1 if yes, 0 if no."
16282.jpg,1,1,1,"Considering the visual and textual content together, is this offensive or discriminatory? Answer 1 or 0."
16282.jpg,1,1,1,"Evaluate the meme’s image and caption together. If it expresses sexist or hateful content, output 1. If not, output 0."
16282.jpg,1,1,1,"Analyze the meme as a whole (image + text). If it contains misogynistic or sexist stereotypes, output 1. If it does not, output 0. Respond with only one character."
16282.jpg,1,1,1,"Using the combination of image and text, decide if the meme promotes hate or discrimination. Reply ONLY with 1 or 0."
16282.jpg,1,1,1,"Classify this meme: 1 = hateful or offensive toward women, 0 = not hateful. Output only the digit."
16282.jpg,1,0,0,"When interpreting the meme’s image and text jointly, does it demean or stereotype women? Answer 1 if yes, 0 if no."
15693.jpg,0,0,0,"Considering the visual and textual content together, is this offensive or discriminatory? Answer 1 or 0."
15693.jpg,0,1,1,"Evaluate the meme’s image and caption together. If it expresses sexist or hateful content, output 1. If not, output 0."
15693.jpg,0,1,1,"Analyze the meme as a whole (image + text). If it contains misogynistic or sexist stereotypes, output 1. If it does not, output 0. Respond with only one character."
15693.jpg,0,0,0,"Using the combination of image and text, decide if the meme promotes hate or discrimination. Reply ONLY with 1 or 0."
15693.jpg,0,1,1,"Classify this meme: 1 = hateful or offensive toward women, 0 = not hateful. Output only the digit."
15693.jpg,0,0,0,"When interpreting the meme’s image and text jointly, does it demean or stereotype women? Answer 1 if yes, 0 if no."
16183.jpg,1,1,1,"Considering the visual and textual content together, is this offensive or discriminatory? Answer 1 or 0."
16183.jpg,1,1,1,"Evaluate the meme’s image and caption together. If it expresses sexist or hateful content, output 1. If not, output 0."
16183.jpg,1,1,1,"Analyze the meme as a whole (image + text). If it contains misogynistic or sexist stereotypes, output 1. If it does not, output 0. Respond with only one character."
16183.jpg,1,0,0,"Using the combination of image and text, decide if the meme promotes hate or discrimination. Reply ONLY with 1 or 0."
16183.jpg,1,1,1,"Classify this meme: 1 = hateful or offensive toward women, 0 = not hateful. Output only the digit."
16183.jpg,1,0,0,"When interpreting the meme’s image and text jointly, does it demean or stereotype women? Answer 1 if yes, 0 if no."
17006.jpg,1,1,1,"Considering the visual and textual content together, is this offensive or discriminatory? Answer 1 or 0."
17006.jpg,1,1,1,"Evaluate the meme’s image and caption together. If it expresses sexist or hateful content, output 1. If not, output 0."
17006.jpg,1,1,1,"Analyze the meme as a whole (image + text). If it contains misogynistic or sexist stereotypes, output 1. If it does not, output 0. Respond with only one character."
17006.jpg,1,0,0,"Using the combination of image and text, decide if the meme promotes hate or discrimination. Reply ONLY with 1 or 0."
17006.jpg,1,1,1,"Classify this meme: 1 = hateful or offensive toward women, 0 = not hateful. Output only the digit."
17006.jpg,1,0,0,"When interpreting the meme’s image and text jointly, does it demean or stereotype women? Answer 1 if yes, 0 if no."
15321.jpg,1,1,1,"Considering the visual and textual content together, is this offensive or discriminatory? Answer 1 or 0."
15321.jpg,1,1,1,"Evaluate the meme’s image and caption together. If it expresses sexist or hateful content, output 1. If not, output 0."
15321.jpg,1,1,1,"Analyze the meme as a whole (image + text). If it contains misogynistic or sexist stereotypes, output 1. If it does not, output 0. Respond with only one character."
15321.jpg,1,1,1,"Using the combination of image and text, decide if the meme promotes hate or discrimination. Reply ONLY with 1 or 0."
15321.jpg,1,1,1,"Classify this meme: 1 = hateful or offensive toward women, 0 = not hateful. Output only the digit."
15321.jpg,1,0,0,"When interpreting the meme’s image and text jointly, does it demean or stereotype women? Answer 1 if yes, 0 if no."
16173.jpg,1,1,1,"Considering the visual and textual content together, is this offensive or discriminatory? Answer 1 or 0."
16173.jpg,1,1,1,"Evaluate the meme’s image and caption together. If it expresses sexist or hateful content, output 1. If not, output 0."
16173.jpg,1,1,1,"Analyze the meme as a whole (image + text). If it contains misogynistic or sexist stereotypes, output 1. If it does not, output 0. Respond with only one character."
16173.jpg,1,1,1,"Using the combination of image and text, decide if the meme promotes hate or discrimination. Reply ONLY with 1 or 0."
16173.jpg,1,1,1,"Classify this meme: 1 = hateful or offensive toward women, 0 = not hateful. Output only the digit."
16173.jpg,1,1,Yes,"When interpreting the meme’s image and text jointly, does it demean or stereotype women? Answer 1 if yes, 0 if no."
15266.jpg,0,0,0,"Considering the visual and textual content together, is this offensive or discriminatory? Answer 1 or 0."
15266.jpg,0,1,"The meme's image and caption do not express sexist or hateful content. Therefore, the output is 0.","Evaluate the meme’s image and caption together. If it expresses sexist or hateful content, output 1. If not, output 0."
15266.jpg,0,1,1,"Analyze the meme as a whole (image + text). If it contains misogynistic or sexist stereotypes, output 1. If it does not, output 0. Respond with only one character."
15266.jpg,0,0,0,"Using the combination of image and text, decide if the meme promotes hate or discrimination. Reply ONLY with 1 or 0."
15266.jpg,0,1,1,"Classify this meme: 1 = hateful or offensive toward women, 0 = not hateful. Output only the digit."
15266.jpg,0,0,No,"When interpreting the meme’s image and text jointly, does it demean or stereotype women? Answer 1 if yes, 0 if no."
15429.jpg,1,1,1,"Considering the visual and textual content together, is this offensive or discriminatory? Answer 1 or 0."
15429.jpg,1,1,1,"Evaluate the meme’s image and caption together. If it expresses sexist or hateful content, output 1. If not, output 0."
15429.jpg,1,1,1,"Analyze the meme as a whole (image + text). If it contains misogynistic or sexist stereotypes, output 1. If it does not, output 0. Respond with only one character."
15429.jpg,1,1,1,"Using the combination of image and text, decide if the meme promotes hate or discrimination. Reply ONLY with 1 or 0."
15429.jpg,1,1,1,"Classify this meme: 1 = hateful or offensive toward women, 0 = not hateful. Output only the digit."
15429.jpg,1,0,0,"When interpreting the meme’s image and text jointly, does it demean or stereotype women? Answer 1 if yes, 0 if no."
15083.jpg,0,1,1,"Considering the visual and textual content together, is this offensive or discriminatory? Answer 1 or 0."
15083.jpg,0,1,1,"Evaluate the meme’s image and caption together. If it expresses sexist or hateful content, output 1. If not, output 0."
15083.jpg,0,1,1,"Analyze the meme as a whole (image + text). If it contains misogynistic or sexist stereotypes, output 1. If it does not, output 0. Respond with only one character."
15083.jpg,0,0,0,"Using the combination of image and text, decide if the meme promotes hate or discrimination. Reply ONLY with 1 or 0."
15083.jpg,0,0,0,"Classify this meme: 1 = hateful or offensive toward women, 0 = not hateful. Output only the digit."
15083.jpg,0,0,0,"When interpreting the meme’s image and text jointly, does it demean or stereotype women? Answer 1 if yes, 0 if no."
15680.jpg,1,1,1,"Considering the visual and textual content together, is this offensive or discriminatory? Answer 1 or 0."
15680.jpg,1,1,1,"Evaluate the meme’s image and caption together. If it expresses sexist or hateful content, output 1. If not, output 0."
15680.jpg,1,1,1,"Analyze the meme as a whole (image + text). If it contains misogynistic or sexist stereotypes, output 1. If it does not, output 0. Respond with only one character."
15680.jpg,1,1,1,"Using the combination of image and text, decide if the meme promotes hate or discrimination. Reply ONLY with 1 or 0."
15680.jpg,1,1,1,"Classify this meme: 1 = hateful or offensive toward women, 0 = not hateful. Output only the digit."
15680.jpg,1,0,0,"When interpreting the meme’s image and text jointly, does it demean or stereotype women? Answer 1 if yes, 0 if no."
15963.jpg,1,1,1,"Considering the visual and textual content together, is this offensive or discriminatory? Answer 1 or 0."
15963.jpg,1,1,1,"Evaluate the meme’s image and caption together. If it expresses sexist or hateful content, output 1. If not, output 0."
15963.jpg,1,1,1,"Analyze the meme as a whole (image + text). If it contains misogynistic or sexist stereotypes, output 1. If it does not, output 0. Respond with only one character."
15963.jpg,1,0,0,"Using the combination of image and text, decide if the meme promotes hate or discrimination. Reply ONLY with 1 or 0."
15963.jpg,1,1,1,"Classify this meme: 1 = hateful or offensive toward women, 0 = not hateful. Output only the digit."
15963.jpg,1,0,0,"When interpreting the meme’s image and text jointly, does it demean or stereotype women? Answer 1 if yes, 0 if no."
16015.jpg,0,0,0,"Considering the visual and textual content together, is this offensive or discriminatory? Answer 1 or 0."
16015.jpg,0,1,1,"Evaluate the meme’s image and caption together. If it expresses sexist or hateful content, output 1. If not, output 0."
16015.jpg,0,1,1,"Analyze the meme as a whole (image + text). If it contains misogynistic or sexist stereotypes, output 1. If it does not, output 0. Respond with only one character."
16015.jpg,0,0,0,"Using the combination of image and text, decide if the meme promotes hate or discrimination. Reply ONLY with 1 or 0."
16015.jpg,0,1,1,"Classify this meme: 1 = hateful or offensive toward women, 0 = not hateful. Output only the digit."
16015.jpg,0,0,0,"When interpreting the meme’s image and text jointly, does it demean or stereotype women? Answer 1 if yes, 0 if no."
15545.jpg,0,1,1,"Considering the visual and textual content together, is this offensive or discriminatory? Answer 1 or 0."
15545.jpg,0,1,1,"Evaluate the meme’s image and caption together. If it expresses sexist or hateful content, output 1. If not, output 0."
15545.jpg,0,1,1,"Analyze the meme as a whole (image + text). If it contains misogynistic or sexist stereotypes, output 1. If it does not, output 0. Respond with only one character."
15545.jpg,0,0,0,"Using the combination of image and text, decide if the meme promotes hate or discrimination. Reply ONLY with 1 or 0."
15545.jpg,0,1,1,"Classify this meme: 1 = hateful or offensive toward women, 0 = not hateful. Output only the digit."
15545.jpg,0,0,No,"When interpreting the meme’s image and text jointly, does it demean or stereotype women? Answer 1 if yes, 0 if no."
15043.jpg,0,1,1,"Considering the visual and textual content together, is this offensive or discriminatory? Answer 1 or 0."
15043.jpg,0,1,1,"Evaluate the meme’s image and caption together. If it expresses sexist or hateful content, output 1. If not, output 0."
15043.jpg,0,1,1,"Analyze the meme as a whole (image + text). If it contains misogynistic or sexist stereotypes, output 1. If it does not, output 0. Respond with only one character."
15043.jpg,0,0,0,"Using the combination of image and text, decide if the meme promotes hate or discrimination. Reply ONLY with 1 or 0."
15043.jpg,0,1,1,"Classify this meme: 1 = hateful or offensive toward women, 0 = not hateful. Output only the digit."
15043.jpg,0,0,0,"When interpreting the meme’s image and text jointly, does it demean or stereotype women? Answer 1 if yes, 0 if no."
15920.jpg,0,0,0,"Considering the visual and textual content together, is this offensive or discriminatory? Answer 1 or 0."
15920.jpg,0,1,1,"Evaluate the meme’s image and caption together. If it expresses sexist or hateful content, output 1. If not, output 0."
15920.jpg,0,1,1,"Analyze the meme as a whole (image + text). If it contains misogynistic or sexist stereotypes, output 1. If it does not, output 0. Respond with only one character."
15920.jpg,0,0,0,"Using the combination of image and text, decide if the meme promotes hate or discrimination. Reply ONLY with 1 or 0."
15920.jpg,0,0,0,"Classify this meme: 1 = hateful or offensive toward women, 0 = not hateful. Output only the digit."
15920.jpg,0,0,0,"When interpreting the meme’s image and text jointly, does it demean or stereotype women? Answer 1 if yes, 0 if no."
17064.jpg,1,0,0,"Considering the visual and textual content together, is this offensive or discriminatory? Answer 1 or 0."
17064.jpg,1,1,1,"Evaluate the meme’s image and caption together. If it expresses sexist or hateful content, output 1. If not, output 0."
17064.jpg,1,1,1,"Analyze the meme as a whole (image + text). If it contains misogynistic or sexist stereotypes, output 1. If it does not, output 0. Respond with only one character."
17064.jpg,1,0,0,"Using the combination of image and text, decide if the meme promotes hate or discrimination. Reply ONLY with 1 or 0."
17064.jpg,1,1,1,"Classify this meme: 1 = hateful or offensive toward women, 0 = not hateful. Output only the digit."
17064.jpg,1,0,0,"When interpreting the meme’s image and text jointly, does it demean or stereotype women? Answer 1 if yes, 0 if no."
15559.jpg,1,1,1,"Considering the visual and textual content together, is this offensive or discriminatory? Answer 1 or 0."
15559.jpg,1,1,1,"Evaluate the meme’s image and caption together. If it expresses sexist or hateful content, output 1. If not, output 0."
15559.jpg,1,1,1,"Analyze the meme as a whole (image + text). If it contains misogynistic or sexist stereotypes, output 1. If it does not, output 0. Respond with only one character."
15559.jpg,1,1,1,"Using the combination of image and text, decide if the meme promotes hate or discrimination. Reply ONLY with 1 or 0."
15559.jpg,1,1,1,"Classify this meme: 1 = hateful or offensive toward women, 0 = not hateful. Output only the digit."
15559.jpg,1,0,0,"When interpreting the meme’s image and text jointly, does it demean or stereotype women? Answer 1 if yes, 0 if no."
17049.jpg,1,1,1,"Considering the visual and textual content together, is this offensive or discriminatory? Answer 1 or 0."
17049.jpg,1,1,1,"Evaluate the meme’s image and caption together. If it expresses sexist or hateful content, output 1. If not, output 0."
17049.jpg,1,1,1,"Analyze the meme as a whole (image + text). If it contains misogynistic or sexist stereotypes, output 1. If it does not, output 0. Respond with only one character."
17049.jpg,1,1,1,"Using the combination of image and text, decide if the meme promotes hate or discrimination. Reply ONLY with 1 or 0."
17049.jpg,1,1,1,"Classify this meme: 1 = hateful or offensive toward women, 0 = not hateful. Output only the digit."
17049.jpg,1,0,0,"When interpreting the meme’s image and text jointly, does it demean or stereotype women? Answer 1 if yes, 0 if no."
15922.jpg,0,0,0,"Considering the visual and textual content together, is this offensive or discriminatory? Answer 1 or 0."
15922.jpg,0,1,1,"Evaluate the meme’s image and caption together. If it expresses sexist or hateful content, output 1. If not, output 0."
15922.jpg,0,1,1,"Analyze the meme as a whole (image + text). If it contains misogynistic or sexist stereotypes, output 1. If it does not, output 0. Respond with only one character."
15922.jpg,0,0,0,"Using the combination of image and text, decide if the meme promotes hate or discrimination. Reply ONLY with 1 or 0."
15922.jpg,0,1,1,"Classify this meme: 1 = hateful or offensive toward women, 0 = not hateful. Output only the digit."
15922.jpg,0,0,0,"When interpreting the meme’s image and text jointly, does it demean or stereotype women? Answer 1 if yes, 0 if no."
16186.jpg,1,1,1,"Considering the visual and textual content together, is this offensive or discriminatory? Answer 1 or 0."
16186.jpg,1,1,1,"Evaluate the meme’s image and caption together. If it expresses sexist or hateful content, output 1. If not, output 0."
16186.jpg,1,1,1,"Analyze the meme as a whole (image + text). If it contains misogynistic or sexist stereotypes, output 1. If it does not, output 0. Respond with only one character."
16186.jpg,1,1,1,"Using the combination of image and text, decide if the meme promotes hate or discrimination. Reply ONLY with 1 or 0."
16186.jpg,1,1,1,"Classify this meme: 1 = hateful or offensive toward women, 0 = not hateful. Output only the digit."
16186.jpg,1,1,Yes,"When interpreting the meme’s image and text jointly, does it demean or stereotype women? Answer 1 if yes, 0 if no."
16054.jpg,1,1,1,"Considering the visual and textual content together, is this offensive or discriminatory? Answer 1 or 0."
16054.jpg,1,1,1,"Evaluate the meme’s image and caption together. If it expresses sexist or hateful content, output 1. If not, output 0."
16054.jpg,1,1,1,"Analyze the meme as a whole (image + text). If it contains misogynistic or sexist stereotypes, output 1. If it does not, output 0. Respond with only one character."
16054.jpg,1,1,1,"Using the combination of image and text, decide if the meme promotes hate or discrimination. Reply ONLY with 1 or 0."
16054.jpg,1,1,1,"Classify this meme: 1 = hateful or offensive toward women, 0 = not hateful. Output only the digit."
16054.jpg,1,0,0,"When interpreting the meme’s image and text jointly, does it demean or stereotype women? Answer 1 if yes, 0 if no."
15461.jpg,1,0,0,"Considering the visual and textual content together, is this offensive or discriminatory? Answer 1 or 0."
15461.jpg,1,1,1,"Evaluate the meme’s image and caption together. If it expresses sexist or hateful content, output 1. If not, output 0."
15461.jpg,1,1,1,"Analyze the meme as a whole (image + text). If it contains misogynistic or sexist stereotypes, output 1. If it does not, output 0. Respond with only one character."
15461.jpg,1,0,0,"Using the combination of image and text, decide if the meme promotes hate or discrimination. Reply ONLY with 1 or 0."
15461.jpg,1,1,1,"Classify this meme: 1 = hateful or offensive toward women, 0 = not hateful. Output only the digit."
15461.jpg,1,0,No,"When interpreting the meme’s image and text jointly, does it demean or stereotype women? Answer 1 if yes, 0 if no."
15584.jpg,0,0,0,"Considering the visual and textual content together, is this offensive or discriminatory? Answer 1 or 0."
15584.jpg,0,0,0,"Evaluate the meme’s image and caption together. If it expresses sexist or hateful content, output 1. If not, output 0."
15584.jpg,0,1,1,"Analyze the meme as a whole (image + text). If it contains misogynistic or sexist stereotypes, output 1. If it does not, output 0. Respond with only one character."
15584.jpg,0,0,0,"Using the combination of image and text, decide if the meme promotes hate or discrimination. Reply ONLY with 1 or 0."
15584.jpg,0,1,1,"Classify this meme: 1 = hateful or offensive toward women, 0 = not hateful. Output only the digit."
15584.jpg,0,0,0,"When interpreting the meme’s image and text jointly, does it demean or stereotype women? Answer 1 if yes, 0 if no."
15589.jpg,1,0,0,"Considering the visual and textual content together, is this offensive or discriminatory? Answer 1 or 0."
15589.jpg,1,1,1,"Evaluate the meme’s image and caption together. If it expresses sexist or hateful content, output 1. If not, output 0."
15589.jpg,1,1,1,"Analyze the meme as a whole (image + text). If it contains misogynistic or sexist stereotypes, output 1. If it does not, output 0. Respond with only one character."
15589.jpg,1,0,0,"Using the combination of image and text, decide if the meme promotes hate or discrimination. Reply ONLY with 1 or 0."
15589.jpg,1,1,1,"Classify this meme: 1 = hateful or offensive toward women, 0 = not hateful. Output only the digit."
15589.jpg,1,0,No,"When interpreting the meme’s image and text jointly, does it demean or stereotype women? Answer 1 if yes, 0 if no."
15694.jpg,0,0,0,"Considering the visual and textual content together, is this offensive or discriminatory? Answer 1 or 0."
15694.jpg,0,0,0,"Evaluate the meme’s image and caption together. If it expresses sexist or hateful content, output 1. If not, output 0."
15694.jpg,0,1,1,"Analyze the meme as a whole (image + text). If it contains misogynistic or sexist stereotypes, output 1. If it does not, output 0. Respond with only one character."
15694.jpg,0,0,0,"Using the combination of image and text, decide if the meme promotes hate or discrimination. Reply ONLY with 1 or 0."
15694.jpg,0,1,1,"Classify this meme: 1 = hateful or offensive toward women, 0 = not hateful. Output only the digit."
15694.jpg,0,0,0,"When interpreting the meme’s image and text jointly, does it demean or stereotype women? Answer 1 if yes, 0 if no."
15072.jpg,0,0,0,"Considering the visual and textual content together, is this offensive or discriminatory? Answer 1 or 0."
15072.jpg,0,0,0,"Evaluate the meme’s image and caption together. If it expresses sexist or hateful content, output 1. If not, output 0."
15072.jpg,0,1,1,"Analyze the meme as a whole (image + text). If it contains misogynistic or sexist stereotypes, output 1. If it does not, output 0. Respond with only one character."
15072.jpg,0,0,0,"Using the combination of image and text, decide if the meme promotes hate or discrimination. Reply ONLY with 1 or 0."
15072.jpg,0,1,1,"Classify this meme: 1 = hateful or offensive toward women, 0 = not hateful. Output only the digit."
15072.jpg,0,0,0,"When interpreting the meme’s image and text jointly, does it demean or stereotype women? Answer 1 if yes, 0 if no."
15238.jpg,0,0,0,"Considering the visual and textual content together, is this offensive or discriminatory? Answer 1 or 0."
15238.jpg,0,1,1,"Evaluate the meme’s image and caption together. If it expresses sexist or hateful content, output 1. If not, output 0."
15238.jpg,0,1,1,"Analyze the meme as a whole (image + text). If it contains misogynistic or sexist stereotypes, output 1. If it does not, output 0. Respond with only one character."
15238.jpg,0,0,0,"Using the combination of image and text, decide if the meme promotes hate or discrimination. Reply ONLY with 1 or 0."
15238.jpg,0,1,1,"Classify this meme: 1 = hateful or offensive toward women, 0 = not hateful. Output only the digit."
15238.jpg,0,0,No,"When interpreting the meme’s image and text jointly, does it demean or stereotype women? Answer 1 if yes, 0 if no."
15573.jpg,0,1,1,"Considering the visual and textual content together, is this offensive or discriminatory? Answer 1 or 0."
15573.jpg,0,0,0,"Evaluate the meme’s image and caption together. If it expresses sexist or hateful content, output 1. If not, output 0."
15573.jpg,0,0,0,"Analyze the meme as a whole (image + text). If it contains misogynistic or sexist stereotypes, output 1. If it does not, output 0. Respond with only one character."
15573.jpg,0,0,0,"Using the combination of image and text, decide if the meme promotes hate or discrimination. Reply ONLY with 1 or 0."
15573.jpg,0,1,1,"Classify this meme: 1 = hateful or offensive toward women, 0 = not hateful. Output only the digit."
15573.jpg,0,0,0,"When interpreting the meme’s image and text jointly, does it demean or stereotype women? Answer 1 if yes, 0 if no."
15844.jpg,1,1,1,"Considering the visual and textual content together, is this offensive or discriminatory? Answer 1 or 0."
15844.jpg,1,1,1,"Evaluate the meme’s image and caption together. If it expresses sexist or hateful content, output 1. If not, output 0."
15844.jpg,1,1,1,"Analyze the meme as a whole (image + text). If it contains misogynistic or sexist stereotypes, output 1. If it does not, output 0. Respond with only one character."
15844.jpg,1,1,1,"Using the combination of image and text, decide if the meme promotes hate or discrimination. Reply ONLY with 1 or 0."
15844.jpg,1,1,1,"Classify this meme: 1 = hateful or offensive toward women, 0 = not hateful. Output only the digit."
15844.jpg,1,1,Yes,"When interpreting the meme’s image and text jointly, does it demean or stereotype women? Answer 1 if yes, 0 if no."
16300.jpg,1,1,1,"Considering the visual and textual content together, is this offensive or discriminatory? Answer 1 or 0."
16300.jpg,1,1,1,"Evaluate the meme’s image and caption together. If it expresses sexist or hateful content, output 1. If not, output 0."
16300.jpg,1,1,1,"Analyze the meme as a whole (image + text). If it contains misogynistic or sexist stereotypes, output 1. If it does not, output 0. Respond with only one character."
16300.jpg,1,0,0,"Using the combination of image and text, decide if the meme promotes hate or discrimination. Reply ONLY with 1 or 0."
16300.jpg,1,1,1,"Classify this meme: 1 = hateful or offensive toward women, 0 = not hateful. Output only the digit."
16300.jpg,1,0,No,"When interpreting the meme’s image and text jointly, does it demean or stereotype women? Answer 1 if yes, 0 if no."
16277.jpg,1,0,0,"Considering the visual and textual content together, is this offensive or discriminatory? Answer 1 or 0."
16277.jpg,1,1,1,"Evaluate the meme’s image and caption together. If it expresses sexist or hateful content, output 1. If not, output 0."
16277.jpg,1,1,1,"Analyze the meme as a whole (image + text). If it contains misogynistic or sexist stereotypes, output 1. If it does not, output 0. Respond with only one character."
16277.jpg,1,0,0,"Using the combination of image and text, decide if the meme promotes hate or discrimination. Reply ONLY with 1 or 0."
16277.jpg,1,1,1,"Classify this meme: 1 = hateful or offensive toward women, 0 = not hateful. Output only the digit."
16277.jpg,1,0,0,"When interpreting the meme’s image and text jointly, does it demean or stereotype women? Answer 1 if yes, 0 if no."
17034.jpg,0,1,1,"Considering the visual and textual content together, is this offensive or discriminatory? Answer 1 or 0."
17034.jpg,0,0,0,"Evaluate the meme’s image and caption together. If it expresses sexist or hateful content, output 1. If not, output 0."
17034.jpg,0,1,1,"Analyze the meme as a whole (image + text). If it contains misogynistic or sexist stereotypes, output 1. If it does not, output 0. Respond with only one character."
17034.jpg,0,0,0,"Using the combination of image and text, decide if the meme promotes hate or discrimination. Reply ONLY with 1 or 0."
17034.jpg,0,0,0,"Classify this meme: 1 = hateful or offensive toward women, 0 = not hateful. Output only the digit."
17034.jpg,0,0,0,"When interpreting the meme’s image and text jointly, does it demean or stereotype women? Answer 1 if yes, 0 if no."
15010.jpg,0,0,0,"Considering the visual and textual content together, is this offensive or discriminatory? Answer 1 or 0."
15010.jpg,0,0,0,"Evaluate the meme’s image and caption together. If it expresses sexist or hateful content, output 1. If not, output 0."
15010.jpg,0,0,0,"Analyze the meme as a whole (image + text). If it contains misogynistic or sexist stereotypes, output 1. If it does not, output 0. Respond with only one character."
15010.jpg,0,0,0,"Using the combination of image and text, decide if the meme promotes hate or discrimination. Reply ONLY with 1 or 0."
15010.jpg,0,0,0,"Classify this meme: 1 = hateful or offensive toward women, 0 = not hateful. Output only the digit."
15010.jpg,0,0,0,"When interpreting the meme’s image and text jointly, does it demean or stereotype women? Answer 1 if yes, 0 if no."
15635.jpg,0,0,0,"Considering the visual and textual content together, is this offensive or discriminatory? Answer 1 or 0."
15635.jpg,0,1,1,"Evaluate the meme’s image and caption together. If it expresses sexist or hateful content, output 1. If not, output 0."
15635.jpg,0,1,1,"Analyze the meme as a whole (image + text). If it contains misogynistic or sexist stereotypes, output 1. If it does not, output 0. Respond with only one character."
15635.jpg,0,1,1,"Using the combination of image and text, decide if the meme promotes hate or discrimination. Reply ONLY with 1 or 0."
15635.jpg,0,1,1,"Classify this meme: 1 = hateful or offensive toward women, 0 = not hateful. Output only the digit."
15635.jpg,0,0,No,"When interpreting the meme’s image and text jointly, does it demean or stereotype women? Answer 1 if yes, 0 if no."
15900.jpg,1,0,0,"Considering the visual and textual content together, is this offensive or discriminatory? Answer 1 or 0."
15900.jpg,1,0,0,"Evaluate the meme’s image and caption together. If it expresses sexist or hateful content, output 1. If not, output 0."
15900.jpg,1,1,1,"Analyze the meme as a whole (image + text). If it contains misogynistic or sexist stereotypes, output 1. If it does not, output 0. Respond with only one character."
15900.jpg,1,0,0,"Using the combination of image and text, decide if the meme promotes hate or discrimination. Reply ONLY with 1 or 0."
15900.jpg,1,1,1,"Classify this meme: 1 = hateful or offensive toward women, 0 = not hateful. Output only the digit."
15900.jpg,1,0,0,"When interpreting the meme’s image and text jointly, does it demean or stereotype women? Answer 1 if yes, 0 if no."
15933.jpg,1,1,1,"Considering the visual and textual content together, is this offensive or discriminatory? Answer 1 or 0."
15933.jpg,1,1,1,"Evaluate the meme’s image and caption together. If it expresses sexist or hateful content, output 1. If not, output 0."
15933.jpg,1,1,1,"Analyze the meme as a whole (image + text). If it contains misogynistic or sexist stereotypes, output 1. If it does not, output 0. Respond with only one character."
15933.jpg,1,1,1,"Using the combination of image and text, decide if the meme promotes hate or discrimination. Reply ONLY with 1 or 0."
15933.jpg,1,1,1,"Classify this meme: 1 = hateful or offensive toward women, 0 = not hateful. Output only the digit."
15933.jpg,1,0,0,"When interpreting the meme’s image and text jointly, does it demean or stereotype women? Answer 1 if yes, 0 if no."
15576.jpg,1,0,0,"Considering the visual and textual content together, is this offensive or discriminatory? Answer 1 or 0."
15576.jpg,1,0,0,"Evaluate the meme’s image and caption together. If it expresses sexist or hateful content, output 1. If not, output 0."
15576.jpg,1,1,1,"Analyze the meme as a whole (image + text). If it contains misogynistic or sexist stereotypes, output 1. If it does not, output 0. Respond with only one character."
15576.jpg,1,0,0,"Using the combination of image and text, decide if the meme promotes hate or discrimination. Reply ONLY with 1 or 0."
15576.jpg,1,1,1,"Classify this meme: 1 = hateful or offensive toward women, 0 = not hateful. Output only the digit."
15576.jpg,1,0,No,"When interpreting the meme’s image and text jointly, does it demean or stereotype women? Answer 1 if yes, 0 if no."
15878.jpg,1,1,1,"Considering the visual and textual content together, is this offensive or discriminatory? Answer 1 or 0."
15878.jpg,1,1,1,"Evaluate the meme’s image and caption together. If it expresses sexist or hateful content, output 1. If not, output 0."
15878.jpg,1,1,1,"Analyze the meme as a whole (image + text). If it contains misogynistic or sexist stereotypes, output 1. If it does not, output 0. Respond with only one character."
15878.jpg,1,0,0,"Using the combination of image and text, decide if the meme promotes hate or discrimination. Reply ONLY with 1 or 0."
15878.jpg,1,1,1,"Classify this meme: 1 = hateful or offensive toward women, 0 = not hateful. Output only the digit."
15878.jpg,1,0,0,"When interpreting the meme’s image and text jointly, does it demean or stereotype women? Answer 1 if yes, 0 if no."
16209.jpg,0,0,0,"Considering the visual and textual content together, is this offensive or discriminatory? Answer 1 or 0."
16209.jpg,0,0,0,"Evaluate the meme’s image and caption together. If it expresses sexist or hateful content, output 1. If not, output 0."
16209.jpg,0,1,1,"Analyze the meme as a whole (image + text). If it contains misogynistic or sexist stereotypes, output 1. If it does not, output 0. Respond with only one character."
16209.jpg,0,0,0,"Using the combination of image and text, decide if the meme promotes hate or discrimination. Reply ONLY with 1 or 0."
16209.jpg,0,0,0,"Classify this meme: 1 = hateful or offensive toward women, 0 = not hateful. Output only the digit."
16209.jpg,0,0,0,"When interpreting the meme’s image and text jointly, does it demean or stereotype women? Answer 1 if yes, 0 if no."
16276.jpg,0,1,1,"Considering the visual and textual content together, is this offensive or discriminatory? Answer 1 or 0."
16276.jpg,0,1,1,"Evaluate the meme’s image and caption together. If it expresses sexist or hateful content, output 1. If not, output 0."
16276.jpg,0,1,1,"Analyze the meme as a whole (image + text). If it contains misogynistic or sexist stereotypes, output 1. If it does not, output 0. Respond with only one character."
16276.jpg,0,0,0,"Using the combination of image and text, decide if the meme promotes hate or discrimination. Reply ONLY with 1 or 0."
16276.jpg,0,1,1,"Classify this meme: 1 = hateful or offensive toward women, 0 = not hateful. Output only the digit."
16276.jpg,0,0,0,"When interpreting the meme’s image and text jointly, does it demean or stereotype women? Answer 1 if yes, 0 if no."
15889.jpg,1,0,0,"Considering the visual and textual content together, is this offensive or discriminatory? Answer 1 or 0."
15889.jpg,1,1,1,"Evaluate the meme’s image and caption together. If it expresses sexist or hateful content, output 1. If not, output 0."
15889.jpg,1,1,1,"Analyze the meme as a whole (image + text). If it contains misogynistic or sexist stereotypes, output 1. If it does not, output 0. Respond with only one character."
15889.jpg,1,0,0,"Using the combination of image and text, decide if the meme promotes hate or discrimination. Reply ONLY with 1 or 0."
15889.jpg,1,1,1,"Classify this meme: 1 = hateful or offensive toward women, 0 = not hateful. Output only the digit."
15889.jpg,1,0,0,"When interpreting the meme’s image and text jointly, does it demean or stereotype women? Answer 1 if yes, 0 if no."
15397.jpg,0,0,0,"Considering the visual and textual content together, is this offensive or discriminatory? Answer 1 or 0."
15397.jpg,0,0,0,"Evaluate the meme’s image and caption together. If it expresses sexist or hateful content, output 1. If not, output 0."
15397.jpg,0,0,0,"Analyze the meme as a whole (image + text). If it contains misogynistic or sexist stereotypes, output 1. If it does not, output 0. Respond with only one character."
15397.jpg,0,0,0,"Using the combination of image and text, decide if the meme promotes hate or discrimination. Reply ONLY with 1 or 0."
15397.jpg,0,0,0,"Classify this meme: 1 = hateful or offensive toward women, 0 = not hateful. Output only the digit."
15397.jpg,0,0,No,"When interpreting the meme’s image and text jointly, does it demean or stereotype women? Answer 1 if yes, 0 if no."
16192.jpg,0,0,0,"Considering the visual and textual content together, is this offensive or discriminatory? Answer 1 or 0."
16192.jpg,0,1,1,"Evaluate the meme’s image and caption together. If it expresses sexist or hateful content, output 1. If not, output 0."
16192.jpg,0,1,1,"Analyze the meme as a whole (image + text). If it contains misogynistic or sexist stereotypes, output 1. If it does not, output 0. Respond with only one character."
16192.jpg,0,0,0,"Using the combination of image and text, decide if the meme promotes hate or discrimination. Reply ONLY with 1 or 0."
16192.jpg,0,1,1,"Classify this meme: 1 = hateful or offensive toward women, 0 = not hateful. Output only the digit."
16192.jpg,0,0,No,"When interpreting the meme’s image and text jointly, does it demean or stereotype women? Answer 1 if yes, 0 if no."
17036.jpg,1,0,0,"Considering the visual and textual content together, is this offensive or discriminatory? Answer 1 or 0."
17036.jpg,1,1,"The meme's image and caption do not express sexist or hateful content. The caption is a play on words, asking what to call a woman with one black eye and suggesting that she is a fast learner. The image shows a laughing man with the","Evaluate the meme’s image and caption together. If it expresses sexist or hateful content, output 1. If not, output 0."
17036.jpg,1,1,1,"Analyze the meme as a whole (image + text). If it contains misogynistic or sexist stereotypes, output 1. If it does not, output 0. Respond with only one character."
17036.jpg,1,0,0,"Using the combination of image and text, decide if the meme promotes hate or discrimination. Reply ONLY with 1 or 0."
17036.jpg,1,1,1,"Classify this meme: 1 = hateful or offensive toward women, 0 = not hateful. Output only the digit."
17036.jpg,1,0,0,"When interpreting the meme’s image and text jointly, does it demean or stereotype women? Answer 1 if yes, 0 if no."
15644.jpg,1,1,1,"Considering the visual and textual content together, is this offensive or discriminatory? Answer 1 or 0."
15644.jpg,1,1,1,"Evaluate the meme’s image and caption together. If it expresses sexist or hateful content, output 1. If not, output 0."
15644.jpg,1,1,1,"Analyze the meme as a whole (image + text). If it contains misogynistic or sexist stereotypes, output 1. If it does not, output 0. Respond with only one character."
15644.jpg,1,1,1,"Using the combination of image and text, decide if the meme promotes hate or discrimination. Reply ONLY with 1 or 0."
15644.jpg,1,1,1,"Classify this meme: 1 = hateful or offensive toward women, 0 = not hateful. Output only the digit."
15644.jpg,1,0,0,"When interpreting the meme’s image and text jointly, does it demean or stereotype women? Answer 1 if yes, 0 if no."
15431.jpg,0,0,0,"Considering the visual and textual content together, is this offensive or discriminatory? Answer 1 or 0."
15431.jpg,0,0,0,"Evaluate the meme’s image and caption together. If it expresses sexist or hateful content, output 1. If not, output 0."
15431.jpg,0,1,1,"Analyze the meme as a whole (image + text). If it contains misogynistic or sexist stereotypes, output 1. If it does not, output 0. Respond with only one character."
15431.jpg,0,0,0,"Using the combination of image and text, decide if the meme promotes hate or discrimination. Reply ONLY with 1 or 0."
15431.jpg,0,0,0,"Classify this meme: 1 = hateful or offensive toward women, 0 = not hateful. Output only the digit."
15431.jpg,0,0,0,"When interpreting the meme’s image and text jointly, does it demean or stereotype women? Answer 1 if yes, 0 if no."
16315.jpg,1,1,1,"Considering the visual and textual content together, is this offensive or discriminatory? Answer 1 or 0."
16315.jpg,1,1,1,"Evaluate the meme’s image and caption together. If it expresses sexist or hateful content, output 1. If not, output 0."
16315.jpg,1,1,1,"Analyze the meme as a whole (image + text). If it contains misogynistic or sexist stereotypes, output 1. If it does not, output 0. Respond with only one character."
16315.jpg,1,1,1,"Using the combination of image and text, decide if the meme promotes hate or discrimination. Reply ONLY with 1 or 0."
16315.jpg,1,1,1,"Classify this meme: 1 = hateful or offensive toward women, 0 = not hateful. Output only the digit."
16315.jpg,1,0,0,"When interpreting the meme’s image and text jointly, does it demean or stereotype women? Answer 1 if yes, 0 if no."
16185.jpg,0,0,0,"Considering the visual and textual content together, is this offensive or discriminatory? Answer 1 or 0."
16185.jpg,0,0,0,"Evaluate the meme’s image and caption together. If it expresses sexist or hateful content, output 1. If not, output 0."
16185.jpg,0,1,1,"Analyze the meme as a whole (image + text). If it contains misogynistic or sexist stereotypes, output 1. If it does not, output 0. Respond with only one character."
16185.jpg,0,0,0,"Using the combination of image and text, decide if the meme promotes hate or discrimination. Reply ONLY with 1 or 0."
16185.jpg,0,0,0,"Classify this meme: 1 = hateful or offensive toward women, 0 = not hateful. Output only the digit."
16185.jpg,0,0,0,"When interpreting the meme’s image and text jointly, does it demean or stereotype women? Answer 1 if yes, 0 if no."
16112.jpg,1,0,0,"Considering the visual and textual content together, is this offensive or discriminatory? Answer 1 or 0."
16112.jpg,1,1,1,"Evaluate the meme’s image and caption together. If it expresses sexist or hateful content, output 1. If not, output 0."
16112.jpg,1,1,1,"Analyze the meme as a whole (image + text). If it contains misogynistic or sexist stereotypes, output 1. If it does not, output 0. Respond with only one character."
16112.jpg,1,0,0,"Using the combination of image and text, decide if the meme promotes hate or discrimination. Reply ONLY with 1 or 0."
16112.jpg,1,1,1,"Classify this meme: 1 = hateful or offensive toward women, 0 = not hateful. Output only the digit."
16112.jpg,1,0,0,"When interpreting the meme’s image and text jointly, does it demean or stereotype women? Answer 1 if yes, 0 if no."
15896.jpg,1,1,1,"Considering the visual and textual content together, is this offensive or discriminatory? Answer 1 or 0."
15896.jpg,1,0,0,"Evaluate the meme’s image and caption together. If it expresses sexist or hateful content, output 1. If not, output 0."
15896.jpg,1,1,1,"Analyze the meme as a whole (image + text). If it contains misogynistic or sexist stereotypes, output 1. If it does not, output 0. Respond with only one character."
15896.jpg,1,0,0,"Using the combination of image and text, decide if the meme promotes hate or discrimination. Reply ONLY with 1 or 0."
15896.jpg,1,1,1,"Classify this meme: 1 = hateful or offensive toward women, 0 = not hateful. Output only the digit."
15896.jpg,1,0,0,"When interpreting the meme’s image and text jointly, does it demean or stereotype women? Answer 1 if yes, 0 if no."
17056.jpg,1,1,1,"Considering the visual and textual content together, is this offensive or discriminatory? Answer 1 or 0."
17056.jpg,1,1,1,"Evaluate the meme’s image and caption together. If it expresses sexist or hateful content, output 1. If not, output 0."
17056.jpg,1,1,1,"Analyze the meme as a whole (image + text). If it contains misogynistic or sexist stereotypes, output 1. If it does not, output 0. Respond with only one character."
17056.jpg,1,0,0,"Using the combination of image and text, decide if the meme promotes hate or discrimination. Reply ONLY with 1 or 0."
17056.jpg,1,1,1,"Classify this meme: 1 = hateful or offensive toward women, 0 = not hateful. Output only the digit."
17056.jpg,1,0,No,"When interpreting the meme’s image and text jointly, does it demean or stereotype women? Answer 1 if yes, 0 if no."
16147.jpg,1,1,1,"Considering the visual and textual content together, is this offensive or discriminatory? Answer 1 or 0."
16147.jpg,1,1,1,"Evaluate the meme’s image and caption together. If it expresses sexist or hateful content, output 1. If not, output 0."
16147.jpg,1,1,1,"Analyze the meme as a whole (image + text). If it contains misogynistic or sexist stereotypes, output 1. If it does not, output 0. Respond with only one character."
16147.jpg,1,0,0,"Using the combination of image and text, decide if the meme promotes hate or discrimination. Reply ONLY with 1 or 0."
16147.jpg,1,1,1,"Classify this meme: 1 = hateful or offensive toward women, 0 = not hateful. Output only the digit."
16147.jpg,1,0,0,"When interpreting the meme’s image and text jointly, does it demean or stereotype women? Answer 1 if yes, 0 if no."
15601.jpg,1,1,1,"Considering the visual and textual content together, is this offensive or discriminatory? Answer 1 or 0."
15601.jpg,1,1,1,"Evaluate the meme’s image and caption together. If it expresses sexist or hateful content, output 1. If not, output 0."
15601.jpg,1,1,1,"Analyze the meme as a whole (image + text). If it contains misogynistic or sexist stereotypes, output 1. If it does not, output 0. Respond with only one character."
15601.jpg,1,0,0,"Using the combination of image and text, decide if the meme promotes hate or discrimination. Reply ONLY with 1 or 0."
15601.jpg,1,1,1,"Classify this meme: 1 = hateful or offensive toward women, 0 = not hateful. Output only the digit."
15601.jpg,1,0,0,"When interpreting the meme’s image and text jointly, does it demean or stereotype women? Answer 1 if yes, 0 if no."
15903.jpg,1,0,0,"Considering the visual and textual content together, is this offensive or discriminatory? Answer 1 or 0."
15903.jpg,1,1,1,"Evaluate the meme’s image and caption together. If it expresses sexist or hateful content, output 1. If not, output 0."
15903.jpg,1,1,1,"Analyze the meme as a whole (image + text). If it contains misogynistic or sexist stereotypes, output 1. If it does not, output 0. Respond with only one character."
15903.jpg,1,1,1,"Using the combination of image and text, decide if the meme promotes hate or discrimination. Reply ONLY with 1 or 0."
15903.jpg,1,1,1,"Classify this meme: 1 = hateful or offensive toward women, 0 = not hateful. Output only the digit."
15903.jpg,1,0,0,"When interpreting the meme’s image and text jointly, does it demean or stereotype women? Answer 1 if yes, 0 if no."
15352.jpg,1,1,1,"Considering the visual and textual content together, is this offensive or discriminatory? Answer 1 or 0."
15352.jpg,1,1,1,"Evaluate the meme’s image and caption together. If it expresses sexist or hateful content, output 1. If not, output 0."
15352.jpg,1,1,1,"Analyze the meme as a whole (image + text). If it contains misogynistic or sexist stereotypes, output 1. If it does not, output 0. Respond with only one character."
15352.jpg,1,1,1,"Using the combination of image and text, decide if the meme promotes hate or discrimination. Reply ONLY with 1 or 0."
15352.jpg,1,1,1,"Classify this meme: 1 = hateful or offensive toward women, 0 = not hateful. Output only the digit."
15352.jpg,1,0,0,"When interpreting the meme’s image and text jointly, does it demean or stereotype women? Answer 1 if yes, 0 if no."
15628.jpg,1,1,1,"Considering the visual and textual content together, is this offensive or discriminatory? Answer 1 or 0."
15628.jpg,1,1,1,"Evaluate the meme’s image and caption together. If it expresses sexist or hateful content, output 1. If not, output 0."
15628.jpg,1,1,1,"Analyze the meme as a whole (image + text). If it contains misogynistic or sexist stereotypes, output 1. If it does not, output 0. Respond with only one character."
15628.jpg,1,0,0,"Using the combination of image and text, decide if the meme promotes hate or discrimination. Reply ONLY with 1 or 0."
15628.jpg,1,1,1,"Classify this meme: 1 = hateful or offensive toward women, 0 = not hateful. Output only the digit."
15628.jpg,1,0,No,"When interpreting the meme’s image and text jointly, does it demean or stereotype women? Answer 1 if yes, 0 if no."
15600.jpg,0,0,0,"Considering the visual and textual content together, is this offensive or discriminatory? Answer 1 or 0."
15600.jpg,0,1,1,"Evaluate the meme’s image and caption together. If it expresses sexist or hateful content, output 1. If not, output 0."
15600.jpg,0,1,1,"Analyze the meme as a whole (image + text). If it contains misogynistic or sexist stereotypes, output 1. If it does not, output 0. Respond with only one character."
15600.jpg,0,0,0,"Using the combination of image and text, decide if the meme promotes hate or discrimination. Reply ONLY with 1 or 0."
15600.jpg,0,1,1,"Classify this meme: 1 = hateful or offensive toward women, 0 = not hateful. Output only the digit."
15600.jpg,0,0,0,"When interpreting the meme’s image and text jointly, does it demean or stereotype women? Answer 1 if yes, 0 if no."
16294.jpg,0,0,0,"Considering the visual and textual content together, is this offensive or discriminatory? Answer 1 or 0."
16294.jpg,0,1,1,"Evaluate the meme’s image and caption together. If it expresses sexist or hateful content, output 1. If not, output 0."
16294.jpg,0,1,1,"Analyze the meme as a whole (image + text). If it contains misogynistic or sexist stereotypes, output 1. If it does not, output 0. Respond with only one character."
16294.jpg,0,0,0,"Using the combination of image and text, decide if the meme promotes hate or discrimination. Reply ONLY with 1 or 0."
16294.jpg,0,1,1,"Classify this meme: 1 = hateful or offensive toward women, 0 = not hateful. Output only the digit."
16294.jpg,0,0,No,"When interpreting the meme’s image and text jointly, does it demean or stereotype women? Answer 1 if yes, 0 if no."
15585.jpg,1,1,1,"Considering the visual and textual content together, is this offensive or discriminatory? Answer 1 or 0."
15585.jpg,1,1,1,"Evaluate the meme’s image and caption together. If it expresses sexist or hateful content, output 1. If not, output 0."
15585.jpg,1,1,1,"Analyze the meme as a whole (image + text). If it contains misogynistic or sexist stereotypes, output 1. If it does not, output 0. Respond with only one character."
15585.jpg,1,1,1,"Using the combination of image and text, decide if the meme promotes hate or discrimination. Reply ONLY with 1 or 0."
15585.jpg,1,1,1,"Classify this meme: 1 = hateful or offensive toward women, 0 = not hateful. Output only the digit."
15585.jpg,1,0,No,"When interpreting the meme’s image and text jointly, does it demean or stereotype women? Answer 1 if yes, 0 if no."
15123.jpg,0,0,0,"Considering the visual and textual content together, is this offensive or discriminatory? Answer 1 or 0."
15123.jpg,0,1,1,"Evaluate the meme’s image and caption together. If it expresses sexist or hateful content, output 1. If not, output 0."
15123.jpg,0,0,0,"Analyze the meme as a whole (image + text). If it contains misogynistic or sexist stereotypes, output 1. If it does not, output 0. Respond with only one character."
15123.jpg,0,0,0,"Using the combination of image and text, decide if the meme promotes hate or discrimination. Reply ONLY with 1 or 0."
15123.jpg,0,1,1,"Classify this meme: 1 = hateful or offensive toward women, 0 = not hateful. Output only the digit."
15123.jpg,0,0,0,"When interpreting the meme’s image and text jointly, does it demean or stereotype women? Answer 1 if yes, 0 if no."
15893.jpg,1,1,1,"Considering the visual and textual content together, is this offensive or discriminatory? Answer 1 or 0."
15893.jpg,1,1,1,"Evaluate the meme’s image and caption together. If it expresses sexist or hateful content, output 1. If not, output 0."
15893.jpg,1,1,1,"Analyze the meme as a whole (image + text). If it contains misogynistic or sexist stereotypes, output 1. If it does not, output 0. Respond with only one character."
15893.jpg,1,1,1,"Using the combination of image and text, decide if the meme promotes hate or discrimination. Reply ONLY with 1 or 0."
15893.jpg,1,1,1,"Classify this meme: 1 = hateful or offensive toward women, 0 = not hateful. Output only the digit."
15893.jpg,1,0,0,"When interpreting the meme’s image and text jointly, does it demean or stereotype women? Answer 1 if yes, 0 if no."
15342.jpg,0,0,0,"Considering the visual and textual content together, is this offensive or discriminatory? Answer 1 or 0."
15342.jpg,0,0,0,"Evaluate the meme’s image and caption together. If it expresses sexist or hateful content, output 1. If not, output 0."
15342.jpg,0,1,1,"Analyze the meme as a whole (image + text). If it contains misogynistic or sexist stereotypes, output 1. If it does not, output 0. Respond with only one character."
15342.jpg,0,0,0,"Using the combination of image and text, decide if the meme promotes hate or discrimination. Reply ONLY with 1 or 0."
15342.jpg,0,0,0,"Classify this meme: 1 = hateful or offensive toward women, 0 = not hateful. Output only the digit."
15342.jpg,0,0,0,"When interpreting the meme’s image and text jointly, does it demean or stereotype women? Answer 1 if yes, 0 if no."
15203.jpg,1,1,1,"Considering the visual and textual content together, is this offensive or discriminatory? Answer 1 or 0."
15203.jpg,1,0,0,"Evaluate the meme’s image and caption together. If it expresses sexist or hateful content, output 1. If not, output 0."
15203.jpg,1,0,0,"Analyze the meme as a whole (image + text). If it contains misogynistic or sexist stereotypes, output 1. If it does not, output 0. Respond with only one character."
15203.jpg,1,0,0,"Using the combination of image and text, decide if the meme promotes hate or discrimination. Reply ONLY with 1 or 0."
15203.jpg,1,1,1,"Classify this meme: 1 = hateful or offensive toward women, 0 = not hateful. Output only the digit."
15203.jpg,1,0,0,"When interpreting the meme’s image and text jointly, does it demean or stereotype women? Answer 1 if yes, 0 if no."
17015.jpg,1,1,1,"Considering the visual and textual content together, is this offensive or discriminatory? Answer 1 or 0."
17015.jpg,1,1,1,"Evaluate the meme’s image and caption together. If it expresses sexist or hateful content, output 1. If not, output 0."
17015.jpg,1,1,1,"Analyze the meme as a whole (image + text). If it contains misogynistic or sexist stereotypes, output 1. If it does not, output 0. Respond with only one character."
17015.jpg,1,1,1,"Using the combination of image and text, decide if the meme promotes hate or discrimination. Reply ONLY with 1 or 0."
17015.jpg,1,1,1,"Classify this meme: 1 = hateful or offensive toward women, 0 = not hateful. Output only the digit."
17015.jpg,1,0,0,"When interpreting the meme’s image and text jointly, does it demean or stereotype women? Answer 1 if yes, 0 if no."
15553.jpg,1,1,1,"Considering the visual and textual content together, is this offensive or discriminatory? Answer 1 or 0."
15553.jpg,1,1,1,"Evaluate the meme’s image and caption together. If it expresses sexist or hateful content, output 1. If not, output 0."
15553.jpg,1,1,1,"Analyze the meme as a whole (image + text). If it contains misogynistic or sexist stereotypes, output 1. If it does not, output 0. Respond with only one character."
15553.jpg,1,1,1,"Using the combination of image and text, decide if the meme promotes hate or discrimination. Reply ONLY with 1 or 0."
15553.jpg,1,1,1,"Classify this meme: 1 = hateful or offensive toward women, 0 = not hateful. Output only the digit."
15553.jpg,1,1,1,"When interpreting the meme’s image and text jointly, does it demean or stereotype women? Answer 1 if yes, 0 if no."
15227.jpg,0,0,0,"Considering the visual and textual content together, is this offensive or discriminatory? Answer 1 or 0."
15227.jpg,0,0,0,"Evaluate the meme’s image and caption together. If it expresses sexist or hateful content, output 1. If not, output 0."
15227.jpg,0,1,1,"Analyze the meme as a whole (image + text). If it contains misogynistic or sexist stereotypes, output 1. If it does not, output 0. Respond with only one character."
15227.jpg,0,0,0,"Using the combination of image and text, decide if the meme promotes hate or discrimination. Reply ONLY with 1 or 0."
15227.jpg,0,1,1,"Classify this meme: 1 = hateful or offensive toward women, 0 = not hateful. Output only the digit."
15227.jpg,0,0,No,"When interpreting the meme’s image and text jointly, does it demean or stereotype women? Answer 1 if yes, 0 if no."
15660.jpg,1,1,1,"Considering the visual and textual content together, is this offensive or discriminatory? Answer 1 or 0."
15660.jpg,1,1,1,"Evaluate the meme’s image and caption together. If it expresses sexist or hateful content, output 1. If not, output 0."
15660.jpg,1,1,1,"Analyze the meme as a whole (image + text). If it contains misogynistic or sexist stereotypes, output 1. If it does not, output 0. Respond with only one character."
15660.jpg,1,1,1,"Using the combination of image and text, decide if the meme promotes hate or discrimination. Reply ONLY with 1 or 0."
15660.jpg,1,1,1,"Classify this meme: 1 = hateful or offensive toward women, 0 = not hateful. Output only the digit."
15660.jpg,1,0,0,"When interpreting the meme’s image and text jointly, does it demean or stereotype women? Answer 1 if yes, 0 if no."
16337.jpg,1,1,1,"Considering the visual and textual content together, is this offensive or discriminatory? Answer 1 or 0."
16337.jpg,1,1,1,"Evaluate the meme’s image and caption together. If it expresses sexist or hateful content, output 1. If not, output 0."
16337.jpg,1,1,1,"Analyze the meme as a whole (image + text). If it contains misogynistic or sexist stereotypes, output 1. If it does not, output 0. Respond with only one character."
16337.jpg,1,1,1,"Using the combination of image and text, decide if the meme promotes hate or discrimination. Reply ONLY with 1 or 0."
16337.jpg,1,1,1,"Classify this meme: 1 = hateful or offensive toward women, 0 = not hateful. Output only the digit."
16337.jpg,1,0,0,"When interpreting the meme’s image and text jointly, does it demean or stereotype women? Answer 1 if yes, 0 if no."
17002.jpg,1,0,0,"Considering the visual and textual content together, is this offensive or discriminatory? Answer 1 or 0."
17002.jpg,1,1,1,"Evaluate the meme’s image and caption together. If it expresses sexist or hateful content, output 1. If not, output 0."
17002.jpg,1,1,1,"Analyze the meme as a whole (image + text). If it contains misogynistic or sexist stereotypes, output 1. If it does not, output 0. Respond with only one character."
17002.jpg,1,0,0,"Using the combination of image and text, decide if the meme promotes hate or discrimination. Reply ONLY with 1 or 0."
17002.jpg,1,1,1,"Classify this meme: 1 = hateful or offensive toward women, 0 = not hateful. Output only the digit."
17002.jpg,1,0,No.,"When interpreting the meme’s image and text jointly, does it demean or stereotype women? Answer 1 if yes, 0 if no."
15881.jpg,0,0,0,"Considering the visual and textual content together, is this offensive or discriminatory? Answer 1 or 0."
15881.jpg,0,1,1.,"Evaluate the meme’s image and caption together. If it expresses sexist or hateful content, output 1. If not, output 0."
15881.jpg,0,1,1,"Analyze the meme as a whole (image + text). If it contains misogynistic or sexist stereotypes, output 1. If it does not, output 0. Respond with only one character."
15881.jpg,0,0,0,"Using the combination of image and text, decide if the meme promotes hate or discrimination. Reply ONLY with 1 or 0."
15881.jpg,0,0,0,"Classify this meme: 1 = hateful or offensive toward women, 0 = not hateful. Output only the digit."
15881.jpg,0,0,0,"When interpreting the meme’s image and text jointly, does it demean or stereotype women? Answer 1 if yes, 0 if no."
17038.jpg,1,1,1,"Considering the visual and textual content together, is this offensive or discriminatory? Answer 1 or 0."
17038.jpg,1,1,1,"Evaluate the meme’s image and caption together. If it expresses sexist or hateful content, output 1. If not, output 0."
17038.jpg,1,1,1,"Analyze the meme as a whole (image + text). If it contains misogynistic or sexist stereotypes, output 1. If it does not, output 0. Respond with only one character."
17038.jpg,1,0,0,"Using the combination of image and text, decide if the meme promotes hate or discrimination. Reply ONLY with 1 or 0."
17038.jpg,1,1,1,"Classify this meme: 1 = hateful or offensive toward women, 0 = not hateful. Output only the digit."
17038.jpg,1,0,0,"When interpreting the meme’s image and text jointly, does it demean or stereotype women? Answer 1 if yes, 0 if no."
15975.jpg,1,0,0,"Considering the visual and textual content together, is this offensive or discriminatory? Answer 1 or 0."
15975.jpg,1,1,1,"Evaluate the meme’s image and caption together. If it expresses sexist or hateful content, output 1. If not, output 0."
15975.jpg,1,1,1,"Analyze the meme as a whole (image + text). If it contains misogynistic or sexist stereotypes, output 1. If it does not, output 0. Respond with only one character."
15975.jpg,1,1,1,"Using the combination of image and text, decide if the meme promotes hate or discrimination. Reply ONLY with 1 or 0."
15975.jpg,1,1,1,"Classify this meme: 1 = hateful or offensive toward women, 0 = not hateful. Output only the digit."
15975.jpg,1,0,0,"When interpreting the meme’s image and text jointly, does it demean or stereotype women? Answer 1 if yes, 0 if no."
15575.jpg,1,1,1,"Considering the visual and textual content together, is this offensive or discriminatory? Answer 1 or 0."
15575.jpg,1,1,1,"Evaluate the meme’s image and caption together. If it expresses sexist or hateful content, output 1. If not, output 0."
15575.jpg,1,1,1,"Analyze the meme as a whole (image + text). If it contains misogynistic or sexist stereotypes, output 1. If it does not, output 0. Respond with only one character."
15575.jpg,1,0,0,"Using the combination of image and text, decide if the meme promotes hate or discrimination. Reply ONLY with 1 or 0."
15575.jpg,1,1,1,"Classify this meme: 1 = hateful or offensive toward women, 0 = not hateful. Output only the digit."
15575.jpg,1,0,0,"When interpreting the meme’s image and text jointly, does it demean or stereotype women? Answer 1 if yes, 0 if no."
15716.jpg,1,0,0,"Considering the visual and textual content together, is this offensive or discriminatory? Answer 1 or 0."
15716.jpg,1,1,1,"Evaluate the meme’s image and caption together. If it expresses sexist or hateful content, output 1. If not, output 0."
15716.jpg,1,1,1,"Analyze the meme as a whole (image + text). If it contains misogynistic or sexist stereotypes, output 1. If it does not, output 0. Respond with only one character."
15716.jpg,1,1,1,"Using the combination of image and text, decide if the meme promotes hate or discrimination. Reply ONLY with 1 or 0."
15716.jpg,1,1,1,"Classify this meme: 1 = hateful or offensive toward women, 0 = not hateful. Output only the digit."
15716.jpg,1,0,No,"When interpreting the meme’s image and text jointly, does it demean or stereotype women? Answer 1 if yes, 0 if no."
15270.jpg,0,0,0,"Considering the visual and textual content together, is this offensive or discriminatory? Answer 1 or 0."
15270.jpg,0,0,0,"Evaluate the meme’s image and caption together. If it expresses sexist or hateful content, output 1. If not, output 0."
15270.jpg,0,0,0,"Analyze the meme as a whole (image + text). If it contains misogynistic or sexist stereotypes, output 1. If it does not, output 0. Respond with only one character."
15270.jpg,0,0,0,"Using the combination of image and text, decide if the meme promotes hate or discrimination. Reply ONLY with 1 or 0."
15270.jpg,0,0,0,"Classify this meme: 1 = hateful or offensive toward women, 0 = not hateful. Output only the digit."
15270.jpg,0,0,0,"When interpreting the meme’s image and text jointly, does it demean or stereotype women? Answer 1 if yes, 0 if no."
16195.jpg,0,0,0,"Considering the visual and textual content together, is this offensive or discriminatory? Answer 1 or 0."
16195.jpg,0,1,1,"Evaluate the meme’s image and caption together. If it expresses sexist or hateful content, output 1. If not, output 0."
16195.jpg,0,1,1,"Analyze the meme as a whole (image + text). If it contains misogynistic or sexist stereotypes, output 1. If it does not, output 0. Respond with only one character."
16195.jpg,0,0,0,"Using the combination of image and text, decide if the meme promotes hate or discrimination. Reply ONLY with 1 or 0."
16195.jpg,0,1,1,"Classify this meme: 1 = hateful or offensive toward women, 0 = not hateful. Output only the digit."
16195.jpg,0,0,0,"When interpreting the meme’s image and text jointly, does it demean or stereotype women? Answer 1 if yes, 0 if no."
16312.jpg,0,1,1,"Considering the visual and textual content together, is this offensive or discriminatory? Answer 1 or 0."
16312.jpg,0,1,1,"Evaluate the meme’s image and caption together. If it expresses sexist or hateful content, output 1. If not, output 0."
16312.jpg,0,1,1,"Analyze the meme as a whole (image + text). If it contains misogynistic or sexist stereotypes, output 1. If it does not, output 0. Respond with only one character."
16312.jpg,0,1,1,"Using the combination of image and text, decide if the meme promotes hate or discrimination. Reply ONLY with 1 or 0."
16312.jpg,0,1,1,"Classify this meme: 1 = hateful or offensive toward women, 0 = not hateful. Output only the digit."
16312.jpg,0,0,No,"When interpreting the meme’s image and text jointly, does it demean or stereotype women? Answer 1 if yes, 0 if no."
15174.jpg,0,1,1,"Considering the visual and textual content together, is this offensive or discriminatory? Answer 1 or 0."
15174.jpg,0,1,1,"Evaluate the meme’s image and caption together. If it expresses sexist or hateful content, output 1. If not, output 0."
15174.jpg,0,1,1,"Analyze the meme as a whole (image + text). If it contains misogynistic or sexist stereotypes, output 1. If it does not, output 0. Respond with only one character."
15174.jpg,0,0,0,"Using the combination of image and text, decide if the meme promotes hate or discrimination. Reply ONLY with 1 or 0."
15174.jpg,0,0,0,"Classify this meme: 1 = hateful or offensive toward women, 0 = not hateful. Output only the digit."
15174.jpg,0,0,0,"When interpreting the meme’s image and text jointly, does it demean or stereotype women? Answer 1 if yes, 0 if no."
15603.jpg,0,0,0,"Considering the visual and textual content together, is this offensive or discriminatory? Answer 1 or 0."
15603.jpg,0,0,0,"Evaluate the meme’s image and caption together. If it expresses sexist or hateful content, output 1. If not, output 0."
15603.jpg,0,0,0,"Analyze the meme as a whole (image + text). If it contains misogynistic or sexist stereotypes, output 1. If it does not, output 0. Respond with only one character."
15603.jpg,0,0,0,"Using the combination of image and text, decide if the meme promotes hate or discrimination. Reply ONLY with 1 or 0."
15603.jpg,0,0,0,"Classify this meme: 1 = hateful or offensive toward women, 0 = not hateful. Output only the digit."
15603.jpg,0,0,0,"When interpreting the meme’s image and text jointly, does it demean or stereotype women? Answer 1 if yes, 0 if no."
16126.jpg,1,1,1,"Considering the visual and textual content together, is this offensive or discriminatory? Answer 1 or 0."
16126.jpg,1,1,1,"Evaluate the meme’s image and caption together. If it expresses sexist or hateful content, output 1. If not, output 0."
16126.jpg,1,1,1,"Analyze the meme as a whole (image + text). If it contains misogynistic or sexist stereotypes, output 1. If it does not, output 0. Respond with only one character."
16126.jpg,1,1,1,"Using the combination of image and text, decide if the meme promotes hate or discrimination. Reply ONLY with 1 or 0."
16126.jpg,1,1,1,"Classify this meme: 1 = hateful or offensive toward women, 0 = not hateful. Output only the digit."
16126.jpg,1,1,1,"When interpreting the meme’s image and text jointly, does it demean or stereotype women? Answer 1 if yes, 0 if no."
15591.jpg,1,1,1,"Considering the visual and textual content together, is this offensive or discriminatory? Answer 1 or 0."
15591.jpg,1,1,1,"Evaluate the meme’s image and caption together. If it expresses sexist or hateful content, output 1. If not, output 0."
15591.jpg,1,1,1,"Analyze the meme as a whole (image + text). If it contains misogynistic or sexist stereotypes, output 1. If it does not, output 0. Respond with only one character."
15591.jpg,1,0,0,"Using the combination of image and text, decide if the meme promotes hate or discrimination. Reply ONLY with 1 or 0."
15591.jpg,1,1,1,"Classify this meme: 1 = hateful or offensive toward women, 0 = not hateful. Output only the digit."
15591.jpg,1,0,0,"When interpreting the meme’s image and text jointly, does it demean or stereotype women? Answer 1 if yes, 0 if no."
15049.jpg,0,0,0,"Considering the visual and textual content together, is this offensive or discriminatory? Answer 1 or 0."
15049.jpg,0,0,0,"Evaluate the meme’s image and caption together. If it expresses sexist or hateful content, output 1. If not, output 0."
15049.jpg,0,1,1,"Analyze the meme as a whole (image + text). If it contains misogynistic or sexist stereotypes, output 1. If it does not, output 0. Respond with only one character."
15049.jpg,0,0,0,"Using the combination of image and text, decide if the meme promotes hate or discrimination. Reply ONLY with 1 or 0."
15049.jpg,0,1,1,"Classify this meme: 1 = hateful or offensive toward women, 0 = not hateful. Output only the digit."
15049.jpg,0,0,No,"When interpreting the meme’s image and text jointly, does it demean or stereotype women? Answer 1 if yes, 0 if no."
15363.jpg,1,1,1,"Considering the visual and textual content together, is this offensive or discriminatory? Answer 1 or 0."
15363.jpg,1,1,1,"Evaluate the meme’s image and caption together. If it expresses sexist or hateful content, output 1. If not, output 0."
15363.jpg,1,1,1,"Analyze the meme as a whole (image + text). If it contains misogynistic or sexist stereotypes, output 1. If it does not, output 0. Respond with only one character."
15363.jpg,1,1,1,"Using the combination of image and text, decide if the meme promotes hate or discrimination. Reply ONLY with 1 or 0."
15363.jpg,1,1,1,"Classify this meme: 1 = hateful or offensive toward women, 0 = not hateful. Output only the digit."
15363.jpg,1,1,Yes,"When interpreting the meme’s image and text jointly, does it demean or stereotype women? Answer 1 if yes, 0 if no."
15199.jpg,0,1,1,"Considering the visual and textual content together, is this offensive or discriminatory? Answer 1 or 0."
15199.jpg,0,1,1,"Evaluate the meme’s image and caption together. If it expresses sexist or hateful content, output 1. If not, output 0."
15199.jpg,0,1,1,"Analyze the meme as a whole (image + text). If it contains misogynistic or sexist stereotypes, output 1. If it does not, output 0. Respond with only one character."
15199.jpg,0,1,1,"Using the combination of image and text, decide if the meme promotes hate or discrimination. Reply ONLY with 1 or 0."
15199.jpg,0,1,1,"Classify this meme: 1 = hateful or offensive toward women, 0 = not hateful. Output only the digit."
15199.jpg,0,0,0,"When interpreting the meme’s image and text jointly, does it demean or stereotype women? Answer 1 if yes, 0 if no."
15853.jpg,0,0,0,"Considering the visual and textual content together, is this offensive or discriminatory? Answer 1 or 0."
15853.jpg,0,0,0,"Evaluate the meme’s image and caption together. If it expresses sexist or hateful content, output 1. If not, output 0."
15853.jpg,0,1,1,"Analyze the meme as a whole (image + text). If it contains misogynistic or sexist stereotypes, output 1. If it does not, output 0. Respond with only one character."
15853.jpg,0,0,0,"Using the combination of image and text, decide if the meme promotes hate or discrimination. Reply ONLY with 1 or 0."
15853.jpg,0,1,1,"Classify this meme: 1 = hateful or offensive toward women, 0 = not hateful. Output only the digit."
15853.jpg,0,0,No,"When interpreting the meme’s image and text jointly, does it demean or stereotype women? Answer 1 if yes, 0 if no."
