id,true_label,pred,response,prompt
img/08291.png,1,1,1,Is this meme hateful? Answer 1 (Yes) or 0 (No).
img/08291.png,1,1,"The meme text ""white people is this a shooting range"" is a form of racial stereotyping and is considered hateful. It is not appropriate to use such language, as it perpetuates harmful stereotypes and can be offensive","Classify this meme: 1 = Hateful, 0 = Not Hateful."
img/08291.png,1,0,0,Does this meme contain hate speech? Answer 1 or 0.
img/08291.png,1,0,0,Is this content offensive or hateful? Output only the label 1 or 0.
img/08291.png,1,0,0,Is this a hateful meme targeting a protected group? Answer 1 or 0.
img/46971.png,1,0,0,Is this meme hateful? Answer 1 (Yes) or 0 (No).
img/46971.png,1,0,0,"Classify this meme: 1 = Hateful, 0 = Not Hateful."
img/46971.png,1,0,0,Does this meme contain hate speech? Answer 1 or 0.
img/46971.png,1,0,0,Is this content offensive or hateful? Output only the label 1 or 0.
img/46971.png,1,0,0,Is this a hateful meme targeting a protected group? Answer 1 or 0.
img/03745.png,1,1,1,Is this meme hateful? Answer 1 (Yes) or 0 (No).
img/03745.png,1,0,"The meme you've provided appears to be a form of satire or commentary on the concept of white privilege. It is not hateful in the sense of promoting or endorsing harm or discrimination against any individual or group. However,","Classify this meme: 1 = Hateful, 0 = Not Hateful."
img/03745.png,1,0,0,Does this meme contain hate speech? Answer 1 or 0.
img/03745.png,1,0,0,Is this content offensive or hateful? Output only the label 1 or 0.
img/03745.png,1,0,0,Is this a hateful meme targeting a protected group? Answer 1 or 0.
img/83745.png,1,1,1,Is this meme hateful? Answer 1 (Yes) or 0 (No).
img/83745.png,1,0,"The meme text ""to send these parasites back to the desert"" is a form of hate speech, as it refers to a group of people in a derogatory and dehumanizing manner. This type of language is not acceptable and can","Classify this meme: 1 = Hateful, 0 = Not Hateful."
img/83745.png,1,0,0,Does this meme contain hate speech? Answer 1 or 0.
img/83745.png,1,0,0,Is this content offensive or hateful? Output only the label 1 or 0.
img/83745.png,1,0,0,Is this a hateful meme targeting a protected group? Answer 1 or 0.
img/80243.png,1,1,1,Is this meme hateful? Answer 1 (Yes) or 0 (No).
img/80243.png,1,1,"The meme you've provided appears to be a humorous take on the state of Mississippi, using the phrase ""mississippi wind chime"" as a play on words. It is not intended to be hateful and is likely meant to","Classify this meme: 1 = Hateful, 0 = Not Hateful."
img/80243.png,1,0,0,Does this meme contain hate speech? Answer 1 or 0.
img/80243.png,1,0,0,Is this content offensive or hateful? Output only the label 1 or 0.
img/80243.png,1,0,0,Is this a hateful meme targeting a protected group? Answer 1 or 0.
img/05279.png,1,1,1,Is this meme hateful? Answer 1 (Yes) or 0 (No).
img/05279.png,1,1,The meme text you provided is a form of racial stereotyping and is considered offensive and hateful. It is not appropriate to use or share such content.,"Classify this meme: 1 = Hateful, 0 = Not Hateful."
img/05279.png,1,0,0,Does this meme contain hate speech? Answer 1 or 0.
img/05279.png,1,0,0,Is this content offensive or hateful? Output only the label 1 or 0.
img/05279.png,1,0,0,Is this a hateful meme targeting a protected group? Answer 1 or 0.
img/01796.png,1,0,0,Is this meme hateful? Answer 1 (Yes) or 0 (No).
img/01796.png,1,-1,"The meme you've provided is a humorous take on a situation where two individuals are sharing a moment of affection, with one person kissing the other on the cheek. The text ""life hack #23 how to get stoned with","Classify this meme: 1 = Hateful, 0 = Not Hateful."
img/01796.png,1,0,0,Does this meme contain hate speech? Answer 1 or 0.
img/01796.png,1,0,0,Is this content offensive or hateful? Output only the label 1 or 0.
img/01796.png,1,0,0,Is this a hateful meme targeting a protected group? Answer 1 or 0.
img/53046.png,1,1,1,Is this meme hateful? Answer 1 (Yes) or 0 (No).
img/53046.png,1,0,0,"Classify this meme: 1 = Hateful, 0 = Not Hateful."
img/53046.png,1,0,0,Does this meme contain hate speech? Answer 1 or 0.
img/53046.png,1,0,0,Is this content offensive or hateful? Output only the label 1 or 0.
img/53046.png,1,0,0,Is this a hateful meme targeting a protected group? Answer 1 or 0.
img/82301.png,1,0,0,Is this meme hateful? Answer 1 (Yes) or 0 (No).
img/82301.png,1,-1,"The meme you've provided features a dog with its mouth open, seemingly in a state of excitement or anticipation. The text ""COOOOOOOOOON!!!"" is a playful and exaggerated expression of excitement or enthusiasm. This","Classify this meme: 1 = Hateful, 0 = Not Hateful."
img/82301.png,1,0,0,Does this meme contain hate speech? Answer 1 or 0.
img/82301.png,1,0,0,Is this content offensive or hateful? Output only the label 1 or 0.
img/82301.png,1,0,0,Is this a hateful meme targeting a protected group? Answer 1 or 0.
img/31752.png,1,0,0,Is this meme hateful? Answer 1 (Yes) or 0 (No).
img/31752.png,1,-1,"The meme features a stylized hand giving a thumbs-up gesture, which is often used to indicate approval or agreement. The text above the hand reads, ""when you get to choose your own mental illness."" This meme is class","Classify this meme: 1 = Hateful, 0 = Not Hateful."
img/31752.png,1,0,0,Does this meme contain hate speech? Answer 1 or 0.
img/31752.png,1,0,0,Is this content offensive or hateful? Output only the label 1 or 0.
img/31752.png,1,0,0,Is this a hateful meme targeting a protected group? Answer 1 or 0.
img/27635.png,1,1,1,Is this meme hateful? Answer 1 (Yes) or 0 (No).
img/27635.png,1,-1,"The meme contains a combination of images and text. The top image shows a group of sheep, and the bottom image shows a man with his mouth open, wearing sunglasses and a headscarf, with the text ""ahmarbkr","Classify this meme: 1 = Hateful, 0 = Not Hateful."
img/27635.png,1,0,0,Does this meme contain hate speech? Answer 1 or 0.
img/27635.png,1,0,0,Is this content offensive or hateful? Output only the label 1 or 0.
img/27635.png,1,0,0,Is this a hateful meme targeting a protected group? Answer 1 or 0.
img/80597.png,1,1,1,Is this meme hateful? Answer 1 (Yes) or 0 (No).
img/80597.png,1,1,"The meme you've provided contains text that is offensive and inappropriate. It is not suitable for public discourse and is likely intended to be humorous or satirical, but it is not respectful or considerate of others. Therefore","Classify this meme: 1 = Hateful, 0 = Not Hateful."
img/80597.png,1,0,0,Does this meme contain hate speech? Answer 1 or 0.
img/80597.png,1,1,1,Is this content offensive or hateful? Output only the label 1 or 0.
img/80597.png,1,0,0,Is this a hateful meme targeting a protected group? Answer 1 or 0.
img/45368.png,1,1,1,Is this meme hateful? Answer 1 (Yes) or 0 (No).
img/45368.png,1,1,"The meme you've provided contains text that is derogatory and discriminatory towards the LGBTQ+ community. It uses the term ""freaks"" in a derogatory manner, which is considered offensive and disrespectful.","Classify this meme: 1 = Hateful, 0 = Not Hateful."
img/45368.png,1,0,0,Does this meme contain hate speech? Answer 1 or 0.
img/45368.png,1,0,0,Is this content offensive or hateful? Output only the label 1 or 0.
img/45368.png,1,0,0,Is this a hateful meme targeting a protected group? Answer 1 or 0.
img/17963.png,1,1,1,Is this meme hateful? Answer 1 (Yes) or 0 (No).
img/17963.png,1,0,The meme you've provided is a humorous take on the different reactions people have to certain actions. It is not hateful and is classified as 0 on the hatefulness scale. The meme is making a joke about the contrasting,"Classify this meme: 1 = Hateful, 0 = Not Hateful."
img/17963.png,1,0,0,Does this meme contain hate speech? Answer 1 or 0.
img/17963.png,1,0,0,Is this content offensive or hateful? Output only the label 1 or 0.
img/17963.png,1,0,0,Is this a hateful meme targeting a protected group? Answer 1 or 0.
img/53968.png,1,0,0,Is this meme hateful? Answer 1 (Yes) or 0 (No).
img/53968.png,1,-1,"The meme text is a joke about someone having a high IQ score, which is typically associated with intelligence, but it's the highest score in their village, suggesting that the person's intelligence is significantly higher than that of others in their","Classify this meme: 1 = Hateful, 0 = Not Hateful."
img/53968.png,1,0,0,Does this meme contain hate speech? Answer 1 or 0.
img/53968.png,1,0,0,Is this content offensive or hateful? Output only the label 1 or 0.
img/53968.png,1,0,0,Is this a hateful meme targeting a protected group? Answer 1 or 0.
img/10749.png,1,0,0,Is this meme hateful? Answer 1 (Yes) or 0 (No).
img/10749.png,1,-1,"The meme text ""my sense of humor is so dark it picks cotton"" is a play on words, with ""dark"" referring to a sense of humor that appreciates or enjoys dark or edgy humor, and ""picks cotton""","Classify this meme: 1 = Hateful, 0 = Not Hateful."
img/10749.png,1,0,0,Does this meme contain hate speech? Answer 1 or 0.
img/10749.png,1,0,0,Is this content offensive or hateful? Output only the label 1 or 0.
img/10749.png,1,0,0,Is this a hateful meme targeting a protected group? Answer 1 or 0.
img/25149.png,1,1,1,Is this meme hateful? Answer 1 (Yes) or 0 (No).
img/25149.png,1,0,"The meme text ""if this offends you you might be lack toes intolerant"" is a form of dark humor that plays on the idea of intolerance being a physical condition. It is not intended to be taken literally or as a","Classify this meme: 1 = Hateful, 0 = Not Hateful."
img/25149.png,1,0,0,Does this meme contain hate speech? Answer 1 or 0.
img/25149.png,1,0,0,Is this content offensive or hateful? Output only the label 1 or 0.
img/25149.png,1,0,0,Is this a hateful meme targeting a protected group? Answer 1 or 0.
img/87520.png,1,1,1,Is this meme hateful? Answer 1 (Yes) or 0 (No).
img/87520.png,1,-1,"The meme you've provided contains text that is intended to be humorous or satirical, but it also contains a racial slur. The text is a play on words, suggesting that the presence of Mexican police officers is a form of barrier","Classify this meme: 1 = Hateful, 0 = Not Hateful."
img/87520.png,1,0,0,Does this meme contain hate speech? Answer 1 or 0.
img/87520.png,1,1,1,Is this content offensive or hateful? Output only the label 1 or 0.
img/87520.png,1,0,0,Is this a hateful meme targeting a protected group? Answer 1 or 0.
img/89071.png,1,1,1,Is this meme hateful? Answer 1 (Yes) or 0 (No).
img/89071.png,1,1,"The meme text you provided contains offensive language and is not appropriate for public discourse. It is important to use respectful and inclusive language when discussing people, regardless of their cultural practices. The text in the meme is not respectful and can","Classify this meme: 1 = Hateful, 0 = Not Hateful."
img/89071.png,1,0,0,Does this meme contain hate speech? Answer 1 or 0.
img/89071.png,1,1,1,Is this content offensive or hateful? Output only the label 1 or 0.
img/89071.png,1,0,0,Is this a hateful meme targeting a protected group? Answer 1 or 0.
img/09563.png,1,1,1,Is this meme hateful? Answer 1 (Yes) or 0 (No).
img/09563.png,1,1,"The meme you've provided is a humorous take on the concept of ""safe sex"" and the style of the Islamic State (ISIS). It is not intended to be hateful or to promote any form of violence or extremism.","Classify this meme: 1 = Hateful, 0 = Not Hateful."
img/09563.png,1,0,0,Does this meme contain hate speech? Answer 1 or 0.
img/09563.png,1,0,0,Is this content offensive or hateful? Output only the label 1 or 0.
img/09563.png,1,0,0,Is this a hateful meme targeting a protected group? Answer 1 or 0.
img/72048.png,1,0,0,Is this meme hateful? Answer 1 (Yes) or 0 (No).
img/72048.png,1,1,"The meme you've provided appears to be a humorous take on a situation, rather than a hateful one. It features an image of a gorilla with a caption that suggests a sense of urgency or anticipation, followed","Classify this meme: 1 = Hateful, 0 = Not Hateful."
img/72048.png,1,0,0,Does this meme contain hate speech? Answer 1 or 0.
img/72048.png,1,0,0,Is this content offensive or hateful? Output only the label 1 or 0.
img/72048.png,1,0,0,Is this a hateful meme targeting a protected group? Answer 1 or 0.
img/49826.png,1,1,1,Is this meme hateful? Answer 1 (Yes) or 0 (No).
img/49826.png,1,-1,"The meme text ""white people on cinco de mayo vs. every other day"" is a form of cultural appropriation humor. It is meant to be a joke, playing on the stereotype that white people may be more enthusiastic about celebr","Classify this meme: 1 = Hateful, 0 = Not Hateful."
img/49826.png,1,0,0,Does this meme contain hate speech? Answer 1 or 0.
img/49826.png,1,0,0,Is this content offensive or hateful? Output only the label 1 or 0.
img/49826.png,1,0,0,Is this a hateful meme targeting a protected group? Answer 1 or 0.
img/26453.png,1,1,1,Is this meme hateful? Answer 1 (Yes) or 0 (No).
img/26453.png,1,1,"The meme you've provided contains text that is historically inaccurate and offensive. It depicts a Jewish prisoner from Auschwitz, a concentration camp where many Jews were murdered during the Holocaust, attempting to escape. The","Classify this meme: 1 = Hateful, 0 = Not Hateful."
img/26453.png,1,0,0,Does this meme contain hate speech? Answer 1 or 0.
img/26453.png,1,0,0,Is this content offensive or hateful? Output only the label 1 or 0.
img/26453.png,1,0,0,Is this a hateful meme targeting a protected group? Answer 1 or 0.
img/12650.png,1,1,1,Is this meme hateful? Answer 1 (Yes) or 0 (No).
img/12650.png,1,1,"The meme text ""which one has tranny problems?"" is considered offensive and transphobic. It is not appropriate to use such language, as it is disrespectful and harmful to the transgender community. Therefore, this meme would","Classify this meme: 1 = Hateful, 0 = Not Hateful."
img/12650.png,1,0,0,Does this meme contain hate speech? Answer 1 or 0.
img/12650.png,1,0,0,Is this content offensive or hateful? Output only the label 1 or 0.
img/12650.png,1,0,0,Is this a hateful meme targeting a protected group? Answer 1 or 0.
img/02568.png,1,1,1,Is this meme hateful? Answer 1 (Yes) or 0 (No).
img/02568.png,1,0,"The meme you've provided contains text that is making a comparison between heroin and a person, which is a form of dehumanization. It is not appropriate to compare a person to a drug, as it can be seen as belitt","Classify this meme: 1 = Hateful, 0 = Not Hateful."
img/02568.png,1,0,0,Does this meme contain hate speech? Answer 1 or 0.
img/02568.png,1,1,1,Is this content offensive or hateful? Output only the label 1 or 0.
img/02568.png,1,0,0,Is this a hateful meme targeting a protected group? Answer 1 or 0.
img/83954.png,1,1,1,Is this meme hateful? Answer 1 (Yes) or 0 (No).
img/83954.png,1,0,"The meme you've provided contains text that could be interpreted as expressing a negative opinion about the burqa. However, it's important to note that the meme itself does not necessarily promote hate. It appears to be a call to","Classify this meme: 1 = Hateful, 0 = Not Hateful."
img/83954.png,1,0,0,Does this meme contain hate speech? Answer 1 or 0.
img/83954.png,1,0,0,Is this content offensive or hateful? Output only the label 1 or 0.
img/83954.png,1,0,0,Is this a hateful meme targeting a protected group? Answer 1 or 0.
img/24316.png,1,1,1,Is this meme hateful? Answer 1 (Yes) or 0 (No).
img/24316.png,1,1,"The meme you've provided is a humorous take on the behavior of sharks, suggesting that they might mistake a person for a whale and therefore not attack them. It is not intended to be hateful and is classified as 0","Classify this meme: 1 = Hateful, 0 = Not Hateful."
img/24316.png,1,0,0,Does this meme contain hate speech? Answer 1 or 0.
img/24316.png,1,0,0,Is this content offensive or hateful? Output only the label 1 or 0.
img/24316.png,1,0,0,Is this a hateful meme targeting a protected group? Answer 1 or 0.
img/62035.png,1,1,1,Is this meme hateful? Answer 1 (Yes) or 0 (No).
img/62035.png,1,0,0,"Classify this meme: 1 = Hateful, 0 = Not Hateful."
img/62035.png,1,0,0,Does this meme contain hate speech? Answer 1 or 0.
img/62035.png,1,0,0,Is this content offensive or hateful? Output only the label 1 or 0.
img/62035.png,1,0,0,Is this a hateful meme targeting a protected group? Answer 1 or 0.
img/65342.png,1,1,1,Is this meme hateful? Answer 1 (Yes) or 0 (No).
img/65342.png,1,1,"The meme you've provided contains text that is not inherently hateful. It is a humorous comparison between the actions of ants' army and the actions of a group of people, using the metaphor of ants' nest being","Classify this meme: 1 = Hateful, 0 = Not Hateful."
img/65342.png,1,0,0,Does this meme contain hate speech? Answer 1 or 0.
img/65342.png,1,0,0,Is this content offensive or hateful? Output only the label 1 or 0.
img/65342.png,1,0,0,Is this a hateful meme targeting a protected group? Answer 1 or 0.
img/92058.png,1,1,1,Is this meme hateful? Answer 1 (Yes) or 0 (No).
img/92058.png,1,1,"The meme you've provided contains text that is offensive and racist. It is not appropriate to use such language or to promote content that is discriminatory or derogatory towards any group of people. Therefore, I cannot classify this mem","Classify this meme: 1 = Hateful, 0 = Not Hateful."
img/92058.png,1,0,0,Does this meme contain hate speech? Answer 1 or 0.
img/92058.png,1,1,1,Is this content offensive or hateful? Output only the label 1 or 0.
img/92058.png,1,0,0,Is this a hateful meme targeting a protected group? Answer 1 or 0.
img/58672.png,1,1,1,Is this meme hateful? Answer 1 (Yes) or 0 (No).
img/58672.png,1,1,The meme text you provided is a form of cultural stereotyping and is considered offensive and disrespectful. It is not appropriate to make jokes about people's eating habits or to use derogatory terms to describe others. This mem,"Classify this meme: 1 = Hateful, 0 = Not Hateful."
img/58672.png,1,0,0,Does this meme contain hate speech? Answer 1 or 0.
img/58672.png,1,1,1,Is this content offensive or hateful? Output only the label 1 or 0.
img/58672.png,1,0,0,Is this a hateful meme targeting a protected group? Answer 1 or 0.
img/54069.png,1,1,1,Is this meme hateful? Answer 1 (Yes) or 0 (No).
img/54069.png,1,-1,"The meme you've provided features a group of people dressed in striped prison uniforms, which is a reference to the attire of prisoners in concentration camps during World War II. The text ""when you decide to go full gas"" is","Classify this meme: 1 = Hateful, 0 = Not Hateful."
img/54069.png,1,0,0,Does this meme contain hate speech? Answer 1 or 0.
img/54069.png,1,0,0,Is this content offensive or hateful? Output only the label 1 or 0.
img/54069.png,1,0,0,Is this a hateful meme targeting a protected group? Answer 1 or 0.
img/91586.png,1,1,1,Is this meme hateful? Answer 1 (Yes) or 0 (No).
img/91586.png,1,-1,"The meme you've provided appears to be a humorous take on a situation where someone has been injured or is in a state of distress, with the caption suggesting that the person has been injured multiple times. The text ""too many times","Classify this meme: 1 = Hateful, 0 = Not Hateful."
img/91586.png,1,0,0,Does this meme contain hate speech? Answer 1 or 0.
img/91586.png,1,0,0,Is this content offensive or hateful? Output only the label 1 or 0.
img/91586.png,1,0,0,Is this a hateful meme targeting a protected group? Answer 1 or 0.
img/87130.png,1,0,0,Is this meme hateful? Answer 1 (Yes) or 0 (No).
img/87130.png,1,1,"The meme text ""finally finding the right tutorial you need indian accent"" is a form of cultural stereotyping and can be considered offensive. It is classifiable as a 1 on the hatefulness scale, as it perpetu","Classify this meme: 1 = Hateful, 0 = Not Hateful."
img/87130.png,1,0,0,Does this meme contain hate speech? Answer 1 or 0.
img/87130.png,1,0,0,Is this content offensive or hateful? Output only the label 1 or 0.
img/87130.png,1,0,0,Is this a hateful meme targeting a protected group? Answer 1 or 0.
img/95640.png,1,0,0,Is this meme hateful? Answer 1 (Yes) or 0 (No).
img/95640.png,1,-1,"The meme you've provided appears to be a humorous or satirical take on a situation, using a goat standing on a rock as a visual metaphor. The text ""syrian rape survivor speaks out"" is a play on","Classify this meme: 1 = Hateful, 0 = Not Hateful."
img/95640.png,1,0,0,Does this meme contain hate speech? Answer 1 or 0.
img/95640.png,1,0,0,Is this content offensive or hateful? Output only the label 1 or 0.
img/95640.png,1,0,0,Is this a hateful meme targeting a protected group? Answer 1 or 0.
img/47819.png,1,1,1,Is this meme hateful? Answer 1 (Yes) or 0 (No).
img/47819.png,1,-1,"The meme you've provided contains text that is intended to be humorous or satirical, but it also contains a statement that could be interpreted as making light of serious health issues. The text compares the idea that addiction is a disease that","Classify this meme: 1 = Hateful, 0 = Not Hateful."
img/47819.png,1,0,0,Does this meme contain hate speech? Answer 1 or 0.
img/47819.png,1,0,0,Is this content offensive or hateful? Output only the label 1 or 0.
img/47819.png,1,0,0,Is this a hateful meme targeting a protected group? Answer 1 or 0.
img/59140.png,1,1,1,Is this meme hateful? Answer 1 (Yes) or 0 (No).
img/59140.png,1,1,"The meme text you provided contains language that is considered offensive and inappropriate. It is not suitable for all audiences and can be considered hateful. Therefore, I would classify this meme as a 1 for hateful content.","Classify this meme: 1 = Hateful, 0 = Not Hateful."
img/59140.png,1,0,0,Does this meme contain hate speech? Answer 1 or 0.
img/59140.png,1,1,1,Is this content offensive or hateful? Output only the label 1 or 0.
img/59140.png,1,0,0,Is this a hateful meme targeting a protected group? Answer 1 or 0.
img/13647.png,1,1,1,Is this meme hateful? Answer 1 (Yes) or 0 (No).
img/13647.png,1,1,"The meme text you provided contains a statement that is sexist and offensive. It is a form of gender stereotyping and discrimination, which is not appropriate or respectful. Therefore, I would classify this meme as 1 for","Classify this meme: 1 = Hateful, 0 = Not Hateful."
img/13647.png,1,0,0,Does this meme contain hate speech? Answer 1 or 0.
img/13647.png,1,0,0,Is this content offensive or hateful? Output only the label 1 or 0.
img/13647.png,1,0,0,Is this a hateful meme targeting a protected group? Answer 1 or 0.
img/65832.png,1,1,1,Is this meme hateful? Answer 1 (Yes) or 0 (No).
img/65832.png,1,0,"The meme you've provided is a humorous take on the concept of loving animals but eating meat. It features a child making a gesture that is commonly associated with the idea of not understanding something, and the text is a playful question that","Classify this meme: 1 = Hateful, 0 = Not Hateful."
img/65832.png,1,0,0,Does this meme contain hate speech? Answer 1 or 0.
img/65832.png,1,0,0,Is this content offensive or hateful? Output only the label 1 or 0.
img/65832.png,1,0,0,Is this a hateful meme targeting a protected group? Answer 1 or 0.
img/57621.png,1,1,1,Is this meme hateful? Answer 1 (Yes) or 0 (No).
img/57621.png,1,-1,The meme contains text that expresses a desire to post content about Islam if it receives a certain number of likes. The text implies a negative view of Muslims and suggests that the person who posted the meme has a negative perception of how Muslims view,"Classify this meme: 1 = Hateful, 0 = Not Hateful."
img/57621.png,1,0,0,Does this meme contain hate speech? Answer 1 or 0.
img/57621.png,1,0,0,Is this content offensive or hateful? Output only the label 1 or 0.
img/57621.png,1,0,0,Is this a hateful meme targeting a protected group? Answer 1 or 0.
img/40982.png,1,0,0,Is this meme hateful? Answer 1 (Yes) or 0 (No).
img/40982.png,1,0,0,"Classify this meme: 1 = Hateful, 0 = Not Hateful."
img/40982.png,1,0,0,Does this meme contain hate speech? Answer 1 or 0.
img/40982.png,1,0,0,Is this content offensive or hateful? Output only the label 1 or 0.
img/40982.png,1,0,0,Is this a hateful meme targeting a protected group? Answer 1 or 0.
img/43275.png,1,1,1,Is this meme hateful? Answer 1 (Yes) or 0 (No).
img/43275.png,1,0,The meme you've provided is a humorous take on a situation where a person is feeling ignored or undervalued by their partner. It is not intended to be hateful and is classified as 0 for not hateful. The,"Classify this meme: 1 = Hateful, 0 = Not Hateful."
img/43275.png,1,0,0,Does this meme contain hate speech? Answer 1 or 0.
img/43275.png,1,0,0,Is this content offensive or hateful? Output only the label 1 or 0.
img/43275.png,1,0,0,Is this a hateful meme targeting a protected group? Answer 1 or 0.
img/12973.png,1,0,0,Is this meme hateful? Answer 1 (Yes) or 0 (No).
img/12973.png,1,-1,"The meme you've provided is a humorous image with a caption that is meant to be funny. It features a person with soap bubbles all over their face and body, which is an exaggerated and comical representation of someone who","Classify this meme: 1 = Hateful, 0 = Not Hateful."
img/12973.png,1,0,0,Does this meme contain hate speech? Answer 1 or 0.
img/12973.png,1,0,0,Is this content offensive or hateful? Output only the label 1 or 0.
img/12973.png,1,0,0,Is this a hateful meme targeting a protected group? Answer 1 or 0.
img/74350.png,1,1,1,Is this meme hateful? Answer 1 (Yes) or 0 (No).
img/74350.png,1,1,"The meme text ""a head diaper is required when you have shit for brains"" is a form of offensive humor that is intended to be humorous by making a joke about intelligence. However, it is important to note that humor is subjective","Classify this meme: 1 = Hateful, 0 = Not Hateful."
img/74350.png,1,0,0,Does this meme contain hate speech? Answer 1 or 0.
img/74350.png,1,0,0,Is this content offensive or hateful? Output only the label 1 or 0.
img/74350.png,1,0,0,Is this a hateful meme targeting a protected group? Answer 1 or 0.
img/02478.png,1,1,1,Is this meme hateful? Answer 1 (Yes) or 0 (No).
img/02478.png,1,1,"The meme text you provided is a form of racial slur and is highly offensive. It is not appropriate to use such language, and it is not acceptable to classify it as anything other than hateful.","Classify this meme: 1 = Hateful, 0 = Not Hateful."
img/02478.png,1,0,0,Does this meme contain hate speech? Answer 1 or 0.
img/02478.png,1,1,1,Is this content offensive or hateful? Output only the label 1 or 0.
img/02478.png,1,0,0,Is this a hateful meme targeting a protected group? Answer 1 or 0.
img/51607.png,1,1,1,Is this meme hateful? Answer 1 (Yes) or 0 (No).
img/51607.png,1,-1,The meme you've provided contains text that is factually accurate but can be perceived as insensitive or inappropriate due to the sensitive nature of the events it references. The text is a comparison of the number of people killed in two separate,"Classify this meme: 1 = Hateful, 0 = Not Hateful."
img/51607.png,1,0,0,Does this meme contain hate speech? Answer 1 or 0.
img/51607.png,1,0,0,Is this content offensive or hateful? Output only the label 1 or 0.
img/51607.png,1,0,0,Is this a hateful meme targeting a protected group? Answer 1 or 0.
img/65403.png,1,1,1,Is this meme hateful? Answer 1 (Yes) or 0 (No).
img/65403.png,1,1,"The meme you've provided contains text that is not inherently hateful. It is a humorous take on a religious context, specifically referencing a scene from the Catholic Church where a priest is holding a collection plate and saying ""money","Classify this meme: 1 = Hateful, 0 = Not Hateful."
img/65403.png,1,0,0,Does this meme contain hate speech? Answer 1 or 0.
img/65403.png,1,0,0,Is this content offensive or hateful? Output only the label 1 or 0.
img/65403.png,1,0,0,Is this a hateful meme targeting a protected group? Answer 1 or 0.
img/29750.png,1,1,1,Is this meme hateful? Answer 1 (Yes) or 0 (No).
img/29750.png,1,1,"The meme text ""this cat is getting raped tonight"" is a form of dark humor and is intended to be offensive and shocking. It is not appropriate for all audiences and can be considered hateful. Therefore, the classification for this mem","Classify this meme: 1 = Hateful, 0 = Not Hateful."
img/29750.png,1,0,0,Does this meme contain hate speech? Answer 1 or 0.
img/29750.png,1,1,1,Is this content offensive or hateful? Output only the label 1 or 0.
img/29750.png,1,0,0,Is this a hateful meme targeting a protected group? Answer 1 or 0.
img/26547.png,1,1,1,Is this meme hateful? Answer 1 (Yes) or 0 (No).
img/26547.png,1,1,"The meme you've provided contains text that is likely intended to be humorous or satirical, but it could be perceived as offensive or inappropriate depending on the context in which it is used. The text ""allah allah i","Classify this meme: 1 = Hateful, 0 = Not Hateful."
img/26547.png,1,0,0,Does this meme contain hate speech? Answer 1 or 0.
img/26547.png,1,0,0,Is this content offensive or hateful? Output only the label 1 or 0.
img/26547.png,1,0,0,Is this a hateful meme targeting a protected group? Answer 1 or 0.
img/02143.png,1,1,1,Is this meme hateful? Answer 1 (Yes) or 0 (No).
img/02143.png,1,0,0,"Classify this meme: 1 = Hateful, 0 = Not Hateful."
img/02143.png,1,0,0,Does this meme contain hate speech? Answer 1 or 0.
img/02143.png,1,0,0,Is this content offensive or hateful? Output only the label 1 or 0.
img/02143.png,1,0,0,Is this a hateful meme targeting a protected group? Answer 1 or 0.
img/68192.png,1,1,1,Is this meme hateful? Answer 1 (Yes) or 0 (No).
img/68192.png,1,1,"The meme text ""scientist are working hard to cure them all"" is not inherently hateful. It appears to be a statement of intent or purpose, suggesting that scientists are dedicated to finding a cure for a particular issue or condition.","Classify this meme: 1 = Hateful, 0 = Not Hateful."
img/68192.png,1,0,0,Does this meme contain hate speech? Answer 1 or 0.
img/68192.png,1,0,0,Is this content offensive or hateful? Output only the label 1 or 0.
img/68192.png,1,0,0,Is this a hateful meme targeting a protected group? Answer 1 or 0.
img/52603.png,1,1,1,Is this meme hateful? Answer 1 (Yes) or 0 (No).
img/52603.png,1,1,"The meme text ""feeling kinda cute might steal your shit later.. idk"" is a playful and humorous statement that does not contain any hateful or offensive language. It is a light-hearted joke and can be classified as","Classify this meme: 1 = Hateful, 0 = Not Hateful."
img/52603.png,1,0,0,Does this meme contain hate speech? Answer 1 or 0.
img/52603.png,1,0,0,Is this content offensive or hateful? Output only the label 1 or 0.
img/52603.png,1,0,0,Is this a hateful meme targeting a protected group? Answer 1 or 0.
img/05349.png,0,1,1,Is this meme hateful? Answer 1 (Yes) or 0 (No).
img/05349.png,0,-1,"The meme you've provided appears to be a humorous or satirical take on a situation, rather than a statement of fact. It features two individuals posing for a photo, with one person leaning against a brick wall and the other standing","Classify this meme: 1 = Hateful, 0 = Not Hateful."
img/05349.png,0,0,0,Does this meme contain hate speech? Answer 1 or 0.
img/05349.png,0,0,0,Is this content offensive or hateful? Output only the label 1 or 0.
img/05349.png,0,0,0,Is this a hateful meme targeting a protected group? Answer 1 or 0.
img/06491.png,1,1,"The meme text ""tranny for sale"" is considered hateful and offensive towards transgender individuals. It is important to use respectful language and avoid derogatory terms when discussing or referring to individuals who identify as transgender.",Is this meme hateful? Answer 1 (Yes) or 0 (No).
img/06491.png,1,1,The meme you've provided contains text that is considered offensive and derogatory towards transgender individuals. It is classified as hateful.,"Classify this meme: 1 = Hateful, 0 = Not Hateful."
img/06491.png,1,0,0,Does this meme contain hate speech? Answer 1 or 0.
img/06491.png,1,0,0,Is this content offensive or hateful? Output only the label 1 or 0.
img/06491.png,1,0,0,Is this a hateful meme targeting a protected group? Answer 1 or 0.
img/74013.png,1,1,1,Is this meme hateful? Answer 1 (Yes) or 0 (No).
img/74013.png,1,1,"The meme you've provided is classified as 0, as it does not contain any hateful or offensive language or imagery. It is a humorous take on a situation where a patient with Alzheimer's expresses frustration about","Classify this meme: 1 = Hateful, 0 = Not Hateful."
img/74013.png,1,0,0,Does this meme contain hate speech? Answer 1 or 0.
img/74013.png,1,0,0,Is this content offensive or hateful? Output only the label 1 or 0.
img/74013.png,1,0,0,Is this a hateful meme targeting a protected group? Answer 1 or 0.
img/27485.png,1,1,1,Is this meme hateful? Answer 1 (Yes) or 0 (No).
img/27485.png,1,0,0,"Classify this meme: 1 = Hateful, 0 = Not Hateful."
img/27485.png,1,0,0,Does this meme contain hate speech? Answer 1 or 0.
img/27485.png,1,0,0,Is this content offensive or hateful? Output only the label 1 or 0.
img/27485.png,1,0,0,Is this a hateful meme targeting a protected group? Answer 1 or 0.
img/13026.png,1,1,1,Is this meme hateful? Answer 1 (Yes) or 0 (No).
img/13026.png,1,0,"The meme you've provided contains text that expresses a political opinion. It is important to note that the classification of a meme as ""Hateful"" or ""Not Hateful"" is subjective and can depend on the context in which","Classify this meme: 1 = Hateful, 0 = Not Hateful."
img/13026.png,1,0,0,Does this meme contain hate speech? Answer 1 or 0.
img/13026.png,1,1,1,Is this content offensive or hateful? Output only the label 1 or 0.
img/13026.png,1,0,0,Is this a hateful meme targeting a protected group? Answer 1 or 0.
img/17265.png,0,0,0,Is this meme hateful? Answer 1 (Yes) or 0 (No).
img/17265.png,0,-1,"The meme you've provided appears to be a humorous take on a situation in Baltimore, using a photo of two monkeys to represent the city. The text ""meanwhile in baltimore"" is a play on words, suggesting that","Classify this meme: 1 = Hateful, 0 = Not Hateful."
img/17265.png,0,0,0,Does this meme contain hate speech? Answer 1 or 0.
img/17265.png,0,0,0,Is this content offensive or hateful? Output only the label 1 or 0.
img/17265.png,0,0,0,Is this a hateful meme targeting a protected group? Answer 1 or 0.
img/91405.png,0,1,"The meme text is hateful and offensive. It makes light of a serious issue, suggesting that a woman's choice of clothing is intended to prevent sexual assault, which is not the case. The meme also uses derogatory language to",Is this meme hateful? Answer 1 (Yes) or 0 (No).
img/91405.png,0,0,"The meme text you provided contains a statement that is offensive and inappropriate. It is not a statement that can be classified as hateful or not hateful, as it is not a statement about a group of people, but rather a statement","Classify this meme: 1 = Hateful, 0 = Not Hateful."
img/91405.png,0,0,0,Does this meme contain hate speech? Answer 1 or 0.
img/91405.png,0,0,0,Is this content offensive or hateful? Output only the label 1 or 0.
img/91405.png,0,0,0,Is this a hateful meme targeting a protected group? Answer 1 or 0.
img/14026.png,1,1,1,Is this meme hateful? Answer 1 (Yes) or 0 (No).
img/14026.png,1,1,"The meme contains text that is offensive and derogatory towards individuals with disabilities. It is not appropriate to use such language, and it is important to be respectful and considerate when discussing or making jokes about people with disabilities. Therefore","Classify this meme: 1 = Hateful, 0 = Not Hateful."
img/14026.png,1,0,0,Does this meme contain hate speech? Answer 1 or 0.
img/14026.png,1,1,1,Is this content offensive or hateful? Output only the label 1 or 0.
img/14026.png,1,0,0,Is this a hateful meme targeting a protected group? Answer 1 or 0.
img/18945.png,1,0,0,Is this meme hateful? Answer 1 (Yes) or 0 (No).
img/18945.png,1,-1,"The meme you've provided features a person standing in front of a large fire with their arms raised, and the text ""when you decide to go full gas"" is superimposed on the image. The meme is intended to be hum","Classify this meme: 1 = Hateful, 0 = Not Hateful."
img/18945.png,1,0,0,Does this meme contain hate speech? Answer 1 or 0.
img/18945.png,1,0,0,Is this content offensive or hateful? Output only the label 1 or 0.
img/18945.png,1,0,0,Is this a hateful meme targeting a protected group? Answer 1 or 0.
img/83920.png,1,1,1,Is this meme hateful? Answer 1 (Yes) or 0 (No).
img/83920.png,1,-1,"The meme contains text that is highly controversial and politically charged. It references the 9/11 attacks and makes a statement about immigration policy. The text is likely intended to be provocative and to express a political opinion. However, without","Classify this meme: 1 = Hateful, 0 = Not Hateful."
img/83920.png,1,0,0,Does this meme contain hate speech? Answer 1 or 0.
img/83920.png,1,1,1,Is this content offensive or hateful? Output only the label 1 or 0.
img/83920.png,1,0,0,Is this a hateful meme targeting a protected group? Answer 1 or 0.
img/83497.png,0,1,1,Is this meme hateful? Answer 1 (Yes) or 0 (No).
img/83497.png,0,-1,"The meme you've provided appears to be a humorous take on the concept of radicalization, using two images of a person with a caption that suggests a comparison between different types of radicalization. The first image shows a person with a","Classify this meme: 1 = Hateful, 0 = Not Hateful."
img/83497.png,0,0,0,Does this meme contain hate speech? Answer 1 or 0.
img/83497.png,0,0,0,Is this content offensive or hateful? Output only the label 1 or 0.
img/83497.png,0,0,0,Is this a hateful meme targeting a protected group? Answer 1 or 0.
img/04569.png,0,0,0,Is this meme hateful? Answer 1 (Yes) or 0 (No).
img/04569.png,0,0,"The meme you've provided is a humorous image of a pig with a caption that reads ""when is the time to eat i am hungry."" The meme is not hateful; it is a light-hearted joke about the","Classify this meme: 1 = Hateful, 0 = Not Hateful."
img/04569.png,0,0,0,Does this meme contain hate speech? Answer 1 or 0.
img/04569.png,0,0,0,Is this content offensive or hateful? Output only the label 1 or 0.
img/04569.png,0,0,0,Is this a hateful meme targeting a protected group? Answer 1 or 0.
img/39607.png,1,1,1,Is this meme hateful? Answer 1 (Yes) or 0 (No).
img/39607.png,1,0,"The meme text ""those stupid basterds thought it was a real shower"" is a reference to a scene from the movie ""Inglourious Basterds,"" where a character is speaking to another character who is unaware of the","Classify this meme: 1 = Hateful, 0 = Not Hateful."
img/39607.png,1,0,0,Does this meme contain hate speech? Answer 1 or 0.
img/39607.png,1,1,1,Is this content offensive or hateful? Output only the label 1 or 0.
img/39607.png,1,0,0,Is this a hateful meme targeting a protected group? Answer 1 or 0.
img/09715.png,1,1,1,Is this meme hateful? Answer 1 (Yes) or 0 (No).
img/09715.png,1,1,"The meme text you provided is a form of dark humor, which is a type of humor that is based on taboo subjects or topics that are considered inappropriate or offensive. It is not meant to be taken literally and is intended to be","Classify this meme: 1 = Hateful, 0 = Not Hateful."
img/09715.png,1,0,0,Does this meme contain hate speech? Answer 1 or 0.
img/09715.png,1,1,1,Is this content offensive or hateful? Output only the label 1 or 0.
img/09715.png,1,0,0,Is this a hateful meme targeting a protected group? Answer 1 or 0.
img/01925.png,1,1,1,Is this meme hateful? Answer 1 (Yes) or 0 (No).
img/01925.png,1,1,"The meme text ""i am not racist i just don't like brown sugar"" is a form of racial prejudice and can be classified as hateful. It is making a joke about racism by using a common food item as a metaphor","Classify this meme: 1 = Hateful, 0 = Not Hateful."
img/01925.png,1,0,0,Does this meme contain hate speech? Answer 1 or 0.
img/01925.png,1,0,0,Is this content offensive or hateful? Output only the label 1 or 0.
img/01925.png,1,0,0,Is this a hateful meme targeting a protected group? Answer 1 or 0.
img/94813.png,0,1,1,Is this meme hateful? Answer 1 (Yes) or 0 (No).
img/94813.png,0,-1,"The meme you've provided appears to be a humorous or light-hearted image with text that seems to be a play on words. The text ""that's the way allah allah i like it!!!"" is a phrase","Classify this meme: 1 = Hateful, 0 = Not Hateful."
img/94813.png,0,0,0,Does this meme contain hate speech? Answer 1 or 0.
img/94813.png,0,0,0,Is this content offensive or hateful? Output only the label 1 or 0.
img/94813.png,0,0,0,Is this a hateful meme targeting a protected group? Answer 1 or 0.
img/29437.png,1,0,0,Is this meme hateful? Answer 1 (Yes) or 0 (No).
img/29437.png,1,-1,"The meme you've provided is a humorous comparison between two images. The top image shows a person holding a bowl of cereal, with the text ""what can happen if you eat wheaties for 38 years,"" which is a","Classify this meme: 1 = Hateful, 0 = Not Hateful."
img/29437.png,1,0,0,Does this meme contain hate speech? Answer 1 or 0.
img/29437.png,1,0,0,Is this content offensive or hateful? Output only the label 1 or 0.
img/29437.png,1,0,0,Is this a hateful meme targeting a protected group? Answer 1 or 0.
img/95038.png,0,1,1,Is this meme hateful? Answer 1 (Yes) or 0 (No).
img/95038.png,0,1,The meme text you provided is inappropriate and offensive. It is not suitable for any audience and is likely intended to be humorous in a vulgar or crude manner. This type of content is not appropriate for a public platform and can,"Classify this meme: 1 = Hateful, 0 = Not Hateful."
img/95038.png,0,0,0,Does this meme contain hate speech? Answer 1 or 0.
img/95038.png,0,1,1,Is this content offensive or hateful? Output only the label 1 or 0.
img/95038.png,0,0,0,Is this a hateful meme targeting a protected group? Answer 1 or 0.
img/64891.png,1,1,1,Is this meme hateful? Answer 1 (Yes) or 0 (No).
img/64891.png,1,0,"The meme contains text that expresses a negative stereotype about Lebanon and its Muslim population. The text implies that the country is better off before Muslims and that there will be a ""golden age"" after Islam is taken over, which is","Classify this meme: 1 = Hateful, 0 = Not Hateful."
img/64891.png,1,0,0,Does this meme contain hate speech? Answer 1 or 0.
img/64891.png,1,0,0,Is this content offensive or hateful? Output only the label 1 or 0.
img/64891.png,1,0,0,Is this a hateful meme targeting a protected group? Answer 1 or 0.
img/63280.png,1,1,1,Is this meme hateful? Answer 1 (Yes) or 0 (No).
img/63280.png,1,1,"The meme you've provided contains text that is historically inaccurate and offensive. It is not appropriate to compare the atrocities committed during the Holocaust to any other situation, as the Holocaust was a unique and hor","Classify this meme: 1 = Hateful, 0 = Not Hateful."
img/63280.png,1,0,0,Does this meme contain hate speech? Answer 1 or 0.
img/63280.png,1,1,1,Is this content offensive or hateful? Output only the label 1 or 0.
img/63280.png,1,0,0,Is this a hateful meme targeting a protected group? Answer 1 or 0.
img/17682.png,1,1,1,Is this meme hateful? Answer 1 (Yes) or 0 (No).
img/17682.png,1,1,The meme you've provided contains text that promotes violence and is therefore classified as Hateful.,"Classify this meme: 1 = Hateful, 0 = Not Hateful."
img/17682.png,1,0,0,Does this meme contain hate speech? Answer 1 or 0.
img/17682.png,1,1,1,Is this content offensive or hateful? Output only the label 1 or 0.
img/17682.png,1,0,0,Is this a hateful meme targeting a protected group? Answer 1 or 0.
img/84510.png,1,1,1,Is this meme hateful? Answer 1 (Yes) or 0 (No).
img/84510.png,1,-1,"The meme you've provided is a form of dark humor that relies on shock value and a controversial topic to elicit a reaction. It features a priest, who is typically associated with religious teachings and moral guidance, making a suggestive","Classify this meme: 1 = Hateful, 0 = Not Hateful."
img/84510.png,1,0,0,Does this meme contain hate speech? Answer 1 or 0.
img/84510.png,1,0,0,Is this content offensive or hateful? Output only the label 1 or 0.
img/84510.png,1,0,0,Is this a hateful meme targeting a protected group? Answer 1 or 0.
img/28690.png,0,0,0,Is this meme hateful? Answer 1 (Yes) or 0 (No).
img/28690.png,0,0,"The meme text reads: ""if you're gonna talk shit about someone... you better make sure they aren't crazier than you are""

This meme is not hateful. It is a humorous statement that suggests","Classify this meme: 1 = Hateful, 0 = Not Hateful."
img/28690.png,0,0,0,Does this meme contain hate speech? Answer 1 or 0.
img/28690.png,0,0,0,Is this content offensive or hateful? Output only the label 1 or 0.
img/28690.png,0,0,0,Is this a hateful meme targeting a protected group? Answer 1 or 0.
img/03567.png,1,0,0,Is this meme hateful? Answer 1 (Yes) or 0 (No).
img/03567.png,1,1,"The meme text ""potato is my favorite color of the alphabet"" is a playful and nonsensical statement, as colors are not part of the alphabet. It is not a hateful statement and can be classified as a","Classify this meme: 1 = Hateful, 0 = Not Hateful."
img/03567.png,1,0,0,Does this meme contain hate speech? Answer 1 or 0.
img/03567.png,1,0,0,Is this content offensive or hateful? Output only the label 1 or 0.
img/03567.png,1,0,0,Is this a hateful meme targeting a protected group? Answer 1 or 0.
img/95830.png,1,1,1,Is this meme hateful? Answer 1 (Yes) or 0 (No).
img/95830.png,1,0,"The meme you've provided appears to be a political statement, and it is not appropriate to classify it as hateful or not hateful without understanding the context and the intent behind the meme. It is important to consider the content of","Classify this meme: 1 = Hateful, 0 = Not Hateful."
img/95830.png,1,0,0,Does this meme contain hate speech? Answer 1 or 0.
img/95830.png,1,0,0,Is this content offensive or hateful? Output only the label 1 or 0.
img/95830.png,1,0,0,Is this a hateful meme targeting a protected group? Answer 1 or 0.
img/29873.png,1,1,1,Is this meme hateful? Answer 1 (Yes) or 0 (No).
img/29873.png,1,1,"The meme you've provided contains text that is highly offensive and derogatory. It is not appropriate to use such language, as it is racist and dehumanizing. This type of language is not acceptable in any context and can be deeply","Classify this meme: 1 = Hateful, 0 = Not Hateful."
img/29873.png,1,0,0,Does this meme contain hate speech? Answer 1 or 0.
img/29873.png,1,1,1,Is this content offensive or hateful? Output only the label 1 or 0.
img/29873.png,1,0,0,Is this a hateful meme targeting a protected group? Answer 1 or 0.
img/70953.png,1,1,1,Is this meme hateful? Answer 1 (Yes) or 0 (No).
img/70953.png,1,1,"The meme you've provided contains text that is intended to be humorous or satirical, but it could be perceived as offensive or disrespectful to some individuals. The text refers to a group of people as ""god's chosen people","Classify this meme: 1 = Hateful, 0 = Not Hateful."
img/70953.png,1,0,0,Does this meme contain hate speech? Answer 1 or 0.
img/70953.png,1,0,0,Is this content offensive or hateful? Output only the label 1 or 0.
img/70953.png,1,0,0,Is this a hateful meme targeting a protected group? Answer 1 or 0.
img/56124.png,0,0,0,Is this meme hateful? Answer 1 (Yes) or 0 (No).
img/56124.png,0,0,The meme you've provided is a humorous comparison of how to cook turkey in the United States and Romania. It is not hateful and is classified as 0 for not hateful. The meme is simply a play on,"Classify this meme: 1 = Hateful, 0 = Not Hateful."
img/56124.png,0,0,0,Does this meme contain hate speech? Answer 1 or 0.
img/56124.png,0,0,0,Is this content offensive or hateful? Output only the label 1 or 0.
img/56124.png,0,0,0,Is this a hateful meme targeting a protected group? Answer 1 or 0.
img/10386.png,1,0,0,Is this meme hateful? Answer 1 (Yes) or 0 (No).
img/10386.png,1,1,"The meme you've provided does not contain any text or imagery that would be classified as hateful. It appears to be a simple image of a book with a focus on the title ""the book about terrorism."" Without additional context,","Classify this meme: 1 = Hateful, 0 = Not Hateful."
img/10386.png,1,0,0,Does this meme contain hate speech? Answer 1 or 0.
img/10386.png,1,0,0,Is this content offensive or hateful? Output only the label 1 or 0.
img/10386.png,1,0,0,Is this a hateful meme targeting a protected group? Answer 1 or 0.
img/19530.png,1,1,1,Is this meme hateful? Answer 1 (Yes) or 0 (No).
img/19530.png,1,-1,"The meme you've provided is a humorous take on a situation where a gorilla was mistakenly shot, likely in reference to a real-life incident where a gorilla was mistakenly killed. The meme features an image","Classify this meme: 1 = Hateful, 0 = Not Hateful."
img/19530.png,1,0,0,Does this meme contain hate speech? Answer 1 or 0.
img/19530.png,1,0,0,Is this content offensive or hateful? Output only the label 1 or 0.
img/19530.png,1,0,0,Is this a hateful meme targeting a protected group? Answer 1 or 0.
img/94185.png,1,1,1,Is this meme hateful? Answer 1 (Yes) or 0 (No).
img/94185.png,1,1,"The meme you've provided contains text that is offensive and discriminatory. It is not appropriate to classify this meme as it promotes a harmful stereotype. The text is racist and sexist, and it is not acceptable to","Classify this meme: 1 = Hateful, 0 = Not Hateful."
img/94185.png,1,0,0,Does this meme contain hate speech? Answer 1 or 0.
img/94185.png,1,0,0,Is this content offensive or hateful? Output only the label 1 or 0.
img/94185.png,1,0,0,Is this a hateful meme targeting a protected group? Answer 1 or 0.
img/48370.png,1,1,1,Is this meme hateful? Answer 1 (Yes) or 0 (No).
img/48370.png,1,1,"The meme text ""72 virgins are ready to get fucked up"" is a reference to a common stereotype about Islamic beliefs regarding virgins in heaven. This stereotype is often used in a derogatory and offensive manner to","Classify this meme: 1 = Hateful, 0 = Not Hateful."
img/48370.png,1,0,0,Does this meme contain hate speech? Answer 1 or 0.
img/48370.png,1,1,1,Is this content offensive or hateful? Output only the label 1 or 0.
img/48370.png,1,0,0,Is this a hateful meme targeting a protected group? Answer 1 or 0.
img/74058.png,0,1,1,Is this meme hateful? Answer 1 (Yes) or 0 (No).
img/74058.png,0,0,"The meme you've provided contains a historical image of a group of people, presumably children, standing in front of a fence, with a caption that reads ""homeless."" The image is juxtaposed with another historical image of a","Classify this meme: 1 = Hateful, 0 = Not Hateful."
img/74058.png,0,0,0,Does this meme contain hate speech? Answer 1 or 0.
img/74058.png,0,1,1,Is this content offensive or hateful? Output only the label 1 or 0.
img/74058.png,0,0,0,Is this a hateful meme targeting a protected group? Answer 1 or 0.
img/45062.png,0,1,1,Is this meme hateful? Answer 1 (Yes) or 0 (No).
img/45062.png,0,1,The meme text contains a statement that is not only inappropriate but also promotes a violent and illegal act. It is a form of hate speech and can be classified as Hateful.,"Classify this meme: 1 = Hateful, 0 = Not Hateful."
img/45062.png,0,0,0,Does this meme contain hate speech? Answer 1 or 0.
img/45062.png,0,1,1,Is this content offensive or hateful? Output only the label 1 or 0.
img/45062.png,0,0,0,Is this a hateful meme targeting a protected group? Answer 1 or 0.
img/94170.png,0,0,0,Is this meme hateful? Answer 1 (Yes) or 0 (No).
img/94170.png,0,0,"The meme you've provided is not hateful. It is a humorous image that uses a woman in a kitchen to represent someone who is fully committed to a task or decision. The text ""when you decide to go full gas"" is","Classify this meme: 1 = Hateful, 0 = Not Hateful."
img/94170.png,0,0,0,Does this meme contain hate speech? Answer 1 or 0.
img/94170.png,0,0,0,Is this content offensive or hateful? Output only the label 1 or 0.
img/94170.png,0,0,0,Is this a hateful meme targeting a protected group? Answer 1 or 0.
img/04538.png,0,0,0,Is this meme hateful? Answer 1 (Yes) or 0 (No).
img/04538.png,0,0,0,"Classify this meme: 1 = Hateful, 0 = Not Hateful."
img/04538.png,0,0,0,Does this meme contain hate speech? Answer 1 or 0.
img/04538.png,0,0,0,Is this content offensive or hateful? Output only the label 1 or 0.
img/04538.png,0,0,0,Is this a hateful meme targeting a protected group? Answer 1 or 0.
img/83946.png,1,1,1,Is this meme hateful? Answer 1 (Yes) or 0 (No).
img/83946.png,1,0,"The meme you've provided contains text that is not appropriate or respectful. It is not acceptable to make light of or joke about mass shootings or any other form of violence, especially in a way that could be interpreted as promoting or cond","Classify this meme: 1 = Hateful, 0 = Not Hateful."
img/83946.png,1,0,0,Does this meme contain hate speech? Answer 1 or 0.
img/83946.png,1,1,1,Is this content offensive or hateful? Output only the label 1 or 0.
img/83946.png,1,0,0,Is this a hateful meme targeting a protected group? Answer 1 or 0.
img/68127.png,0,1,1,Is this meme hateful? Answer 1 (Yes) or 0 (No).
img/68127.png,0,0,"The meme you've provided appears to be a humorous take on a stereotype, suggesting that a certain group of people is preoccupied with the concept of ""dope."" It's important to note that humor is subjective,","Classify this meme: 1 = Hateful, 0 = Not Hateful."
img/68127.png,0,0,0,Does this meme contain hate speech? Answer 1 or 0.
img/68127.png,0,0,0,Is this content offensive or hateful? Output only the label 1 or 0.
img/68127.png,0,0,0,Is this a hateful meme targeting a protected group? Answer 1 or 0.
img/97453.png,0,0,0,Is this meme hateful? Answer 1 (Yes) or 0 (No).
img/97453.png,0,0,0,"Classify this meme: 1 = Hateful, 0 = Not Hateful."
img/97453.png,0,0,0,Does this meme contain hate speech? Answer 1 or 0.
img/97453.png,0,0,0,Is this content offensive or hateful? Output only the label 1 or 0.
img/97453.png,0,0,0,Is this a hateful meme targeting a protected group? Answer 1 or 0.
img/39578.png,1,1,1,Is this meme hateful? Answer 1 (Yes) or 0 (No).
img/39578.png,1,1,"The meme you've provided contains text that is offensive and inappropriate. It references a tragic event and uses language that is disrespectful and hurtful. This meme would be classified as 1, as it promotes hateful","Classify this meme: 1 = Hateful, 0 = Not Hateful."
img/39578.png,1,0,0,Does this meme contain hate speech? Answer 1 or 0.
img/39578.png,1,1,1,Is this content offensive or hateful? Output only the label 1 or 0.
img/39578.png,1,0,0,Is this a hateful meme targeting a protected group? Answer 1 or 0.
img/49360.png,0,0,0,Is this meme hateful? Answer 1 (Yes) or 0 (No).
img/49360.png,0,-1,"The meme you've provided features a person in a Ku Klux Klan outfit, which is a symbol of white supremacy and racism. The text ""who wants ice cream me me me"" is a play on the phrase ""who","Classify this meme: 1 = Hateful, 0 = Not Hateful."
img/49360.png,0,0,0,Does this meme contain hate speech? Answer 1 or 0.
img/49360.png,0,0,0,Is this content offensive or hateful? Output only the label 1 or 0.
img/49360.png,0,0,0,Is this a hateful meme targeting a protected group? Answer 1 or 0.
img/87034.png,0,0,0,Is this meme hateful? Answer 1 (Yes) or 0 (No).
img/87034.png,0,0,"The meme text is a play on words, suggesting that one does not need a parachute for a second skydiving experience because they already have one from the first jump. However, the text is incorrect because a parachute is essential","Classify this meme: 1 = Hateful, 0 = Not Hateful."
img/87034.png,0,0,0,Does this meme contain hate speech? Answer 1 or 0.
img/87034.png,0,0,0,Is this content offensive or hateful? Output only the label 1 or 0.
img/87034.png,0,0,0,Is this a hateful meme targeting a protected group? Answer 1 or 0.
img/06123.png,1,0,0,Is this meme hateful? Answer 1 (Yes) or 0 (No).
img/06123.png,1,-1,"The meme you've provided features three dogs and a caption that reads ""a group of men."" The dogs are shown in a playful and happy manner, with one dog in the foreground looking up and smiling, while the other two","Classify this meme: 1 = Hateful, 0 = Not Hateful."
img/06123.png,1,0,0,Does this meme contain hate speech? Answer 1 or 0.
img/06123.png,1,0,0,Is this content offensive or hateful? Output only the label 1 or 0.
img/06123.png,1,0,0,Is this a hateful meme targeting a protected group? Answer 1 or 0.
img/17028.png,1,1,1,Is this meme hateful? Answer 1 (Yes) or 0 (No).
img/17028.png,1,1,The meme you've provided is a humorous take on a situation where someone is bored and suggests going to a mosque as a solution. It is not intended to be hateful or offensive. The meme is classifiable as 0,"Classify this meme: 1 = Hateful, 0 = Not Hateful."
img/17028.png,1,0,0,Does this meme contain hate speech? Answer 1 or 0.
img/17028.png,1,0,0,Is this content offensive or hateful? Output only the label 1 or 0.
img/17028.png,1,0,0,Is this a hateful meme targeting a protected group? Answer 1 or 0.
img/42903.png,0,1,1,Is this meme hateful? Answer 1 (Yes) or 0 (No).
img/42903.png,0,1,"The meme text ""those stupid basterds thought it was a real shower"" is a form of dark humor that is intended to be offensive and is not appropriate for all audiences. It is not a statement of fact and is meant to be","Classify this meme: 1 = Hateful, 0 = Not Hateful."
img/42903.png,0,0,0,Does this meme contain hate speech? Answer 1 or 0.
img/42903.png,0,1,1,Is this content offensive or hateful? Output only the label 1 or 0.
img/42903.png,0,0,0,Is this a hateful meme targeting a protected group? Answer 1 or 0.
img/71680.png,1,1,1,Is this meme hateful? Answer 1 (Yes) or 0 (No).
img/71680.png,1,-1,"The meme text ""muslim strip club"" is a form of humor that plays on the juxtaposition of a religious and conservative culture with the idea of a strip club, which is typically associated with adult entertainment and is often considered inappropri","Classify this meme: 1 = Hateful, 0 = Not Hateful."
img/71680.png,1,0,0,Does this meme contain hate speech? Answer 1 or 0.
img/71680.png,1,0,0,Is this content offensive or hateful? Output only the label 1 or 0.
img/71680.png,1,0,0,Is this a hateful meme targeting a protected group? Answer 1 or 0.
img/24135.png,0,1,1,Is this meme hateful? Answer 1 (Yes) or 0 (No).
img/24135.png,0,1,"The meme text ""good night keep your butthole tight"" is a form of internet slang that is often used in a humorous or sarcastic context. It is not intended to be hateful or offensive. Therefore, I would","Classify this meme: 1 = Hateful, 0 = Not Hateful."
img/24135.png,0,0,0,Does this meme contain hate speech? Answer 1 or 0.
img/24135.png,0,0,0,Is this content offensive or hateful? Output only the label 1 or 0.
img/24135.png,0,0,0,Is this a hateful meme targeting a protected group? Answer 1 or 0.
img/32875.png,0,0,0,Is this meme hateful? Answer 1 (Yes) or 0 (No).
img/32875.png,0,0,0,"Classify this meme: 1 = Hateful, 0 = Not Hateful."
img/32875.png,0,0,0,Does this meme contain hate speech? Answer 1 or 0.
img/32875.png,0,0,0,Is this content offensive or hateful? Output only the label 1 or 0.
img/32875.png,0,0,0,Is this a hateful meme targeting a protected group? Answer 1 or 0.
img/79085.png,1,0,0,Is this meme hateful? Answer 1 (Yes) or 0 (No).
img/79085.png,1,0,"The meme you've provided is not hateful. It features two individuals, one of whom is a chef, and they are smiling and seem to be enjoying the process of making vegetable soup. The text ""today we are making veget","Classify this meme: 1 = Hateful, 0 = Not Hateful."
img/79085.png,1,0,0,Does this meme contain hate speech? Answer 1 or 0.
img/79085.png,1,0,0,Is this content offensive or hateful? Output only the label 1 or 0.
img/79085.png,1,0,0,Is this a hateful meme targeting a protected group? Answer 1 or 0.
img/61872.png,1,1,1,Is this meme hateful? Answer 1 (Yes) or 0 (No).
img/61872.png,1,-1,"The meme text ""don't be a fool it is a bomb"" is a play on words, suggesting that the person in the image is pregnant and the baby is a metaphorical ""bomb"" that could be a surprise or a","Classify this meme: 1 = Hateful, 0 = Not Hateful."
img/61872.png,1,0,0,Does this meme contain hate speech? Answer 1 or 0.
img/61872.png,1,0,0,Is this content offensive or hateful? Output only the label 1 or 0.
img/61872.png,1,0,0,Is this a hateful meme targeting a protected group? Answer 1 or 0.
img/30579.png,0,1,1,Is this meme hateful? Answer 1 (Yes) or 0 (No).
img/30579.png,0,1,"The meme you've provided contains text that is offensive and promotes a message of racial superiority. This type of content is classified as hateful, as it promotes discrimination and intolerance. It is important to be mindful of","Classify this meme: 1 = Hateful, 0 = Not Hateful."
img/30579.png,0,0,0,Does this meme contain hate speech? Answer 1 or 0.
img/30579.png,0,1,1,Is this content offensive or hateful? Output only the label 1 or 0.
img/30579.png,0,0,0,Is this a hateful meme targeting a protected group? Answer 1 or 0.
img/62504.png,0,1,1,Is this meme hateful? Answer 1 (Yes) or 0 (No).
img/62504.png,0,1,"The meme you've provided contains text that is offensive and hateful. It is not appropriate to use such language, and it is not acceptable to promote or share content that contains hate speech. Therefore, I would classify this meme as","Classify this meme: 1 = Hateful, 0 = Not Hateful."
img/62504.png,0,0,0,Does this meme contain hate speech? Answer 1 or 0.
img/62504.png,0,1,1,Is this content offensive or hateful? Output only the label 1 or 0.
img/62504.png,0,0,0,Is this a hateful meme targeting a protected group? Answer 1 or 0.
img/43810.png,1,0,0,Is this meme hateful? Answer 1 (Yes) or 0 (No).
img/43810.png,1,-1,"The meme you've provided appears to be a humorous take on the differences in cooking turkey in the United States and Romania. It features a painting of a turkey on a platter, with the text ""how to cook tur","Classify this meme: 1 = Hateful, 0 = Not Hateful."
img/43810.png,1,0,0,Does this meme contain hate speech? Answer 1 or 0.
img/43810.png,1,0,0,Is this content offensive or hateful? Output only the label 1 or 0.
img/43810.png,1,0,0,Is this a hateful meme targeting a protected group? Answer 1 or 0.
img/19730.png,1,0,0,Is this meme hateful? Answer 1 (Yes) or 0 (No).
img/19730.png,1,1,"The meme text ""jamal is practicing for class sport"" is not inherently hateful. It appears to be a humorous or satirical statement, possibly suggesting that Jamal is engaging in an activity that is not typical for a class","Classify this meme: 1 = Hateful, 0 = Not Hateful."
img/19730.png,1,0,0,Does this meme contain hate speech? Answer 1 or 0.
img/19730.png,1,0,0,Is this content offensive or hateful? Output only the label 1 or 0.
img/19730.png,1,0,0,Is this a hateful meme targeting a protected group? Answer 1 or 0.
img/37420.png,0,1,1,Is this meme hateful? Answer 1 (Yes) or 0 (No).
img/37420.png,0,0,"The meme contains text that is critical of Lebanon and its political situation, which has been marked by periods of civil unrest and political instability. The text is making a comparison between the perceived negative impact of terrorism on Lebanon and the","Classify this meme: 1 = Hateful, 0 = Not Hateful."
img/37420.png,0,0,0,Does this meme contain hate speech? Answer 1 or 0.
img/37420.png,0,0,0,Is this content offensive or hateful? Output only the label 1 or 0.
img/37420.png,0,0,0,Is this a hateful meme targeting a protected group? Answer 1 or 0.
img/82509.png,0,1,1,Is this meme hateful? Answer 1 (Yes) or 0 (No).
img/82509.png,0,1,"The meme text ""72 virgins are ready to get fucked up"" is a reference to a stereotype about virgins and is considered offensive and disrespectful. It is not appropriate to use such language, and it would be","Classify this meme: 1 = Hateful, 0 = Not Hateful."
img/82509.png,0,0,0,Does this meme contain hate speech? Answer 1 or 0.
img/82509.png,0,0,0,Is this content offensive or hateful? Output only the label 1 or 0.
img/82509.png,0,0,0,Is this a hateful meme targeting a protected group? Answer 1 or 0.
img/96284.png,1,0,0,Is this meme hateful? Answer 1 (Yes) or 0 (No).
img/96284.png,1,-1,"The image shows a group of individuals dressed in military-style clothing and holding weapons, with one person holding a flag. The text ""Welcome to Melbourne"" is superimposed on the image. This meme is likely intended to be humorous","Classify this meme: 1 = Hateful, 0 = Not Hateful."
img/96284.png,1,0,0,Does this meme contain hate speech? Answer 1 or 0.
img/96284.png,1,0,0,Is this content offensive or hateful? Output only the label 1 or 0.
img/96284.png,1,0,0,Is this a hateful meme targeting a protected group? Answer 1 or 0.
img/97068.png,1,1,1,Is this meme hateful? Answer 1 (Yes) or 0 (No).
img/97068.png,1,1,The meme you've provided contains a statement that is offensive and inappropriate. It is not a joke but rather a statement that trivializes the suffering of Anne Frank and others who perished in the Holocaust. This type of content,"Classify this meme: 1 = Hateful, 0 = Not Hateful."
img/97068.png,1,0,0,Does this meme contain hate speech? Answer 1 or 0.
img/97068.png,1,1,1,Is this content offensive or hateful? Output only the label 1 or 0.
img/97068.png,1,0,0,Is this a hateful meme targeting a protected group? Answer 1 or 0.
img/03214.png,0,1,1,Is this meme hateful? Answer 1 (Yes) or 0 (No).
img/03214.png,0,0,0,"Classify this meme: 1 = Hateful, 0 = Not Hateful."
img/03214.png,0,0,0,Does this meme contain hate speech? Answer 1 or 0.
img/03214.png,0,0,0,Is this content offensive or hateful? Output only the label 1 or 0.
img/03214.png,0,0,0,Is this a hateful meme targeting a protected group? Answer 1 or 0.
img/23810.png,1,1,1,Is this meme hateful? Answer 1 (Yes) or 0 (No).
img/23810.png,1,1,"The meme text ""these aren't people"" is a statement that dehumanizes individuals, which is a form of hate speech. Therefore, this meme would be classified as 1 for hateful.","Classify this meme: 1 = Hateful, 0 = Not Hateful."
img/23810.png,1,0,0,Does this meme contain hate speech? Answer 1 or 0.
img/23810.png,1,0,0,Is this content offensive or hateful? Output only the label 1 or 0.
img/23810.png,1,0,0,Is this a hateful meme targeting a protected group? Answer 1 or 0.
img/91836.png,1,1,1,Is this meme hateful? Answer 1 (Yes) or 0 (No).
img/91836.png,1,0,"The meme text you provided appears to be a personal statement rather than a meme. It is not a meme with a clear format or structure that is typically associated with memes. Therefore, it is not appropriate to classify it as a","Classify this meme: 1 = Hateful, 0 = Not Hateful."
img/91836.png,1,0,0,Does this meme contain hate speech? Answer 1 or 0.
img/91836.png,1,0,0,Is this content offensive or hateful? Output only the label 1 or 0.
img/91836.png,1,0,0,Is this a hateful meme targeting a protected group? Answer 1 or 0.
img/05126.png,1,1,1,Is this meme hateful? Answer 1 (Yes) or 0 (No).
img/05126.png,1,-1,"The meme text ""can you smell what the reich is cooking"" is a reference to a phrase associated with the Nazi regime in Germany. The Reich was the official name of the German Empire from 1871 to 194","Classify this meme: 1 = Hateful, 0 = Not Hateful."
img/05126.png,1,0,0,Does this meme contain hate speech? Answer 1 or 0.
img/05126.png,1,0,0,Is this content offensive or hateful? Output only the label 1 or 0.
img/05126.png,1,0,0,Is this a hateful meme targeting a protected group? Answer 1 or 0.
img/76092.png,0,1,1,Is this meme hateful? Answer 1 (Yes) or 0 (No).
img/76092.png,0,-1,"The meme you've provided features two individuals in a vehicle, with one person in the foreground and the other in the background. The text ""everybody is afraid of gangs"" is superimposed on the image.

To","Classify this meme: 1 = Hateful, 0 = Not Hateful."
img/76092.png,0,0,0,Does this meme contain hate speech? Answer 1 or 0.
img/76092.png,0,0,0,Is this content offensive or hateful? Output only the label 1 or 0.
img/76092.png,0,0,0,Is this a hateful meme targeting a protected group? Answer 1 or 0.
img/64072.png,1,1,1,Is this meme hateful? Answer 1 (Yes) or 0 (No).
img/64072.png,1,-1,"The meme you've provided contains text that is intended to be humorous or satirical, but it also includes a statement that could be interpreted as a stereotype or a derogatory comment about immigrants. The text reads: ""trump","Classify this meme: 1 = Hateful, 0 = Not Hateful."
img/64072.png,1,0,0,Does this meme contain hate speech? Answer 1 or 0.
img/64072.png,1,0,0,Is this content offensive or hateful? Output only the label 1 or 0.
img/64072.png,1,0,0,Is this a hateful meme targeting a protected group? Answer 1 or 0.
img/91058.png,1,1,1,Is this meme hateful? Answer 1 (Yes) or 0 (No).
img/91058.png,1,-1,"The meme you've provided appears to be a historical image with a caption that is intended to be humorous or satirical. The caption references the historical event of the invasion of Poland by Nazi Germany, which is a serious and tragic","Classify this meme: 1 = Hateful, 0 = Not Hateful."
img/91058.png,1,0,0,Does this meme contain hate speech? Answer 1 or 0.
img/91058.png,1,1,1,Is this content offensive or hateful? Output only the label 1 or 0.
img/91058.png,1,0,0,Is this a hateful meme targeting a protected group? Answer 1 or 0.
img/21643.png,0,1,1,Is this meme hateful? Answer 1 (Yes) or 0 (No).
img/21643.png,0,-1,"The meme you've provided contains a humorous image of a person dressed in a pig costume, standing in a field, with a caption that reads ""haha pig man is peeing standing up."" The meme is intended to be","Classify this meme: 1 = Hateful, 0 = Not Hateful."
img/21643.png,0,0,0,Does this meme contain hate speech? Answer 1 or 0.
img/21643.png,0,0,0,Is this content offensive or hateful? Output only the label 1 or 0.
img/21643.png,0,0,0,Is this a hateful meme targeting a protected group? Answer 1 or 0.
img/19523.png,0,1,1,Is this meme hateful? Answer 1 (Yes) or 0 (No).
img/19523.png,0,0,"The meme you've provided contains text that is intended to be humorous by suggesting a cat's disapproval of another cat's behavior. The text is a play on the phrase ""they see me rollin', they hatin","Classify this meme: 1 = Hateful, 0 = Not Hateful."
img/19523.png,0,0,0,Does this meme contain hate speech? Answer 1 or 0.
img/19523.png,0,0,0,Is this content offensive or hateful? Output only the label 1 or 0.
img/19523.png,0,0,0,Is this a hateful meme targeting a protected group? Answer 1 or 0.
img/32691.png,1,1,1,Is this meme hateful? Answer 1 (Yes) or 0 (No).
img/32691.png,1,1,The meme you've provided contains text that is offensive and inaccurate. It is not appropriate to make generalizations about any group of people based on a single event or image. The text in the meme is not factual and is,"Classify this meme: 1 = Hateful, 0 = Not Hateful."
img/32691.png,1,0,0,Does this meme contain hate speech? Answer 1 or 0.
img/32691.png,1,0,0,Is this content offensive or hateful? Output only the label 1 or 0.
img/32691.png,1,0,0,Is this a hateful meme targeting a protected group? Answer 1 or 0.
img/87169.png,1,1,1,Is this meme hateful? Answer 1 (Yes) or 0 (No).
img/87169.png,1,1,"The meme text ""albanians talking photo with a porn star"" is a form of humor that relies on stereotypes and cultural references. It is important to note that humor based on stereotypes can be offensive and is not appropriate","Classify this meme: 1 = Hateful, 0 = Not Hateful."
img/87169.png,1,0,0,Does this meme contain hate speech? Answer 1 or 0.
img/87169.png,1,0,0,Is this content offensive or hateful? Output only the label 1 or 0.
img/87169.png,1,0,0,Is this a hateful meme targeting a protected group? Answer 1 or 0.
img/92738.png,1,1,1,Is this meme hateful? Answer 1 (Yes) or 0 (No).
img/92738.png,1,1,"The meme text you provided is a humorous statement about basketball players, suggesting that their skills in shooting, stealing, and running are what make them the best in the sport. It is not a hateful statement, as it is simply a","Classify this meme: 1 = Hateful, 0 = Not Hateful."
img/92738.png,1,0,0,Does this meme contain hate speech? Answer 1 or 0.
img/92738.png,1,0,0,Is this content offensive or hateful? Output only the label 1 or 0.
img/92738.png,1,0,0,Is this a hateful meme targeting a protected group? Answer 1 or 0.
img/53027.png,0,1,1,Is this meme hateful? Answer 1 (Yes) or 0 (No).
img/53027.png,0,1,"The meme text ""putting bows on your pet"" is a playful and lighthearted statement, and it does not contain any language that could be considered hateful. Therefore, I would classify this meme as 0,","Classify this meme: 1 = Hateful, 0 = Not Hateful."
img/53027.png,0,0,0,Does this meme contain hate speech? Answer 1 or 0.
img/53027.png,0,0,0,Is this content offensive or hateful? Output only the label 1 or 0.
img/53027.png,0,0,0,Is this a hateful meme targeting a protected group? Answer 1 or 0.
img/27195.png,0,0,0,Is this meme hateful? Answer 1 (Yes) or 0 (No).
img/27195.png,0,1,"The meme text is a joke about the arrangement of beer in a cooler, suggesting that the reason for placing the beer at the bottom is to keep it cooler. The meme itself is not inherently hateful; it is a light","Classify this meme: 1 = Hateful, 0 = Not Hateful."
img/27195.png,0,0,0,Does this meme contain hate speech? Answer 1 or 0.
img/27195.png,0,0,0,Is this content offensive or hateful? Output only the label 1 or 0.
img/27195.png,0,0,0,Is this a hateful meme targeting a protected group? Answer 1 or 0.
img/43910.png,1,1,1,Is this meme hateful? Answer 1 (Yes) or 0 (No).
img/43910.png,1,1,1,"Classify this meme: 1 = Hateful, 0 = Not Hateful."
img/43910.png,1,0,0,Does this meme contain hate speech? Answer 1 or 0.
img/43910.png,1,1,1,Is this content offensive or hateful? Output only the label 1 or 0.
img/43910.png,1,0,0,Is this a hateful meme targeting a protected group? Answer 1 or 0.
img/05213.png,0,1,1,Is this meme hateful? Answer 1 (Yes) or 0 (No).
img/05213.png,0,0,0,"Classify this meme: 1 = Hateful, 0 = Not Hateful."
img/05213.png,0,0,0,Does this meme contain hate speech? Answer 1 or 0.
img/05213.png,0,0,0,Is this content offensive or hateful? Output only the label 1 or 0.
img/05213.png,0,0,0,Is this a hateful meme targeting a protected group? Answer 1 or 0.
img/73945.png,0,1,1,Is this meme hateful? Answer 1 (Yes) or 0 (No).
img/73945.png,0,1,"The meme text ""jamal is holding a gun"" is not inherently hateful. It appears to be a simple statement without any additional context or information that would suggest a hateful intent. The classification of this meme would depend on","Classify this meme: 1 = Hateful, 0 = Not Hateful."
img/73945.png,0,0,0,Does this meme contain hate speech? Answer 1 or 0.
img/73945.png,0,0,0,Is this content offensive or hateful? Output only the label 1 or 0.
img/73945.png,0,0,0,Is this a hateful meme targeting a protected group? Answer 1 or 0.
img/56207.png,1,1,1,Is this meme hateful? Answer 1 (Yes) or 0 (No).
img/56207.png,1,0,"The meme text ""we broke up but she said we could still be cousins"" is a form of dark humor that plays on the awkwardness and absurdity of a breakup. It is not intended to be taken literally or as a serious","Classify this meme: 1 = Hateful, 0 = Not Hateful."
img/56207.png,1,0,0,Does this meme contain hate speech? Answer 1 or 0.
img/56207.png,1,0,0,Is this content offensive or hateful? Output only the label 1 or 0.
img/56207.png,1,0,0,Is this a hateful meme targeting a protected group? Answer 1 or 0.
img/68459.png,1,0,0,Is this meme hateful? Answer 1 (Yes) or 0 (No).
img/68459.png,1,-1,"The meme you've provided appears to be a humorous take on a family trip, with the text ""family trip in mexico"" suggesting that the family is on a trip to Mexico. The image shows a group of people, including a","Classify this meme: 1 = Hateful, 0 = Not Hateful."
img/68459.png,1,0,0,Does this meme contain hate speech? Answer 1 or 0.
img/68459.png,1,0,0,Is this content offensive or hateful? Output only the label 1 or 0.
img/68459.png,1,0,0,Is this a hateful meme targeting a protected group? Answer 1 or 0.
img/63175.png,0,1,1,Is this meme hateful? Answer 1 (Yes) or 0 (No).
img/63175.png,0,-1,"The meme text you provided contains a joke that is intended to be humorous, but it also includes a reference to a sensitive and private topic. The humor in the meme comes from the unexpected twist on a common scenario, where the person being","Classify this meme: 1 = Hateful, 0 = Not Hateful."
img/63175.png,0,0,0,Does this meme contain hate speech? Answer 1 or 0.
img/63175.png,0,0,0,Is this content offensive or hateful? Output only the label 1 or 0.
img/63175.png,0,0,0,Is this a hateful meme targeting a protected group? Answer 1 or 0.
img/82945.png,0,1,1,Is this meme hateful? Answer 1 (Yes) or 0 (No).
img/82945.png,0,0,0,"Classify this meme: 1 = Hateful, 0 = Not Hateful."
img/82945.png,0,0,0,Does this meme contain hate speech? Answer 1 or 0.
img/82945.png,0,0,0,Is this content offensive or hateful? Output only the label 1 or 0.
img/82945.png,0,0,0,Is this a hateful meme targeting a protected group? Answer 1 or 0.
img/34975.png,0,1,1,Is this meme hateful? Answer 1 (Yes) or 0 (No).
img/34975.png,0,1,"The meme you've provided contains text that is offensive and disrespectful to religious beliefs and individuals. It is not appropriate to use such language or to make jokes about sensitive topics. Therefore, I would classify this meme as 1","Classify this meme: 1 = Hateful, 0 = Not Hateful."
img/34975.png,0,0,0,Does this meme contain hate speech? Answer 1 or 0.
img/34975.png,0,1,1,Is this content offensive or hateful? Output only the label 1 or 0.
img/34975.png,0,0,0,Is this a hateful meme targeting a protected group? Answer 1 or 0.
img/61973.png,1,1,1,Is this meme hateful? Answer 1 (Yes) or 0 (No).
img/61973.png,1,-1,"The meme text is a joke that plays on the word ""crack"" in the context of opening a cold beverage, which is a common activity for many people. The joke is that the phrase ""crack open"" sounds similar to the","Classify this meme: 1 = Hateful, 0 = Not Hateful."
img/61973.png,1,0,0,Does this meme contain hate speech? Answer 1 or 0.
img/61973.png,1,0,0,Is this content offensive or hateful? Output only the label 1 or 0.
img/61973.png,1,0,0,Is this a hateful meme targeting a protected group? Answer 1 or 0.
img/16420.png,0,1,1,Is this meme hateful? Answer 1 (Yes) or 0 (No).
img/16420.png,0,0,"The meme you've provided appears to be a humorous comparison between two individuals, one labeled ""abnormal"" and the other ""normal."" The text ""abnormal vs normal"" is used to describe the difference between the two. The mem","Classify this meme: 1 = Hateful, 0 = Not Hateful."
img/16420.png,0,0,0,Does this meme contain hate speech? Answer 1 or 0.
img/16420.png,0,0,0,Is this content offensive or hateful? Output only the label 1 or 0.
img/16420.png,0,0,0,Is this a hateful meme targeting a protected group? Answer 1 or 0.
img/73069.png,1,1,1,Is this meme hateful? Answer 1 (Yes) or 0 (No).
img/73069.png,1,1,"The meme you've provided contains text that is likely intended to be humorous or satirical, but it uses language that could be perceived as derogatory or offensive. The text ""immigration invasion learn the difference"" is a play on","Classify this meme: 1 = Hateful, 0 = Not Hateful."
img/73069.png,1,0,0,Does this meme contain hate speech? Answer 1 or 0.
img/73069.png,1,0,0,Is this content offensive or hateful? Output only the label 1 or 0.
img/73069.png,1,0,0,Is this a hateful meme targeting a protected group? Answer 1 or 0.
img/47056.png,1,1,1,Is this meme hateful? Answer 1 (Yes) or 0 (No).
img/47056.png,1,1,"The meme contains text that is considered offensive and discriminatory towards immigrants. It is classified as Hateful, as it promotes a negative stereotype and expresses a sentiment that is exclusionary and hostile towards a specific group of people.","Classify this meme: 1 = Hateful, 0 = Not Hateful."
img/47056.png,1,0,0,Does this meme contain hate speech? Answer 1 or 0.
img/47056.png,1,1,1,Is this content offensive or hateful? Output only the label 1 or 0.
img/47056.png,1,0,0,Is this a hateful meme targeting a protected group? Answer 1 or 0.
img/56428.png,0,1,1,Is this meme hateful? Answer 1 (Yes) or 0 (No).
img/56428.png,0,0,"The meme you've provided is a humorous take on a character from the Star Trek franchise, Spock, who is known for his logical and unemotional demeanor. The text is a play on words, suggesting that if","Classify this meme: 1 = Hateful, 0 = Not Hateful."
img/56428.png,0,0,0,Does this meme contain hate speech? Answer 1 or 0.
img/56428.png,0,0,0,Is this content offensive or hateful? Output only the label 1 or 0.
img/56428.png,0,0,0,Is this a hateful meme targeting a protected group? Answer 1 or 0.
img/54206.png,0,1,1,Is this meme hateful? Answer 1 (Yes) or 0 (No).
img/54206.png,0,0,"The meme text ""you can smell disgust and hate from this photo"" is a subjective statement and does not inherently convey hate. However, the context of the image and the meme text together could be interpreted as conveying a negative or","Classify this meme: 1 = Hateful, 0 = Not Hateful."
img/54206.png,0,0,0,Does this meme contain hate speech? Answer 1 or 0.
img/54206.png,0,1,1,Is this content offensive or hateful? Output only the label 1 or 0.
img/54206.png,0,0,0,Is this a hateful meme targeting a protected group? Answer 1 or 0.
img/93172.png,0,1,1,Is this meme hateful? Answer 1 (Yes) or 0 (No).
img/93172.png,0,1,"The meme you've provided contains text that is offensive and inappropriate. It is not acceptable to use such language, as it is hateful and can be harmful to individuals and groups. Therefore, I would classify this meme as","Classify this meme: 1 = Hateful, 0 = Not Hateful."
img/93172.png,0,0,0,Does this meme contain hate speech? Answer 1 or 0.
img/93172.png,0,1,1,Is this content offensive or hateful? Output only the label 1 or 0.
img/93172.png,0,0,0,Is this a hateful meme targeting a protected group? Answer 1 or 0.
img/56980.png,0,0,0,Is this meme hateful? Answer 1 (Yes) or 0 (No).
img/56980.png,0,1,"The meme text ""coffee isn't helping get the jumper cables"" is a humorous statement that does not contain any hateful or offensive language. It is a light-hearted joke about the inability of coffee to","Classify this meme: 1 = Hateful, 0 = Not Hateful."
img/56980.png,0,0,0,Does this meme contain hate speech? Answer 1 or 0.
img/56980.png,0,0,0,Is this content offensive or hateful? Output only the label 1 or 0.
img/56980.png,0,0,0,Is this a hateful meme targeting a protected group? Answer 1 or 0.
img/79615.png,0,0,0,Is this meme hateful? Answer 1 (Yes) or 0 (No).
img/79615.png,0,-1,"The meme you've provided is a three-panel image with text that reads ""what women think men want"" and ""what men really want."" The first panel shows a woman's torso with a white bra, the second panel shows","Classify this meme: 1 = Hateful, 0 = Not Hateful."
img/79615.png,0,0,0,Does this meme contain hate speech? Answer 1 or 0.
img/79615.png,0,0,0,Is this content offensive or hateful? Output only the label 1 or 0.
img/79615.png,0,0,0,Is this a hateful meme targeting a protected group? Answer 1 or 0.
img/38047.png,0,1,1,Is this meme hateful? Answer 1 (Yes) or 0 (No).
img/38047.png,0,1,"The meme text ""stupid bitch"" is considered offensive and derogatory language. It is not appropriate to use such language, as it can be hurtful and disrespectful towards individuals. Therefore, this meme would be classified as","Classify this meme: 1 = Hateful, 0 = Not Hateful."
img/38047.png,0,0,0,Does this meme contain hate speech? Answer 1 or 0.
img/38047.png,0,0,0,Is this content offensive or hateful? Output only the label 1 or 0.
img/38047.png,0,0,0,Is this a hateful meme targeting a protected group? Answer 1 or 0.
img/94560.png,1,0,0,Is this meme hateful? Answer 1 (Yes) or 0 (No).
img/94560.png,1,0,"The image you've provided appears to show a person dressed in a costume that resembles a traditional Middle Eastern or North African outfit, complete with a headscarf and a white apron. The person is holding what looks like a weapon and","Classify this meme: 1 = Hateful, 0 = Not Hateful."
img/94560.png,1,0,0,Does this meme contain hate speech? Answer 1 or 0.
img/94560.png,1,0,0,Is this content offensive or hateful? Output only the label 1 or 0.
img/94560.png,1,0,0,Is this a hateful meme targeting a protected group? Answer 1 or 0.
img/96250.png,0,0,0,Is this meme hateful? Answer 1 (Yes) or 0 (No).
img/96250.png,0,1,"The meme text ""i'm going home i'm russian"" is a play on words and does not contain any hateful language. It is a humorous take on someone who is leaving a place and identifies as Russian. Therefore","Classify this meme: 1 = Hateful, 0 = Not Hateful."
img/96250.png,0,0,0,Does this meme contain hate speech? Answer 1 or 0.
img/96250.png,0,0,0,Is this content offensive or hateful? Output only the label 1 or 0.
img/96250.png,0,0,0,Is this a hateful meme targeting a protected group? Answer 1 or 0.
img/28951.png,0,1,1,Is this meme hateful? Answer 1 (Yes) or 0 (No).
img/28951.png,0,1,"The meme text is a form of humor that is intended to be lighthearted and not intended to be hateful. It is making a joke about a specific behavior or appearance, which is a common way to create memes. The classification of","Classify this meme: 1 = Hateful, 0 = Not Hateful."
img/28951.png,0,0,0,Does this meme contain hate speech? Answer 1 or 0.
img/28951.png,0,0,0,Is this content offensive or hateful? Output only the label 1 or 0.
img/28951.png,0,0,0,Is this a hateful meme targeting a protected group? Answer 1 or 0.
img/27614.png,0,0,0,Is this meme hateful? Answer 1 (Yes) or 0 (No).
img/27614.png,0,0,The meme you've provided is not hateful. It is a form of advice or a statement about the importance of thinking before acting. It is not making any derogatory or discriminatory statements about any particular group of people. Therefore,"Classify this meme: 1 = Hateful, 0 = Not Hateful."
img/27614.png,0,0,0,Does this meme contain hate speech? Answer 1 or 0.
img/27614.png,0,0,0,Is this content offensive or hateful? Output only the label 1 or 0.
img/27614.png,0,0,0,Is this a hateful meme targeting a protected group? Answer 1 or 0.
img/04857.png,1,1,Answer: 1 (Yes),Is this meme hateful? Answer 1 (Yes) or 0 (No).
img/04857.png,1,1,"The meme contains text that is offensive and discriminatory. It is not appropriate to use such language, and it is not acceptable to make derogatory statements about any group of people. Therefore, this meme would be classified as 1","Classify this meme: 1 = Hateful, 0 = Not Hateful."
img/04857.png,1,1,1,Does this meme contain hate speech? Answer 1 or 0.
img/04857.png,1,1,1,Is this content offensive or hateful? Output only the label 1 or 0.
img/04857.png,1,1,1,Is this a hateful meme targeting a protected group? Answer 1 or 0.
img/79603.png,1,1,1,Is this meme hateful? Answer 1 (Yes) or 0 (No).
img/79603.png,1,1,"The meme text ""its friday cunts lets get on the gas"" is offensive and derogatory, and it is intended to be hateful. Therefore, the classification for this meme is 1.","Classify this meme: 1 = Hateful, 0 = Not Hateful."
img/79603.png,1,0,0,Does this meme contain hate speech? Answer 1 or 0.
img/79603.png,1,1,1,Is this content offensive or hateful? Output only the label 1 or 0.
img/79603.png,1,0,0,Is this a hateful meme targeting a protected group? Answer 1 or 0.
img/26985.png,1,0,0,Is this meme hateful? Answer 1 (Yes) or 0 (No).
img/26985.png,1,0,0,"Classify this meme: 1 = Hateful, 0 = Not Hateful."
img/26985.png,1,0,0,Does this meme contain hate speech? Answer 1 or 0.
img/26985.png,1,0,0,Is this content offensive or hateful? Output only the label 1 or 0.
img/26985.png,1,0,0,Is this a hateful meme targeting a protected group? Answer 1 or 0.
img/14873.png,1,1,1,Is this meme hateful? Answer 1 (Yes) or 0 (No).
img/14873.png,1,0,"The meme text is a form of satire or humor, suggesting a humorous or absurd scenario. It is not intended to be taken literally or as a statement of fact. Therefore, it is not hateful and can be classified as 0","Classify this meme: 1 = Hateful, 0 = Not Hateful."
img/14873.png,1,0,0,Does this meme contain hate speech? Answer 1 or 0.
img/14873.png,1,0,0,Is this content offensive or hateful? Output only the label 1 or 0.
img/14873.png,1,0,0,Is this a hateful meme targeting a protected group? Answer 1 or 0.
img/54893.png,0,1,1,Is this meme hateful? Answer 1 (Yes) or 0 (No).
img/54893.png,0,-1,"The meme text is a joke that plays on the idea of reciprocating the actions of older people at weddings, who often poke and tease younger people about getting married. The punchline is that the person in the meme started","Classify this meme: 1 = Hateful, 0 = Not Hateful."
img/54893.png,0,0,0,Does this meme contain hate speech? Answer 1 or 0.
img/54893.png,0,0,0,Is this content offensive or hateful? Output only the label 1 or 0.
img/54893.png,0,0,0,Is this a hateful meme targeting a protected group? Answer 1 or 0.
img/48236.png,0,1,1,Is this meme hateful? Answer 1 (Yes) or 0 (No).
img/48236.png,0,1,"The meme text is a joke and does not contain any hateful content. It is a humorous take on the concept of blood donation and its potential impact on someone's life. Therefore, the classification of this meme would be","Classify this meme: 1 = Hateful, 0 = Not Hateful."
img/48236.png,0,0,0,Does this meme contain hate speech? Answer 1 or 0.
img/48236.png,0,0,0,Is this content offensive or hateful? Output only the label 1 or 0.
img/48236.png,0,0,0,Is this a hateful meme targeting a protected group? Answer 1 or 0.
img/74908.png,0,0,0,Is this meme hateful? Answer 1 (Yes) or 0 (No).
img/74908.png,0,-1,The meme you've provided appears to be a political statement rather than a meme with the intent to be humorous. It features an image of a gorilla with a caption that seems to be criticizing the shooting of the g,"Classify this meme: 1 = Hateful, 0 = Not Hateful."
img/74908.png,0,0,0,Does this meme contain hate speech? Answer 1 or 0.
img/74908.png,0,0,0,Is this content offensive or hateful? Output only the label 1 or 0.
img/74908.png,0,0,0,Is this a hateful meme targeting a protected group? Answer 1 or 0.
img/96472.png,1,1,1,Is this meme hateful? Answer 1 (Yes) or 0 (No).
img/96472.png,1,-1,"The meme you've provided features a person dressed in a Klan outfit, which is historically associated with white supremacist groups. The text ""white power!"" is a slogan that has been used by white supremacists","Classify this meme: 1 = Hateful, 0 = Not Hateful."
img/96472.png,1,0,0,Does this meme contain hate speech? Answer 1 or 0.
img/96472.png,1,1,1,Is this content offensive or hateful? Output only the label 1 or 0.
img/96472.png,1,0,0,Is this a hateful meme targeting a protected group? Answer 1 or 0.
img/89430.png,0,1,1,Is this meme hateful? Answer 1 (Yes) or 0 (No).
img/89430.png,0,1,"The meme text ""when you know you don't have to jackoff tonight"" is a crude and offensive joke. It is not appropriate for a public setting and is likely intended for an adult audience. The meme itself features two individuals","Classify this meme: 1 = Hateful, 0 = Not Hateful."
img/89430.png,0,0,0,Does this meme contain hate speech? Answer 1 or 0.
img/89430.png,0,0,0,Is this content offensive or hateful? Output only the label 1 or 0.
img/89430.png,0,0,0,Is this a hateful meme targeting a protected group? Answer 1 or 0.
img/76921.png,1,1,1,Is this meme hateful? Answer 1 (Yes) or 0 (No).
img/76921.png,1,-1,"The meme you've provided is a humorous image that features a man and a woman in a bedroom setting. The man is holding his arm out, and the woman is looking at him with a concerned or questioning expression. The text overlay","Classify this meme: 1 = Hateful, 0 = Not Hateful."
img/76921.png,1,0,0,Does this meme contain hate speech? Answer 1 or 0.
img/76921.png,1,0,0,Is this content offensive or hateful? Output only the label 1 or 0.
img/76921.png,1,0,0,Is this a hateful meme targeting a protected group? Answer 1 or 0.
img/68409.png,1,0,0,Is this meme hateful? Answer 1 (Yes) or 0 (No).
img/68409.png,1,0,"The meme you've provided is a humorous image featuring a person in a gorilla costume with the text ""for the last time im not michelle obama."" This meme is not hateful; it is a playful","Classify this meme: 1 = Hateful, 0 = Not Hateful."
img/68409.png,1,0,0,Does this meme contain hate speech? Answer 1 or 0.
img/68409.png,1,0,0,Is this content offensive or hateful? Output only the label 1 or 0.
img/68409.png,1,0,0,Is this a hateful meme targeting a protected group? Answer 1 or 0.
img/16354.png,1,1,1,Is this meme hateful? Answer 1 (Yes) or 0 (No).
img/16354.png,1,1,"The meme you've provided contains text that could be interpreted as offensive or aggressive. The text ""now fuck off!"" is considered offensive language and is not appropriate for all audiences. Therefore, based on the text provided, I would classify this","Classify this meme: 1 = Hateful, 0 = Not Hateful."
img/16354.png,1,0,0,Does this meme contain hate speech? Answer 1 or 0.
img/16354.png,1,1,1,Is this content offensive or hateful? Output only the label 1 or 0.
img/16354.png,1,0,0,Is this a hateful meme targeting a protected group? Answer 1 or 0.
img/69548.png,1,1,1,Is this meme hateful? Answer 1 (Yes) or 0 (No).
img/69548.png,1,1,"The meme you've provided contains text that is offensive and disrespectful towards a specific individual. It is not appropriate to use such language or to create content that targets an individual based on their religious beliefs or identity. Therefore, I would class","Classify this meme: 1 = Hateful, 0 = Not Hateful."
img/69548.png,1,0,0,Does this meme contain hate speech? Answer 1 or 0.
img/69548.png,1,0,0,Is this content offensive or hateful? Output only the label 1 or 0.
img/69548.png,1,0,0,Is this a hateful meme targeting a protected group? Answer 1 or 0.
img/01456.png,1,1,1,Is this meme hateful? Answer 1 (Yes) or 0 (No).
img/01456.png,1,-1,"The meme contains two images, one showing a group of people in a concentration camp, and the other showing a group of people in a more modern setting. The text overlay on the meme is a play on words, suggesting that the people","Classify this meme: 1 = Hateful, 0 = Not Hateful."
img/01456.png,1,0,0,Does this meme contain hate speech? Answer 1 or 0.
img/01456.png,1,0,0,Is this content offensive or hateful? Output only the label 1 or 0.
img/01456.png,1,0,0,Is this a hateful meme targeting a protected group? Answer 1 or 0.
img/17950.png,0,1,1,Is this meme hateful? Answer 1 (Yes) or 0 (No).
img/17950.png,0,-1,"The meme you've provided appears to be a humorous comparison between two individuals, one of whom is a public figure. The text ""i was excoriated for a harmless ""tweet"""" and ""my show"" was cancelled""","Classify this meme: 1 = Hateful, 0 = Not Hateful."
img/17950.png,0,0,0,Does this meme contain hate speech? Answer 1 or 0.
img/17950.png,0,0,0,Is this content offensive or hateful? Output only the label 1 or 0.
img/17950.png,0,0,0,Is this a hateful meme targeting a protected group? Answer 1 or 0.
img/76295.png,0,1,1,Is this meme hateful? Answer 1 (Yes) or 0 (No).
img/76295.png,0,1,"The meme you've provided contains text that is offensive and promotes hate speech. It is not appropriate to use such language, as it is derogatory and disrespectful towards individuals who follow the Islamic faith. Therefore, I would class","Classify this meme: 1 = Hateful, 0 = Not Hateful."
img/76295.png,0,0,0,Does this meme contain hate speech? Answer 1 or 0.
img/76295.png,0,0,0,Is this content offensive or hateful? Output only the label 1 or 0.
img/76295.png,0,0,0,Is this a hateful meme targeting a protected group? Answer 1 or 0.
img/42580.png,1,1,1,Is this meme hateful? Answer 1 (Yes) or 0 (No).
img/42580.png,1,0,0,"Classify this meme: 1 = Hateful, 0 = Not Hateful."
img/42580.png,1,0,0,Does this meme contain hate speech? Answer 1 or 0.
img/42580.png,1,1,1,Is this content offensive or hateful? Output only the label 1 or 0.
img/42580.png,1,0,0,Is this a hateful meme targeting a protected group? Answer 1 or 0.
img/96180.png,1,0,0,Is this meme hateful? Answer 1 (Yes) or 0 (No).
img/96180.png,1,-1,"The meme text ""putting bows on your pet"" is a statement that can be interpreted in various ways. It could be seen as a lighthearted commentary on pet owners who accessorize their pets, or it could be seen","Classify this meme: 1 = Hateful, 0 = Not Hateful."
img/96180.png,1,0,0,Does this meme contain hate speech? Answer 1 or 0.
img/96180.png,1,0,0,Is this content offensive or hateful? Output only the label 1 or 0.
img/96180.png,1,0,0,Is this a hateful meme targeting a protected group? Answer 1 or 0.
img/98701.png,1,0,0,Is this meme hateful? Answer 1 (Yes) or 0 (No).
img/98701.png,1,0,"The meme you've provided is a humorous image with a caption that is meant to be funny. It features two people with their hands on their knees, as if they are in pain or discomfort. The caption ""oh no","Classify this meme: 1 = Hateful, 0 = Not Hateful."
img/98701.png,1,0,0,Does this meme contain hate speech? Answer 1 or 0.
img/98701.png,1,0,0,Is this content offensive or hateful? Output only the label 1 or 0.
img/98701.png,1,0,0,Is this a hateful meme targeting a protected group? Answer 1 or 0.
img/15243.png,0,0,0,Is this meme hateful? Answer 1 (Yes) or 0 (No).
img/15243.png,0,1,"The meme text you provided does not contain any hateful language or sentiments. It is a humorous statement about a cat's behavior at 4 am, which is typically a quiet time of the day. The meme is classifiable","Classify this meme: 1 = Hateful, 0 = Not Hateful."
img/15243.png,0,0,0,Does this meme contain hate speech? Answer 1 or 0.
img/15243.png,0,0,0,Is this content offensive or hateful? Output only the label 1 or 0.
img/15243.png,0,0,0,Is this a hateful meme targeting a protected group? Answer 1 or 0.
img/41058.png,0,1,1,Is this meme hateful? Answer 1 (Yes) or 0 (No).
img/41058.png,0,-1,"The meme you've provided is a humorous take on the historical figure John Wilkes Booth, who assassinated President Abraham Lincoln. The text is a play on words, suggesting that Booth might be questioning the death of Lincoln, which","Classify this meme: 1 = Hateful, 0 = Not Hateful."
img/41058.png,0,0,0,Does this meme contain hate speech? Answer 1 or 0.
img/41058.png,0,0,0,Is this content offensive or hateful? Output only the label 1 or 0.
img/41058.png,0,0,0,Is this a hateful meme targeting a protected group? Answer 1 or 0.
img/62375.png,1,1,1,Is this meme hateful? Answer 1 (Yes) or 0 (No).
img/62375.png,1,1,"The meme text you provided is a form of hate speech and is classified as 1 for being hateful. It promotes stereotypes and discrimination against Muslims, which is not acceptable or respectful.","Classify this meme: 1 = Hateful, 0 = Not Hateful."
img/62375.png,1,0,0,Does this meme contain hate speech? Answer 1 or 0.
img/62375.png,1,1,1,Is this content offensive or hateful? Output only the label 1 or 0.
img/62375.png,1,0,0,Is this a hateful meme targeting a protected group? Answer 1 or 0.
img/63507.png,0,0,0,Is this meme hateful? Answer 1 (Yes) or 0 (No).
img/63507.png,0,0,"The meme text ""evolution from peeling bananas to busting caps"" is a humorous and exaggerated comparison between two unrelated activities. It is not intended to be a serious statement about evolution. The meme is a playful","Classify this meme: 1 = Hateful, 0 = Not Hateful."
img/63507.png,0,0,0,Does this meme contain hate speech? Answer 1 or 0.
img/63507.png,0,0,0,Is this content offensive or hateful? Output only the label 1 or 0.
img/63507.png,0,0,0,Is this a hateful meme targeting a protected group? Answer 1 or 0.
img/31208.png,1,1,1,Is this meme hateful? Answer 1 (Yes) or 0 (No).
img/31208.png,1,-1,"The meme you've provided appears to be a form of satire or dark humor, which is often used to comment on social or political issues. It features a person with their hand on their forehead, which is a common gesture used to express","Classify this meme: 1 = Hateful, 0 = Not Hateful."
img/31208.png,1,0,0,Does this meme contain hate speech? Answer 1 or 0.
img/31208.png,1,0,0,Is this content offensive or hateful? Output only the label 1 or 0.
img/31208.png,1,0,0,Is this a hateful meme targeting a protected group? Answer 1 or 0.
img/62319.png,1,1,1,Is this meme hateful? Answer 1 (Yes) or 0 (No).
img/62319.png,1,-1,"The meme you've provided is a form of satire or dark humor, which is often used to comment on social, political, or cultural issues. It features a group of people dressed in black burkas, which are typically worn by","Classify this meme: 1 = Hateful, 0 = Not Hateful."
img/62319.png,1,0,0,Does this meme contain hate speech? Answer 1 or 0.
img/62319.png,1,0,0,Is this content offensive or hateful? Output only the label 1 or 0.
img/62319.png,1,0,0,Is this a hateful meme targeting a protected group? Answer 1 or 0.
img/68253.png,1,1,1,Is this meme hateful? Answer 1 (Yes) or 0 (No).
img/68253.png,1,1,"The meme text ""free blanket maybe white man not so bad after all"" is a form of racial stereotyping and is considered hateful. It is not appropriate to use such language, as it perpetuates harmful stereotypes and","Classify this meme: 1 = Hateful, 0 = Not Hateful."
img/68253.png,1,0,0,Does this meme contain hate speech? Answer 1 or 0.
img/68253.png,1,0,0,Is this content offensive or hateful? Output only the label 1 or 0.
img/68253.png,1,0,0,Is this a hateful meme targeting a protected group? Answer 1 or 0.
img/34687.png,1,0,0,Is this meme hateful? Answer 1 (Yes) or 0 (No).
img/34687.png,1,-1,"The meme you've provided appears to be a humorous take on the fear of the dark, using the image of two individuals in a car to convey the message. The text ""everyone is afraid of dark"" is a generalization and","Classify this meme: 1 = Hateful, 0 = Not Hateful."
img/34687.png,1,0,0,Does this meme contain hate speech? Answer 1 or 0.
img/34687.png,1,0,0,Is this content offensive or hateful? Output only the label 1 or 0.
img/34687.png,1,0,0,Is this a hateful meme targeting a protected group? Answer 1 or 0.
img/34209.png,0,1,1,Is this meme hateful? Answer 1 (Yes) or 0 (No).
img/34209.png,0,0,The meme you've provided is a form of dark humor that relies on a shocking or unexpected twist. It is not intended to be taken literally or as a statement of fact. The meme is meant to be humorous and is,"Classify this meme: 1 = Hateful, 0 = Not Hateful."
img/34209.png,0,0,0,Does this meme contain hate speech? Answer 1 or 0.
img/34209.png,0,0,0,Is this content offensive or hateful? Output only the label 1 or 0.
img/34209.png,0,0,0,Is this a hateful meme targeting a protected group? Answer 1 or 0.
img/39827.png,1,1,1,Is this meme hateful? Answer 1 (Yes) or 0 (No).
img/39827.png,1,1,"The meme you've provided contains text that could be interpreted as promoting the expulsion of a group of people from a country. This kind of message can be seen as promoting intolerance or discrimination, which could be classified as hateful.","Classify this meme: 1 = Hateful, 0 = Not Hateful."
img/39827.png,1,0,0,Does this meme contain hate speech? Answer 1 or 0.
img/39827.png,1,0,0,Is this content offensive or hateful? Output only the label 1 or 0.
img/39827.png,1,0,0,Is this a hateful meme targeting a protected group? Answer 1 or 0.
img/46920.png,1,1,1,Is this meme hateful? Answer 1 (Yes) or 0 (No).
img/46920.png,1,-1,"The meme contains text that expresses a desire for sharia law, which is a legal system based on Islamic principles. The text ""we want sharia law !!!"" is followed by ""well... go home,"" which is a dismissive and","Classify this meme: 1 = Hateful, 0 = Not Hateful."
img/46920.png,1,0,0,Does this meme contain hate speech? Answer 1 or 0.
img/46920.png,1,0,0,Is this content offensive or hateful? Output only the label 1 or 0.
img/46920.png,1,0,0,Is this a hateful meme targeting a protected group? Answer 1 or 0.
img/84273.png,0,0,0,Is this meme hateful? Answer 1 (Yes) or 0 (No).
img/84273.png,0,-1,"The meme features a person giving a thumbs-up gesture, which is often used to indicate approval or agreement. The text ""when you're the reason for the company safety video"" is a humorous commentary on the situation where an","Classify this meme: 1 = Hateful, 0 = Not Hateful."
img/84273.png,0,0,0,Does this meme contain hate speech? Answer 1 or 0.
img/84273.png,0,0,0,Is this content offensive or hateful? Output only the label 1 or 0.
img/84273.png,0,0,0,Is this a hateful meme targeting a protected group? Answer 1 or 0.
img/39018.png,0,1,1,Is this meme hateful? Answer 1 (Yes) or 0 (No).
img/39018.png,0,-1,"The meme text you provided is a form of misogynistic speech that objectifies and belittles a woman's desire for a ring, implying that she is being overly demanding or ""bitchy"" for wanting a commitment","Classify this meme: 1 = Hateful, 0 = Not Hateful."
img/39018.png,0,0,0,Does this meme contain hate speech? Answer 1 or 0.
img/39018.png,0,0,0,Is this content offensive or hateful? Output only the label 1 or 0.
img/39018.png,0,0,0,Is this a hateful meme targeting a protected group? Answer 1 or 0.
img/54780.png,1,0,0,Is this meme hateful? Answer 1 (Yes) or 0 (No).
img/54780.png,1,0,0,"Classify this meme: 1 = Hateful, 0 = Not Hateful."
img/54780.png,1,0,0,Does this meme contain hate speech? Answer 1 or 0.
img/54780.png,1,0,0,Is this content offensive or hateful? Output only the label 1 or 0.
img/54780.png,1,0,0,Is this a hateful meme targeting a protected group? Answer 1 or 0.
img/69150.png,1,1,1,Is this meme hateful? Answer 1 (Yes) or 0 (No).
img/69150.png,1,-1,"The meme text you provided is a statement that is intended to be a critique of the concept of ""white privilege."" It suggests that the term ""racist"" is used in a way that is unfair to white people, as it is applied to","Classify this meme: 1 = Hateful, 0 = Not Hateful."
img/69150.png,1,0,0,Does this meme contain hate speech? Answer 1 or 0.
img/69150.png,1,0,0,Is this content offensive or hateful? Output only the label 1 or 0.
img/69150.png,1,0,0,Is this a hateful meme targeting a protected group? Answer 1 or 0.
img/29843.png,0,1,1,Is this meme hateful? Answer 1 (Yes) or 0 (No).
img/29843.png,0,1,"The meme you've provided contains text that is intended to be humorous or satirical, but it also contains a statement that could be perceived as offensive or inappropriate. The text ""the world's most wanted terrorist"" is a","Classify this meme: 1 = Hateful, 0 = Not Hateful."
img/29843.png,0,0,0,Does this meme contain hate speech? Answer 1 or 0.
img/29843.png,0,1,1,Is this content offensive or hateful? Output only the label 1 or 0.
img/29843.png,0,0,0,Is this a hateful meme targeting a protected group? Answer 1 or 0.
img/19385.png,0,1,1,Is this meme hateful? Answer 1 (Yes) or 0 (No).
img/19385.png,0,1,"The meme text contains offensive language and is intended to be humorous or satirical. However, the use of the word ""bitch"" and the phrase ""little stupid ass"" can be considered derogatory and disrespectful. Therefore","Classify this meme: 1 = Hateful, 0 = Not Hateful."
img/19385.png,0,0,0,Does this meme contain hate speech? Answer 1 or 0.
img/19385.png,0,1,1,Is this content offensive or hateful? Output only the label 1 or 0.
img/19385.png,0,0,0,Is this a hateful meme targeting a protected group? Answer 1 or 0.
img/64510.png,0,1,1,Is this meme hateful? Answer 1 (Yes) or 0 (No).
img/64510.png,0,1,The meme text you provided is a form of humor that plays on the juxtaposition of a religious figure with a mundane and humorous activity. It is not intended to be hateful and is likely meant to be lighthearted,"Classify this meme: 1 = Hateful, 0 = Not Hateful."
img/64510.png,0,0,0,Does this meme contain hate speech? Answer 1 or 0.
img/64510.png,0,0,0,Is this content offensive or hateful? Output only the label 1 or 0.
img/64510.png,0,0,0,Is this a hateful meme targeting a protected group? Answer 1 or 0.
img/47103.png,0,1,1,Is this meme hateful? Answer 1 (Yes) or 0 (No).
img/47103.png,0,0,"The meme you've provided contains text that is likely intended to be humorous or satirical, suggesting that if a group of people were not associated with crime, they would be treated better. However, the text alone does not provide enough context","Classify this meme: 1 = Hateful, 0 = Not Hateful."
img/47103.png,0,0,0,Does this meme contain hate speech? Answer 1 or 0.
img/47103.png,0,0,0,Is this content offensive or hateful? Output only the label 1 or 0.
img/47103.png,0,0,0,Is this a hateful meme targeting a protected group? Answer 1 or 0.
img/61038.png,0,0,0,Is this meme hateful? Answer 1 (Yes) or 0 (No).
img/61038.png,0,0,"The meme you've provided is not hateful. It is a humorous take on a common situation where pipes are not working, and the text is simply explaining the reason for the problem. The meme does not contain any offensive or","Classify this meme: 1 = Hateful, 0 = Not Hateful."
img/61038.png,0,0,0,Does this meme contain hate speech? Answer 1 or 0.
img/61038.png,0,0,0,Is this content offensive or hateful? Output only the label 1 or 0.
img/61038.png,0,0,0,Is this a hateful meme targeting a protected group? Answer 1 or 0.
img/71620.png,1,0,0,Is this meme hateful? Answer 1 (Yes) or 0 (No).
img/71620.png,1,0,0,"Classify this meme: 1 = Hateful, 0 = Not Hateful."
img/71620.png,1,0,0,Does this meme contain hate speech? Answer 1 or 0.
img/71620.png,1,0,0,Is this content offensive or hateful? Output only the label 1 or 0.
img/71620.png,1,0,0,Is this a hateful meme targeting a protected group? Answer 1 or 0.
img/91602.png,0,0,0,Is this meme hateful? Answer 1 (Yes) or 0 (No).
img/91602.png,0,-1,"The meme you've provided appears to be a humorous take on the concept of ""upper"" and ""downer"" in a social or emotional context. It shows a person ascending a staircase labeled ""upper"" and descending a","Classify this meme: 1 = Hateful, 0 = Not Hateful."
img/91602.png,0,0,0,Does this meme contain hate speech? Answer 1 or 0.
img/91602.png,0,0,0,Is this content offensive or hateful? Output only the label 1 or 0.
img/91602.png,0,0,0,Is this a hateful meme targeting a protected group? Answer 1 or 0.
img/30145.png,0,1,1,Is this meme hateful? Answer 1 (Yes) or 0 (No).
img/30145.png,0,0,The meme text you provided is a statement made by a former U.S. president. It is a political statement and not a meme. Memes typically involve images with text that is meant to be humorous or satirical. The text,"Classify this meme: 1 = Hateful, 0 = Not Hateful."
img/30145.png,0,0,0,Does this meme contain hate speech? Answer 1 or 0.
img/30145.png,0,1,1,Is this content offensive or hateful? Output only the label 1 or 0.
img/30145.png,0,0,0,Is this a hateful meme targeting a protected group? Answer 1 or 0.
img/91756.png,1,1,1,Is this meme hateful? Answer 1 (Yes) or 0 (No).
img/91756.png,1,0,"The meme you've provided appears to be a humorous comparison between two individuals, with one person labeled as ""abnormal"" and the other as ""normal."" The text ""abnormal vs normal"" is superimposed on the image,","Classify this meme: 1 = Hateful, 0 = Not Hateful."
img/91756.png,1,0,0,Does this meme contain hate speech? Answer 1 or 0.
img/91756.png,1,0,0,Is this content offensive or hateful? Output only the label 1 or 0.
img/91756.png,1,0,0,Is this a hateful meme targeting a protected group? Answer 1 or 0.
img/63745.png,1,1,1,Is this meme hateful? Answer 1 (Yes) or 0 (No).
img/63745.png,1,1,"The meme you've provided contains text that is highly offensive and promotes a hateful ideology. It is not appropriate to share or promote such content. The text is a reference to the Holocaust, which was a genocide","Classify this meme: 1 = Hateful, 0 = Not Hateful."
img/63745.png,1,0,0,Does this meme contain hate speech? Answer 1 or 0.
img/63745.png,1,1,1,Is this content offensive or hateful? Output only the label 1 or 0.
img/63745.png,1,0,0,Is this a hateful meme targeting a protected group? Answer 1 or 0.
img/47162.png,1,1,1,Is this meme hateful? Answer 1 (Yes) or 0 (No).
img/47162.png,1,1,"The meme you've provided contains text that is offensive and derogatory. It is not appropriate to use such language, as it is disrespectful and can be hurtful to individuals. Therefore, I would classify this meme as","Classify this meme: 1 = Hateful, 0 = Not Hateful."
img/47162.png,1,0,0,Does this meme contain hate speech? Answer 1 or 0.
img/47162.png,1,0,0,Is this content offensive or hateful? Output only the label 1 or 0.
img/47162.png,1,0,0,Is this a hateful meme targeting a protected group? Answer 1 or 0.
img/59806.png,0,1,1,Is this meme hateful? Answer 1 (Yes) or 0 (No).
img/59806.png,0,0,The meme contains a political statement and is intended to be humorous or satirical. It is not overtly hateful and is classifiable as 0 for not hateful. The meme is expressing a political opinion and is not,"Classify this meme: 1 = Hateful, 0 = Not Hateful."
img/59806.png,0,0,0,Does this meme contain hate speech? Answer 1 or 0.
img/59806.png,0,0,0,Is this content offensive or hateful? Output only the label 1 or 0.
img/59806.png,0,0,0,Is this a hateful meme targeting a protected group? Answer 1 or 0.
img/07135.png,1,0,0,Is this meme hateful? Answer 1 (Yes) or 0 (No).
img/07135.png,1,-1,"The meme you've provided appears to be a historical photograph with overlaid text. The text ""this is the greatest news manufacturing in 20th century"" is a commentary on the image, suggesting that the photograph captures a","Classify this meme: 1 = Hateful, 0 = Not Hateful."
img/07135.png,1,0,0,Does this meme contain hate speech? Answer 1 or 0.
img/07135.png,1,0,0,Is this content offensive or hateful? Output only the label 1 or 0.
img/07135.png,1,0,0,Is this a hateful meme targeting a protected group? Answer 1 or 0.
img/35497.png,0,1,1,Is this meme hateful? Answer 1 (Yes) or 0 (No).
img/35497.png,0,1,"The meme text is a form of dark humor, which is a type of humor that is based on taboo subjects or topics that are considered inappropriate or offensive. It is meant to be humorous, but it may not be suitable for","Classify this meme: 1 = Hateful, 0 = Not Hateful."
img/35497.png,0,0,0,Does this meme contain hate speech? Answer 1 or 0.
img/35497.png,0,0,0,Is this content offensive or hateful? Output only the label 1 or 0.
img/35497.png,0,0,0,Is this a hateful meme targeting a protected group? Answer 1 or 0.
img/84362.png,0,0,0,Is this meme hateful? Answer 1 (Yes) or 0 (No).
img/84362.png,0,-1,"The meme features a soccer player kicking a ball and a close-up of a gorilla's face with the text ""on the field."" The phrase ""unleash the inner beast"" is often used to encourage people to tap into","Classify this meme: 1 = Hateful, 0 = Not Hateful."
img/84362.png,0,0,0,Does this meme contain hate speech? Answer 1 or 0.
img/84362.png,0,0,0,Is this content offensive or hateful? Output only the label 1 or 0.
img/84362.png,0,0,0,Is this a hateful meme targeting a protected group? Answer 1 or 0.
img/84015.png,1,1,1,Is this meme hateful? Answer 1 (Yes) or 0 (No).
img/84015.png,1,-1,"The meme you've provided appears to be a humorous take on the concept of irony, where the person being handcuffed is labeled as ""my irony meter just exploded."" The image shows a police officer handcuffing","Classify this meme: 1 = Hateful, 0 = Not Hateful."
img/84015.png,1,0,0,Does this meme contain hate speech? Answer 1 or 0.
img/84015.png,1,0,0,Is this content offensive or hateful? Output only the label 1 or 0.
img/84015.png,1,0,0,Is this a hateful meme targeting a protected group? Answer 1 or 0.
img/87251.png,0,0,0,Is this meme hateful? Answer 1 (Yes) or 0 (No).
img/87251.png,0,0,"The meme text ""i love apes they are both ugly and cute"" is a playful and humorous statement that does not express any hate or discrimination. It is a lighthearted joke that can be classified as 0 for not hate","Classify this meme: 1 = Hateful, 0 = Not Hateful."
img/87251.png,0,0,0,Does this meme contain hate speech? Answer 1 or 0.
img/87251.png,0,0,0,Is this content offensive or hateful? Output only the label 1 or 0.
img/87251.png,0,0,0,Is this a hateful meme targeting a protected group? Answer 1 or 0.
img/82590.png,1,1,1,Is this meme hateful? Answer 1 (Yes) or 0 (No).
img/82590.png,1,1,"The meme you've provided contains text that is highly offensive and promotes hate speech. It is not appropriate to share or promote such content. Therefore, I would classify this meme as 1, indicating that it is hateful.","Classify this meme: 1 = Hateful, 0 = Not Hateful."
img/82590.png,1,0,0,Does this meme contain hate speech? Answer 1 or 0.
img/82590.png,1,1,1,Is this content offensive or hateful? Output only the label 1 or 0.
img/82590.png,1,0,0,Is this a hateful meme targeting a protected group? Answer 1 or 0.
img/59738.png,1,1,1,Is this meme hateful? Answer 1 (Yes) or 0 (No).
img/59738.png,1,-1,"The meme you've provided is a two-panel image with text that reads:

""what's the difference between a refugee and e.t e.t learned english and wanted to go home""

The mem","Classify this meme: 1 = Hateful, 0 = Not Hateful."
img/59738.png,1,0,0,Does this meme contain hate speech? Answer 1 or 0.
img/59738.png,1,0,0,Is this content offensive or hateful? Output only the label 1 or 0.
img/59738.png,1,0,0,Is this a hateful meme targeting a protected group? Answer 1 or 0.
img/35470.png,0,1,1,Is this meme hateful? Answer 1 (Yes) or 0 (No).
img/35470.png,0,0,"The meme text ""can you smell what the reigh is cooking"" is a play on words, referencing the phrase ""can you smell what the rock is cooking?"" which is often used to describe the smell of marijuana. The text is not","Classify this meme: 1 = Hateful, 0 = Not Hateful."
img/35470.png,0,0,0,Does this meme contain hate speech? Answer 1 or 0.
img/35470.png,0,0,0,Is this content offensive or hateful? Output only the label 1 or 0.
img/35470.png,0,0,0,Is this a hateful meme targeting a protected group? Answer 1 or 0.
img/72061.png,1,0,0,Is this meme hateful? Answer 1 (Yes) or 0 (No).
img/72061.png,1,0,"The meme you've provided is a humorous take on the concept of ""crispy rice"" and is not hateful. It is a play on words, using the term ""crispy"" in a literal sense to describe the","Classify this meme: 1 = Hateful, 0 = Not Hateful."
img/72061.png,1,0,0,Does this meme contain hate speech? Answer 1 or 0.
img/72061.png,1,0,0,Is this content offensive or hateful? Output only the label 1 or 0.
img/72061.png,1,0,0,Is this a hateful meme targeting a protected group? Answer 1 or 0.
img/03524.png,1,1,1,Is this meme hateful? Answer 1 (Yes) or 0 (No).
img/03524.png,1,-1,"The meme text ""terrorist can come to this country way to easy"" is a statement that can be interpreted in various ways. It is important to consider the context in which the meme is being used and the intentions of the person who","Classify this meme: 1 = Hateful, 0 = Not Hateful."
img/03524.png,1,0,0,Does this meme contain hate speech? Answer 1 or 0.
img/03524.png,1,1,1,Is this content offensive or hateful? Output only the label 1 or 0.
img/03524.png,1,0,0,Is this a hateful meme targeting a protected group? Answer 1 or 0.
img/86170.png,1,1,1,Is this meme hateful? Answer 1 (Yes) or 0 (No).
img/86170.png,1,-1,"The image you've provided appears to be a historical photograph depicting a group of individuals dressed in what looks like Ku Klux Klan attire, with one person holding a flag. The text ""how to keep the thefts out""","Classify this meme: 1 = Hateful, 0 = Not Hateful."
img/86170.png,1,0,0,Does this meme contain hate speech? Answer 1 or 0.
img/86170.png,1,0,0,Is this content offensive or hateful? Output only the label 1 or 0.
img/86170.png,1,0,0,Is this a hateful meme targeting a protected group? Answer 1 or 0.
img/50841.png,0,1,1,Is this meme hateful? Answer 1 (Yes) or 0 (No).
img/50841.png,0,1,"The meme text ""give them what they deserve kill them all"" is a call to violence and is classified as Hateful.","Classify this meme: 1 = Hateful, 0 = Not Hateful."
img/50841.png,0,0,0,Does this meme contain hate speech? Answer 1 or 0.
img/50841.png,0,1,1,Is this content offensive or hateful? Output only the label 1 or 0.
img/50841.png,0,0,0,Is this a hateful meme targeting a protected group? Answer 1 or 0.
img/46087.png,0,1,1,Is this meme hateful? Answer 1 (Yes) or 0 (No).
img/46087.png,0,0,"The meme text ""give that man a suicide"" is a form of dark humor and is intended to be satirical or ironic. It is not meant to be taken literally or as a call for violence. The meme features a woman","Classify this meme: 1 = Hateful, 0 = Not Hateful."
img/46087.png,0,0,0,Does this meme contain hate speech? Answer 1 or 0.
img/46087.png,0,1,1,Is this content offensive or hateful? Output only the label 1 or 0.
img/46087.png,0,0,0,Is this a hateful meme targeting a protected group? Answer 1 or 0.
img/42058.png,0,1,1,Is this meme hateful? Answer 1 (Yes) or 0 (No).
img/42058.png,0,1,"The meme text is a play on words, referencing Vlad the Impaler, a historical figure known for his brutal methods of execution. The text is not intended to be hateful; it is a humorous take on the phrase ""for lunch","Classify this meme: 1 = Hateful, 0 = Not Hateful."
img/42058.png,0,0,0,Does this meme contain hate speech? Answer 1 or 0.
img/42058.png,0,0,0,Is this content offensive or hateful? Output only the label 1 or 0.
img/42058.png,0,0,0,Is this a hateful meme targeting a protected group? Answer 1 or 0.
img/01967.png,0,1,1,Is this meme hateful? Answer 1 (Yes) or 0 (No).
img/01967.png,0,0,"The meme you've provided contains text that is intended to be humorous or satirical, but it is important to consider the context and the potential for misinterpretation. The text suggests a violent and extreme solution to racism, which is not","Classify this meme: 1 = Hateful, 0 = Not Hateful."
img/01967.png,0,0,0,Does this meme contain hate speech? Answer 1 or 0.
img/01967.png,0,0,0,Is this content offensive or hateful? Output only the label 1 or 0.
img/01967.png,0,0,0,Is this a hateful meme targeting a protected group? Answer 1 or 0.
img/54930.png,1,1,1,Is this meme hateful? Answer 1 (Yes) or 0 (No).
img/54930.png,1,0,"The meme you've provided contains text that is offensive and stereotyping. It is not appropriate to classify it as hateful or not hateful, as it promotes the spread of misinformation and prejudice. It is important","Classify this meme: 1 = Hateful, 0 = Not Hateful."
img/54930.png,1,0,0,Does this meme contain hate speech? Answer 1 or 0.
img/54930.png,1,1,1,Is this content offensive or hateful? Output only the label 1 or 0.
img/54930.png,1,0,0,Is this a hateful meme targeting a protected group? Answer 1 or 0.
img/38076.png,1,1,1,Is this meme hateful? Answer 1 (Yes) or 0 (No).
img/38076.png,1,-1,"The meme you've provided is a humorous take on the phrase ""he's a squirter,"" which is often used to describe a person who ejaculates quickly during sexual activity. The text adds a layer of humor by suggesting","Classify this meme: 1 = Hateful, 0 = Not Hateful."
img/38076.png,1,0,0,Does this meme contain hate speech? Answer 1 or 0.
img/38076.png,1,0,0,Is this content offensive or hateful? Output only the label 1 or 0.
img/38076.png,1,0,0,Is this a hateful meme targeting a protected group? Answer 1 or 0.
img/38910.png,1,1,"The meme text is a form of dark humor, which is often used to cope with or comment on serious or tragic events. It is not intended to be hateful, but rather to express a sense of irony or sarcasm. The",Is this meme hateful? Answer 1 (Yes) or 0 (No).
img/38910.png,1,0,"The meme text is a form of dark humor, which is often used to cope with or comment on serious or tragic events. It is not intended to be taken literally or as a statement of fact. The meme features a picture of a Sh","Classify this meme: 1 = Hateful, 0 = Not Hateful."
img/38910.png,1,0,0,Does this meme contain hate speech? Answer 1 or 0.
img/38910.png,1,0,0,Is this content offensive or hateful? Output only the label 1 or 0.
img/38910.png,1,0,0,Is this a hateful meme targeting a protected group? Answer 1 or 0.
img/06723.png,1,0,0,Is this meme hateful? Answer 1 (Yes) or 0 (No).
img/06723.png,1,1,"The meme text ""the hardest part to eat in a vegetable"" is a play on words and does not contain any hateful content. It is a humorous statement that is not intended to be offensive or derogatory towards any group","Classify this meme: 1 = Hateful, 0 = Not Hateful."
img/06723.png,1,0,0,Does this meme contain hate speech? Answer 1 or 0.
img/06723.png,1,0,0,Is this content offensive or hateful? Output only the label 1 or 0.
img/06723.png,1,0,0,Is this a hateful meme targeting a protected group? Answer 1 or 0.
img/02157.png,1,1,1,Is this meme hateful? Answer 1 (Yes) or 0 (No).
img/02157.png,1,-1,"The meme you've provided appears to be a humorous take on a conversation between a person and a goat, with the goat humorously speaking as if it were a human. The text ""don't sass me, you","Classify this meme: 1 = Hateful, 0 = Not Hateful."
img/02157.png,1,0,0,Does this meme contain hate speech? Answer 1 or 0.
img/02157.png,1,0,0,Is this content offensive or hateful? Output only the label 1 or 0.
img/02157.png,1,0,0,Is this a hateful meme targeting a protected group? Answer 1 or 0.
img/62948.png,1,1,1,Is this meme hateful? Answer 1 (Yes) or 0 (No).
img/62948.png,1,1,"The meme you've provided contains text that is considered offensive and derogatory towards the Black Lives Matter movement. It is not appropriate to use such language, as it promotes racial discrimination and prejudice. Therefore, this meme","Classify this meme: 1 = Hateful, 0 = Not Hateful."
img/62948.png,1,0,0,Does this meme contain hate speech? Answer 1 or 0.
img/62948.png,1,0,0,Is this content offensive or hateful? Output only the label 1 or 0.
img/62948.png,1,0,0,Is this a hateful meme targeting a protected group? Answer 1 or 0.
img/21075.png,0,1,1,Is this meme hateful? Answer 1 (Yes) or 0 (No).
img/21075.png,0,-1,"The meme text ""size of a shuttle bus legroom of a pinto"" is a humorous comparison between the size of a shuttle bus and the legroom space in a compact car, specifically a Pinto. The meme is","Classify this meme: 1 = Hateful, 0 = Not Hateful."
img/21075.png,0,0,0,Does this meme contain hate speech? Answer 1 or 0.
img/21075.png,0,0,0,Is this content offensive or hateful? Output only the label 1 or 0.
img/21075.png,0,0,0,Is this a hateful meme targeting a protected group? Answer 1 or 0.
img/73601.png,1,1,1,Is this meme hateful? Answer 1 (Yes) or 0 (No).
img/73601.png,1,-1,"The meme you've provided is a humorous take on the concept of guilt or being caught, using the visual of black paint or ink on hands to represent guilt or being caught. The text ""when you are white and stole your first bike","Classify this meme: 1 = Hateful, 0 = Not Hateful."
img/73601.png,1,0,0,Does this meme contain hate speech? Answer 1 or 0.
img/73601.png,1,0,0,Is this content offensive or hateful? Output only the label 1 or 0.
img/73601.png,1,0,0,Is this a hateful meme targeting a protected group? Answer 1 or 0.
img/32579.png,0,1,1,Is this meme hateful? Answer 1 (Yes) or 0 (No).
img/32579.png,0,-1,"The meme you've provided is a humorous take on the Star Wars franchise, featuring characters dressed in costumes. The text ""we have weed"" is a playful reference to the idea of joining the ""dark side"" of a group","Classify this meme: 1 = Hateful, 0 = Not Hateful."
img/32579.png,0,0,0,Does this meme contain hate speech? Answer 1 or 0.
img/32579.png,0,0,0,Is this content offensive or hateful? Output only the label 1 or 0.
img/32579.png,0,0,0,Is this a hateful meme targeting a protected group? Answer 1 or 0.
img/21567.png,1,0,0,Is this meme hateful? Answer 1 (Yes) or 0 (No).
img/21567.png,1,-1,"The meme you've provided is a humorous image of two people, likely a father and daughter, sitting on a bench and laughing. The text ""our dad is a potato farmer"" is a playful and affectionate statement that adds","Classify this meme: 1 = Hateful, 0 = Not Hateful."
img/21567.png,1,0,0,Does this meme contain hate speech? Answer 1 or 0.
img/21567.png,1,0,0,Is this content offensive or hateful? Output only the label 1 or 0.
img/21567.png,1,0,0,Is this a hateful meme targeting a protected group? Answer 1 or 0.
img/01765.png,1,1,Answer: 1 (Yes),Is this meme hateful? Answer 1 (Yes) or 0 (No).
img/01765.png,1,1,"The meme text you provided is offensive and inappropriate. It is not suitable for any audience and is clearly intended to be hateful and disrespectful. Therefore, I would classify this meme as a 1 for hateful content","Classify this meme: 1 = Hateful, 0 = Not Hateful."
img/01765.png,1,0,0,Does this meme contain hate speech? Answer 1 or 0.
img/01765.png,1,1,1,Is this content offensive or hateful? Output only the label 1 or 0.
img/01765.png,1,0,0,Is this a hateful meme targeting a protected group? Answer 1 or 0.
img/53172.png,0,1,1,Is this meme hateful? Answer 1 (Yes) or 0 (No).
img/53172.png,0,1,"The meme you've provided is a humorous take on a cooking scenario, using a play on words to create a joke. It is not intended to be hateful or offensive. Therefore, I would classify this meme as 0","Classify this meme: 1 = Hateful, 0 = Not Hateful."
img/53172.png,0,0,0,Does this meme contain hate speech? Answer 1 or 0.
img/53172.png,0,0,0,Is this content offensive or hateful? Output only the label 1 or 0.
img/53172.png,0,0,0,Is this a hateful meme targeting a protected group? Answer 1 or 0.
img/32568.png,1,1,1,Is this meme hateful? Answer 1 (Yes) or 0 (No).
img/32568.png,1,1,"The meme text you provided contains a statement that is likely intended to be satirical or critical, but it could be perceived as offensive or inappropriate. The meme is classifying the way America teaches people to be content in their positions as","Classify this meme: 1 = Hateful, 0 = Not Hateful."
img/32568.png,1,0,0,Does this meme contain hate speech? Answer 1 or 0.
img/32568.png,1,1,1,Is this content offensive or hateful? Output only the label 1 or 0.
img/32568.png,1,0,0,Is this a hateful meme targeting a protected group? Answer 1 or 0.
img/01742.png,0,0,0,Is this meme hateful? Answer 1 (Yes) or 0 (No).
img/01742.png,0,1,"The meme text you provided does not contain any hateful language or sentiments. It is a statement about the person's work schedule, expressing a sense of relief or accomplishment that they have completed a significant portion of their work. Based","Classify this meme: 1 = Hateful, 0 = Not Hateful."
img/01742.png,0,0,0,Does this meme contain hate speech? Answer 1 or 0.
img/01742.png,0,0,0,Is this content offensive or hateful? Output only the label 1 or 0.
img/01742.png,0,0,0,Is this a hateful meme targeting a protected group? Answer 1 or 0.
img/56098.png,1,0,0,Is this meme hateful? Answer 1 (Yes) or 0 (No).
img/56098.png,1,0,0,"Classify this meme: 1 = Hateful, 0 = Not Hateful."
img/56098.png,1,0,0,Does this meme contain hate speech? Answer 1 or 0.
img/56098.png,1,0,0,Is this content offensive or hateful? Output only the label 1 or 0.
img/56098.png,1,0,0,Is this a hateful meme targeting a protected group? Answer 1 or 0.
img/78612.png,0,1,1,Is this meme hateful? Answer 1 (Yes) or 0 (No).
img/78612.png,0,0,"The meme text you provided is a form of dark humor, which is a type of humor that is based on dark or taboo subjects. It is meant to be humorous, but it may not be appropriate for all audiences due to its ed","Classify this meme: 1 = Hateful, 0 = Not Hateful."
img/78612.png,0,0,0,Does this meme contain hate speech? Answer 1 or 0.
img/78612.png,0,0,0,Is this content offensive or hateful? Output only the label 1 or 0.
img/78612.png,0,0,0,Is this a hateful meme targeting a protected group? Answer 1 or 0.
img/34018.png,1,1,1,Is this meme hateful? Answer 1 (Yes) or 0 (No).
img/34018.png,1,1,"The meme contains text that expresses a strong negative sentiment towards the Catholic Church and the Pope. This type of language is often considered offensive and disrespectful. Therefore, based on the content of the meme, it would be classified as a","Classify this meme: 1 = Hateful, 0 = Not Hateful."
img/34018.png,1,1,1,Does this meme contain hate speech? Answer 1 or 0.
img/34018.png,1,1,1,Is this content offensive or hateful? Output only the label 1 or 0.
img/34018.png,1,0,0,Is this a hateful meme targeting a protected group? Answer 1 or 0.
img/53609.png,0,0,0,Is this meme hateful? Answer 1 (Yes) or 0 (No).
img/53609.png,0,0,"The meme you've provided is a humorous take on a common social situation where one person wants to pay for dinner, but another person insists on contributing. The text is a play on words, using the phrase ""just the tip""","Classify this meme: 1 = Hateful, 0 = Not Hateful."
img/53609.png,0,0,0,Does this meme contain hate speech? Answer 1 or 0.
img/53609.png,0,0,0,Is this content offensive or hateful? Output only the label 1 or 0.
img/53609.png,0,0,0,Is this a hateful meme targeting a protected group? Answer 1 or 0.
img/89362.png,1,1,1,Is this meme hateful? Answer 1 (Yes) or 0 (No).
img/89362.png,1,1,"The meme text ""has extra chromosome probably stole it"" is a form of ableism and is considered hateful. It is making a joke about a person with Down syndrome, which is a genetic condition that causes an extra chromosome","Classify this meme: 1 = Hateful, 0 = Not Hateful."
img/89362.png,1,0,0,Does this meme contain hate speech? Answer 1 or 0.
img/89362.png,1,0,0,Is this content offensive or hateful? Output only the label 1 or 0.
img/89362.png,1,0,0,Is this a hateful meme targeting a protected group? Answer 1 or 0.
img/80426.png,1,1,1,Is this meme hateful? Answer 1 (Yes) or 0 (No).
img/80426.png,1,1,"The meme you've provided appears to be a humorous or satirical image, rather than one that is intended to be hateful. It features a person speaking into a microphone, with a caption that seems to be a play on","Classify this meme: 1 = Hateful, 0 = Not Hateful."
img/80426.png,1,0,0,Does this meme contain hate speech? Answer 1 or 0.
img/80426.png,1,0,0,Is this content offensive or hateful? Output only the label 1 or 0.
img/80426.png,1,0,0,Is this a hateful meme targeting a protected group? Answer 1 or 0.
img/83045.png,1,0,0,Is this meme hateful? Answer 1 (Yes) or 0 (No).
img/83045.png,1,-1,"The meme text ""so much trash, we need a garbage collector"" is a form of political satire, which is a form of humor that uses irony, exaggeration, or ridicule to expose and criticize perceived problems or issues","Classify this meme: 1 = Hateful, 0 = Not Hateful."
img/83045.png,1,0,0,Does this meme contain hate speech? Answer 1 or 0.
img/83045.png,1,0,0,Is this content offensive or hateful? Output only the label 1 or 0.
img/83045.png,1,0,0,Is this a hateful meme targeting a protected group? Answer 1 or 0.
img/61503.png,0,1,1,Is this meme hateful? Answer 1 (Yes) or 0 (No).
img/61503.png,0,1,"The meme text ""someone else used kids to push an agenda"" is a statement that can be interpreted in various ways depending on the context. Without additional information, it is not possible to definitively classify the meme as hateful or","Classify this meme: 1 = Hateful, 0 = Not Hateful."
img/61503.png,0,0,0,Does this meme contain hate speech? Answer 1 or 0.
img/61503.png,0,0,0,Is this content offensive or hateful? Output only the label 1 or 0.
img/61503.png,0,0,0,Is this a hateful meme targeting a protected group? Answer 1 or 0.
img/41890.png,1,1,"The meme text ""house of pedophile"" is indeed hateful and offensive. It is not appropriate to use such language, as it promotes harmful stereotypes and can be deeply hurtful to individuals and communities.",Is this meme hateful? Answer 1 (Yes) or 0 (No).
img/41890.png,1,1,"The meme text ""house of pedophile"" is highly offensive and inappropriate. It is not a legitimate or respectful way to refer to any place, and it is not appropriate to use such language. This meme would be classified","Classify this meme: 1 = Hateful, 0 = Not Hateful."
img/41890.png,1,0,0,Does this meme contain hate speech? Answer 1 or 0.
img/41890.png,1,0,0,Is this content offensive or hateful? Output only the label 1 or 0.
img/41890.png,1,0,0,Is this a hateful meme targeting a protected group? Answer 1 or 0.
img/52091.png,1,1,1,Is this meme hateful? Answer 1 (Yes) or 0 (No).
img/52091.png,1,1,"The meme you've provided contains text that is offensive and sexist. It is not appropriate to promote or share content that contains such language. Therefore, I would classify this meme as 1, as it is hateful.","Classify this meme: 1 = Hateful, 0 = Not Hateful."
img/52091.png,1,0,0,Does this meme contain hate speech? Answer 1 or 0.
img/52091.png,1,0,0,Is this content offensive or hateful? Output only the label 1 or 0.
img/52091.png,1,0,0,Is this a hateful meme targeting a protected group? Answer 1 or 0.
img/24396.png,1,1,1,Is this meme hateful? Answer 1 (Yes) or 0 (No).
img/24396.png,1,1,"The meme you've provided contains text that is offensive and derogatory towards the LGBTQ+ community. It is not appropriate to use such language, and it is not acceptable to make jokes about people's sexual orientations. Therefore,","Classify this meme: 1 = Hateful, 0 = Not Hateful."
img/24396.png,1,0,0,Does this meme contain hate speech? Answer 1 or 0.
img/24396.png,1,1,1,Is this content offensive or hateful? Output only the label 1 or 0.
img/24396.png,1,0,0,Is this a hateful meme targeting a protected group? Answer 1 or 0.
img/72168.png,1,0,0,Is this meme hateful? Answer 1 (Yes) or 0 (No).
img/72168.png,1,-1,"The meme you've provided is a humorous take on the concept of ""upper"" and ""downer"" in the context of emotions or moods. It features an image of a person with a positive expression, labeled ""upper,"" and","Classify this meme: 1 = Hateful, 0 = Not Hateful."
img/72168.png,1,0,0,Does this meme contain hate speech? Answer 1 or 0.
img/72168.png,1,0,0,Is this content offensive or hateful? Output only the label 1 or 0.
img/72168.png,1,0,0,Is this a hateful meme targeting a protected group? Answer 1 or 0.
img/85761.png,1,0,0,Is this meme hateful? Answer 1 (Yes) or 0 (No).
img/85761.png,1,1,"The meme text ""no wonder why the pipes are not working"" is not inherently hateful. It is a statement that could be interpreted as a humorous observation or a critique of the situation depicted in the image. The image shows a","Classify this meme: 1 = Hateful, 0 = Not Hateful."
img/85761.png,1,0,0,Does this meme contain hate speech? Answer 1 or 0.
img/85761.png,1,0,0,Is this content offensive or hateful? Output only the label 1 or 0.
img/85761.png,1,0,0,Is this a hateful meme targeting a protected group? Answer 1 or 0.
img/35719.png,0,0,0,Is this meme hateful? Answer 1 (Yes) or 0 (No).
img/35719.png,0,1,"The meme you've provided appears to be a humorous take on a student named Jamal practicing for a class sport. It does not contain any text that could be classified as hateful. Therefore, based on the content of the meme","Classify this meme: 1 = Hateful, 0 = Not Hateful."
img/35719.png,0,0,0,Does this meme contain hate speech? Answer 1 or 0.
img/35719.png,0,0,0,Is this content offensive or hateful? Output only the label 1 or 0.
img/35719.png,0,0,0,Is this a hateful meme targeting a protected group? Answer 1 or 0.
img/90256.png,1,1,1,Is this meme hateful? Answer 1 (Yes) or 0 (No).
img/90256.png,1,1,"The meme text you provided contains a statement that is not inherently hateful. It is a philosophical or metaphorical statement that could be interpreted in various ways, depending on the context in which it is used. Without additional context, it","Classify this meme: 1 = Hateful, 0 = Not Hateful."
img/90256.png,1,0,0,Does this meme contain hate speech? Answer 1 or 0.
img/90256.png,1,0,0,Is this content offensive or hateful? Output only the label 1 or 0.
img/90256.png,1,0,0,Is this a hateful meme targeting a protected group? Answer 1 or 0.
img/20984.png,0,1,1,Is this meme hateful? Answer 1 (Yes) or 0 (No).
img/20984.png,0,1,"The meme text ""when you are white and stole your first bike"" is a form of racial stereotyping and is considered hateful. It is not appropriate to use or share such content.","Classify this meme: 1 = Hateful, 0 = Not Hateful."
img/20984.png,0,0,0,Does this meme contain hate speech? Answer 1 or 0.
img/20984.png,0,0,0,Is this content offensive or hateful? Output only the label 1 or 0.
img/20984.png,0,0,0,Is this a hateful meme targeting a protected group? Answer 1 or 0.
img/95086.png,1,1,1,Is this meme hateful? Answer 1 (Yes) or 0 (No).
img/95086.png,1,1,"The meme text you provided is highly offensive and promotes hate speech. It is not appropriate to use such language, and it is not acceptable to make light of the Holocaust or any other genocide. Therefore, I must classify","Classify this meme: 1 = Hateful, 0 = Not Hateful."
img/95086.png,1,0,0,Does this meme contain hate speech? Answer 1 or 0.
img/95086.png,1,1,1,Is this content offensive or hateful? Output only the label 1 or 0.
img/95086.png,1,0,0,Is this a hateful meme targeting a protected group? Answer 1 or 0.
img/49028.png,0,1,1,Is this meme hateful? Answer 1 (Yes) or 0 (No).
img/49028.png,0,1,"The meme text you provided is a joke that plays on the idea of a misunderstanding or miscommunication. It is not intended to be hateful or offensive. The meme features a couple in a romantic pose, and the text is meant","Classify this meme: 1 = Hateful, 0 = Not Hateful."
img/49028.png,0,0,0,Does this meme contain hate speech? Answer 1 or 0.
img/49028.png,0,1,1,Is this content offensive or hateful? Output only the label 1 or 0.
img/49028.png,0,0,0,Is this a hateful meme targeting a protected group? Answer 1 or 0.
img/18356.png,0,0,0,Is this meme hateful? Answer 1 (Yes) or 0 (No).
img/18356.png,0,-1,"The meme you've provided features two individuals who appear to be military personnel, possibly from a historical context, given the style of their uniforms and the quality of the image. The text ""i took a shower this morning"" is a hum","Classify this meme: 1 = Hateful, 0 = Not Hateful."
img/18356.png,0,0,0,Does this meme contain hate speech? Answer 1 or 0.
img/18356.png,0,0,0,Is this content offensive or hateful? Output only the label 1 or 0.
img/18356.png,0,0,0,Is this a hateful meme targeting a protected group? Answer 1 or 0.
img/52634.png,0,1,1,Is this meme hateful? Answer 1 (Yes) or 0 (No).
img/52634.png,0,1,The meme text you provided contains a statement that is sexist and dehumanizing. It is not appropriate or respectful to make jokes about a person's body or to suggest that a person's worth or success in marriage is based on,"Classify this meme: 1 = Hateful, 0 = Not Hateful."
img/52634.png,0,0,0,Does this meme contain hate speech? Answer 1 or 0.
img/52634.png,0,0,0,Is this content offensive or hateful? Output only the label 1 or 0.
img/52634.png,0,0,0,Is this a hateful meme targeting a protected group? Answer 1 or 0.
img/80512.png,1,1,1,Is this meme hateful? Answer 1 (Yes) or 0 (No).
img/80512.png,1,0,0,"Classify this meme: 1 = Hateful, 0 = Not Hateful."
img/80512.png,1,0,0,Does this meme contain hate speech? Answer 1 or 0.
img/80512.png,1,0,0,Is this content offensive or hateful? Output only the label 1 or 0.
img/80512.png,1,0,0,Is this a hateful meme targeting a protected group? Answer 1 or 0.
img/62703.png,0,1,1,Is this meme hateful? Answer 1 (Yes) or 0 (No).
img/62703.png,0,-1,"The meme text ""they shot the wrong gorilla"" is a reference to the tragic death of Harambe, a gorilla at the Cincinnati Zoo who was mistakenly shot by zookeepers after a child","Classify this meme: 1 = Hateful, 0 = Not Hateful."
img/62703.png,0,0,0,Does this meme contain hate speech? Answer 1 or 0.
img/62703.png,0,0,0,Is this content offensive or hateful? Output only the label 1 or 0.
img/62703.png,0,0,0,Is this a hateful meme targeting a protected group? Answer 1 or 0.
img/95176.png,0,1,1,Is this meme hateful? Answer 1 (Yes) or 0 (No).
img/95176.png,0,-1,"The meme you've provided contains text that is intended to be humorous or satirical, but it also contains a racial slur. The classification of this meme would depend on the context in which it is being used and the intent of","Classify this meme: 1 = Hateful, 0 = Not Hateful."
img/95176.png,0,0,0,Does this meme contain hate speech? Answer 1 or 0.
img/95176.png,0,0,0,Is this content offensive or hateful? Output only the label 1 or 0.
img/95176.png,0,0,0,Is this a hateful meme targeting a protected group? Answer 1 or 0.
img/27384.png,0,1,1,Is this meme hateful? Answer 1 (Yes) or 0 (No).
img/27384.png,0,0,"The meme features a photo of a man with a displeased expression, and the text reads, ""when you're a bully and just got beat up by a girl."" This meme is intended to be humorous and is not","Classify this meme: 1 = Hateful, 0 = Not Hateful."
img/27384.png,0,0,0,Does this meme contain hate speech? Answer 1 or 0.
img/27384.png,0,0,0,Is this content offensive or hateful? Output only the label 1 or 0.
img/27384.png,0,0,0,Is this a hateful meme targeting a protected group? Answer 1 or 0.
img/82437.png,1,0,0,Is this meme hateful? Answer 1 (Yes) or 0 (No).
img/82437.png,1,0,The meme you've provided is not hateful. It contains a message that suggests learning from the ocean's ability to absorb and adapt to various conditions as a way to treat refugees with compassion and understanding. The text is a call to em,"Classify this meme: 1 = Hateful, 0 = Not Hateful."
img/82437.png,1,0,0,Does this meme contain hate speech? Answer 1 or 0.
img/82437.png,1,0,0,Is this content offensive or hateful? Output only the label 1 or 0.
img/82437.png,1,0,0,Is this a hateful meme targeting a protected group? Answer 1 or 0.
img/26943.png,1,1,1,Is this meme hateful? Answer 1 (Yes) or 0 (No).
img/26943.png,1,0,0,"Classify this meme: 1 = Hateful, 0 = Not Hateful."
img/26943.png,1,0,0,Does this meme contain hate speech? Answer 1 or 0.
img/26943.png,1,0,0,Is this content offensive or hateful? Output only the label 1 or 0.
img/26943.png,1,0,0,Is this a hateful meme targeting a protected group? Answer 1 or 0.
img/09152.png,0,0,0,Is this meme hateful? Answer 1 (Yes) or 0 (No).
img/09152.png,0,0,0,"Classify this meme: 1 = Hateful, 0 = Not Hateful."
img/09152.png,0,0,0,Does this meme contain hate speech? Answer 1 or 0.
img/09152.png,0,0,0,Is this content offensive or hateful? Output only the label 1 or 0.
img/09152.png,0,0,0,Is this a hateful meme targeting a protected group? Answer 1 or 0.
img/07429.png,1,1,1,Is this meme hateful? Answer 1 (Yes) or 0 (No).
img/07429.png,1,1,The meme text contains offensive language and is not appropriate for a public platform. It is important to be respectful and considerate when discussing sensitive topics.,"Classify this meme: 1 = Hateful, 0 = Not Hateful."
img/07429.png,1,0,0,Does this meme contain hate speech? Answer 1 or 0.
img/07429.png,1,1,1,Is this content offensive or hateful? Output only the label 1 or 0.
img/07429.png,1,0,0,Is this a hateful meme targeting a protected group? Answer 1 or 0.
img/75639.png,1,1,1,Is this meme hateful? Answer 1 (Yes) or 0 (No).
img/75639.png,1,0,"The meme text ""changing every single country it touches"" is a statement that could be interpreted in various ways, depending on the context in which it is used. Without additional context, it is not possible to definitively classify the meme as","Classify this meme: 1 = Hateful, 0 = Not Hateful."
img/75639.png,1,0,0,Does this meme contain hate speech? Answer 1 or 0.
img/75639.png,1,0,0,Is this content offensive or hateful? Output only the label 1 or 0.
img/75639.png,1,0,0,Is this a hateful meme targeting a protected group? Answer 1 or 0.
img/46812.png,0,0,0,Is this meme hateful? Answer 1 (Yes) or 0 (No).
img/46812.png,0,0,"The meme text ""goat meat is very popular in islamic countries"" is a statement of fact and does not contain any hateful language or imagery. Therefore, the meme can be classified as 0 for not hateful.","Classify this meme: 1 = Hateful, 0 = Not Hateful."
img/46812.png,0,0,0,Does this meme contain hate speech? Answer 1 or 0.
img/46812.png,0,0,0,Is this content offensive or hateful? Output only the label 1 or 0.
img/46812.png,0,0,0,Is this a hateful meme targeting a protected group? Answer 1 or 0.
img/63827.png,1,1,1,Is this meme hateful? Answer 1 (Yes) or 0 (No).
img/63827.png,1,0,"The meme you've provided appears to be a humorous take on a teacher being recognized for their work within the black community. It features a noose, which is a symbol of death and is often associated with lynching and racism.","Classify this meme: 1 = Hateful, 0 = Not Hateful."
img/63827.png,1,0,0,Does this meme contain hate speech? Answer 1 or 0.
img/63827.png,1,0,0,Is this content offensive or hateful? Output only the label 1 or 0.
img/63827.png,1,0,0,Is this a hateful meme targeting a protected group? Answer 1 or 0.
img/41276.png,1,0,0,Is this meme hateful? Answer 1 (Yes) or 0 (No).
img/41276.png,1,0,The meme you've provided is a humorous take on the evolution of ape-like creature from a simple task like peeling a banana to a more complex and aggressive behavior like busting caps. It is not intended to be hate,"Classify this meme: 1 = Hateful, 0 = Not Hateful."
img/41276.png,1,0,0,Does this meme contain hate speech? Answer 1 or 0.
img/41276.png,1,0,0,Is this content offensive or hateful? Output only the label 1 or 0.
img/41276.png,1,0,0,Is this a hateful meme targeting a protected group? Answer 1 or 0.
img/56413.png,1,1,1,Is this meme hateful? Answer 1 (Yes) or 0 (No).
img/56413.png,1,0,"The meme text you provided is offensive and racist. It is not appropriate to use such language, and it is not acceptable to classify it as ""not hateful."" The text promotes violence and discrimination against a specific group of people. Therefore","Classify this meme: 1 = Hateful, 0 = Not Hateful."
img/56413.png,1,1,1,Does this meme contain hate speech? Answer 1 or 0.
img/56413.png,1,1,1,Is this content offensive or hateful? Output only the label 1 or 0.
img/56413.png,1,1,1,Is this a hateful meme targeting a protected group? Answer 1 or 0.
img/69512.png,0,0,0,Is this meme hateful? Answer 1 (Yes) or 0 (No).
img/69512.png,0,1,"The meme text ""happy birthday you sexy beast"" is not inherently hateful. It is a playful and affectionate message that could be used in a variety of contexts, such as between friends or in a romantic relationship. The","Classify this meme: 1 = Hateful, 0 = Not Hateful."
img/69512.png,0,0,0,Does this meme contain hate speech? Answer 1 or 0.
img/69512.png,0,0,0,Is this content offensive or hateful? Output only the label 1 or 0.
img/69512.png,0,0,0,Is this a hateful meme targeting a protected group? Answer 1 or 0.
img/43175.png,1,1,1,Is this meme hateful? Answer 1 (Yes) or 0 (No).
img/43175.png,1,1,"The meme text you provided is offensive and derogatory towards individuals with mental health conditions. It is not appropriate to use such language, as it stigmatizes and belittles those who are struggling with mental health issues. Therefore, I","Classify this meme: 1 = Hateful, 0 = Not Hateful."
img/43175.png,1,0,0,Does this meme contain hate speech? Answer 1 or 0.
img/43175.png,1,1,1,Is this content offensive or hateful? Output only the label 1 or 0.
img/43175.png,1,0,0,Is this a hateful meme targeting a protected group? Answer 1 or 0.
img/54129.png,0,1,1,Is this meme hateful? Answer 1 (Yes) or 0 (No).
img/54129.png,0,1,"The meme text ""dump pipe to the ocean"" is a form of dark humor that is not inherently hateful. It is a joke that plays on the idea of using the ocean as a dumping ground for waste, which is an environmental","Classify this meme: 1 = Hateful, 0 = Not Hateful."
img/54129.png,0,0,0,Does this meme contain hate speech? Answer 1 or 0.
img/54129.png,0,0,0,Is this content offensive or hateful? Output only the label 1 or 0.
img/54129.png,0,0,0,Is this a hateful meme targeting a protected group? Answer 1 or 0.
img/23645.png,1,1,"The meme text ""you enjoy pushing them down the stairs"" is a form of hate speech and can be considered hateful. It is not appropriate to use such language, as it promotes violence and discrimination against a group of people.",Is this meme hateful? Answer 1 (Yes) or 0 (No).
img/23645.png,1,0,"The meme you've provided contains text that is not appropriate or respectful. It is not suitable for a public platform and does not align with the values of respect and inclusivity. Therefore, I cannot classify this meme as it","Classify this meme: 1 = Hateful, 0 = Not Hateful."
img/23645.png,1,0,0,Does this meme contain hate speech? Answer 1 or 0.
img/23645.png,1,0,0,Is this content offensive or hateful? Output only the label 1 or 0.
img/23645.png,1,0,0,Is this a hateful meme targeting a protected group? Answer 1 or 0.
img/89425.png,1,0,0,Is this meme hateful? Answer 1 (Yes) or 0 (No).
img/89425.png,1,1,"The meme text ""hello chocolate paradise princess I'm albert"" is not inherently hateful. It appears to be a playful or flirtatious greeting, and without additional context, it is not possible to determine if","Classify this meme: 1 = Hateful, 0 = Not Hateful."
img/89425.png,1,0,0,Does this meme contain hate speech? Answer 1 or 0.
img/89425.png,1,0,0,Is this content offensive or hateful? Output only the label 1 or 0.
img/89425.png,1,0,0,Is this a hateful meme targeting a protected group? Answer 1 or 0.
img/16923.png,1,1,1,Is this meme hateful? Answer 1 (Yes) or 0 (No).
img/16923.png,1,1,"The meme you've provided contains text that is offensive and inappropriate. It is not suitable for a public platform and is likely intended to be humorous in a private context. However, due to the nature of the content, it is","Classify this meme: 1 = Hateful, 0 = Not Hateful."
img/16923.png,1,0,0,Does this meme contain hate speech? Answer 1 or 0.
img/16923.png,1,1,1,Is this content offensive or hateful? Output only the label 1 or 0.
img/16923.png,1,0,0,Is this a hateful meme targeting a protected group? Answer 1 or 0.
img/04769.png,1,1,1,Is this meme hateful? Answer 1 (Yes) or 0 (No).
img/04769.png,1,1,"The meme text contains a derogatory term and a homophobic slur, which are offensive and not appropriate for public discourse. Therefore, this meme would be classified as 1, indicating that it contains hateful content.","Classify this meme: 1 = Hateful, 0 = Not Hateful."
img/04769.png,1,0,0,Does this meme contain hate speech? Answer 1 or 0.
img/04769.png,1,1,1,Is this content offensive or hateful? Output only the label 1 or 0.
img/04769.png,1,0,0,Is this a hateful meme targeting a protected group? Answer 1 or 0.
img/69815.png,1,1,1,Is this meme hateful? Answer 1 (Yes) or 0 (No).
img/69815.png,1,0,0,"Classify this meme: 1 = Hateful, 0 = Not Hateful."
img/69815.png,1,0,0,Does this meme contain hate speech? Answer 1 or 0.
img/69815.png,1,1,1,Is this content offensive or hateful? Output only the label 1 or 0.
img/69815.png,1,0,0,Is this a hateful meme targeting a protected group? Answer 1 or 0.
img/91468.png,0,1,1,Is this meme hateful? Answer 1 (Yes) or 0 (No).
img/91468.png,0,0,"The meme text you provided contains language that is offensive and dehumanizing. It is not appropriate to use such language, and it is not acceptable to classify it as ""Hateful"" or ""Not Hateful"" because it promotes a","Classify this meme: 1 = Hateful, 0 = Not Hateful."
img/91468.png,0,0,0,Does this meme contain hate speech? Answer 1 or 0.
img/91468.png,0,1,1,Is this content offensive or hateful? Output only the label 1 or 0.
img/91468.png,0,0,0,Is this a hateful meme targeting a protected group? Answer 1 or 0.
img/52104.png,0,1,1,Is this meme hateful? Answer 1 (Yes) or 0 (No).
img/52104.png,0,0,0,"Classify this meme: 1 = Hateful, 0 = Not Hateful."
img/52104.png,0,0,0,Does this meme contain hate speech? Answer 1 or 0.
img/52104.png,0,0,0,Is this content offensive or hateful? Output only the label 1 or 0.
img/52104.png,0,0,0,Is this a hateful meme targeting a protected group? Answer 1 or 0.
img/52031.png,0,1,1,Is this meme hateful? Answer 1 (Yes) or 0 (No).
img/52031.png,0,-1,"The meme you've provided features a person with a tattooed face, making a gesture that could be interpreted as a sign of disbelief or disapproval. The text ""theriously?? that's methed up!"" is a","Classify this meme: 1 = Hateful, 0 = Not Hateful."
img/52031.png,0,0,0,Does this meme contain hate speech? Answer 1 or 0.
img/52031.png,0,0,0,Is this content offensive or hateful? Output only the label 1 or 0.
img/52031.png,0,0,0,Is this a hateful meme targeting a protected group? Answer 1 or 0.
img/08795.png,0,1,1,Is this meme hateful? Answer 1 (Yes) or 0 (No).
img/08795.png,0,1,"The meme you've provided is a humorous take on the challenges faced by people working in the oil field, specifically in the context of the environmental impact of oil extraction. It is not intended to be hateful and is classifiable as","Classify this meme: 1 = Hateful, 0 = Not Hateful."
img/08795.png,0,0,0,Does this meme contain hate speech? Answer 1 or 0.
img/08795.png,0,0,0,Is this content offensive or hateful? Output only the label 1 or 0.
img/08795.png,0,0,0,Is this a hateful meme targeting a protected group? Answer 1 or 0.
img/50317.png,1,1,"The meme text contains a derogatory term that is considered offensive and is not appropriate for public discourse. Therefore, the meme is hateful.",Is this meme hateful? Answer 1 (Yes) or 0 (No).
img/50317.png,1,1,"The meme text contains a derogatory and offensive term, which is not appropriate for public discourse. It is important to avoid using language that is disrespectful or discriminatory towards any individual or group. Therefore, I cannot classify","Classify this meme: 1 = Hateful, 0 = Not Hateful."
img/50317.png,1,0,0,Does this meme contain hate speech? Answer 1 or 0.
img/50317.png,1,1,1,Is this content offensive or hateful? Output only the label 1 or 0.
img/50317.png,1,0,0,Is this a hateful meme targeting a protected group? Answer 1 or 0.
img/73914.png,1,1,1,Is this meme hateful? Answer 1 (Yes) or 0 (No).
img/73914.png,1,-1,"The meme features two images: the top image shows a young boy with a smile, and the bottom image shows a gorilla. The text ""be careful who you call ugly in highschool"" is placed between the two images.","Classify this meme: 1 = Hateful, 0 = Not Hateful."
img/73914.png,1,0,0,Does this meme contain hate speech? Answer 1 or 0.
img/73914.png,1,0,0,Is this content offensive or hateful? Output only the label 1 or 0.
img/73914.png,1,0,0,Is this a hateful meme targeting a protected group? Answer 1 or 0.
img/03197.png,1,0,0,Is this meme hateful? Answer 1 (Yes) or 0 (No).
img/03197.png,1,1,"The meme text is a joke about the appearance of the birds, suggesting that the birds are likely female due to their size and the presence of a smaller bird that could be a male. The meme is not intended to be hateful and is","Classify this meme: 1 = Hateful, 0 = Not Hateful."
img/03197.png,1,0,0,Does this meme contain hate speech? Answer 1 or 0.
img/03197.png,1,0,0,Is this content offensive or hateful? Output only the label 1 or 0.
img/03197.png,1,0,0,Is this a hateful meme targeting a protected group? Answer 1 or 0.
img/49621.png,0,1,1,Is this meme hateful? Answer 1 (Yes) or 0 (No).
img/49621.png,0,-1,"The meme you've provided is a humorous image with a caption that is intended to be funny. It features a person laughing and the caption is a play on words, suggesting that the person is saying they didn't mean to","Classify this meme: 1 = Hateful, 0 = Not Hateful."
img/49621.png,0,0,0,Does this meme contain hate speech? Answer 1 or 0.
img/49621.png,0,0,0,Is this content offensive or hateful? Output only the label 1 or 0.
img/49621.png,0,0,0,Is this a hateful meme targeting a protected group? Answer 1 or 0.
img/68530.png,1,0,0,Is this meme hateful? Answer 1 (Yes) or 0 (No).
img/68530.png,1,0,0,"Classify this meme: 1 = Hateful, 0 = Not Hateful."
img/68530.png,1,0,0,Does this meme contain hate speech? Answer 1 or 0.
img/68530.png,1,0,0,Is this content offensive or hateful? Output only the label 1 or 0.
img/68530.png,1,0,0,Is this a hateful meme targeting a protected group? Answer 1 or 0.
img/98547.png,0,1,1,Is this meme hateful? Answer 1 (Yes) or 0 (No).
img/98547.png,0,-1,"The meme you've provided appears to be a political statement rather than a joke or a humorous image. It seems to be expressing a sentiment against Mexican immigration or presence in the United States. The text ""waves mexican flag","Classify this meme: 1 = Hateful, 0 = Not Hateful."
img/98547.png,0,0,0,Does this meme contain hate speech? Answer 1 or 0.
img/98547.png,0,0,0,Is this content offensive or hateful? Output only the label 1 or 0.
img/98547.png,0,0,0,Is this a hateful meme targeting a protected group? Answer 1 or 0.
img/03519.png,1,1,1,Is this meme hateful? Answer 1 (Yes) or 0 (No).
img/03519.png,1,1,"The meme text ""i'm going home i'm russian"" is a play on words and does not contain any hateful content. It is a humorous take on the stereotype that Russians are associated with vodka and returning home","Classify this meme: 1 = Hateful, 0 = Not Hateful."
img/03519.png,1,0,0,Does this meme contain hate speech? Answer 1 or 0.
img/03519.png,1,0,0,Is this content offensive or hateful? Output only the label 1 or 0.
img/03519.png,1,0,0,Is this a hateful meme targeting a protected group? Answer 1 or 0.
img/43698.png,0,1,1,Is this meme hateful? Answer 1 (Yes) or 0 (No).
img/43698.png,0,0,"The meme text ""don't be late for work get the protestor plow"" is a form of dark humor that plays on the idea of using a plow to clear a path for a vehicle, which is typically used for snow removal","Classify this meme: 1 = Hateful, 0 = Not Hateful."
img/43698.png,0,0,0,Does this meme contain hate speech? Answer 1 or 0.
img/43698.png,0,0,0,Is this content offensive or hateful? Output only the label 1 or 0.
img/43698.png,0,0,0,Is this a hateful meme targeting a protected group? Answer 1 or 0.
img/84756.png,1,1,1,Is this meme hateful? Answer 1 (Yes) or 0 (No).
img/84756.png,1,1,"The meme text you provided contains a statement that is potentially offensive and insensitive. It is not appropriate to make jokes about someone's appearance or personal circumstances, especially in a way that could be hurtful or dismissive. Therefore, I would","Classify this meme: 1 = Hateful, 0 = Not Hateful."
img/84756.png,1,0,0,Does this meme contain hate speech? Answer 1 or 0.
img/84756.png,1,0,0,Is this content offensive or hateful? Output only the label 1 or 0.
img/84756.png,1,0,0,Is this a hateful meme targeting a protected group? Answer 1 or 0.
img/93051.png,0,0,0,Is this meme hateful? Answer 1 (Yes) or 0 (No).
img/93051.png,0,0,0,"Classify this meme: 1 = Hateful, 0 = Not Hateful."
img/93051.png,0,0,0,Does this meme contain hate speech? Answer 1 or 0.
img/93051.png,0,0,0,Is this content offensive or hateful? Output only the label 1 or 0.
img/93051.png,0,0,0,Is this a hateful meme targeting a protected group? Answer 1 or 0.
img/68257.png,0,1,1,Is this meme hateful? Answer 1 (Yes) or 0 (No).
img/68257.png,0,-1,"The meme text ""everyone is afraid of dark"" is a statement that can be interpreted in various ways. It could be seen as a humorous observation about human behavior, suggesting that many people have a fear of the dark. However, it","Classify this meme: 1 = Hateful, 0 = Not Hateful."
img/68257.png,0,0,0,Does this meme contain hate speech? Answer 1 or 0.
img/68257.png,0,0,0,Is this content offensive or hateful? Output only the label 1 or 0.
img/68257.png,0,0,0,Is this a hateful meme targeting a protected group? Answer 1 or 0.
img/12834.png,1,1,1,Is this meme hateful? Answer 1 (Yes) or 0 (No).
img/12834.png,1,1,"The meme text you provided contains a derogatory and offensive term. Based on the content of the meme, I would classify it as 1 for Hateful. The use of the term ""anus"" in a derogatory","Classify this meme: 1 = Hateful, 0 = Not Hateful."
img/12834.png,1,0,0,Does this meme contain hate speech? Answer 1 or 0.
img/12834.png,1,1,1,Is this content offensive or hateful? Output only the label 1 or 0.
img/12834.png,1,0,0,Is this a hateful meme targeting a protected group? Answer 1 or 0.
img/57208.png,0,0,0,Is this meme hateful? Answer 1 (Yes) or 0 (No).
img/57208.png,0,0,0,"Classify this meme: 1 = Hateful, 0 = Not Hateful."
img/57208.png,0,0,0,Does this meme contain hate speech? Answer 1 or 0.
img/57208.png,0,0,0,Is this content offensive or hateful? Output only the label 1 or 0.
img/57208.png,0,0,0,Is this a hateful meme targeting a protected group? Answer 1 or 0.
img/26439.png,0,1,1,Is this meme hateful? Answer 1 (Yes) or 0 (No).
img/26439.png,0,-1,"The meme you've provided appears to be a humorous take on the potential negative effects of parental opioid use on children's intelligence. It features a woman with a surprised or shocked expression, which is often used in memes","Classify this meme: 1 = Hateful, 0 = Not Hateful."
img/26439.png,0,0,0,Does this meme contain hate speech? Answer 1 or 0.
img/26439.png,0,0,0,Is this content offensive or hateful? Output only the label 1 or 0.
img/26439.png,0,0,0,Is this a hateful meme targeting a protected group? Answer 1 or 0.
img/53769.png,0,1,1,Is this meme hateful? Answer 1 (Yes) or 0 (No).
img/53769.png,0,0,"The meme you've provided is a political statement with a humorous intent. It is not hateful. The text is a critique of the Department of Education, which was created during Jimmy Carter's presidency, and it suggests that the","Classify this meme: 1 = Hateful, 0 = Not Hateful."
img/53769.png,0,0,0,Does this meme contain hate speech? Answer 1 or 0.
img/53769.png,0,0,0,Is this content offensive or hateful? Output only the label 1 or 0.
img/53769.png,0,0,0,Is this a hateful meme targeting a protected group? Answer 1 or 0.
img/28406.png,0,0,0,Is this meme hateful? Answer 1 (Yes) or 0 (No).
img/28406.png,0,-1,"The meme you've provided is a humorous image with a caption that is meant to be lighthearted and playful. It features a woman with a confident and assertive expression, which is intended to convey a sense of self-","Classify this meme: 1 = Hateful, 0 = Not Hateful."
img/28406.png,0,0,0,Does this meme contain hate speech? Answer 1 or 0.
img/28406.png,0,0,0,Is this content offensive or hateful? Output only the label 1 or 0.
img/28406.png,0,0,0,Is this a hateful meme targeting a protected group? Answer 1 or 0.
img/53418.png,0,0,0,Is this meme hateful? Answer 1 (Yes) or 0 (No).
img/53418.png,0,-1,"The meme text ""a real man loads the dishwasher every night"" is a statement that is intended to be humorous or satirical, suggesting that a man who takes on household chores, such as loading the dishwasher","Classify this meme: 1 = Hateful, 0 = Not Hateful."
img/53418.png,0,0,0,Does this meme contain hate speech? Answer 1 or 0.
img/53418.png,0,0,0,Is this content offensive or hateful? Output only the label 1 or 0.
img/53418.png,0,0,0,Is this a hateful meme targeting a protected group? Answer 1 or 0.
img/10785.png,1,1,1,Is this meme hateful? Answer 1 (Yes) or 0 (No).
img/10785.png,1,0,"The meme you've provided contains text that is offensive and derogatory. It is not appropriate to use such language, and it is not acceptable to classify it as ""Not Hateful."" The text promotes a derogatory stere","Classify this meme: 1 = Hateful, 0 = Not Hateful."
img/10785.png,1,0,0,Does this meme contain hate speech? Answer 1 or 0.
img/10785.png,1,0,0,Is this content offensive or hateful? Output only the label 1 or 0.
img/10785.png,1,0,0,Is this a hateful meme targeting a protected group? Answer 1 or 0.
img/84302.png,0,1,1,Is this meme hateful? Answer 1 (Yes) or 0 (No).
img/84302.png,0,-1,The meme you've provided contains text that seems to be making a statement about the sharing of information or resources in response to different groups of people experiencing harm or suffering. The text is juxtaposed with images of people who appear to be,"Classify this meme: 1 = Hateful, 0 = Not Hateful."
img/84302.png,0,0,0,Does this meme contain hate speech? Answer 1 or 0.
img/84302.png,0,0,0,Is this content offensive or hateful? Output only the label 1 or 0.
img/84302.png,0,0,0,Is this a hateful meme targeting a protected group? Answer 1 or 0.
img/76015.png,0,0,0,Is this meme hateful? Answer 1 (Yes) or 0 (No).
img/76015.png,0,-1,"The meme you've provided appears to be a humorous take on the diversity of Christmas celebrations. It shows a person dressed as Santa Claus, with the text ""everyone celebrates Christmas!"" followed by a photo of three individuals dressed","Classify this meme: 1 = Hateful, 0 = Not Hateful."
img/76015.png,0,0,0,Does this meme contain hate speech? Answer 1 or 0.
img/76015.png,0,0,0,Is this content offensive or hateful? Output only the label 1 or 0.
img/76015.png,0,0,0,Is this a hateful meme targeting a protected group? Answer 1 or 0.
img/34189.png,0,0,0,Is this meme hateful? Answer 1 (Yes) or 0 (No).
img/34189.png,0,0,"The meme text ""fight for what you believe in fight for the future"" is a call to action and does not contain any hateful language. Therefore, I would classify this meme as 0, not hateful.","Classify this meme: 1 = Hateful, 0 = Not Hateful."
img/34189.png,0,0,0,Does this meme contain hate speech? Answer 1 or 0.
img/34189.png,0,0,0,Is this content offensive or hateful? Output only the label 1 or 0.
img/34189.png,0,0,0,Is this a hateful meme targeting a protected group? Answer 1 or 0.
img/52079.png,0,0,0,Is this meme hateful? Answer 1 (Yes) or 0 (No).
img/52079.png,0,-1,"The meme you've provided is a humorous take on the financial impact of buying a house. It features a couple with the man holding the woman above his head, which is a playful and exaggerated gesture often used to express joy or","Classify this meme: 1 = Hateful, 0 = Not Hateful."
img/52079.png,0,0,0,Does this meme contain hate speech? Answer 1 or 0.
img/52079.png,0,0,0,Is this content offensive or hateful? Output only the label 1 or 0.
img/52079.png,0,0,0,Is this a hateful meme targeting a protected group? Answer 1 or 0.
img/63987.png,0,1,1,Is this meme hateful? Answer 1 (Yes) or 0 (No).
img/63987.png,0,-1,"The meme you've provided appears to be a political statement rather than a humorous or satirical meme. It seems to be expressing a negative sentiment towards a group of people who are migrating, which could be considered as a form","Classify this meme: 1 = Hateful, 0 = Not Hateful."
img/63987.png,0,0,0,Does this meme contain hate speech? Answer 1 or 0.
img/63987.png,0,0,0,Is this content offensive or hateful? Output only the label 1 or 0.
img/63987.png,0,0,0,Is this a hateful meme targeting a protected group? Answer 1 or 0.
img/73526.png,0,1,1,Is this meme hateful? Answer 1 (Yes) or 0 (No).
img/73526.png,0,1,"The meme you've provided contains text that is offensive and promotes violence. It is not appropriate to share or promote content that encourages or normalizes violence, especially against women. Therefore, I would classify this meme as 1","Classify this meme: 1 = Hateful, 0 = Not Hateful."
img/73526.png,0,0,0,Does this meme contain hate speech? Answer 1 or 0.
img/73526.png,0,1,1,Is this content offensive or hateful? Output only the label 1 or 0.
img/73526.png,0,0,0,Is this a hateful meme targeting a protected group? Answer 1 or 0.
img/02145.png,0,0,0,Is this meme hateful? Answer 1 (Yes) or 0 (No).
img/02145.png,0,1,"The meme text ""and then I asked mom, what's for dinner?"" is not inherently hateful. It is a common scenario where a child asks about the meal being served, which is a normal and innocent question. The meme","Classify this meme: 1 = Hateful, 0 = Not Hateful."
img/02145.png,0,0,0,Does this meme contain hate speech? Answer 1 or 0.
img/02145.png,0,0,0,Is this content offensive or hateful? Output only the label 1 or 0.
img/02145.png,0,0,0,Is this a hateful meme targeting a protected group? Answer 1 or 0.
img/84102.png,0,1,1,Is this meme hateful? Answer 1 (Yes) or 0 (No).
img/84102.png,0,0,0,"Classify this meme: 1 = Hateful, 0 = Not Hateful."
img/84102.png,0,0,0,Does this meme contain hate speech? Answer 1 or 0.
img/84102.png,0,0,0,Is this content offensive or hateful? Output only the label 1 or 0.
img/84102.png,0,0,0,Is this a hateful meme targeting a protected group? Answer 1 or 0.
img/32981.png,0,0,0,Is this meme hateful? Answer 1 (Yes) or 0 (No).
img/32981.png,0,0,"The meme text ""a truck that comes with a dishwasher!"" is not hateful. It is a humorous statement about a truck that has an unusual feature, which is a dishwasher. The meme is not making","Classify this meme: 1 = Hateful, 0 = Not Hateful."
img/32981.png,0,0,0,Does this meme contain hate speech? Answer 1 or 0.
img/32981.png,0,0,0,Is this content offensive or hateful? Output only the label 1 or 0.
img/32981.png,0,0,0,Is this a hateful meme targeting a protected group? Answer 1 or 0.
img/73605.png,0,0,0,Is this meme hateful? Answer 1 (Yes) or 0 (No).
img/73605.png,0,0,"The meme you've provided appears to be a humorous take on the idea that a person's smile can be a universal sign of positivity and happiness, regardless of the context or circumstances. It does not contain any text that could be","Classify this meme: 1 = Hateful, 0 = Not Hateful."
img/73605.png,0,0,0,Does this meme contain hate speech? Answer 1 or 0.
img/73605.png,0,0,0,Is this content offensive or hateful? Output only the label 1 or 0.
img/73605.png,0,0,0,Is this a hateful meme targeting a protected group? Answer 1 or 0.
img/07382.png,1,1,1,Is this meme hateful? Answer 1 (Yes) or 0 (No).
img/07382.png,1,0,"The meme text ""wouldn't be the last time those people used the oven this way"" is a reference to the historical context of the image, which depicts a scene from the Holocaust. The meme is not making","Classify this meme: 1 = Hateful, 0 = Not Hateful."
img/07382.png,1,0,0,Does this meme contain hate speech? Answer 1 or 0.
img/07382.png,1,0,0,Is this content offensive or hateful? Output only the label 1 or 0.
img/07382.png,1,0,0,Is this a hateful meme targeting a protected group? Answer 1 or 0.
img/64071.png,0,0,0,Is this meme hateful? Answer 1 (Yes) or 0 (No).
img/64071.png,0,-1,"The meme you've provided is a two-panel image with text that reads, ""when you have someone to help and take care of you what could happen if you didn't."" The first panel shows a woman pushing a wheelchair with","Classify this meme: 1 = Hateful, 0 = Not Hateful."
img/64071.png,0,0,0,Does this meme contain hate speech? Answer 1 or 0.
img/64071.png,0,0,0,Is this content offensive or hateful? Output only the label 1 or 0.
img/64071.png,0,0,0,Is this a hateful meme targeting a protected group? Answer 1 or 0.
img/80912.png,0,0,0,Is this meme hateful? Answer 1 (Yes) or 0 (No).
img/80912.png,0,0,"The meme you've provided appears to be a humorous or satirical take on a conversation between a person and former US President Barack Obama. The text ""mr obama it is an honor"" is a common phrase used to express respect","Classify this meme: 1 = Hateful, 0 = Not Hateful."
img/80912.png,0,0,0,Does this meme contain hate speech? Answer 1 or 0.
img/80912.png,0,0,0,Is this content offensive or hateful? Output only the label 1 or 0.
img/80912.png,0,0,0,Is this a hateful meme targeting a protected group? Answer 1 or 0.
img/84762.png,1,1,1,Is this meme hateful? Answer 1 (Yes) or 0 (No).
img/84762.png,1,0,"The meme text ""do you know how to turn your dishwasher into a snowblower? throw em a shovel"" is a playful and humorous statement, suggesting that the person being addressed is not familiar with the process","Classify this meme: 1 = Hateful, 0 = Not Hateful."
img/84762.png,1,0,0,Does this meme contain hate speech? Answer 1 or 0.
img/84762.png,1,0,0,Is this content offensive or hateful? Output only the label 1 or 0.
img/84762.png,1,0,0,Is this a hateful meme targeting a protected group? Answer 1 or 0.
img/39076.png,0,0,0,Is this meme hateful? Answer 1 (Yes) or 0 (No).
img/39076.png,0,0,"The meme you've provided does not contain any text. However, I can provide a classification based on the image content.

The image shows a person interacting with a monkey, and there is no visible text that could be classified","Classify this meme: 1 = Hateful, 0 = Not Hateful."
img/39076.png,0,0,0,Does this meme contain hate speech? Answer 1 or 0.
img/39076.png,0,0,0,Is this content offensive or hateful? Output only the label 1 or 0.
img/39076.png,0,0,0,Is this a hateful meme targeting a protected group? Answer 1 or 0.
img/85679.png,1,0,0,Is this meme hateful? Answer 1 (Yes) or 0 (No).
img/85679.png,1,0,"The meme you've provided is not hateful. It features a woman smiling and a monkey with a chain around its neck, and the text is a playful and respectful greeting. The meme does not contain any offensive or","Classify this meme: 1 = Hateful, 0 = Not Hateful."
img/85679.png,1,0,0,Does this meme contain hate speech? Answer 1 or 0.
img/85679.png,1,0,0,Is this content offensive or hateful? Output only the label 1 or 0.
img/85679.png,1,0,0,Is this a hateful meme targeting a protected group? Answer 1 or 0.
img/38095.png,0,0,0,Is this meme hateful? Answer 1 (Yes) or 0 (No).
img/38095.png,0,-1,"The meme text ""haters will say it's photoshop"" is a common phrase used to dismiss criticism or skepticism by suggesting that the person or people making the criticism are simply being negative or untrusting. It is","Classify this meme: 1 = Hateful, 0 = Not Hateful."
img/38095.png,0,0,0,Does this meme contain hate speech? Answer 1 or 0.
img/38095.png,0,0,0,Is this content offensive or hateful? Output only the label 1 or 0.
img/38095.png,0,0,0,Is this a hateful meme targeting a protected group? Answer 1 or 0.
img/52394.png,0,1,1,Is this meme hateful? Answer 1 (Yes) or 0 (No).
img/52394.png,0,-1,"The meme you've provided appears to be a satirical or humorous commentary on a situation where a group of people is engaged in a physical altercation. The text ""i forgot what are we fighting over again?"" is a c","Classify this meme: 1 = Hateful, 0 = Not Hateful."
img/52394.png,0,0,0,Does this meme contain hate speech? Answer 1 or 0.
img/52394.png,0,0,0,Is this content offensive or hateful? Output only the label 1 or 0.
img/52394.png,0,0,0,Is this a hateful meme targeting a protected group? Answer 1 or 0.
img/14865.png,0,1,1,Is this meme hateful? Answer 1 (Yes) or 0 (No).
img/14865.png,0,1,"The meme text you provided is a form of dark humor that is intended to be offensive and shocking. It is not appropriate to use such language, as it trivializes the atrocities committed by Adolf Hitler and the Nazi regime. This","Classify this meme: 1 = Hateful, 0 = Not Hateful."
img/14865.png,0,0,0,Does this meme contain hate speech? Answer 1 or 0.
img/14865.png,0,0,0,Is this content offensive or hateful? Output only the label 1 or 0.
img/14865.png,0,0,0,Is this a hateful meme targeting a protected group? Answer 1 or 0.
img/54819.png,0,0,0,Is this meme hateful? Answer 1 (Yes) or 0 (No).
img/54819.png,0,-1,"The meme you've provided appears to be a creative and artistic representation of three individuals looking in different directions, each seemingly focused on their own thoughts or ideas. The text ""beauty shot of girlfriends focusing on different thoughts and ideas""","Classify this meme: 1 = Hateful, 0 = Not Hateful."
img/54819.png,0,0,0,Does this meme contain hate speech? Answer 1 or 0.
img/54819.png,0,0,0,Is this content offensive or hateful? Output only the label 1 or 0.
img/54819.png,0,0,0,Is this a hateful meme targeting a protected group? Answer 1 or 0.
img/46082.png,0,0,0,Is this meme hateful? Answer 1 (Yes) or 0 (No).
img/46082.png,0,-1,"The meme you've provided appears to be a political statement rather than a meme with a humorous intent. It features a group of women standing behind a podium with the U.S. House of Representatives emblem, suggesting a","Classify this meme: 1 = Hateful, 0 = Not Hateful."
img/46082.png,0,0,0,Does this meme contain hate speech? Answer 1 or 0.
img/46082.png,0,0,0,Is this content offensive or hateful? Output only the label 1 or 0.
img/46082.png,0,0,0,Is this a hateful meme targeting a protected group? Answer 1 or 0.
img/73962.png,1,1,1,Is this meme hateful? Answer 1 (Yes) or 0 (No).
img/73962.png,1,0,"The meme text is a joke that plays on the idea of treating a vacuum cleaner with care and attention when it's not functioning properly, suggesting that the same level of care should be applied to a person when they are not performing well.","Classify this meme: 1 = Hateful, 0 = Not Hateful."
img/73962.png,1,0,0,Does this meme contain hate speech? Answer 1 or 0.
img/73962.png,1,0,0,Is this content offensive or hateful? Output only the label 1 or 0.
img/73962.png,1,0,0,Is this a hateful meme targeting a protected group? Answer 1 or 0.
img/78462.png,0,0,0,Is this meme hateful? Answer 1 (Yes) or 0 (No).
img/78462.png,0,1,"The meme text you provided is a quote from the Bible, specifically from 2 Timothy 3:1-5. It is not a meme with the intent to be hateful. The classification of this meme would be 0","Classify this meme: 1 = Hateful, 0 = Not Hateful."
img/78462.png,0,0,0,Does this meme contain hate speech? Answer 1 or 0.
img/78462.png,0,0,0,Is this content offensive or hateful? Output only the label 1 or 0.
img/78462.png,0,0,0,Is this a hateful meme targeting a protected group? Answer 1 or 0.
img/49805.png,0,1,1,Is this meme hateful? Answer 1 (Yes) or 0 (No).
img/49805.png,0,0,"The meme text you provided is a form of satire or dark humor, which is often used to criticize or comment on societal issues in a hyperbolic manner. It is not intended to be taken literally as a call for laws against","Classify this meme: 1 = Hateful, 0 = Not Hateful."
img/49805.png,0,0,0,Does this meme contain hate speech? Answer 1 or 0.
img/49805.png,0,1,1,Is this content offensive or hateful? Output only the label 1 or 0.
img/49805.png,0,0,0,Is this a hateful meme targeting a protected group? Answer 1 or 0.
img/24098.png,1,1,1,Is this meme hateful? Answer 1 (Yes) or 0 (No).
img/24098.png,1,-1,"The meme you've provided appears to be a humorous take on the concept of Thanksgiving being celebrated in China. It features a cat sitting in a pot on a stove, with a caption that reads ""thanksgiving in","Classify this meme: 1 = Hateful, 0 = Not Hateful."
img/24098.png,1,0,0,Does this meme contain hate speech? Answer 1 or 0.
img/24098.png,1,0,0,Is this content offensive or hateful? Output only the label 1 or 0.
img/24098.png,1,0,0,Is this a hateful meme targeting a protected group? Answer 1 or 0.
img/67435.png,1,1,1,Is this meme hateful? Answer 1 (Yes) or 0 (No).
img/67435.png,1,1,"The meme you've provided contains text that is antisemitic in nature. It is not appropriate to use or promote such content. Therefore, I would classify this meme as 1, as it promotes hateful speech and","Classify this meme: 1 = Hateful, 0 = Not Hateful."
img/67435.png,1,0,0,Does this meme contain hate speech? Answer 1 or 0.
img/67435.png,1,0,0,Is this content offensive or hateful? Output only the label 1 or 0.
img/67435.png,1,0,0,Is this a hateful meme targeting a protected group? Answer 1 or 0.
img/60893.png,0,1,1,Is this meme hateful? Answer 1 (Yes) or 0 (No).
img/60893.png,0,1,"The meme text you provided appears to be expressing a critical view of media control and the potential for censorship. It is not overtly hateful and seems to be making a statement about the influence of media on public perception. However,","Classify this meme: 1 = Hateful, 0 = Not Hateful."
img/60893.png,0,0,0,Does this meme contain hate speech? Answer 1 or 0.
img/60893.png,0,0,0,Is this content offensive or hateful? Output only the label 1 or 0.
img/60893.png,0,0,0,Is this a hateful meme targeting a protected group? Answer 1 or 0.
img/93148.png,0,0,0,Is this meme hateful? Answer 1 (Yes) or 0 (No).
img/93148.png,0,1,"The meme text ""the proper way to pop a blackhead"" is not inherently hateful. It is a humorous take on the common practice of popping blackheads, which is often done in a way that is not considered proper or","Classify this meme: 1 = Hateful, 0 = Not Hateful."
img/93148.png,0,0,0,Does this meme contain hate speech? Answer 1 or 0.
img/93148.png,0,0,0,Is this content offensive or hateful? Output only the label 1 or 0.
img/93148.png,0,0,0,Is this a hateful meme targeting a protected group? Answer 1 or 0.
img/07351.png,0,0,0,Is this meme hateful? Answer 1 (Yes) or 0 (No).
img/07351.png,0,1,"The meme text ""plays uno steals all the green cards"" is a humorous statement that is not intended to be hateful. It is a play on the game of Uno, where a player might try to steal all the green","Classify this meme: 1 = Hateful, 0 = Not Hateful."
img/07351.png,0,0,0,Does this meme contain hate speech? Answer 1 or 0.
img/07351.png,0,0,0,Is this content offensive or hateful? Output only the label 1 or 0.
img/07351.png,0,0,0,Is this a hateful meme targeting a protected group? Answer 1 or 0.
img/16850.png,0,1,1,Is this meme hateful? Answer 1 (Yes) or 0 (No).
img/16850.png,0,0,0,"Classify this meme: 1 = Hateful, 0 = Not Hateful."
img/16850.png,0,0,0,Does this meme contain hate speech? Answer 1 or 0.
img/16850.png,0,0,0,Is this content offensive or hateful? Output only the label 1 or 0.
img/16850.png,0,0,0,Is this a hateful meme targeting a protected group? Answer 1 or 0.
img/96312.png,0,0,0,Is this meme hateful? Answer 1 (Yes) or 0 (No).
img/96312.png,0,0,"The meme you've provided is not hateful. It is a positive and supportive message, likely intended to convey the idea of providing constant encouragement and assistance to a child as they grow and develop. The text ""one every step of the","Classify this meme: 1 = Hateful, 0 = Not Hateful."
img/96312.png,0,0,0,Does this meme contain hate speech? Answer 1 or 0.
img/96312.png,0,0,0,Is this content offensive or hateful? Output only the label 1 or 0.
img/96312.png,0,0,0,Is this a hateful meme targeting a protected group? Answer 1 or 0.
img/86195.png,0,1,1,Is this meme hateful? Answer 1 (Yes) or 0 (No).
img/86195.png,0,-1,"The meme you've provided features two individuals who appear to be dressed in military uniforms, with one of them smiling and the other looking away. The text ""dolled up and rolling with the gang like"" is added to the image","Classify this meme: 1 = Hateful, 0 = Not Hateful."
img/86195.png,0,0,0,Does this meme contain hate speech? Answer 1 or 0.
img/86195.png,0,0,0,Is this content offensive or hateful? Output only the label 1 or 0.
img/86195.png,0,0,0,Is this a hateful meme targeting a protected group? Answer 1 or 0.
img/84162.png,0,1,1 (Yes),Is this meme hateful? Answer 1 (Yes) or 0 (No).
img/84162.png,0,0,"The meme text you provided is a form of dark humor, which is a type of humor that is based on dark or taboo subjects. It is not meant to be taken literally and is intended to be humorous. However, it is important","Classify this meme: 1 = Hateful, 0 = Not Hateful."
img/84162.png,0,0,0,Does this meme contain hate speech? Answer 1 or 0.
img/84162.png,0,0,0,Is this content offensive or hateful? Output only the label 1 or 0.
img/84162.png,0,0,0,Is this a hateful meme targeting a protected group? Answer 1 or 0.
img/12067.png,0,0,0,Is this meme hateful? Answer 1 (Yes) or 0 (No).
img/12067.png,0,1,"The meme text ""pre-heat to 350 degrees"" is a play on words, suggesting that the oven should be pre-heated to a specific temperature before baking. It is not inherently hateful and can be classified","Classify this meme: 1 = Hateful, 0 = Not Hateful."
img/12067.png,0,0,0,Does this meme contain hate speech? Answer 1 or 0.
img/12067.png,0,0,0,Is this content offensive or hateful? Output only the label 1 or 0.
img/12067.png,0,0,0,Is this a hateful meme targeting a protected group? Answer 1 or 0.
img/05938.png,1,1,1,Is this meme hateful? Answer 1 (Yes) or 0 (No).
img/05938.png,1,1,"The meme you've provided contains text that is offensive and discriminatory towards the LGBTQ+ community. It is not appropriate to use such language or to promote stereotypes and misinformation about any group of people. Therefore, I would","Classify this meme: 1 = Hateful, 0 = Not Hateful."
img/05938.png,1,0,0,Does this meme contain hate speech? Answer 1 or 0.
img/05938.png,1,1,1,Is this content offensive or hateful? Output only the label 1 or 0.
img/05938.png,1,0,0,Is this a hateful meme targeting a protected group? Answer 1 or 0.
img/43092.png,0,1,1,Is this meme hateful? Answer 1 (Yes) or 0 (No).
img/43092.png,0,1,"The meme you've provided contains text that is offensive and derogatory towards Islam. It is not appropriate to use such language, as it promotes intolerance and discrimination. Therefore, I would classify this meme as 1","Classify this meme: 1 = Hateful, 0 = Not Hateful."
img/43092.png,0,0,0,Does this meme contain hate speech? Answer 1 or 0.
img/43092.png,0,0,0,Is this content offensive or hateful? Output only the label 1 or 0.
img/43092.png,0,0,0,Is this a hateful meme targeting a protected group? Answer 1 or 0.
img/30148.png,1,0,0,Is this meme hateful? Answer 1 (Yes) or 0 (No).
img/30148.png,1,0,"The meme you've provided is not hateful. It is a humorous image that features a child with a surprised or excited expression, seemingly delighted to learn that they don't have to make a choice. The text ""you mean i","Classify this meme: 1 = Hateful, 0 = Not Hateful."
img/30148.png,1,0,0,Does this meme contain hate speech? Answer 1 or 0.
img/30148.png,1,0,0,Is this content offensive or hateful? Output only the label 1 or 0.
img/30148.png,1,0,0,Is this a hateful meme targeting a protected group? Answer 1 or 0.
img/12045.png,0,1,1,Is this meme hateful? Answer 1 (Yes) or 0 (No).
img/12045.png,0,-1,"The meme text ""learn to hunt. it's a valuable skill"" is a statement that promotes hunting as a valuable skill. The meme features a person holding a rifle, which is an object associated with hunting. The classification of this","Classify this meme: 1 = Hateful, 0 = Not Hateful."
img/12045.png,0,0,0,Does this meme contain hate speech? Answer 1 or 0.
img/12045.png,0,0,0,Is this content offensive or hateful? Output only the label 1 or 0.
img/12045.png,0,0,0,Is this a hateful meme targeting a protected group? Answer 1 or 0.
img/92068.png,0,1,1,Is this meme hateful? Answer 1 (Yes) or 0 (No).
img/92068.png,0,1,"The meme text ""still better than mexican"" can be classified as offensive and derogatory towards Mexican cuisine. It is not appropriate to make jokes or comparisons that belittle or stereotype any culture or cuisine. Therefore","Classify this meme: 1 = Hateful, 0 = Not Hateful."
img/92068.png,0,0,0,Does this meme contain hate speech? Answer 1 or 0.
img/92068.png,0,0,0,Is this content offensive or hateful? Output only the label 1 or 0.
img/92068.png,0,0,0,Is this a hateful meme targeting a protected group? Answer 1 or 0.
img/73021.png,0,1,1,Is this meme hateful? Answer 1 (Yes) or 0 (No).
img/73021.png,0,1,"The meme you've provided contains text that is offensive and inappropriate. It is not suitable for any audience and is clearly intended to be hateful. Therefore, the classification for this meme would be 1, indicating that it is","Classify this meme: 1 = Hateful, 0 = Not Hateful."
img/73021.png,0,0,0,Does this meme contain hate speech? Answer 1 or 0.
img/73021.png,0,0,0,Is this content offensive or hateful? Output only the label 1 or 0.
img/73021.png,0,0,0,Is this a hateful meme targeting a protected group? Answer 1 or 0.
img/56241.png,1,1,1,Is this meme hateful? Answer 1 (Yes) or 0 (No).
img/56241.png,1,0,The meme text you provided contains a statement that is not based on scientific fact and is likely intended to be humorous or satirical. It is making a joke about a group of people being associated with a specific blood type and having certain physical traits,"Classify this meme: 1 = Hateful, 0 = Not Hateful."
img/56241.png,1,0,0,Does this meme contain hate speech? Answer 1 or 0.
img/56241.png,1,0,0,Is this content offensive or hateful? Output only the label 1 or 0.
img/56241.png,1,0,0,Is this a hateful meme targeting a protected group? Answer 1 or 0.
img/28905.png,1,0,0,Is this meme hateful? Answer 1 (Yes) or 0 (No).
img/28905.png,1,0,0,"Classify this meme: 1 = Hateful, 0 = Not Hateful."
img/28905.png,1,0,0,Does this meme contain hate speech? Answer 1 or 0.
img/28905.png,1,0,0,Is this content offensive or hateful? Output only the label 1 or 0.
img/28905.png,1,0,0,Is this a hateful meme targeting a protected group? Answer 1 or 0.
img/13750.png,0,1,1,Is this meme hateful? Answer 1 (Yes) or 0 (No).
img/13750.png,0,0,"The meme you've provided is a humorous take on a situation where someone is using an oven in an unconventional way, which is not typically done. The text ""wouldn't be the last time those people used","Classify this meme: 1 = Hateful, 0 = Not Hateful."
img/13750.png,0,0,0,Does this meme contain hate speech? Answer 1 or 0.
img/13750.png,0,0,0,Is this content offensive or hateful? Output only the label 1 or 0.
img/13750.png,0,0,0,Is this a hateful meme targeting a protected group? Answer 1 or 0.
img/06582.png,1,1,1,Is this meme hateful? Answer 1 (Yes) or 0 (No).
img/06582.png,1,0,"The meme you've provided contains text that is highly offensive and promotes hate speech. It is not appropriate to use such language, and it is not acceptable to classify it as ""not hateful."" The text in the meme is","Classify this meme: 1 = Hateful, 0 = Not Hateful."
img/06582.png,1,0,0,Does this meme contain hate speech? Answer 1 or 0.
img/06582.png,1,0,0,Is this content offensive or hateful? Output only the label 1 or 0.
img/06582.png,1,0,0,Is this a hateful meme targeting a protected group? Answer 1 or 0.
img/75142.png,0,0,0,Is this meme hateful? Answer 1 (Yes) or 0 (No).
img/75142.png,0,1,"The meme text you provided is a humorous statement that is not intended to be hateful. It is a play on words, suggesting that when a vacuum cleaner stops working effectively, one should change the bag, just as one should treat others","Classify this meme: 1 = Hateful, 0 = Not Hateful."
img/75142.png,0,0,0,Does this meme contain hate speech? Answer 1 or 0.
img/75142.png,0,0,0,Is this content offensive or hateful? Output only the label 1 or 0.
img/75142.png,0,0,0,Is this a hateful meme targeting a protected group? Answer 1 or 0.
img/56149.png,0,0,0,Is this meme hateful? Answer 1 (Yes) or 0 (No).
img/56149.png,0,-1,"The meme you've provided features a scarecrow with a somewhat eerie or creepy appearance, which is likely intended to be humorous or spooky. The text ""the original scarecrow"" is a play on","Classify this meme: 1 = Hateful, 0 = Not Hateful."
img/56149.png,0,0,0,Does this meme contain hate speech? Answer 1 or 0.
img/56149.png,0,0,0,Is this content offensive or hateful? Output only the label 1 or 0.
img/56149.png,0,0,0,Is this a hateful meme targeting a protected group? Answer 1 or 0.
img/41796.png,0,0,0,Is this meme hateful? Answer 1 (Yes) or 0 (No).
img/41796.png,0,0,"The meme text ""nein danke i'm very happy with my gas supplier"" is in German, and it translates to ""no thanks, I'm very happy with my gas supplier"" in English. The meme features a","Classify this meme: 1 = Hateful, 0 = Not Hateful."
img/41796.png,0,0,0,Does this meme contain hate speech? Answer 1 or 0.
img/41796.png,0,0,0,Is this content offensive or hateful? Output only the label 1 or 0.
img/41796.png,0,0,0,Is this a hateful meme targeting a protected group? Answer 1 or 0.
img/31570.png,1,1,1,Is this meme hateful? Answer 1 (Yes) or 0 (No).
img/31570.png,1,0,0,"Classify this meme: 1 = Hateful, 0 = Not Hateful."
img/31570.png,1,0,0,Does this meme contain hate speech? Answer 1 or 0.
img/31570.png,1,0,0,Is this content offensive or hateful? Output only the label 1 or 0.
img/31570.png,1,0,0,Is this a hateful meme targeting a protected group? Answer 1 or 0.
img/01726.png,1,0,0,Is this meme hateful? Answer 1 (Yes) or 0 (No).
img/01726.png,1,-1,"The meme text ""a real man loads the dishwasher every night"" is a statement that is intended to be humorous or satirical, suggesting that a man who takes on household chores, such as loading the dishwasher","Classify this meme: 1 = Hateful, 0 = Not Hateful."
img/01726.png,1,0,0,Does this meme contain hate speech? Answer 1 or 0.
img/01726.png,1,0,0,Is this content offensive or hateful? Output only the label 1 or 0.
img/01726.png,1,0,0,Is this a hateful meme targeting a protected group? Answer 1 or 0.
img/23785.png,0,0,0,Is this meme hateful? Answer 1 (Yes) or 0 (No).
img/23785.png,0,1,"The meme text ""hansel and gretel was a scary childrens story"" is a statement of fact and does not contain any hateful language or imagery. Therefore, the classification of this meme would be 0 for not","Classify this meme: 1 = Hateful, 0 = Not Hateful."
img/23785.png,0,0,0,Does this meme contain hate speech? Answer 1 or 0.
img/23785.png,0,0,0,Is this content offensive or hateful? Output only the label 1 or 0.
img/23785.png,0,0,0,Is this a hateful meme targeting a protected group? Answer 1 or 0.
img/56473.png,0,1,1,Is this meme hateful? Answer 1 (Yes) or 0 (No).
img/56473.png,0,1,"The meme text ""knows about you. your family your children everything"" is not inherently hateful. It appears to be a statement about someone's knowledge of another person's personal life, including their family and children. Without additional","Classify this meme: 1 = Hateful, 0 = Not Hateful."
img/56473.png,0,0,0,Does this meme contain hate speech? Answer 1 or 0.
img/56473.png,0,0,0,Is this content offensive or hateful? Output only the label 1 or 0.
img/56473.png,0,0,0,Is this a hateful meme targeting a protected group? Answer 1 or 0.
img/62970.png,0,1,1,Is this meme hateful? Answer 1 (Yes) or 0 (No).
img/62970.png,0,0,The meme you've provided contains an illustration that depicts a historical scene of a man with four slaves chained together. The text accompanying the image suggests a comparison between the treatment of the slaves and the desire to know about their experiences.,"Classify this meme: 1 = Hateful, 0 = Not Hateful."
img/62970.png,0,0,0,Does this meme contain hate speech? Answer 1 or 0.
img/62970.png,0,1,1,Is this content offensive or hateful? Output only the label 1 or 0.
img/62970.png,0,0,0,Is this a hateful meme targeting a protected group? Answer 1 or 0.
img/41035.png,0,1,1,Is this meme hateful? Answer 1 (Yes) or 0 (No).
img/41035.png,0,1,"The meme text ""my new muslim girlfriend not much to look at"" is a form of Islamophobia, which is a form of discrimination against Muslims. It is a hateful statement that is disrespectful and offensive towards Muslims.","Classify this meme: 1 = Hateful, 0 = Not Hateful."
img/41035.png,0,0,0,Does this meme contain hate speech? Answer 1 or 0.
img/41035.png,0,0,0,Is this content offensive or hateful? Output only the label 1 or 0.
img/41035.png,0,0,0,Is this a hateful meme targeting a protected group? Answer 1 or 0.
img/10285.png,1,1,"The meme text ""you are what you eat meanwhile in africa"" is a form of cultural stereotyping and can be considered hateful. It is making a derogatory statement about people from Africa based on a stereotype about",Is this meme hateful? Answer 1 (Yes) or 0 (No).
img/10285.png,1,-1,"The meme you've provided is a humorous take on the phrase ""you are what you eat,"" which is often used to suggest that a person's dietary habits can influence their physical appearance or health. The text ""meanwhile in","Classify this meme: 1 = Hateful, 0 = Not Hateful."
img/10285.png,1,0,0,Does this meme contain hate speech? Answer 1 or 0.
img/10285.png,1,0,0,Is this content offensive or hateful? Output only the label 1 or 0.
img/10285.png,1,0,0,Is this a hateful meme targeting a protected group? Answer 1 or 0.
img/95604.png,1,1,1,Is this meme hateful? Answer 1 (Yes) or 0 (No).
img/95604.png,1,1,"The meme text you provided is not inherently hateful. It appears to be a statement about self-acceptance and the desire for acceptance from others. The meme features a person dressed in a leopard print outfit, which is often","Classify this meme: 1 = Hateful, 0 = Not Hateful."
img/95604.png,1,0,0,Does this meme contain hate speech? Answer 1 or 0.
img/95604.png,1,0,0,Is this content offensive or hateful? Output only the label 1 or 0.
img/95604.png,1,0,0,Is this a hateful meme targeting a protected group? Answer 1 or 0.
img/68401.png,0,1,1,Is this meme hateful? Answer 1 (Yes) or 0 (No).
img/68401.png,0,1,"The meme you've provided is classified as 0, as it does not contain any hateful or discriminatory language or imagery. It is a humorous meme that uses a visual pun to convey a relatable situation.","Classify this meme: 1 = Hateful, 0 = Not Hateful."
img/68401.png,0,0,0,Does this meme contain hate speech? Answer 1 or 0.
img/68401.png,0,0,0,Is this content offensive or hateful? Output only the label 1 or 0.
img/68401.png,0,0,0,Is this a hateful meme targeting a protected group? Answer 1 or 0.
img/50984.png,0,1,1,Is this meme hateful? Answer 1 (Yes) or 0 (No).
img/50984.png,0,1,"The meme you've provided does not contain any text or imagery that would be considered hateful. It appears to be a simple, lighthearted image of a cat sitting in a pot on a stove, with a caption that seems","Classify this meme: 1 = Hateful, 0 = Not Hateful."
img/50984.png,0,0,0,Does this meme contain hate speech? Answer 1 or 0.
img/50984.png,0,0,0,Is this content offensive or hateful? Output only the label 1 or 0.
img/50984.png,0,0,0,Is this a hateful meme targeting a protected group? Answer 1 or 0.
img/17908.png,0,0,0,Is this meme hateful? Answer 1 (Yes) or 0 (No).
img/17908.png,0,0,0,"Classify this meme: 1 = Hateful, 0 = Not Hateful."
img/17908.png,0,0,0,Does this meme contain hate speech? Answer 1 or 0.
img/17908.png,0,0,0,Is this content offensive or hateful? Output only the label 1 or 0.
img/17908.png,0,0,0,Is this a hateful meme targeting a protected group? Answer 1 or 0.
img/42631.png,1,1,1,Is this meme hateful? Answer 1 (Yes) or 0 (No).
img/42631.png,1,1,"The meme text ""i believe they are like racism just shouldn't exist"" is a form of hate speech. It is classifiable as 1, indicating that it is hateful. The meme is making a comparison between a group of","Classify this meme: 1 = Hateful, 0 = Not Hateful."
img/42631.png,1,0,0,Does this meme contain hate speech? Answer 1 or 0.
img/42631.png,1,0,0,Is this content offensive or hateful? Output only the label 1 or 0.
img/42631.png,1,0,0,Is this a hateful meme targeting a protected group? Answer 1 or 0.
img/61349.png,1,0,0,Is this meme hateful? Answer 1 (Yes) or 0 (No).
img/61349.png,1,-1,"The meme you've provided is a humorous take on the concept of ""popping a blackhead,"" which is a common skincare practice. It features two men in a boxing ring, with one man making a face as if","Classify this meme: 1 = Hateful, 0 = Not Hateful."
img/61349.png,1,0,0,Does this meme contain hate speech? Answer 1 or 0.
img/61349.png,1,0,0,Is this content offensive or hateful? Output only the label 1 or 0.
img/61349.png,1,0,0,Is this a hateful meme targeting a protected group? Answer 1 or 0.
img/65093.png,0,0,0,Is this meme hateful? Answer 1 (Yes) or 0 (No).
img/65093.png,0,-1,"The meme text ""cookie kunty seen in paris"" is a play on words, combining the name of a popular drag queen with the phrase ""cookie kahuna,"" which is a term used in the drag community to describe a particular style","Classify this meme: 1 = Hateful, 0 = Not Hateful."
img/65093.png,0,0,0,Does this meme contain hate speech? Answer 1 or 0.
img/65093.png,0,0,0,Is this content offensive or hateful? Output only the label 1 or 0.
img/65093.png,0,0,0,Is this a hateful meme targeting a protected group? Answer 1 or 0.
img/86357.png,0,1,1,Is this meme hateful? Answer 1 (Yes) or 0 (No).
img/86357.png,0,-1,"The meme you've provided appears to be a humorous take on the Turkish President Recep Tayyip Erdoğan, using a statue of Gollum from ""The Lord of the Rings"" as a visual metaphor.","Classify this meme: 1 = Hateful, 0 = Not Hateful."
img/86357.png,0,0,0,Does this meme contain hate speech? Answer 1 or 0.
img/86357.png,0,0,0,Is this content offensive or hateful? Output only the label 1 or 0.
img/86357.png,0,0,0,Is this a hateful meme targeting a protected group? Answer 1 or 0.
img/74965.png,0,0,0,Is this meme hateful? Answer 1 (Yes) or 0 (No).
img/74965.png,0,0,"The meme you've provided appears to be a humorous comparison between two different scenarios or groups of people. It is not making a statement about any particular group of people, but rather contrasting two different situations or perspectives. The text ""","Classify this meme: 1 = Hateful, 0 = Not Hateful."
img/74965.png,0,0,0,Does this meme contain hate speech? Answer 1 or 0.
img/74965.png,0,0,0,Is this content offensive or hateful? Output only the label 1 or 0.
img/74965.png,0,0,0,Is this a hateful meme targeting a protected group? Answer 1 or 0.
img/75918.png,0,0,0,Is this meme hateful? Answer 1 (Yes) or 0 (No).
img/75918.png,0,1,"The meme text is a statement about the differences between older and modern tractors, which is a common topic for discussion or humor. It does not contain any hateful language or imagery. Therefore, I would classify this meme as","Classify this meme: 1 = Hateful, 0 = Not Hateful."
img/75918.png,0,0,0,Does this meme contain hate speech? Answer 1 or 0.
img/75918.png,0,0,0,Is this content offensive or hateful? Output only the label 1 or 0.
img/75918.png,0,0,0,Is this a hateful meme targeting a protected group? Answer 1 or 0.
img/14975.png,0,1,1,Is this meme hateful? Answer 1 (Yes) or 0 (No).
img/14975.png,0,0,"The meme you've provided contains a statement that is generally considered to be true and not hateful. It is a statement against violence and advocates for understanding the consequences of such actions. Therefore, I would classify this meme as","Classify this meme: 1 = Hateful, 0 = Not Hateful."
img/14975.png,0,0,0,Does this meme contain hate speech? Answer 1 or 0.
img/14975.png,0,0,0,Is this content offensive or hateful? Output only the label 1 or 0.
img/14975.png,0,0,0,Is this a hateful meme targeting a protected group? Answer 1 or 0.
img/92317.png,0,0,0,Is this meme hateful? Answer 1 (Yes) or 0 (No).
img/92317.png,0,0,"The meme text ""you either die a hero, or live long enough to become the villain"" is a popular quote attributed to Harvey Pekar, a cartoonist known for his work on the comic series ""American Splendor.""","Classify this meme: 1 = Hateful, 0 = Not Hateful."
img/92317.png,0,0,0,Does this meme contain hate speech? Answer 1 or 0.
img/92317.png,0,0,0,Is this content offensive or hateful? Output only the label 1 or 0.
img/92317.png,0,0,0,Is this a hateful meme targeting a protected group? Answer 1 or 0.
img/19536.png,1,1,1,Is this meme hateful? Answer 1 (Yes) or 0 (No).
img/19536.png,1,0,0,"Classify this meme: 1 = Hateful, 0 = Not Hateful."
img/19536.png,1,0,0,Does this meme contain hate speech? Answer 1 or 0.
img/19536.png,1,0,0,Is this content offensive or hateful? Output only the label 1 or 0.
img/19536.png,1,0,0,Is this a hateful meme targeting a protected group? Answer 1 or 0.
img/90236.png,0,0,0,Is this meme hateful? Answer 1 (Yes) or 0 (No).
img/90236.png,0,0,0,"Classify this meme: 1 = Hateful, 0 = Not Hateful."
img/90236.png,0,0,0,Does this meme contain hate speech? Answer 1 or 0.
img/90236.png,0,0,0,Is this content offensive or hateful? Output only the label 1 or 0.
img/90236.png,0,0,0,Is this a hateful meme targeting a protected group? Answer 1 or 0.
img/30642.png,0,0,0,Is this meme hateful? Answer 1 (Yes) or 0 (No).
img/30642.png,0,1,"The meme text ""chillin and doing his thing"" is a playful and lighthearted description of a rabbi sitting in a synagogue. It does not contain any language or imagery that could be interpreted as hateful.","Classify this meme: 1 = Hateful, 0 = Not Hateful."
img/30642.png,0,0,0,Does this meme contain hate speech? Answer 1 or 0.
img/30642.png,0,0,0,Is this content offensive or hateful? Output only the label 1 or 0.
img/30642.png,0,0,0,Is this a hateful meme targeting a protected group? Answer 1 or 0.
img/59206.png,0,0,0,Is this meme hateful? Answer 1 (Yes) or 0 (No).
img/59206.png,0,1,"The meme you've provided appears to be a humorous take on the concept of traveling through a chimney, which is a playful and imaginative idea. It does not contain any text that could be classified as hateful. Therefore,","Classify this meme: 1 = Hateful, 0 = Not Hateful."
img/59206.png,0,0,0,Does this meme contain hate speech? Answer 1 or 0.
img/59206.png,0,0,0,Is this content offensive or hateful? Output only the label 1 or 0.
img/59206.png,0,0,0,Is this a hateful meme targeting a protected group? Answer 1 or 0.
img/19075.png,0,0,0,Is this meme hateful? Answer 1 (Yes) or 0 (No).
img/19075.png,0,0,0,"Classify this meme: 1 = Hateful, 0 = Not Hateful."
img/19075.png,0,0,0,Does this meme contain hate speech? Answer 1 or 0.
img/19075.png,0,0,0,Is this content offensive or hateful? Output only the label 1 or 0.
img/19075.png,0,0,0,Is this a hateful meme targeting a protected group? Answer 1 or 0.
img/79042.png,0,1,1,Is this meme hateful? Answer 1 (Yes) or 0 (No).
img/79042.png,0,1,The meme text you provided is highly offensive and inappropriate. It is not a meme; it is a statement that trivializes the horrific events of the Holocaust. This kind of content is not suitable for any platform and is,"Classify this meme: 1 = Hateful, 0 = Not Hateful."
img/79042.png,0,0,0,Does this meme contain hate speech? Answer 1 or 0.
img/79042.png,0,1,1,Is this content offensive or hateful? Output only the label 1 or 0.
img/79042.png,0,0,0,Is this a hateful meme targeting a protected group? Answer 1 or 0.
img/98720.png,0,1,1,Is this meme hateful? Answer 1 (Yes) or 0 (No).
img/98720.png,0,0,The meme text you provided is not appropriate or respectful. It is not a meme and does not belong in a public space. It is important to be sensitive and respectful when discussing sensitive topics such as the loss of a loved one.,"Classify this meme: 1 = Hateful, 0 = Not Hateful."
img/98720.png,0,0,0,Does this meme contain hate speech? Answer 1 or 0.
img/98720.png,0,1,1,Is this content offensive or hateful? Output only the label 1 or 0.
img/98720.png,0,0,0,Is this a hateful meme targeting a protected group? Answer 1 or 0.
img/02634.png,1,0,0,Is this meme hateful? Answer 1 (Yes) or 0 (No).
img/02634.png,1,0,The meme text is a humorous statement comparing the versatility of a sandwich maker to an ironing board. It is not a hateful statement and can be classified as 0 for not hateful.,"Classify this meme: 1 = Hateful, 0 = Not Hateful."
img/02634.png,1,0,0,Does this meme contain hate speech? Answer 1 or 0.
img/02634.png,1,0,0,Is this content offensive or hateful? Output only the label 1 or 0.
img/02634.png,1,0,0,Is this a hateful meme targeting a protected group? Answer 1 or 0.
img/84107.png,0,1,1,Is this meme hateful? Answer 1 (Yes) or 0 (No).
img/84107.png,0,1,"The meme text ""i ordered a dishwasher and they sent me a sandwich maker"" is a humorous exaggeration of a common customer service mishap. It is not intended to be hateful and falls into the category of ""","Classify this meme: 1 = Hateful, 0 = Not Hateful."
img/84107.png,0,0,0,Does this meme contain hate speech? Answer 1 or 0.
img/84107.png,0,0,0,Is this content offensive or hateful? Output only the label 1 or 0.
img/84107.png,0,0,0,Is this a hateful meme targeting a protected group? Answer 1 or 0.
img/07198.png,1,1,1,Is this meme hateful? Answer 1 (Yes) or 0 (No).
img/07198.png,1,1,"The meme you've provided contains text that is intended to be humorous or satirical, but it can be perceived as offensive or inappropriate depending on the context in which it is used. The text is a play on words, suggesting","Classify this meme: 1 = Hateful, 0 = Not Hateful."
img/07198.png,1,0,0,Does this meme contain hate speech? Answer 1 or 0.
img/07198.png,1,0,0,Is this content offensive or hateful? Output only the label 1 or 0.
img/07198.png,1,0,0,Is this a hateful meme targeting a protected group? Answer 1 or 0.
img/45702.png,1,1,1,Is this meme hateful? Answer 1 (Yes) or 0 (No).
img/45702.png,1,1,The meme you've provided contains text that is highly offensive and promotes violence against women. It is not appropriate to share or promote such content. The classification of this meme would be a 1 for hateful.,"Classify this meme: 1 = Hateful, 0 = Not Hateful."
img/45702.png,1,0,0,Does this meme contain hate speech? Answer 1 or 0.
img/45702.png,1,1,1,Is this content offensive or hateful? Output only the label 1 or 0.
img/45702.png,1,0,0,Is this a hateful meme targeting a protected group? Answer 1 or 0.
img/46085.png,0,1,1,Is this meme hateful? Answer 1 (Yes) or 0 (No).
img/46085.png,0,1,"The meme text you provided does not contain any overtly hateful language or imagery. It appears to be a humorous commentary on the actions of city workers. Therefore, I would classify this meme as 0, not","Classify this meme: 1 = Hateful, 0 = Not Hateful."
img/46085.png,0,0,0,Does this meme contain hate speech? Answer 1 or 0.
img/46085.png,0,0,0,Is this content offensive or hateful? Output only the label 1 or 0.
img/46085.png,0,0,0,Is this a hateful meme targeting a protected group? Answer 1 or 0.
img/08451.png,0,1,1,Is this meme hateful? Answer 1 (Yes) or 0 (No).
img/08451.png,0,1,"The meme text you provided is a form of anti-Semitic stereotyping and is therefore classified as 1 for hateful. It perpetuates a harmful stereotype about Jewish people and their supposed behavior, which is not based","Classify this meme: 1 = Hateful, 0 = Not Hateful."
img/08451.png,0,0,0,Does this meme contain hate speech? Answer 1 or 0.
img/08451.png,0,0,0,Is this content offensive or hateful? Output only the label 1 or 0.
img/08451.png,0,0,0,Is this a hateful meme targeting a protected group? Answer 1 or 0.
img/73482.png,0,1,1,Is this meme hateful? Answer 1 (Yes) or 0 (No).
img/73482.png,0,-1,"The meme you've provided contains a statement that is a call for gun control measures, specifically the removal of guns from the reach of children. The text is a political statement advocating for stricter gun laws.

To classify","Classify this meme: 1 = Hateful, 0 = Not Hateful."
img/73482.png,0,0,0,Does this meme contain hate speech? Answer 1 or 0.
img/73482.png,0,0,0,Is this content offensive or hateful? Output only the label 1 or 0.
img/73482.png,0,0,0,Is this a hateful meme targeting a protected group? Answer 1 or 0.
img/28017.png,1,1,1,Is this meme hateful? Answer 1 (Yes) or 0 (No).
img/28017.png,1,-1,"The meme you've provided appears to be a form of satire or dark humor, which is often used to comment on serious issues in a provocative manner. The text ""islam is the religion of peace"" is juxtaposed","Classify this meme: 1 = Hateful, 0 = Not Hateful."
img/28017.png,1,0,0,Does this meme contain hate speech? Answer 1 or 0.
img/28017.png,1,0,0,Is this content offensive or hateful? Output only the label 1 or 0.
img/28017.png,1,0,0,Is this a hateful meme targeting a protected group? Answer 1 or 0.
img/02364.png,0,1,1,Is this meme hateful? Answer 1 (Yes) or 0 (No).
img/02364.png,0,1,"The meme text you provided does not contain any overtly hateful language or imagery. It appears to be a simple statement about a person's attire and location. Therefore, based on the content of the meme text, I","Classify this meme: 1 = Hateful, 0 = Not Hateful."
img/02364.png,0,0,0,Does this meme contain hate speech? Answer 1 or 0.
img/02364.png,0,0,0,Is this content offensive or hateful? Output only the label 1 or 0.
img/02364.png,0,0,0,Is this a hateful meme targeting a protected group? Answer 1 or 0.
img/42538.png,0,0,0,Is this meme hateful? Answer 1 (Yes) or 0 (No).
img/42538.png,0,1,"The meme you've provided does not contain any text that could be classified as hateful. It features a couple sharing a tender moment, and the text ""just melted away"" is a common phrase used to describe a feeling of intense focus","Classify this meme: 1 = Hateful, 0 = Not Hateful."
img/42538.png,0,0,0,Does this meme contain hate speech? Answer 1 or 0.
img/42538.png,0,0,0,Is this content offensive or hateful? Output only the label 1 or 0.
img/42538.png,0,0,0,Is this a hateful meme targeting a protected group? Answer 1 or 0.
img/47183.png,0,0,0,Is this meme hateful? Answer 1 (Yes) or 0 (No).
img/47183.png,0,1,"The meme you've provided contains text that could be interpreted as derogatory or dismissive towards a group of people, which might be considered offensive or disrespectful. However, without additional context, it's difficult to definitively class","Classify this meme: 1 = Hateful, 0 = Not Hateful."
img/47183.png,0,0,0,Does this meme contain hate speech? Answer 1 or 0.
img/47183.png,0,0,0,Is this content offensive or hateful? Output only the label 1 or 0.
img/47183.png,0,0,0,Is this a hateful meme targeting a protected group? Answer 1 or 0.
img/72904.png,1,1,1,Is this meme hateful? Answer 1 (Yes) or 0 (No).
img/72904.png,1,1,"The meme text ""terrorist trojan horse enemy of the state"" is a political statement that can be interpreted in various ways. It is not inherently hateful, as it is a statement of political opinion. However, the use of","Classify this meme: 1 = Hateful, 0 = Not Hateful."
img/72904.png,1,0,0,Does this meme contain hate speech? Answer 1 or 0.
img/72904.png,1,0,0,Is this content offensive or hateful? Output only the label 1 or 0.
img/72904.png,1,0,0,Is this a hateful meme targeting a protected group? Answer 1 or 0.
img/90243.png,1,1,1,Is this meme hateful? Answer 1 (Yes) or 0 (No).
img/90243.png,1,1,"The meme text ""best gamer ever 6 million kills, 1 death"" is a reference to a historical event and is not intended to be a statement about gaming achievements. It is a form of dark humor that uses the tragic number of","Classify this meme: 1 = Hateful, 0 = Not Hateful."
img/90243.png,1,0,0,Does this meme contain hate speech? Answer 1 or 0.
img/90243.png,1,0,0,Is this content offensive or hateful? Output only the label 1 or 0.
img/90243.png,1,0,0,Is this a hateful meme targeting a protected group? Answer 1 or 0.
img/41382.png,0,1,"The meme text you provided appears to be a statement about self-acceptance and the desire for acceptance from others. It does not contain any hateful language or imagery. The meme features a bee, which is a common symbol for",Is this meme hateful? Answer 1 (Yes) or 0 (No).
img/41382.png,0,1,"The meme text you provided is a statement that can be interpreted in various ways, depending on the context in which it is used. Without additional context, it is not possible to definitively classify the meme as hateful or not. The","Classify this meme: 1 = Hateful, 0 = Not Hateful."
img/41382.png,0,0,0,Does this meme contain hate speech? Answer 1 or 0.
img/41382.png,0,0,0,Is this content offensive or hateful? Output only the label 1 or 0.
img/41382.png,0,0,0,Is this a hateful meme targeting a protected group? Answer 1 or 0.
img/78156.png,0,0,0,Is this meme hateful? Answer 1 (Yes) or 0 (No).
img/78156.png,0,0,"The meme you've provided is not hateful. It is a humorous image that features a woman looking surprised or confused, with a caption that suggests a sense of relief or amusement at the prospect of not having to make a decision","Classify this meme: 1 = Hateful, 0 = Not Hateful."
img/78156.png,0,0,0,Does this meme contain hate speech? Answer 1 or 0.
img/78156.png,0,0,0,Is this content offensive or hateful? Output only the label 1 or 0.
img/78156.png,0,0,0,Is this a hateful meme targeting a protected group? Answer 1 or 0.
img/74250.png,0,0,0,Is this meme hateful? Answer 1 (Yes) or 0 (No).
img/74250.png,0,1,"The meme text ""white kids kids dreaming about their first day of school"" is a form of racial stereotyping and is considered hateful. It is important to avoid making assumptions about people based on their race and to promote inclus","Classify this meme: 1 = Hateful, 0 = Not Hateful."
img/74250.png,0,0,0,Does this meme contain hate speech? Answer 1 or 0.
img/74250.png,0,0,0,Is this content offensive or hateful? Output only the label 1 or 0.
img/74250.png,0,0,0,Is this a hateful meme targeting a protected group? Answer 1 or 0.
img/97132.png,0,1,1,Is this meme hateful? Answer 1 (Yes) or 0 (No).
img/97132.png,0,0,"The meme text you provided is offensive and promotes stereotypes. It is not appropriate to classify this meme as either ""Hateful"" or ""Not Hateful"" because it contains hate speech and is disrespectful to the LGBT","Classify this meme: 1 = Hateful, 0 = Not Hateful."
img/97132.png,0,0,0,Does this meme contain hate speech? Answer 1 or 0.
img/97132.png,0,0,0,Is this content offensive or hateful? Output only the label 1 or 0.
img/97132.png,0,0,0,Is this a hateful meme targeting a protected group? Answer 1 or 0.
img/35840.png,1,1,1,Is this meme hateful? Answer 1 (Yes) or 0 (No).
img/35840.png,1,1,"The meme text ""i ordered a dishwasher and they sent me a sandwich maker"" is a humorous statement about a misunderstanding or a mistake in an order. It is not a hateful statement and can be classified as 0","Classify this meme: 1 = Hateful, 0 = Not Hateful."
img/35840.png,1,0,0,Does this meme contain hate speech? Answer 1 or 0.
img/35840.png,1,0,0,Is this content offensive or hateful? Output only the label 1 or 0.
img/35840.png,1,0,0,Is this a hateful meme targeting a protected group? Answer 1 or 0.
img/78134.png,0,0,0,Is this meme hateful? Answer 1 (Yes) or 0 (No).
img/78134.png,0,-1,"The meme you've provided appears to be a humorous comparison between the reactions of people in different countries, with a focus on Pakistan. The text ""in other countries in pakistan"" is a play on words, suggesting that the image","Classify this meme: 1 = Hateful, 0 = Not Hateful."
img/78134.png,0,0,0,Does this meme contain hate speech? Answer 1 or 0.
img/78134.png,0,0,0,Is this content offensive or hateful? Output only the label 1 or 0.
img/78134.png,0,0,0,Is this a hateful meme targeting a protected group? Answer 1 or 0.
img/93620.png,1,-1,"The meme you've provided appears to be a humorous comparison between two different scenarios, with the text ""in other countries in pakistan"" suggesting a contrast between the two images. The first image shows a man and a woman sharing a",Is this meme hateful? Answer 1 (Yes) or 0 (No).
img/93620.png,1,-1,"The meme you've provided appears to be a humorous comparison between the experience of kissing someone in a romantic or affectionate manner and the experience of kissing a goat. The text ""in other countries in pakistan"" is","Classify this meme: 1 = Hateful, 0 = Not Hateful."
img/93620.png,1,0,0,Does this meme contain hate speech? Answer 1 or 0.
img/93620.png,1,0,0,Is this content offensive or hateful? Output only the label 1 or 0.
img/93620.png,1,0,0,Is this a hateful meme targeting a protected group? Answer 1 or 0.
img/57369.png,0,0,0,Is this meme hateful? Answer 1 (Yes) or 0 (No).
img/57369.png,0,0,"The meme you've provided is a humorous take on the concept of weight loss, suggesting that a simple trick can lead to significant weight loss. It is not intended to be taken literally or as a serious weight loss strategy. The text ""","Classify this meme: 1 = Hateful, 0 = Not Hateful."
img/57369.png,0,0,0,Does this meme contain hate speech? Answer 1 or 0.
img/57369.png,0,0,0,Is this content offensive or hateful? Output only the label 1 or 0.
img/57369.png,0,0,0,Is this a hateful meme targeting a protected group? Answer 1 or 0.
img/10362.png,1,1,1,Is this meme hateful? Answer 1 (Yes) or 0 (No).
img/10362.png,1,0,"The meme text appears to be making a statement about the diversity of certain European countries compared to the Middle East. However, the text is incomplete and does not provide a clear context or basis for the comparison. Without additional information, it is not","Classify this meme: 1 = Hateful, 0 = Not Hateful."
img/10362.png,1,0,0,Does this meme contain hate speech? Answer 1 or 0.
img/10362.png,1,0,0,Is this content offensive or hateful? Output only the label 1 or 0.
img/10362.png,1,0,0,Is this a hateful meme targeting a protected group? Answer 1 or 0.
img/36058.png,0,0,0,Is this meme hateful? Answer 1 (Yes) or 0 (No).
img/36058.png,0,-1,"The meme you've provided appears to be a collage of images with the text ""love is love"" overlaid on it. The images show two individuals, presumably a bride and groom, sharing a kiss. The text is a statement","Classify this meme: 1 = Hateful, 0 = Not Hateful."
img/36058.png,0,0,0,Does this meme contain hate speech? Answer 1 or 0.
img/36058.png,0,0,0,Is this content offensive or hateful? Output only the label 1 or 0.
img/36058.png,0,0,0,Is this a hateful meme targeting a protected group? Answer 1 or 0.
img/09467.png,1,1,1,Is this meme hateful? Answer 1 (Yes) or 0 (No).
img/09467.png,1,1,The meme you've provided contains text that is offensive and inappropriate. It is not suitable for public discourse and is likely intended to be humorous in a dark or inappropriate manner. This type of content is not acceptable and,"Classify this meme: 1 = Hateful, 0 = Not Hateful."
img/09467.png,1,0,0,Does this meme contain hate speech? Answer 1 or 0.
img/09467.png,1,1,1,Is this content offensive or hateful? Output only the label 1 or 0.
img/09467.png,1,0,0,Is this a hateful meme targeting a protected group? Answer 1 or 0.
img/60183.png,1,0,0,Is this meme hateful? Answer 1 (Yes) or 0 (No).
img/60183.png,1,0,"The meme you've provided is a black and white image of Adolf Hitler, a historical figure known for his role in the Holocaust and the atrocities committed by the Nazi regime. The text on the meme is in German","Classify this meme: 1 = Hateful, 0 = Not Hateful."
img/60183.png,1,0,0,Does this meme contain hate speech? Answer 1 or 0.
img/60183.png,1,0,0,Is this content offensive or hateful? Output only the label 1 or 0.
img/60183.png,1,0,0,Is this a hateful meme targeting a protected group? Answer 1 or 0.
img/47263.png,1,0,0,Is this meme hateful? Answer 1 (Yes) or 0 (No).
img/47263.png,1,-1,"The meme you've provided appears to be a humorous take on the process of preparing a pizza, with the text ""pre-heat to 350 degrees"" suggesting that the oven is being prepared for baking. The image shows","Classify this meme: 1 = Hateful, 0 = Not Hateful."
img/47263.png,1,0,0,Does this meme contain hate speech? Answer 1 or 0.
img/47263.png,1,0,0,Is this content offensive or hateful? Output only the label 1 or 0.
img/47263.png,1,0,0,Is this a hateful meme targeting a protected group? Answer 1 or 0.
img/18726.png,0,0,0,Is this meme hateful? Answer 1 (Yes) or 0 (No).
img/18726.png,0,1,"The meme text ""when your bed is short and your feed stick out"" is a play on words that does not contain any hateful content. It is a light-hearted joke about the inconvenience of having a bed that is too","Classify this meme: 1 = Hateful, 0 = Not Hateful."
img/18726.png,0,0,0,Does this meme contain hate speech? Answer 1 or 0.
img/18726.png,0,0,0,Is this content offensive or hateful? Output only the label 1 or 0.
img/18726.png,0,0,0,Is this a hateful meme targeting a protected group? Answer 1 or 0.
img/50379.png,0,1,1,Is this meme hateful? Answer 1 (Yes) or 0 (No).
img/50379.png,0,0,"The meme text ""do you know how to turn your dishwasher into a snowblower? throw em a shovel"" is a humorous and light-hearted joke, suggesting that the person being addressed is so ine","Classify this meme: 1 = Hateful, 0 = Not Hateful."
img/50379.png,0,0,0,Does this meme contain hate speech? Answer 1 or 0.
img/50379.png,0,0,0,Is this content offensive or hateful? Output only the label 1 or 0.
img/50379.png,0,0,0,Is this a hateful meme targeting a protected group? Answer 1 or 0.
img/06352.png,0,0,0,Is this meme hateful? Answer 1 (Yes) or 0 (No).
img/06352.png,0,0,"The meme you've provided is a humorous image of a young child on a bicycle, with the text ""and then i asked mom, can we go play?"" The meme is not hateful; it is a light-heart","Classify this meme: 1 = Hateful, 0 = Not Hateful."
img/06352.png,0,0,0,Does this meme contain hate speech? Answer 1 or 0.
img/06352.png,0,0,0,Is this content offensive or hateful? Output only the label 1 or 0.
img/06352.png,0,0,0,Is this a hateful meme targeting a protected group? Answer 1 or 0.
img/58093.png,0,0,0,Is this meme hateful? Answer 1 (Yes) or 0 (No).
img/58093.png,0,0,The meme text you provided is a humorous commentary on the behavior of Java's generic type parameters at runtime. It is not hateful and is classified as 0. The meme is making a joke about how Java's generic,"Classify this meme: 1 = Hateful, 0 = Not Hateful."
img/58093.png,0,0,0,Does this meme contain hate speech? Answer 1 or 0.
img/58093.png,0,0,0,Is this content offensive or hateful? Output only the label 1 or 0.
img/58093.png,0,0,0,Is this a hateful meme targeting a protected group? Answer 1 or 0.
img/19508.png,1,1,1,Is this meme hateful? Answer 1 (Yes) or 0 (No).
img/19508.png,1,-1,"The meme you've provided appears to be a black and white photograph of a couple sharing a close moment. The text ""the definition of utter disgust in plain black and white"" is superimposed on the image, which seems to be a","Classify this meme: 1 = Hateful, 0 = Not Hateful."
img/19508.png,1,0,0,Does this meme contain hate speech? Answer 1 or 0.
img/19508.png,1,1,1,Is this content offensive or hateful? Output only the label 1 or 0.
img/19508.png,1,0,0,Is this a hateful meme targeting a protected group? Answer 1 or 0.
img/02783.png,1,0,0,Is this meme hateful? Answer 1 (Yes) or 0 (No).
img/02783.png,1,1,"The meme text is a humorous exaggeration, and it does not contain any hateful language or imagery. It is a playful way to express nostalgia for the past and a sense of loss for the perceived decline in quality or","Classify this meme: 1 = Hateful, 0 = Not Hateful."
img/02783.png,1,0,0,Does this meme contain hate speech? Answer 1 or 0.
img/02783.png,1,0,0,Is this content offensive or hateful? Output only the label 1 or 0.
img/02783.png,1,0,0,Is this a hateful meme targeting a protected group? Answer 1 or 0.
img/41728.png,0,1,1,Is this meme hateful? Answer 1 (Yes) or 0 (No).
img/41728.png,0,1,"The meme contains text that expresses a negative sentiment towards a group of people, which could be interpreted as a form of discrimination or prejudice. This statement is likely to be considered hateful by many, as it suggests that the group in question","Classify this meme: 1 = Hateful, 0 = Not Hateful."
img/41728.png,0,0,0,Does this meme contain hate speech? Answer 1 or 0.
img/41728.png,0,0,0,Is this content offensive or hateful? Output only the label 1 or 0.
img/41728.png,0,0,0,Is this a hateful meme targeting a protected group? Answer 1 or 0.
img/51306.png,0,0,0,Is this meme hateful? Answer 1 (Yes) or 0 (No).
img/51306.png,0,1,"The meme features an image of Adolf Hitler on a horse, which is a highly offensive and inappropriate depiction. The text ""eat some cookies you're not yourself when you're hungry"" is a play on words,","Classify this meme: 1 = Hateful, 0 = Not Hateful."
img/51306.png,0,0,0,Does this meme contain hate speech? Answer 1 or 0.
img/51306.png,0,0,0,Is this content offensive or hateful? Output only the label 1 or 0.
img/51306.png,0,0,0,Is this a hateful meme targeting a protected group? Answer 1 or 0.
img/50241.png,1,1,1,Is this meme hateful? Answer 1 (Yes) or 0 (No).
img/50241.png,1,0,"The meme text you provided is a humorous take on a common phrase, ""bitches be like,"" which is often used to express a sense of irony or contradiction. The text is a play on the phrase ""no weave,""","Classify this meme: 1 = Hateful, 0 = Not Hateful."
img/50241.png,1,0,0,Does this meme contain hate speech? Answer 1 or 0.
img/50241.png,1,0,0,Is this content offensive or hateful? Output only the label 1 or 0.
img/50241.png,1,0,0,Is this a hateful meme targeting a protected group? Answer 1 or 0.
img/49650.png,1,0,0,Is this meme hateful? Answer 1 (Yes) or 0 (No).
img/49650.png,1,0,"The meme you've provided is a humorous image of a child excitedly riding a bicycle, with the text ""and then I asked mom, what's for dinner?"" The meme is not hateful; it is a light","Classify this meme: 1 = Hateful, 0 = Not Hateful."
img/49650.png,1,0,0,Does this meme contain hate speech? Answer 1 or 0.
img/49650.png,1,0,0,Is this content offensive or hateful? Output only the label 1 or 0.
img/49650.png,1,0,0,Is this a hateful meme targeting a protected group? Answer 1 or 0.
img/17045.png,0,0,0,Is this meme hateful? Answer 1 (Yes) or 0 (No).
img/17045.png,0,-1,"The meme you've provided appears to be a political statement rather than a meme with a humorous intent. It features a person holding two flags, one of which is the Mexican flag, and the text ""celebrating the presidential","Classify this meme: 1 = Hateful, 0 = Not Hateful."
img/17045.png,0,0,0,Does this meme contain hate speech? Answer 1 or 0.
img/17045.png,0,0,0,Is this content offensive or hateful? Output only the label 1 or 0.
img/17045.png,0,0,0,Is this a hateful meme targeting a protected group? Answer 1 or 0.
img/89536.png,0,1,1,Is this meme hateful? Answer 1 (Yes) or 0 (No).
img/89536.png,0,0,"The meme you've provided features an image of Adolf Hitler, a historical figure known for his role in the Holocaust and the atrocities committed during World War II. The text ""so many lives lost because of this man""","Classify this meme: 1 = Hateful, 0 = Not Hateful."
img/89536.png,0,0,0,Does this meme contain hate speech? Answer 1 or 0.
img/89536.png,0,0,0,Is this content offensive or hateful? Output only the label 1 or 0.
img/89536.png,0,0,0,Is this a hateful meme targeting a protected group? Answer 1 or 0.
img/26187.png,1,0,0,Is this meme hateful? Answer 1 (Yes) or 0 (No).
img/26187.png,1,0,0,"Classify this meme: 1 = Hateful, 0 = Not Hateful."
img/26187.png,1,0,0,Does this meme contain hate speech? Answer 1 or 0.
img/26187.png,1,0,0,Is this content offensive or hateful? Output only the label 1 or 0.
img/26187.png,1,0,0,Is this a hateful meme targeting a protected group? Answer 1 or 0.
img/74906.png,1,0,0,Is this meme hateful? Answer 1 (Yes) or 0 (No).
img/74906.png,1,0,"The meme you've provided is a two-panel image with text that reads ""are you a boy or a girl i'm non binary."" The first panel shows a woman pushing a wheelchair with an elderly person in it, and the","Classify this meme: 1 = Hateful, 0 = Not Hateful."
img/74906.png,1,0,0,Does this meme contain hate speech? Answer 1 or 0.
img/74906.png,1,0,0,Is this content offensive or hateful? Output only the label 1 or 0.
img/74906.png,1,0,0,Is this a hateful meme targeting a protected group? Answer 1 or 0.
img/28190.png,1,0,0,Is this meme hateful? Answer 1 (Yes) or 0 (No).
img/28190.png,1,-1,"The meme features two individuals dressed in military uniforms, which are often associated with authoritarianism and power. The text ""when finishing a race is your passion"" is a humorous exaggeration of the intensity and dedication that some people have","Classify this meme: 1 = Hateful, 0 = Not Hateful."
img/28190.png,1,0,0,Does this meme contain hate speech? Answer 1 or 0.
img/28190.png,1,0,0,Is this content offensive or hateful? Output only the label 1 or 0.
img/28190.png,1,0,0,Is this a hateful meme targeting a protected group? Answer 1 or 0.
img/89642.png,1,1,1,Is this meme hateful? Answer 1 (Yes) or 0 (No).
img/89642.png,1,1,"The meme text you provided is a humorous comparison between how a person might treat others and how Java treats generic parameters at runtime. It is not intended to be hateful and is a play on the concept of ""object-oriented programming"" in","Classify this meme: 1 = Hateful, 0 = Not Hateful."
img/89642.png,1,0,0,Does this meme contain hate speech? Answer 1 or 0.
img/89642.png,1,0,0,Is this content offensive or hateful? Output only the label 1 or 0.
img/89642.png,1,0,0,Is this a hateful meme targeting a protected group? Answer 1 or 0.
img/59170.png,0,0,0,Is this meme hateful? Answer 1 (Yes) or 0 (No).
img/59170.png,0,1,"The meme text is a humorous observation about a multifunctional appliance, which is not a hateful statement. It is a light-hearted joke about the versatility of a sandwich maker. Therefore, the classification of this","Classify this meme: 1 = Hateful, 0 = Not Hateful."
img/59170.png,0,0,0,Does this meme contain hate speech? Answer 1 or 0.
img/59170.png,0,0,0,Is this content offensive or hateful? Output only the label 1 or 0.
img/59170.png,0,0,0,Is this a hateful meme targeting a protected group? Answer 1 or 0.
img/30927.png,0,0,0,Is this meme hateful? Answer 1 (Yes) or 0 (No).
img/30927.png,0,0,"The meme you've provided is not hateful. It features a woman in a wheelchair using a laptop, with a caption that reads ""doesn't let anything stop her have a great day."" This meme is meant to","Classify this meme: 1 = Hateful, 0 = Not Hateful."
img/30927.png,0,0,0,Does this meme contain hate speech? Answer 1 or 0.
img/30927.png,0,0,0,Is this content offensive or hateful? Output only the label 1 or 0.
img/30927.png,0,0,0,Is this a hateful meme targeting a protected group? Answer 1 or 0.
img/32049.png,0,1,1,Is this meme hateful? Answer 1 (Yes) or 0 (No).
img/32049.png,0,0,The meme text you provided appears to be making a statement about cultural diversity within different countries or regions. It is not clear from the meme text alone whether the statement is intended to be factual or is meant to be humorous or satirical,"Classify this meme: 1 = Hateful, 0 = Not Hateful."
img/32049.png,0,0,0,Does this meme contain hate speech? Answer 1 or 0.
img/32049.png,0,0,0,Is this content offensive or hateful? Output only the label 1 or 0.
img/32049.png,0,0,0,Is this a hateful meme targeting a protected group? Answer 1 or 0.
img/95173.png,0,1,1,Is this meme hateful? Answer 1 (Yes) or 0 (No).
img/95173.png,0,0,0,"Classify this meme: 1 = Hateful, 0 = Not Hateful."
img/95173.png,0,0,0,Does this meme contain hate speech? Answer 1 or 0.
img/95173.png,0,1,1,Is this content offensive or hateful? Output only the label 1 or 0.
img/95173.png,0,0,0,Is this a hateful meme targeting a protected group? Answer 1 or 0.
img/50198.png,0,0,0,Is this meme hateful? Answer 1 (Yes) or 0 (No).
img/50198.png,0,-1,"The meme you've provided is a two-panel image with a caption that reads ""you don't need cocaine to be happy."" The first panel shows a small amount of white powder, which is commonly associated with cocaine,","Classify this meme: 1 = Hateful, 0 = Not Hateful."
img/50198.png,0,0,0,Does this meme contain hate speech? Answer 1 or 0.
img/50198.png,0,0,0,Is this content offensive or hateful? Output only the label 1 or 0.
img/50198.png,0,0,0,Is this a hateful meme targeting a protected group? Answer 1 or 0.
img/37658.png,1,0,0,Is this meme hateful? Answer 1 (Yes) or 0 (No).
img/37658.png,1,-1,The meme you've provided is a humorous take on a situation where someone is experiencing a problem with their dishwasher and is using it as a joke to describe the inconvenience of returning a faulty appliance to a store,"Classify this meme: 1 = Hateful, 0 = Not Hateful."
img/37658.png,1,0,0,Does this meme contain hate speech? Answer 1 or 0.
img/37658.png,1,0,0,Is this content offensive or hateful? Output only the label 1 or 0.
img/37658.png,1,0,0,Is this a hateful meme targeting a protected group? Answer 1 or 0.
img/95613.png,1,1,1,Is this meme hateful? Answer 1 (Yes) or 0 (No).
img/95613.png,1,1,"The meme text ""what a weird way to spell fat and single"" is a play on the phrase ""yes, I'm a feminist,"" which is often used to express support for gender equality. The text is superimposed on a","Classify this meme: 1 = Hateful, 0 = Not Hateful."
img/95613.png,1,0,0,Does this meme contain hate speech? Answer 1 or 0.
img/95613.png,1,0,0,Is this content offensive or hateful? Output only the label 1 or 0.
img/95613.png,1,0,0,Is this a hateful meme targeting a protected group? Answer 1 or 0.
img/43805.png,1,1,1,Is this meme hateful? Answer 1 (Yes) or 0 (No).
img/43805.png,1,1,"The meme you've provided features a crucifixion scene with a person nailed to it, which is a highly sensitive and offensive depiction of religious imagery. It is not appropriate to use such imagery in a casual or","Classify this meme: 1 = Hateful, 0 = Not Hateful."
img/43805.png,1,0,0,Does this meme contain hate speech? Answer 1 or 0.
img/43805.png,1,0,0,Is this content offensive or hateful? Output only the label 1 or 0.
img/43805.png,1,0,0,Is this a hateful meme targeting a protected group? Answer 1 or 0.
img/18306.png,1,1,1,Is this meme hateful? Answer 1 (Yes) or 0 (No).
img/18306.png,1,1,"The meme text ""white kids kids dreaming about their first day of school"" is a form of racial stereotyping and is considered hateful. It is important to avoid making assumptions about people based on their race and to promote respect and","Classify this meme: 1 = Hateful, 0 = Not Hateful."
img/18306.png,1,0,0,Does this meme contain hate speech? Answer 1 or 0.
img/18306.png,1,0,0,Is this content offensive or hateful? Output only the label 1 or 0.
img/18306.png,1,0,0,Is this a hateful meme targeting a protected group? Answer 1 or 0.
img/46518.png,1,1,1,Is this meme hateful? Answer 1 (Yes) or 0 (No).
img/46518.png,1,1,"The meme text you provided is a form of dark humor that is intended to be offensive and is not appropriate for all audiences. It is not a form of hate speech, but it is not respectful or considerate. Therefore, I would class","Classify this meme: 1 = Hateful, 0 = Not Hateful."
img/46518.png,1,0,0,Does this meme contain hate speech? Answer 1 or 0.
img/46518.png,1,0,0,Is this content offensive or hateful? Output only the label 1 or 0.
img/46518.png,1,0,0,Is this a hateful meme targeting a protected group? Answer 1 or 0.
img/18547.png,1,1,1,Is this meme hateful? Answer 1 (Yes) or 0 (No).
img/18547.png,1,-1,"The meme you've provided appears to be a form of dark humor or satire, which is often used to comment on sensitive or controversial topics. It features a young boy holding a rifle, which is a reference to the tragic shooting at Sandy","Classify this meme: 1 = Hateful, 0 = Not Hateful."
img/18547.png,1,0,0,Does this meme contain hate speech? Answer 1 or 0.
img/18547.png,1,0,0,Is this content offensive or hateful? Output only the label 1 or 0.
img/18547.png,1,0,0,Is this a hateful meme targeting a protected group? Answer 1 or 0.
img/02518.png,0,0,0,Is this meme hateful? Answer 1 (Yes) or 0 (No).
img/02518.png,0,-1,"The meme text ""when the dog bites you and you bite back to assert dominance"" is a humorous take on a common situation where a dog might bite someone, and the person responds by biting back to establish their dominance","Classify this meme: 1 = Hateful, 0 = Not Hateful."
img/02518.png,0,0,0,Does this meme contain hate speech? Answer 1 or 0.
img/02518.png,0,0,0,Is this content offensive or hateful? Output only the label 1 or 0.
img/02518.png,0,0,0,Is this a hateful meme targeting a protected group? Answer 1 or 0.
img/04621.png,0,1,1,Is this meme hateful? Answer 1 (Yes) or 0 (No).
img/04621.png,0,0,"The meme features a group of people dressed in colorful costumes that resemble fruits and vegetables, with text that reads ""you are what you eat meanwhile in africa."" The image is meant to be humorous and is not intended to","Classify this meme: 1 = Hateful, 0 = Not Hateful."
img/04621.png,0,0,0,Does this meme contain hate speech? Answer 1 or 0.
img/04621.png,0,0,0,Is this content offensive or hateful? Output only the label 1 or 0.
img/04621.png,0,0,0,Is this a hateful meme targeting a protected group? Answer 1 or 0.
img/98543.png,1,0,0,Is this meme hateful? Answer 1 (Yes) or 0 (No).
img/98543.png,1,-1,"The meme you've provided is a two-panel image with the text ""upper downer"" between them. The first panel shows a substance that resembles a white powder, which is often associated with drugs like cocaine or heroin","Classify this meme: 1 = Hateful, 0 = Not Hateful."
img/98543.png,1,0,0,Does this meme contain hate speech? Answer 1 or 0.
img/98543.png,1,0,0,Is this content offensive or hateful? Output only the label 1 or 0.
img/98543.png,1,0,0,Is this a hateful meme targeting a protected group? Answer 1 or 0.
img/85621.png,0,1,1,Is this meme hateful? Answer 1 (Yes) or 0 (No).
img/85621.png,0,0,"The meme you've provided appears to be making a statement about the lack of public outcry or attention to a certain issue. It is not making a statement about the relationship between the individuals in the image. Therefore, the meme does","Classify this meme: 1 = Hateful, 0 = Not Hateful."
img/85621.png,0,0,0,Does this meme contain hate speech? Answer 1 or 0.
img/85621.png,0,0,0,Is this content offensive or hateful? Output only the label 1 or 0.
img/85621.png,0,0,0,Is this a hateful meme targeting a protected group? Answer 1 or 0.
img/18367.png,0,0,0,Is this meme hateful? Answer 1 (Yes) or 0 (No).
img/18367.png,0,1,"The meme text ""I love my slow cooker"" is not inherently hateful. It is a statement of personal preference and affection for a kitchen appliance. The image shows a slow cooker filled with a hearty stew, which","Classify this meme: 1 = Hateful, 0 = Not Hateful."
img/18367.png,0,0,0,Does this meme contain hate speech? Answer 1 or 0.
img/18367.png,0,0,0,Is this content offensive or hateful? Output only the label 1 or 0.
img/18367.png,0,0,0,Is this a hateful meme targeting a protected group? Answer 1 or 0.
img/84036.png,0,1,1,Is this meme hateful? Answer 1 (Yes) or 0 (No).
img/84036.png,0,1,"The meme you've provided contains text that is highly offensive and promotes violence. It is not appropriate to share or promote content that encourages or glorifies violence or terrorism. Therefore, I must classify this meme as","Classify this meme: 1 = Hateful, 0 = Not Hateful."
img/84036.png,0,0,0,Does this meme contain hate speech? Answer 1 or 0.
img/84036.png,0,0,0,Is this content offensive or hateful? Output only the label 1 or 0.
img/84036.png,0,0,0,Is this a hateful meme targeting a protected group? Answer 1 or 0.
img/86417.png,1,1,1,Is this meme hateful? Answer 1 (Yes) or 0 (No).
img/86417.png,1,1,"The meme you've provided contains text that is highly offensive and promotes violence. It is not appropriate to share or promote such content. Therefore, I would classify this meme as 1, as it is hateful.","Classify this meme: 1 = Hateful, 0 = Not Hateful."
img/86417.png,1,0,0,Does this meme contain hate speech? Answer 1 or 0.
img/86417.png,1,1,1,Is this content offensive or hateful? Output only the label 1 or 0.
img/86417.png,1,0,0,Is this a hateful meme targeting a protected group? Answer 1 or 0.
img/92567.png,0,0,0,Is this meme hateful? Answer 1 (Yes) or 0 (No).
img/92567.png,0,1,"The meme you've provided appears to be a religious or spiritual message, rather than a meme with a humorous or satirical intent. It is not intended to be hateful and would be classified as a 0 on the hatefulness","Classify this meme: 1 = Hateful, 0 = Not Hateful."
img/92567.png,0,0,0,Does this meme contain hate speech? Answer 1 or 0.
img/92567.png,0,0,0,Is this content offensive or hateful? Output only the label 1 or 0.
img/92567.png,0,0,0,Is this a hateful meme targeting a protected group? Answer 1 or 0.
img/63921.png,0,0,0,Is this meme hateful? Answer 1 (Yes) or 0 (No).
img/63921.png,0,0,"The meme text ""taking a photo with family"" is not inherently hateful. It is a neutral statement that describes an activity. The image itself appears to be a happy family photo, which is not hateful. Therefore, I would","Classify this meme: 1 = Hateful, 0 = Not Hateful."
img/63921.png,0,0,0,Does this meme contain hate speech? Answer 1 or 0.
img/63921.png,0,0,0,Is this content offensive or hateful? Output only the label 1 or 0.
img/63921.png,0,0,0,Is this a hateful meme targeting a protected group? Answer 1 or 0.
img/72864.png,1,0,0,Is this meme hateful? Answer 1 (Yes) or 0 (No).
img/72864.png,1,-1,"The meme you've provided appears to be a humorous take on the concept of traveling through a chimney, which is a play on the traditional image of Santa Claus and his mode of transportation. The text ""traveling through chim","Classify this meme: 1 = Hateful, 0 = Not Hateful."
img/72864.png,1,0,0,Does this meme contain hate speech? Answer 1 or 0.
img/72864.png,1,0,0,Is this content offensive or hateful? Output only the label 1 or 0.
img/72864.png,1,0,0,Is this a hateful meme targeting a protected group? Answer 1 or 0.
img/30586.png,0,1,1,Is this meme hateful? Answer 1 (Yes) or 0 (No).
img/30586.png,0,0,"The meme text ""just can't get rid of the stain. this is why i hate beets"" is a humorous statement that does not express any hate towards beets. It is a relatable situation for many people who have experienced","Classify this meme: 1 = Hateful, 0 = Not Hateful."
img/30586.png,0,0,0,Does this meme contain hate speech? Answer 1 or 0.
img/30586.png,0,0,0,Is this content offensive or hateful? Output only the label 1 or 0.
img/30586.png,0,0,0,Is this a hateful meme targeting a protected group? Answer 1 or 0.
img/83264.png,1,0,0,Is this meme hateful? Answer 1 (Yes) or 0 (No).
img/83264.png,1,-1,"The meme you've provided is a two-panel image that features a man riding a horse in the top panel and a black and white photograph of Adolf Hitler in the bottom panel. The text on the meme reads ""randomly deciding","Classify this meme: 1 = Hateful, 0 = Not Hateful."
img/83264.png,1,0,0,Does this meme contain hate speech? Answer 1 or 0.
img/83264.png,1,0,0,Is this content offensive or hateful? Output only the label 1 or 0.
img/83264.png,1,0,0,Is this a hateful meme targeting a protected group? Answer 1 or 0.
img/93041.png,0,1,1,Is this meme hateful? Answer 1 (Yes) or 0 (No).
img/93041.png,0,0,0,"Classify this meme: 1 = Hateful, 0 = Not Hateful."
img/93041.png,0,0,0,Does this meme contain hate speech? Answer 1 or 0.
img/93041.png,0,0,0,Is this content offensive or hateful? Output only the label 1 or 0.
img/93041.png,0,0,0,Is this a hateful meme targeting a protected group? Answer 1 or 0.
img/97305.png,1,1,1,Is this meme hateful? Answer 1 (Yes) or 0 (No).
img/97305.png,1,1,"The meme text you provided is inappropriate and offensive. It is not suitable for any audience and does not align with the principles of respect and decency. Therefore, I would classify this meme as 1, as it contains hate","Classify this meme: 1 = Hateful, 0 = Not Hateful."
img/97305.png,1,0,0,Does this meme contain hate speech? Answer 1 or 0.
img/97305.png,1,0,0,Is this content offensive or hateful? Output only the label 1 or 0.
img/97305.png,1,0,0,Is this a hateful meme targeting a protected group? Answer 1 or 0.
img/03568.png,0,1,1,Is this meme hateful? Answer 1 (Yes) or 0 (No).
img/03568.png,0,0,"The meme you've provided features a person holding a rifle and another person holding a wooden plaque with a rifle on it. The text ""time to play rich vs the constitution"" is superimposed on the image.

Given","Classify this meme: 1 = Hateful, 0 = Not Hateful."
img/03568.png,0,0,0,Does this meme contain hate speech? Answer 1 or 0.
img/03568.png,0,0,0,Is this content offensive or hateful? Output only the label 1 or 0.
img/03568.png,0,0,0,Is this a hateful meme targeting a protected group? Answer 1 or 0.
img/07653.png,1,1,1,Is this meme hateful? Answer 1 (Yes) or 0 (No).
img/07653.png,1,1,"The meme text you provided is a direct quote from the Bible, specifically from 2 Timothy 3:1-5, which is a passage that discusses the characteristics of people in the ""last days"" according to the author's","Classify this meme: 1 = Hateful, 0 = Not Hateful."
img/07653.png,1,0,0,Does this meme contain hate speech? Answer 1 or 0.
img/07653.png,1,1,1,Is this content offensive or hateful? Output only the label 1 or 0.
img/07653.png,1,0,0,Is this a hateful meme targeting a protected group? Answer 1 or 0.
img/26397.png,0,1,1,Is this meme hateful? Answer 1 (Yes) or 0 (No).
img/26397.png,0,1,"The meme you've provided contains text that is not inherently hateful. It is a statement about the existence of capital punishment in some parts of the world. However, the image itself, which shows a person being hanged, is a","Classify this meme: 1 = Hateful, 0 = Not Hateful."
img/26397.png,0,0,0,Does this meme contain hate speech? Answer 1 or 0.
img/26397.png,0,0,0,Is this content offensive or hateful? Output only the label 1 or 0.
img/26397.png,0,0,0,Is this a hateful meme targeting a protected group? Answer 1 or 0.
img/03217.png,0,1,1,Is this meme hateful? Answer 1 (Yes) or 0 (No).
img/03217.png,0,1,"The meme text you provided contains a joke that is not inherently hateful. It is a play on the idea that despite the large number of sperm, only one can fertilize an egg and result in a pregnancy. The meme","Classify this meme: 1 = Hateful, 0 = Not Hateful."
img/03217.png,0,0,0,Does this meme contain hate speech? Answer 1 or 0.
img/03217.png,0,0,0,Is this content offensive or hateful? Output only the label 1 or 0.
img/03217.png,0,0,0,Is this a hateful meme targeting a protected group? Answer 1 or 0.
img/40618.png,0,0,0,Is this meme hateful? Answer 1 (Yes) or 0 (No).
img/40618.png,0,1,"The meme features a person dressed in traditional Middle Eastern attire, smiling and celebrating. The text ""when your company valuation hits 1 billion"" is superimposed on the image.

Given the content of the meme","Classify this meme: 1 = Hateful, 0 = Not Hateful."
img/40618.png,0,0,0,Does this meme contain hate speech? Answer 1 or 0.
img/40618.png,0,0,0,Is this content offensive or hateful? Output only the label 1 or 0.
img/40618.png,0,0,0,Is this a hateful meme targeting a protected group? Answer 1 or 0.
img/67208.png,0,0,0,Is this meme hateful? Answer 1 (Yes) or 0 (No).
img/67208.png,0,0,"The meme text is a play on words, suggesting that Nike might sell stones as a product, which is not the case. It is a humorous take on the brand's reputation for selling various types of footwear and apparel.","Classify this meme: 1 = Hateful, 0 = Not Hateful."
img/67208.png,0,0,0,Does this meme contain hate speech? Answer 1 or 0.
img/67208.png,0,0,0,Is this content offensive or hateful? Output only the label 1 or 0.
img/67208.png,0,0,0,Is this a hateful meme targeting a protected group? Answer 1 or 0.
img/03798.png,0,0,0,Is this meme hateful? Answer 1 (Yes) or 0 (No).
img/03798.png,0,1,"The meme text you provided is a play on words and is not intended to be hateful. It is a light-hearted joke that uses the phrase ""so camping, maybe?"" as a punchline, which is a reference to the","Classify this meme: 1 = Hateful, 0 = Not Hateful."
img/03798.png,0,0,0,Does this meme contain hate speech? Answer 1 or 0.
img/03798.png,0,0,0,Is this content offensive or hateful? Output only the label 1 or 0.
img/03798.png,0,0,0,Is this a hateful meme targeting a protected group? Answer 1 or 0.
img/12468.png,0,0,0,Is this meme hateful? Answer 1 (Yes) or 0 (No).
img/12468.png,0,0,"The meme you've provided contains text that is intended to be humorous or satirical, but it also contains a statement that is a common misconception about Islam. The statement ""islam is the religion of peace"" is not accurate","Classify this meme: 1 = Hateful, 0 = Not Hateful."
img/12468.png,0,0,0,Does this meme contain hate speech? Answer 1 or 0.
img/12468.png,0,0,0,Is this content offensive or hateful? Output only the label 1 or 0.
img/12468.png,0,0,0,Is this a hateful meme targeting a protected group? Answer 1 or 0.
img/16842.png,0,0,0,Is this meme hateful? Answer 1 (Yes) or 0 (No).
img/16842.png,0,0,"The meme text is neutral and does not contain any hateful language. It is a simple statement about a kitchen appliance. Therefore, the classification would be 0 for not hateful.","Classify this meme: 1 = Hateful, 0 = Not Hateful."
img/16842.png,0,0,0,Does this meme contain hate speech? Answer 1 or 0.
img/16842.png,0,0,0,Is this content offensive or hateful? Output only the label 1 or 0.
img/16842.png,0,0,0,Is this a hateful meme targeting a protected group? Answer 1 or 0.
img/68043.png,1,0,0,Is this meme hateful? Answer 1 (Yes) or 0 (No).
img/68043.png,1,0,"The meme you've provided is a humorous take on the game of Uno, where one player is depicted as stealing all the green cards. It is not hateful and falls into the category of 0, as it is a","Classify this meme: 1 = Hateful, 0 = Not Hateful."
img/68043.png,1,0,0,Does this meme contain hate speech? Answer 1 or 0.
img/68043.png,1,0,0,Is this content offensive or hateful? Output only the label 1 or 0.
img/68043.png,1,0,0,Is this a hateful meme targeting a protected group? Answer 1 or 0.
img/51807.png,0,0,0,Is this meme hateful? Answer 1 (Yes) or 0 (No).
img/51807.png,0,0,"The meme text ""are you a boy or a girl i'm non binary"" is not hateful. It is a statement of a person's gender identity, which is a personal and protected aspect of a person's identity. The","Classify this meme: 1 = Hateful, 0 = Not Hateful."
img/51807.png,0,0,0,Does this meme contain hate speech? Answer 1 or 0.
img/51807.png,0,0,0,Is this content offensive or hateful? Output only the label 1 or 0.
img/51807.png,0,0,0,Is this a hateful meme targeting a protected group? Answer 1 or 0.
img/78914.png,0,1,"The meme text ""terrorist trojan horse enemy of the state"" is indeed hateful and offensive. It is a form of propaganda that demonizes a group of people by associating them with a negative stereotype and labeling them as",Is this meme hateful? Answer 1 (Yes) or 0 (No).
img/78914.png,0,1,The meme you've provided contains text that is highly offensive and promotes hate speech. It is not appropriate to classify this meme as it is promoting a message of intolerance and discrimination.,"Classify this meme: 1 = Hateful, 0 = Not Hateful."
img/78914.png,0,0,0,Does this meme contain hate speech? Answer 1 or 0.
img/78914.png,0,0,0,Is this content offensive or hateful? Output only the label 1 or 0.
img/78914.png,0,0,0,Is this a hateful meme targeting a protected group? Answer 1 or 0.
img/47950.png,0,1,1,Is this meme hateful? Answer 1 (Yes) or 0 (No).
img/47950.png,0,1,"The meme text you provided contains statements that are widely considered to be hateful and discriminatory. Therefore, I would classify this meme as a 1 for hatefulness. It is important to note that such statements are offensive and not","Classify this meme: 1 = Hateful, 0 = Not Hateful."
img/47950.png,0,1,1,Does this meme contain hate speech? Answer 1 or 0.
img/47950.png,0,1,1,Is this content offensive or hateful? Output only the label 1 or 0.
img/47950.png,0,1,1,Is this a hateful meme targeting a protected group? Answer 1 or 0.
img/95487.png,0,0,0,Is this meme hateful? Answer 1 (Yes) or 0 (No).
img/95487.png,0,1,"The meme text ""watching vegetables grow"" is not inherently hateful. It is a simple statement that could be interpreted as a humorous or contemplative observation about the process of gardening. Without additional context, it is not possible to","Classify this meme: 1 = Hateful, 0 = Not Hateful."
img/95487.png,0,0,0,Does this meme contain hate speech? Answer 1 or 0.
img/95487.png,0,0,0,Is this content offensive or hateful? Output only the label 1 or 0.
img/95487.png,0,0,0,Is this a hateful meme targeting a protected group? Answer 1 or 0.
img/49260.png,0,1,1,Is this meme hateful? Answer 1 (Yes) or 0 (No).
img/49260.png,0,1,"The meme text you provided is a form of dark humor, which is a type of humor that is based on taboo subjects or topics that are considered inappropriate or offensive. Dark humor is often used to shock or surprise the audience, and","Classify this meme: 1 = Hateful, 0 = Not Hateful."
img/49260.png,0,0,0,Does this meme contain hate speech? Answer 1 or 0.
img/49260.png,0,0,0,Is this content offensive or hateful? Output only the label 1 or 0.
img/49260.png,0,0,0,Is this a hateful meme targeting a protected group? Answer 1 or 0.
img/20861.png,1,1,1,Is this meme hateful? Answer 1 (Yes) or 0 (No).
img/20861.png,1,1,"The meme you've provided contains text that is offensive and derogatory towards Islam. It is not appropriate to use such language, as it promotes hate and discrimination. Therefore, I would classify this meme as 1, as","Classify this meme: 1 = Hateful, 0 = Not Hateful."
img/20861.png,1,0,0,Does this meme contain hate speech? Answer 1 or 0.
img/20861.png,1,0,0,Is this content offensive or hateful? Output only the label 1 or 0.
img/20861.png,1,0,0,Is this a hateful meme targeting a protected group? Answer 1 or 0.
img/38914.png,0,0,0,Is this meme hateful? Answer 1 (Yes) or 0 (No).
img/38914.png,0,0,0,"Classify this meme: 1 = Hateful, 0 = Not Hateful."
img/38914.png,0,0,0,Does this meme contain hate speech? Answer 1 or 0.
img/38914.png,0,0,0,Is this content offensive or hateful? Output only the label 1 or 0.
img/38914.png,0,0,0,Is this a hateful meme targeting a protected group? Answer 1 or 0.
img/47016.png,1,0,0,Is this meme hateful? Answer 1 (Yes) or 0 (No).
img/47016.png,1,0,0,"Classify this meme: 1 = Hateful, 0 = Not Hateful."
img/47016.png,1,0,0,Does this meme contain hate speech? Answer 1 or 0.
img/47016.png,1,0,0,Is this content offensive or hateful? Output only the label 1 or 0.
img/47016.png,1,0,0,Is this a hateful meme targeting a protected group? Answer 1 or 0.
img/14389.png,1,1,1,Is this meme hateful? Answer 1 (Yes) or 0 (No).
img/14389.png,1,0,"The meme text you provided contains statements that are offensive and discriminatory towards various groups of people. It is not appropriate to classify this meme as either ""Hateful"" or ""Not Hateful"" because it promotes hate speech and","Classify this meme: 1 = Hateful, 0 = Not Hateful."
img/14389.png,1,1,1,Does this meme contain hate speech? Answer 1 or 0.
img/14389.png,1,1,1,Is this content offensive or hateful? Output only the label 1 or 0.
img/14389.png,1,1,1,Is this a hateful meme targeting a protected group? Answer 1 or 0.
img/35487.png,0,0,0,Is this meme hateful? Answer 1 (Yes) or 0 (No).
img/35487.png,0,0,"The meme you've provided is not hateful. It is a humorous image that features a man dressed in formal attire riding a white horse, with a caption that reads ""randomly deciding to bake something."" The meme","Classify this meme: 1 = Hateful, 0 = Not Hateful."
img/35487.png,0,0,0,Does this meme contain hate speech? Answer 1 or 0.
img/35487.png,0,0,0,Is this content offensive or hateful? Output only the label 1 or 0.
img/35487.png,0,0,0,Is this a hateful meme targeting a protected group? Answer 1 or 0.
img/84150.png,0,1,1,Is this meme hateful? Answer 1 (Yes) or 0 (No).
img/84150.png,0,1,"The meme you've provided contains text that is antisemitic in nature. It is not appropriate to use or promote such content. Therefore, I would classify this meme as 1, as it promotes hateful stereot","Classify this meme: 1 = Hateful, 0 = Not Hateful."
img/84150.png,0,0,0,Does this meme contain hate speech? Answer 1 or 0.
img/84150.png,0,0,0,Is this content offensive or hateful? Output only the label 1 or 0.
img/84150.png,0,0,0,Is this a hateful meme targeting a protected group? Answer 1 or 0.
img/13809.png,1,1,1,Is this meme hateful? Answer 1 (Yes) or 0 (No).
img/13809.png,1,1,"The meme text ""doing o's with the smoke"" is a play on words that is not inherently hateful. It is a humorous phrase that refers to the act of smoking a cigarette or other substance. The image shows a","Classify this meme: 1 = Hateful, 0 = Not Hateful."
img/13809.png,1,0,0,Does this meme contain hate speech? Answer 1 or 0.
img/13809.png,1,0,0,Is this content offensive or hateful? Output only the label 1 or 0.
img/13809.png,1,0,0,Is this a hateful meme targeting a protected group? Answer 1 or 0.
img/50261.png,1,0,0,Is this meme hateful? Answer 1 (Yes) or 0 (No).
img/50261.png,1,1,"The meme you've provided features a person swimming in a pool with the text ""haters will say it's photoshop."" This meme is classified as 0, as it does not contain any hateful or offensive language or","Classify this meme: 1 = Hateful, 0 = Not Hateful."
img/50261.png,1,0,0,Does this meme contain hate speech? Answer 1 or 0.
img/50261.png,1,0,0,Is this content offensive or hateful? Output only the label 1 or 0.
img/50261.png,1,0,0,Is this a hateful meme targeting a protected group? Answer 1 or 0.
img/75286.png,1,0,0,Is this meme hateful? Answer 1 (Yes) or 0 (No).
img/75286.png,1,0,0,"Classify this meme: 1 = Hateful, 0 = Not Hateful."
img/75286.png,1,0,0,Does this meme contain hate speech? Answer 1 or 0.
img/75286.png,1,0,0,Is this content offensive or hateful? Output only the label 1 or 0.
img/75286.png,1,0,0,Is this a hateful meme targeting a protected group? Answer 1 or 0.
img/64312.png,1,1,1,Is this meme hateful? Answer 1 (Yes) or 0 (No).
img/64312.png,1,0,"The meme you've provided appears to be making a statement about a situation where a man is embracing a woman, and the text suggests that the man is not the woman's father but her husband. The meme seems to be comment","Classify this meme: 1 = Hateful, 0 = Not Hateful."
img/64312.png,1,0,0,Does this meme contain hate speech? Answer 1 or 0.
img/64312.png,1,0,0,Is this content offensive or hateful? Output only the label 1 or 0.
img/64312.png,1,0,0,Is this a hateful meme targeting a protected group? Answer 1 or 0.
img/67103.png,1,1,1,Is this meme hateful? Answer 1 (Yes) or 0 (No).
img/67103.png,1,1,"The meme text ""still better than mexican"" is considered offensive and racist. It is not appropriate to use such language, and it falls into the category of hateful content.","Classify this meme: 1 = Hateful, 0 = Not Hateful."
img/67103.png,1,0,0,Does this meme contain hate speech? Answer 1 or 0.
img/67103.png,1,0,0,Is this content offensive or hateful? Output only the label 1 or 0.
img/67103.png,1,0,0,Is this a hateful meme targeting a protected group? Answer 1 or 0.
img/18059.png,1,1,1,Is this meme hateful? Answer 1 (Yes) or 0 (No).
img/18059.png,1,1,"The meme text you provided is a form of dark humor that uses a comparison to sperm to make a point about a situation involving a large group of people. The meme is intended to be humorous, but it may be considered offensive or","Classify this meme: 1 = Hateful, 0 = Not Hateful."
img/18059.png,1,0,0,Does this meme contain hate speech? Answer 1 or 0.
img/18059.png,1,0,0,Is this content offensive or hateful? Output only the label 1 or 0.
img/18059.png,1,0,0,Is this a hateful meme targeting a protected group? Answer 1 or 0.
img/90643.png,0,0,0,Is this meme hateful? Answer 1 (Yes) or 0 (No).
img/90643.png,0,-1,"The meme you've provided appears to be a political statement rather than a meme with a specific format or style. It features a person speaking into a microphone, and the text overlay suggests a political endorsement or support for a new","Classify this meme: 1 = Hateful, 0 = Not Hateful."
img/90643.png,0,0,0,Does this meme contain hate speech? Answer 1 or 0.
img/90643.png,0,0,0,Is this content offensive or hateful? Output only the label 1 or 0.
img/90643.png,0,0,0,Is this a hateful meme targeting a protected group? Answer 1 or 0.
img/16749.png,0,0,0,Is this meme hateful? Answer 1 (Yes) or 0 (No).
img/16749.png,0,0,"The meme you've provided is not hateful. It features a pile of broken appliances, which is a common sight in areas where electronic waste is discarded. The text ""broken dishwasher"" is a play on words","Classify this meme: 1 = Hateful, 0 = Not Hateful."
img/16749.png,0,0,0,Does this meme contain hate speech? Answer 1 or 0.
img/16749.png,0,0,0,Is this content offensive or hateful? Output only the label 1 or 0.
img/16749.png,0,0,0,Is this a hateful meme targeting a protected group? Answer 1 or 0.
img/37814.png,0,1,1,Is this meme hateful? Answer 1 (Yes) or 0 (No).
img/37814.png,0,0,"The meme you've provided is a form of dark humor that uses a clown's face to make a joke. It is not intended to be taken literally or as a statement about the real-life events it references. The text ""","Classify this meme: 1 = Hateful, 0 = Not Hateful."
img/37814.png,0,0,0,Does this meme contain hate speech? Answer 1 or 0.
img/37814.png,0,0,0,Is this content offensive or hateful? Output only the label 1 or 0.
img/37814.png,0,0,0,Is this a hateful meme targeting a protected group? Answer 1 or 0.
img/92046.png,0,1,1,Is this meme hateful? Answer 1 (Yes) or 0 (No).
img/92046.png,0,1,"The meme you've provided contains text that is highly offensive and promotes a hateful message. It is not appropriate to use such language, as it is derogatory and can be harmful to individuals and communities. Therefore, I would class","Classify this meme: 1 = Hateful, 0 = Not Hateful."
img/92046.png,0,0,0,Does this meme contain hate speech? Answer 1 or 0.
img/92046.png,0,1,1,Is this content offensive or hateful? Output only the label 1 or 0.
img/92046.png,0,0,0,Is this a hateful meme targeting a protected group? Answer 1 or 0.
img/90843.png,0,1,1,Is this meme hateful? Answer 1 (Yes) or 0 (No).
img/90843.png,0,-1,"The meme text ""time to put the ""panic"" back in hispanic"" is a play on words that is intended to be humorous. It is a pun that combines the word ""panic"" with the word ""Hispanic."" The","Classify this meme: 1 = Hateful, 0 = Not Hateful."
img/90843.png,0,0,0,Does this meme contain hate speech? Answer 1 or 0.
img/90843.png,0,0,0,Is this content offensive or hateful? Output only the label 1 or 0.
img/90843.png,0,0,0,Is this a hateful meme targeting a protected group? Answer 1 or 0.
img/85237.png,0,1,1,Is this meme hateful? Answer 1 (Yes) or 0 (No).
img/85237.png,0,1,"The meme text ""these are all the weapons that were seized from isis"" is not inherently hateful. It is a statement of fact about the weapons that were captured from the Islamic State (ISIS) during military operations. The","Classify this meme: 1 = Hateful, 0 = Not Hateful."
img/85237.png,0,0,0,Does this meme contain hate speech? Answer 1 or 0.
img/85237.png,0,0,0,Is this content offensive or hateful? Output only the label 1 or 0.
img/85237.png,0,0,0,Is this a hateful meme targeting a protected group? Answer 1 or 0.
img/98235.png,0,0,0,Is this meme hateful? Answer 1 (Yes) or 0 (No).
img/98235.png,0,-1,"The meme you've provided appears to be a humorous take on fashion, with the text ""fashion forward!"" suggesting that the person in the image is at the forefront of fashion trends. The image shows a person wearing a black N","Classify this meme: 1 = Hateful, 0 = Not Hateful."
img/98235.png,0,0,0,Does this meme contain hate speech? Answer 1 or 0.
img/98235.png,0,0,0,Is this content offensive or hateful? Output only the label 1 or 0.
img/98235.png,0,0,0,Is this a hateful meme targeting a protected group? Answer 1 or 0.
img/90267.png,0,0,0,Is this meme hateful? Answer 1 (Yes) or 0 (No).
img/90267.png,0,0,"The meme text you provided is not hateful. It is a humorous statement about the longevity of a vehicle, suggesting that despite the mileage, the vehicle is still functional and reliable. The meme is classifying as","Classify this meme: 1 = Hateful, 0 = Not Hateful."
img/90267.png,0,0,0,Does this meme contain hate speech? Answer 1 or 0.
img/90267.png,0,0,0,Is this content offensive or hateful? Output only the label 1 or 0.
img/90267.png,0,0,0,Is this a hateful meme targeting a protected group? Answer 1 or 0.
img/48296.png,1,1,1,Is this meme hateful? Answer 1 (Yes) or 0 (No).
img/48296.png,1,1,"The meme text you provided is a form of racial stereotyping and is considered offensive. It is not appropriate to use such language, as it perpetuates harmful stereotypes and can be hurtful to individuals and communities. Therefore,","Classify this meme: 1 = Hateful, 0 = Not Hateful."
img/48296.png,1,0,0,Does this meme contain hate speech? Answer 1 or 0.
img/48296.png,1,0,0,Is this content offensive or hateful? Output only the label 1 or 0.
img/48296.png,1,0,0,Is this a hateful meme targeting a protected group? Answer 1 or 0.
img/29174.png,0,1,1,Is this meme hateful? Answer 1 (Yes) or 0 (No).
img/29174.png,0,1,"The meme text ""the crimes against humanity should not be swiftly forgotten"" is a statement that promotes the importance of remembering and acknowledging historical atrocities. It is not a hateful message, as it does not target any specific group","Classify this meme: 1 = Hateful, 0 = Not Hateful."
img/29174.png,0,0,0,Does this meme contain hate speech? Answer 1 or 0.
img/29174.png,0,0,0,Is this content offensive or hateful? Output only the label 1 or 0.
img/29174.png,0,0,0,Is this a hateful meme targeting a protected group? Answer 1 or 0.
img/65801.png,0,0,0,Is this meme hateful? Answer 1 (Yes) or 0 (No).
img/65801.png,0,0,"The meme you've provided appears to be a photograph of a group of people engaged in prayer, with a caption that refers to the first Friday of the Islamic holy day, which is known as Jumu'ah or the Friday Pray","Classify this meme: 1 = Hateful, 0 = Not Hateful."
img/65801.png,0,0,0,Does this meme contain hate speech? Answer 1 or 0.
img/65801.png,0,0,0,Is this content offensive or hateful? Output only the label 1 or 0.
img/65801.png,0,0,0,Is this a hateful meme targeting a protected group? Answer 1 or 0.
img/91763.png,1,1,1,Is this meme hateful? Answer 1 (Yes) or 0 (No).
img/91763.png,1,1,"The meme text you provided contains a statement that could be interpreted as derogatory or offensive towards certain individuals. It is important to consider the context and the intent behind the meme when classifying it.

However, without additional context,","Classify this meme: 1 = Hateful, 0 = Not Hateful."
img/91763.png,1,0,0,Does this meme contain hate speech? Answer 1 or 0.
img/91763.png,1,0,0,Is this content offensive or hateful? Output only the label 1 or 0.
img/91763.png,1,0,0,Is this a hateful meme targeting a protected group? Answer 1 or 0.
img/94387.png,0,0,0,Is this meme hateful? Answer 1 (Yes) or 0 (No).
img/94387.png,0,0,"The meme text you provided is not hateful. It is a playful and affectionate statement expressing a preference for one color over another. The meme itself features two people sitting on steps, and the text is meant to be lightheart","Classify this meme: 1 = Hateful, 0 = Not Hateful."
img/94387.png,0,0,0,Does this meme contain hate speech? Answer 1 or 0.
img/94387.png,0,0,0,Is this content offensive or hateful? Output only the label 1 or 0.
img/94387.png,0,0,0,Is this a hateful meme targeting a protected group? Answer 1 or 0.
img/80947.png,1,1,1,Is this meme hateful? Answer 1 (Yes) or 0 (No).
img/80947.png,1,1,"The meme text ""my new muslim girlfriend not much to look at"" is a form of Islamophobia, which is a form of discrimination against Muslims. It is a hateful statement that stereotypes and demeans Muslim women","Classify this meme: 1 = Hateful, 0 = Not Hateful."
img/80947.png,1,0,0,Does this meme contain hate speech? Answer 1 or 0.
img/80947.png,1,0,0,Is this content offensive or hateful? Output only the label 1 or 0.
img/80947.png,1,0,0,Is this a hateful meme targeting a protected group? Answer 1 or 0.
img/78251.png,1,0,0,Is this meme hateful? Answer 1 (Yes) or 0 (No).
img/78251.png,1,0,"The meme you've provided is not hateful. It is a light-hearted image of two people, one of whom appears to be a child with Down syndrome, embracing and smiling. The text ""watching vegetables grow"" is","Classify this meme: 1 = Hateful, 0 = Not Hateful."
img/78251.png,1,0,0,Does this meme contain hate speech? Answer 1 or 0.
img/78251.png,1,0,0,Is this content offensive or hateful? Output only the label 1 or 0.
img/78251.png,1,0,0,Is this a hateful meme targeting a protected group? Answer 1 or 0.
img/94738.png,0,0,0,Is this meme hateful? Answer 1 (Yes) or 0 (No).
img/94738.png,0,1,"The meme text ""shopping is boring. why not have some fun at the walmart parking lot?"" is not inherently hateful. It is a humorous statement that plays on the idea of finding alternative ways to enjoy oneself, even","Classify this meme: 1 = Hateful, 0 = Not Hateful."
img/94738.png,0,0,0,Does this meme contain hate speech? Answer 1 or 0.
img/94738.png,0,0,0,Is this content offensive or hateful? Output only the label 1 or 0.
img/94738.png,0,0,0,Is this a hateful meme targeting a protected group? Answer 1 or 0.
img/57823.png,0,1,1,Is this meme hateful? Answer 1 (Yes) or 0 (No).
img/57823.png,0,0,"The meme text you provided is a form of body shaming and is not appropriate or respectful. It is important to promote positive body image and avoid making derogatory comments about people's appearance. Therefore, I would classify this mem","Classify this meme: 1 = Hateful, 0 = Not Hateful."
img/57823.png,0,0,0,Does this meme contain hate speech? Answer 1 or 0.
img/57823.png,0,0,0,Is this content offensive or hateful? Output only the label 1 or 0.
img/57823.png,0,0,0,Is this a hateful meme targeting a protected group? Answer 1 or 0.
img/32415.png,0,0,0,Is this meme hateful? Answer 1 (Yes) or 0 (No).
img/32415.png,0,0,"The meme you've provided is not hateful. It is a humorous image that shows a person celebrating after finishing a race, with the text ""when finishing a race is your passion"" which is a playful exaggeration of the","Classify this meme: 1 = Hateful, 0 = Not Hateful."
img/32415.png,0,0,0,Does this meme contain hate speech? Answer 1 or 0.
img/32415.png,0,0,0,Is this content offensive or hateful? Output only the label 1 or 0.
img/32415.png,0,0,0,Is this a hateful meme targeting a protected group? Answer 1 or 0.
img/05316.png,0,0,0,Is this meme hateful? Answer 1 (Yes) or 0 (No).
img/05316.png,0,0,"The meme you've provided does not contain any text. However, if you're asking about the content of the image, it shows a person wearing a red hoodie and exhaling smoke from their mouth, which is then captured in a","Classify this meme: 1 = Hateful, 0 = Not Hateful."
img/05316.png,0,0,0,Does this meme contain hate speech? Answer 1 or 0.
img/05316.png,0,0,0,Is this content offensive or hateful? Output only the label 1 or 0.
img/05316.png,0,0,0,Is this a hateful meme targeting a protected group? Answer 1 or 0.
img/61085.png,0,0,0,Is this meme hateful? Answer 1 (Yes) or 0 (No).
img/61085.png,0,-1,"The meme you've provided is a humorous take on the effects of drugs, specifically NyQuil, which is a medication used to treat cold and flu symptoms. The text ""upper downer"" is a play on words, suggesting that","Classify this meme: 1 = Hateful, 0 = Not Hateful."
img/61085.png,0,0,0,Does this meme contain hate speech? Answer 1 or 0.
img/61085.png,0,0,0,Is this content offensive or hateful? Output only the label 1 or 0.
img/61085.png,0,0,0,Is this a hateful meme targeting a protected group? Answer 1 or 0.
img/27498.png,1,0,"The meme text is a play on words, suggesting that the newly married couple is so focused on their kiss that they are not thinking about the practical aspects of their wedding reception, such as providing food for their guests. It is not intended to be",Is this meme hateful? Answer 1 (Yes) or 0 (No).
img/27498.png,1,-1,"The meme you've provided is a humorous take on a wedding scene, where two women are kissing and the text is a playful joke about the traditional role of the bride and groom in preparing food for their guests. The meme","Classify this meme: 1 = Hateful, 0 = Not Hateful."
img/27498.png,1,0,0,Does this meme contain hate speech? Answer 1 or 0.
img/27498.png,1,0,0,Is this content offensive or hateful? Output only the label 1 or 0.
img/27498.png,1,0,0,Is this a hateful meme targeting a protected group? Answer 1 or 0.
img/37160.png,0,1,1,Is this meme hateful? Answer 1 (Yes) or 0 (No).
img/37160.png,0,1,"The meme text ""best gamer ever 6 million kills, 1 death"" is a humorous exaggeration and does not express any hateful sentiment. It is a play on the idea of a gamer who is extremely skilled and has","Classify this meme: 1 = Hateful, 0 = Not Hateful."
img/37160.png,0,0,0,Does this meme contain hate speech? Answer 1 or 0.
img/37160.png,0,0,0,Is this content offensive or hateful? Output only the label 1 or 0.
img/37160.png,0,0,0,Is this a hateful meme targeting a protected group? Answer 1 or 0.
img/18742.png,0,1,1,Is this meme hateful? Answer 1 (Yes) or 0 (No).
img/18742.png,0,0,"The meme text reads: ""Yes I'm a feminist come at me!""

This meme is not hateful. It is expressing pride in identifying as a feminist and is inviting a response or challenge. The text","Classify this meme: 1 = Hateful, 0 = Not Hateful."
img/18742.png,0,0,0,Does this meme contain hate speech? Answer 1 or 0.
img/18742.png,0,0,0,Is this content offensive or hateful? Output only the label 1 or 0.
img/18742.png,0,0,0,Is this a hateful meme targeting a protected group? Answer 1 or 0.
img/19243.png,0,0,0,Is this meme hateful? Answer 1 (Yes) or 0 (No).
img/19243.png,0,-1,"The meme you've provided is a humorous take on the concept of surprise, where the person in the image is standing in a room with boxes and furniture, and the text ""wait, where is everyone?"" is meant to be funny because","Classify this meme: 1 = Hateful, 0 = Not Hateful."
img/19243.png,0,0,0,Does this meme contain hate speech? Answer 1 or 0.
img/19243.png,0,0,0,Is this content offensive or hateful? Output only the label 1 or 0.
img/19243.png,0,0,0,Is this a hateful meme targeting a protected group? Answer 1 or 0.
img/54108.png,1,0,0,Is this meme hateful? Answer 1 (Yes) or 0 (No).
img/54108.png,1,0,"The meme text ""does nike also sell stones in case they take it off?"" is a play on the idea that Nike, a brand known for its athletic footwear, might also sell stones as a product. The humor comes from","Classify this meme: 1 = Hateful, 0 = Not Hateful."
img/54108.png,1,0,0,Does this meme contain hate speech? Answer 1 or 0.
img/54108.png,1,0,0,Is this content offensive or hateful? Output only the label 1 or 0.
img/54108.png,1,0,0,Is this a hateful meme targeting a protected group? Answer 1 or 0.
img/93528.png,1,0,0,Is this meme hateful? Answer 1 (Yes) or 0 (No).
img/93528.png,1,0,"The meme you've provided appears to be a humorous take on a product that serves multiple purposes, combining the functions of a portable dishwasher and a sandwich maker. It is not hateful and can be classified as a 0","Classify this meme: 1 = Hateful, 0 = Not Hateful."
img/93528.png,1,0,0,Does this meme contain hate speech? Answer 1 or 0.
img/93528.png,1,0,0,Is this content offensive or hateful? Output only the label 1 or 0.
img/93528.png,1,0,0,Is this a hateful meme targeting a protected group? Answer 1 or 0.
img/78659.png,0,1,1,Is this meme hateful? Answer 1 (Yes) or 0 (No).
img/78659.png,0,1,"The meme text ""what a weird way to spell fat and single"" is a play on words and does not contain any hateful language. It is a humorous take on the phrase ""fast food"" and is meant to be lighthearted","Classify this meme: 1 = Hateful, 0 = Not Hateful."
img/78659.png,0,0,0,Does this meme contain hate speech? Answer 1 or 0.
img/78659.png,0,0,0,Is this content offensive or hateful? Output only the label 1 or 0.
img/78659.png,0,0,0,Is this a hateful meme targeting a protected group? Answer 1 or 0.
img/67082.png,0,1,1,Is this meme hateful? Answer 1 (Yes) or 0 (No).
img/67082.png,0,0,"The meme text you provided is a reference to a tragic event, the Sandy Hook Elementary School shooting. It is not appropriate to use such a reference in a meme, as it is a sensitive and serious topic. Therefore, I would class","Classify this meme: 1 = Hateful, 0 = Not Hateful."
img/67082.png,0,0,0,Does this meme contain hate speech? Answer 1 or 0.
img/67082.png,0,0,0,Is this content offensive or hateful? Output only the label 1 or 0.
img/67082.png,0,0,0,Is this a hateful meme targeting a protected group? Answer 1 or 0.
img/64125.png,0,0,0,Is this meme hateful? Answer 1 (Yes) or 0 (No).
img/64125.png,0,-1,"The meme you've provided features two men in a boxing ring, with one man having just been punched in the face. The text ""ooof. that's gotta hurt"" is a common phrase used to express sympathy or em","Classify this meme: 1 = Hateful, 0 = Not Hateful."
img/64125.png,0,0,0,Does this meme contain hate speech? Answer 1 or 0.
img/64125.png,0,0,0,Is this content offensive or hateful? Output only the label 1 or 0.
img/64125.png,0,0,0,Is this a hateful meme targeting a protected group? Answer 1 or 0.
img/41296.png,0,1,1,Is this meme hateful? Answer 1 (Yes) or 0 (No).
img/41296.png,0,0,"The meme text you provided contains a statement that is not based on scientific fact and is likely intended to be humorous or satirical. It is not a factual statement and does not promote hate or discrimination. Therefore, I would classify this","Classify this meme: 1 = Hateful, 0 = Not Hateful."
img/41296.png,0,0,0,Does this meme contain hate speech? Answer 1 or 0.
img/41296.png,0,0,0,Is this content offensive or hateful? Output only the label 1 or 0.
img/41296.png,0,0,0,Is this a hateful meme targeting a protected group? Answer 1 or 0.
img/53491.png,0,0,0,Is this meme hateful? Answer 1 (Yes) or 0 (No).
img/53491.png,0,-1,"The meme you've provided is a religious image with a caption that references the Christian belief in the resurrection of Jesus Christ. The image shows a figure on a cross with a caption that reads ""and in 3 days he came","Classify this meme: 1 = Hateful, 0 = Not Hateful."
img/53491.png,0,0,0,Does this meme contain hate speech? Answer 1 or 0.
img/53491.png,0,0,0,Is this content offensive or hateful? Output only the label 1 or 0.
img/53491.png,0,0,0,Is this a hateful meme targeting a protected group? Answer 1 or 0.
img/37692.png,0,1,1,Is this meme hateful? Answer 1 (Yes) or 0 (No).
img/37692.png,0,0,The meme text you provided is a statement that is often used to express a desire for respect and understanding of one's religious beliefs. It is not inherently hateful or not hateful. The context in which the meme is used can,"Classify this meme: 1 = Hateful, 0 = Not Hateful."
img/37692.png,0,0,0,Does this meme contain hate speech? Answer 1 or 0.
img/37692.png,0,0,0,Is this content offensive or hateful? Output only the label 1 or 0.
img/37692.png,0,0,0,Is this a hateful meme targeting a protected group? Answer 1 or 0.
img/36201.png,0,0,0,Is this meme hateful? Answer 1 (Yes) or 0 (No).
img/36201.png,0,0,"The meme you've provided is not hateful. It features a person with a prosthetic leg, and the text is a playful and positive statement about the prosthetic. The meme is not making any negative or derogatory comments","Classify this meme: 1 = Hateful, 0 = Not Hateful."
img/36201.png,0,0,0,Does this meme contain hate speech? Answer 1 or 0.
img/36201.png,0,0,0,Is this content offensive or hateful? Output only the label 1 or 0.
img/36201.png,0,0,0,Is this a hateful meme targeting a protected group? Answer 1 or 0.
img/29054.png,1,0,0,Is this meme hateful? Answer 1 (Yes) or 0 (No).
img/29054.png,1,0,"The meme you've provided is not hateful. It features a person standing with a prosthetic leg, and the text ""broken dishwasher"" is a play on words, using the phrase ""broken dishwasher","Classify this meme: 1 = Hateful, 0 = Not Hateful."
img/29054.png,1,0,0,Does this meme contain hate speech? Answer 1 or 0.
img/29054.png,1,0,0,Is this content offensive or hateful? Output only the label 1 or 0.
img/29054.png,1,0,0,Is this a hateful meme targeting a protected group? Answer 1 or 0.
img/06273.png,1,1,1,Is this meme hateful? Answer 1 (Yes) or 0 (No).
img/06273.png,1,-1,The meme you've provided appears to be a political statement or commentary rather than a meme with a clear comedic intent. It features a group of women standing behind a podium with the emblem of the U.S. House,"Classify this meme: 1 = Hateful, 0 = Not Hateful."
img/06273.png,1,0,0,Does this meme contain hate speech? Answer 1 or 0.
img/06273.png,1,0,0,Is this content offensive or hateful? Output only the label 1 or 0.
img/06273.png,1,0,0,Is this a hateful meme targeting a protected group? Answer 1 or 0.
img/25061.png,1,1,1,Is this meme hateful? Answer 1 (Yes) or 0 (No).
img/25061.png,1,1,"The meme you've provided contains text that is intended to be humorous or satirical, but it is important to note that humor is subjective, and what one person finds funny, another may find offensive or in poor taste. The text","Classify this meme: 1 = Hateful, 0 = Not Hateful."
img/25061.png,1,0,0,Does this meme contain hate speech? Answer 1 or 0.
img/25061.png,1,0,0,Is this content offensive or hateful? Output only the label 1 or 0.
img/25061.png,1,0,0,Is this a hateful meme targeting a protected group? Answer 1 or 0.
img/20437.png,0,0,0,Is this meme hateful? Answer 1 (Yes) or 0 (No).
img/20437.png,0,-1,The meme you've provided appears to be a humorous take on the differences in traditional Thanksgiving meals between the United States and China. It shows a table with a variety of dishes that are commonly associated with a Thanksgiving feast,"Classify this meme: 1 = Hateful, 0 = Not Hateful."
img/20437.png,0,0,0,Does this meme contain hate speech? Answer 1 or 0.
img/20437.png,0,0,0,Is this content offensive or hateful? Output only the label 1 or 0.
img/20437.png,0,0,0,Is this a hateful meme targeting a protected group? Answer 1 or 0.
img/05439.png,0,0,0,Is this meme hateful? Answer 1 (Yes) or 0 (No).
img/05439.png,0,1,"The meme text ""portable dishwasher slash sandwich maker"" is a play on words and does not contain any hateful or offensive language. It is a humorous and lighthearted comparison of two different appliances. Therefore,","Classify this meme: 1 = Hateful, 0 = Not Hateful."
img/05439.png,0,0,0,Does this meme contain hate speech? Answer 1 or 0.
img/05439.png,0,0,0,Is this content offensive or hateful? Output only the label 1 or 0.
img/05439.png,0,0,0,Is this a hateful meme targeting a protected group? Answer 1 or 0.
img/34528.png,1,0,0,Is this meme hateful? Answer 1 (Yes) or 0 (No).
img/34528.png,1,1,"The meme text ""every kitchen needs a sandwich maker just like this one"" is not inherently hateful. It is a statement that suggests a preference or necessity for a particular kitchen appliance. The image of the person in the meme is","Classify this meme: 1 = Hateful, 0 = Not Hateful."
img/34528.png,1,0,0,Does this meme contain hate speech? Answer 1 or 0.
img/34528.png,1,0,0,Is this content offensive or hateful? Output only the label 1 or 0.
img/34528.png,1,0,0,Is this a hateful meme targeting a protected group? Answer 1 or 0.
img/93541.png,0,1,1,Is this meme hateful? Answer 1 (Yes) or 0 (No).
img/93541.png,0,1,"The meme you've provided contains text that is offensive and promotes hate speech. It is not appropriate to use such language, as it is derogatory and disrespectful towards individuals and groups of people. Therefore, I would classify","Classify this meme: 1 = Hateful, 0 = Not Hateful."
img/93541.png,0,0,0,Does this meme contain hate speech? Answer 1 or 0.
img/93541.png,0,0,0,Is this content offensive or hateful? Output only the label 1 or 0.
img/93541.png,0,0,0,Is this a hateful meme targeting a protected group? Answer 1 or 0.
img/16704.png,0,0,0,Is this meme hateful? Answer 1 (Yes) or 0 (No).
img/16704.png,0,1,"The meme text ""last summer camp was so ""lit"""" is a colloquial way of saying that the camp was very exciting and enjoyable. It is not intended to be hateful and is classified as 0 on the hatefulness scale","Classify this meme: 1 = Hateful, 0 = Not Hateful."
img/16704.png,0,0,0,Does this meme contain hate speech? Answer 1 or 0.
img/16704.png,0,0,0,Is this content offensive or hateful? Output only the label 1 or 0.
img/16704.png,0,0,0,Is this a hateful meme targeting a protected group? Answer 1 or 0.
img/48792.png,0,1,1,Is this meme hateful? Answer 1 (Yes) or 0 (No).
img/48792.png,0,0,"The meme you've provided features an image of Adolf Hitler, a historical figure known for his role in the Holocaust and the atrocities committed by the Nazi regime. The text ""leaving a trail of death and destruction""","Classify this meme: 1 = Hateful, 0 = Not Hateful."
img/48792.png,0,0,0,Does this meme contain hate speech? Answer 1 or 0.
img/48792.png,0,0,0,Is this content offensive or hateful? Output only the label 1 or 0.
img/48792.png,0,0,0,Is this a hateful meme targeting a protected group? Answer 1 or 0.
img/07528.png,1,0,0,Is this meme hateful? Answer 1 (Yes) or 0 (No).
img/07528.png,1,1,"The meme text ""a truck that comes with a dishwasher!"" is a playful exaggeration and does not contain any hateful or offensive language. It is a humorous statement that is not intended to be taken literally. Therefore,","Classify this meme: 1 = Hateful, 0 = Not Hateful."
img/07528.png,1,0,0,Does this meme contain hate speech? Answer 1 or 0.
img/07528.png,1,0,0,Is this content offensive or hateful? Output only the label 1 or 0.
img/07528.png,1,0,0,Is this a hateful meme targeting a protected group? Answer 1 or 0.
img/01268.png,0,0,0,Is this meme hateful? Answer 1 (Yes) or 0 (No).
img/01268.png,0,0,"The meme text is not hateful. It is a positive statement expressing the value of bonding time between a father and daughter. The meme itself shows a happy and affectionate moment between a father and daughter, which aligns with the","Classify this meme: 1 = Hateful, 0 = Not Hateful."
img/01268.png,0,0,0,Does this meme contain hate speech? Answer 1 or 0.
img/01268.png,0,0,0,Is this content offensive or hateful? Output only the label 1 or 0.
img/01268.png,0,0,0,Is this a hateful meme targeting a protected group? Answer 1 or 0.
img/83675.png,0,0,0,Is this meme hateful? Answer 1 (Yes) or 0 (No).
img/83675.png,0,0,"The meme you've provided is not hateful. It is a humorous image of a person swimming in a pool, with a caption that suggests a sense of aspiration or admiration for the achievements of Michael Phelps. The","Classify this meme: 1 = Hateful, 0 = Not Hateful."
img/83675.png,0,0,0,Does this meme contain hate speech? Answer 1 or 0.
img/83675.png,0,0,0,Is this content offensive or hateful? Output only the label 1 or 0.
img/83675.png,0,0,0,Is this a hateful meme targeting a protected group? Answer 1 or 0.
img/37198.png,0,0,0,Is this meme hateful? Answer 1 (Yes) or 0 (No).
img/37198.png,0,0,"The meme text ""when you're so relaxed you can feel yourself go to the next level"" is not hateful. It is a humorous and relatable statement that describes a feeling of relaxation and contentment. The image of a person","Classify this meme: 1 = Hateful, 0 = Not Hateful."
img/37198.png,0,0,0,Does this meme contain hate speech? Answer 1 or 0.
img/37198.png,0,0,0,Is this content offensive or hateful? Output only the label 1 or 0.
img/37198.png,0,0,0,Is this a hateful meme targeting a protected group? Answer 1 or 0.
img/48670.png,0,0,0,Is this meme hateful? Answer 1 (Yes) or 0 (No).
img/48670.png,0,0,"The meme text is neutral and does not contain any hateful language. It is a simple statement about finding a product on a sale. Therefore, the classification would be 0 for not hateful.","Classify this meme: 1 = Hateful, 0 = Not Hateful."
img/48670.png,0,0,0,Does this meme contain hate speech? Answer 1 or 0.
img/48670.png,0,0,0,Is this content offensive or hateful? Output only the label 1 or 0.
img/48670.png,0,0,0,Is this a hateful meme targeting a protected group? Answer 1 or 0.
img/09863.png,0,0,0,Is this meme hateful? Answer 1 (Yes) or 0 (No).
img/09863.png,0,1,"The meme you've provided appears to be a positive and inclusive representation of a group of women. It does not contain any text that could be classified as hateful. Therefore, based on the content of the meme, I would classify","Classify this meme: 1 = Hateful, 0 = Not Hateful."
img/09863.png,0,0,0,Does this meme contain hate speech? Answer 1 or 0.
img/09863.png,0,0,0,Is this content offensive or hateful? Output only the label 1 or 0.
img/09863.png,0,0,0,Is this a hateful meme targeting a protected group? Answer 1 or 0.
img/97320.png,0,1,1,Is this meme hateful? Answer 1 (Yes) or 0 (No).
img/97320.png,0,0,0,"Classify this meme: 1 = Hateful, 0 = Not Hateful."
img/97320.png,0,0,0,Does this meme contain hate speech? Answer 1 or 0.
img/97320.png,0,0,0,Is this content offensive or hateful? Output only the label 1 or 0.
img/97320.png,0,0,0,Is this a hateful meme targeting a protected group? Answer 1 or 0.
